1.500000001e12	6.162	-6.017	6.602	6.688	4.615	5.79	7.339	7.842	0.9167
1.500000002e12	7.081	-0.9497	0.4712	-7.812	9.103	-8.56	0.1501	-2.727	-6.32
1.500000003e12	4.716	-6.552	5.917	-6.699	4.982	8.247	-6.03	-0.1196	1.862
1.500000004e12	6.294	-6.166	6.851	8.126	-4.768	-1.14	-9.274	1.226	-7.446
1.500000005e12	-9.753	-2.633	0.2893	-4.127	-7.48	3.254	1.017	-3.011	8.38
1.500000006e12	-3.081	-2.881	3.306	-3.22	6.794	-1.251	-6.716	3.7	2.236
1.500000007e12	4.371	3.19	4.242	6.096	-6.101	-4.176	-2.069	-1.184	7.144
1.500000008e12	5.483	0.8618	8.352	-2.261	-0.2332	-1.45	1.791	6.471	-7.134
1.500000009e12	-7.391	-5.01	9.834	1.395	1.416	6.796	-7.029	-1.117	8.378
1.50000001e12	-2.216	-3.733	-0.3699	-7.993	-3.339	6.494	-5.056	5.409	5.221
1.500000011e12	-7.534	9.958	-9.913	2.094	5.719	0.4956	4.497	6.454	-7.534
1.500000012e12	8.276	5.99	9.709	2.565	-6.426	-5.369	-6.992	-7.699	-3.181
1.500000013e12	3.86	8.336	6.517	-0.5847	-3.617	-3.333	-2.708	4.479	3.844
1.500000014e12	-8.225	2.954	-1.676	8.931	0.8521	0.9082	-0.21	3.875	-2.233
1.500000015e12	-5.479	-7.931	-8.176	1.3	8.038	-3.817	8.91	9.189	-6.533
1.500000016e12	-2.126	3.307	-1.462	4.762	-2.034	8.828	8.433	-2.782	-5.515
1.500000017e12	-9.598	-9.589	-3.171	5.343	-8.107	6.465	-3.188	-2.937	0.8386
1.500000018e12	-3.569	-0.7483	-7.534	-6.98	2.776	-6.272	7.515	-9.644	8.101
1.500000019e12	-2.546	-8.134	4.425	0.1929	-0.5005	1.289	-6.432	-7.472	4.619
1.50000002e12	-8.524	-4.794	-9.225	8.153	-4.032	-5.885	7.828	-8.616	7.955
1.500000021e12	-6.436	-8.032	5.836	-2.898	9.246	1.24	3.712	9.648	-7.45
1.500000022e12	-6.473	-9.984	-9.901	0.4944	4.535	0.3857	-5.699	-0.6714	3.624
1.500000023e12	1.016	-2.639	1.549	0.6079	-8.668	-8.274	2.56	-2.423	-6.315
1.500000024e12	2.408	6.355	-9.928	-8.856	-9.205	-3.477	-8.728	-1.895	-7.197
1.500000025e12	1.893	4.255	-0.238	-2.936	-5.664	1.218	-2.595	-7.837	0.769
1.500000026e12	-8.376	8.405	-7.644	-0.7227	-7.803	-6.622	-9.778	-9.945	-3.243
1.500000027e12	6.765	-4.126	4.415	-5.128	-6.257	2.688	-0.6006	-2.631	-3.97
1.500000028e12	8.76	7.74	4.259	0.8496	-1.221	9.978	-4.318	6.908	-8.953
1.500000029e12	-3.616	8.302	-0.3662	0.105	0.647	-4.6	-2.322	-4.723	0.885
1.50000003e12	1.354	-3.723	1.888	8.789	5.833	-9.114	8.325	-0.8093	0.8643
1.500000031e12	-5.031	-1.461	8.965	4.662	2.441	2.821	-9.142	-3.676	9.41
1.500000032e12	-5.594	-5.315	9.152	-6.511	5.709	-1.29	-1.595	6.526	5.458
1.500000033e12	1.704	-4.601	-8.23	7.766	-2.053	-5.936	3.872	-1.135	-7.821
1.500000034e12	8.275	9.954	9.922	-9.835	-9.529	-7.656	-1.403	-9.03	7.841
1.500000035e12	-6.521	5.502	-5.822	-1.438	-0.5896	7.677	1.746	6.15	7.455
1.500000036e12	5.638	-5.709	5.231	-5.087	1.143	-9.906	3.989	-3.485	3.979
1.500000037e12	0.9399	2.667	3.011	6.036	6.173	5.424	5.104	-6.953	7.249
1.500000038e12	-5.582	6.13	-6.497	7.755	0.2295	5.908	-0.7776	-9.752	8.446
1.500000039e12	0.3223	-7.385	9.689	-5.524	-1.866	-9.148	9.503	-5.656	2.738
1.50000004e12	5.938	-6.979	2.007	-0.006104	-1.074	-0.4407	-0.0354	1.202	7.838
1.500000041e12	-8.806	1.75	1.777	-0.6348	-8.154	8.167	-1.89	1.152	-6.106
1.500000042e12	7.292	0.9021	-4.878	7.548	8.864	-7.902	-3.9	7.17	5.308
1.500000043e12	-3.547	7.048	-3.134	8.474	-6.534	-0.5347	-2.333	-2.125	8.418
1.500000044e12	-5.667	-7.913	-1.467	3.	-5.376	8.593	-2.323	-4.408	1.707
1.500000045e12	7.255	2.163	4.677	7.971	9.183	1.436	-2.413	-5.726	6.248
1.500000046e12	0.01831	0.2332	0.3113	6.222	-5.618	6.891	0.2539	2.185	-7.859
1.500000047e12	-4.253	-0.3003	8.323	9.58	6.097	1.333	-4.795	-7.666	-6.32
1.500000048e12	-9.244	1.177	-0.8008	5.211	3.602	-4.666	-6.797	-8.718	-2.417
1.500000049e12	-1.406	9.475	-3.138	-3.497	-8.24	-4.099	-5.535	-8.293	5.392
1.50000005e12	9.691	-1.425	-1.417	5.029	-0.7776	-8.992	-3.356	1.078	0.9058
1.500000051e12	-6.616	-9.484	5.845	-8.837	1.796	8.287	1.719	-0.6335	0.6494
1.500000052e12	-1.505	9.386	5.621	2.739	1.045	9.974	-5.111	-4.777	0.2502
1.500000053e12	-9.362	-0.08423	-5.618	-1.376	9.152	-6.46	3.875	-9.087	9.382
1.500000054e12	-1.729	4.695	-0.08057	-4.939	-7.158	-0.4358	3.149	-6.627	8.16
1.500000055e12	-4.241	7.847	4.407	-5.154	-4.288	-3.021	0.3491	2.773	-0.6335
1.500000056e12	-4.158	-0.2014	0.7861	-7.427	3.949	2.877	-5.072	5.747	-0.6812
1.500000057e12	-7.476	-8.218	4.614	7.988	-7.231	4.391	-3.633	-9.714	1.145
1.500000058e12	-0.004883	2.421	7.584	-7.786	-1.998	-6.572	1.432	-6.101	2.847
1.500000059e12	6.447	-8.781	2.927	3.591	-1.31	-8.262	-4.156	-1.326	-1.042
1.50000006e12	3.802	-1.252	8.682	5.587	3.903	-0.7764	-2.192	7.651	-8.
1.500000061e12	5.237	6.376	3.942	-0.5127	-7.255	-5.067	-7.511	3.242	0.06348
1.500000062e12	6.012	-3.541	4.403	3.613	4.446	-4.36	-9.991	5.864	0.8203
1.500000063e12	8.702	-3.701	-7.7	9.113	2.871	0.2686	2.62	-7.728	-7.072
1.500000064e12	7.423	-5.31	2.45	-1.692	9.957	-7.466	-7.357	-2.096	3.894
1.500000065e12	-1.283	2.18	2.561	-6.041	-5.737	-7.273	3.923	1.011	-6.521
1.500000066e12	-4.554	8.208	-6.858	0.4077	6.182	-0.2869	6.1	-0.8252	1.068
1.500000067e12	7.754	4.111	8.781	-2.474	4.741	-6.637	-7.408	-9.589	-7.135
1.500000068e12	4.961	-6.674	-3.051	8.87	5.535	1.013	4.583	0.3772	-4.169
1.500000069e12	8.878	-6.426	-2.214	-2.202	6.099	3.394	6.898	2.296	8.646
1.50000007e12	-3.391	8.531	-8.51	2.363	-7.769	6.528	2.463	6.951	-7.306
1.500000071e12	5.349	-0.968	-4.285	-6.687	-7.157	-2.437	-6.378	-4.482	9.829
1.500000072e12	-9.357	1.272	-8.535	5.973	-4.741	6.77	1.638	-9.141	-1.5
1.500000073e12	7.634	7.539	-4.479	2.217	4.923	-8.322	-6.7	-3.694	-8.667
1.500000074e12	-7.806	5.515	7.488	-2.399	-2.192	9.006	8.571	1.301	0.8862
1.500000075e12	5.392	8.383	-2.091	2.122	8.665	-3.939	-1.866	-5.942	3.243
1.500000076e12	-4.388	-2.791	-1.68	8.844	8.656	-8.939	-9.863	4.148	-9.121
1.500000077e12	-5.317	1.492	7.589	-4.681	-2.074	4.033	-4.717	1.031	4.889
1.500000078e12	-5.8	6.78	5.581	2.993	8.03	6.007	-0.835	-6.246	-1.521
1.500000079e12	1.265	-8.428	-6.753	-1.543	4.883	0.2246	2.911	5.336	3.087
1.50000008e12	9.443	-8.816	4.274	7.704	4.181	9.933	7.135	3.225	-2.168
1.500000081e12	-0.2075	5.833	-0.127	5.671	-9.663	-5.4	4.204	-6.04	-5.172
1.500000082e12	4.158	3.826	-9.425	3.566	-9.631	-2.319	3.115	-8.472	-0.2454
1.500000083e12	-3.741	-4.462	-0.5188	-7.106	-7.22	-3.612	3.114	-2.834	1.29
1.500000084e12	1.273	5.146	-5.385	3.993	-9.374	7.314	-8.231	2.758	3.938
1.500000085e12	6.155	4.958	3.599	1.466	-8.401	-0.4016	-7.646	2.2	7.102
1.500000086e12	-3.228	-2.39	5.389	-1.15	6.222	6.816	-4.584	8.8	6.549
1.500000087e12	2.339	3.715	-7.817	-5.688	-1.35	8.384	-0.9448	3.571	1.968
1.500000088e12	9.401	-8.085	8.439	-3.029	-3.274	-3.591	3.354	-4.725	-5.138
1.500000089e12	7.017	-2.794	-2.635	6.022	1.744	-0.1855	-7.549	-4.182	-1.931
1.50000009e12	-9.269	2.539	8.743	4.646	8.115	-3.094	4.563	-7.301	9.585
1.500000091e12	2.155	-6.125	-6.215	6.415	-7.291	-5.542	3.276	4.712	-7.428
1.500000092e12	7.859	4.707	1.91	4.148	9.374	-9.688	-3.907	6.836	-1.05
1.500000093e12	7.354	-6.698	-3.583	0.2649	-6.031	2.982	-6.185	9.745	9.49
1.500000094e12	6.072	4.534	-9.912	6.459	-9.78	-2.216	-0.4468	-0.09399	-3.492
1.500000095e12	4.692	-1.022	-0.1465	-5.946	2.96	-9.121	-8.279	-0.1208	-6.326
1.500000096e12	9.63	-1.289	-3.625	4.061	3.761	-2.092	6.189	-0.3235	-0.7849
1.500000097e12	3.281	6.095	4.348	-9.38	-8.844	-8.788	-1.962	7.661	-9.94
1.500000098e12	-8.701	-8.635	-2.026	-4.	-6.389	7.692	-0.5701	-5.879	-5.294
1.500000099e12	9.814	-0.0769	-5.779	-3.527	9.543	9.529	0.2515	-2.075	-6.514
1.5000001e12	-9.462	1.012	2.195	-7.643	1.293	0.4834	-1.454	-5.413	2.802
1.500000101e12	9.68	6.273	-2.201	5.486	8.929	3.22	4.203	-3.916	-4.896
1.500000102e12	6.384	0.5603	5.746	1.658	2.954	-1.179	-1.033	2.935	7.554
1.500000103e12	1.832	7.321	-2.69	4.386	1.372	8.84	-2.031	-6.255	7.151
1.500000104e12	-5.839	-5.494	-7.419	-6.625	2.701	-1.633	6.844	-7.518	9.237
1.500000105e12	-1.093	2.156	-3.151	-4.286	-1.876	7.286	3.816	-4.835	4.807
1.500000106e12	-8.68	-2.582	5.562	7.5	8.831	-0.1685	-9.677	7.465	-6.868
1.500000107e12	6.772	-6.218	4.211	-2.988	5.022	5.465	3.657	7.454	-3.809
1.500000108e12	-8.076	8.677	2.947	-1.01	4.5	-9.685	-4.034	6.219	2.142
1.500000109e12	-5.173	-6.277	-1.183	7.683	3.76	-5.177	-2.5	3.235	-9.788
1.50000011e12	-5.378	-5.853	-7.761	-0.3491	7.426	8.557	1.141	4.948	1.539
1.500000111e12	-8.353	-7.95	6.326	-8.01	-8.086	-2.913	-7.797	0.5469	-2.168
1.500000112e12	8.91	-2.017	8.202	-6.301	-4.011	-7.128	-8.519	0.2185	-8.987
1.500000113e12	2.377	-1.649	3.783	-2.052	-0.7251	-1.509	-2.114	-4.153	-7.946
1.500000114e12	-5.095	5.316	2.242	7.783	3.005	5.178	7.146	-3.442	0.4993
1.500000115e12	-4.149	7.212	9.557	-1.761	1.25	4.235	-4.336	6.725	9.229
1.500000116e12	1.956	9.99	7.803	-6.741	1.35	-3.212	-7.498	4.043	3.899
1.500000117e12	-3.027	-0.2124	0.4004	4.813	9.751	2.51	6.155	1.488	9.783
1.500000118e12	-8.77	5.864	-1.72	-5.018	8.18	5.098	7.211	5.789	-2.834
1.500000119e12	2.903	-4.54	1.818	5.845	-3.866	0.6238	-7.108	-9.902	1.586
1.50000012e12	-4.749	9.52	-0.6384	-4.312	-5.098	9.354	7.198	2.817	9.696
1.500000121e12	-3.372	-4.901	2.249	-5.11	-5.99	9.771	0.9729	3.206	-0.05249
1.500000122e12	-7.642	3.63	-8.845	-9.88	0.04761	3.583	-3.424	-3.453	-6.204
1.500000123e12	-9.204	1.819	7.881	6.027	5.276	-1.346	9.844	-6.267	5.316
1.500000124e12	6.987	-8.368	-4.309	-3.669	4.036	0.4199	6.899	2.675	1.423
1.500000125e12	9.283	7.529	0.1514	-7.285	3.546	-1.925	6.938	7.93	7.589
1.500000126e12	-8.146	-6.379	-1.221	4.515	-8.762	-1.831	-8.763	-2.373	8.126
1.500000127e12	9.634	6.688	-4.401	-9.137	-0.658	8.772	-8.071	-0.3638	3.715
1.500000128e12	-2.554	-8.61	2.368	6.918	-1.416	-9.15	3.634	-5.156	7.814
1.500000129e12	3.529	-0.1477	2.593	7.283	0.2478	2.902	5.498	-2.588	-8.65
1.50000013e12	-6.875	6.328	8.257	8.199	-7.804	-2.317	-4.761	7.637	3.165
1.500000131e12	-0.5701	-6.661	-3.495	-7.285	-4.198	-5.159	-2.975	-9.79	-2.078
1.500000132e12	-1.61	4.259	-2.717	0.6409	-0.769	-0.5981	2.085	-3.618	2.432
1.500000133e12	9.792	-0.5481	0.8875	-2.814	6.597	2.297	-1.686	8.451	7.5
1.500000134e12	3.823	-2.252	-8.931	-0.6372	1.243	-8.718	-7.933	-9.174	-4.806
1.500000135e12	0.2173	4.298	1.61	7.451	-0.9009	7.111	4.176	-0.6433	7.966
1.500000136e12	9.017	-2.638	-2.725	4.353	7.66	3.462	6.198	-1.687	1.26
1.500000137e12	6.	6.039	-7.957	5.145	-2.781	6.218	3.105	-2.113	-6.002
1.500000138e12	2.798	-1.948	0.199	-5.901	7.504	-3.289	8.466	2.845	-8.95
1.500000139e12	-2.432	-7.662	-9.595	-9.183	-6.03	-9.541	-8.617	0.2612	0.8765
1.50000014e12	8.234	-9.839	8.765	-7.312	3.516	-2.26	3.213	-9.064	9.712
1.500000141e12	3.308	-5.354	-8.81	-0.08057	-4.902	0.5115	-0.5688	0.8923	-2.971
1.500000142e12	-7.513	-1.895	6.276	-4.06	1.832	3.889	4.335	6.248	4.979
1.500000143e12	-9.413	-5.625	-1.113	8.198	0.04517	-3.805	-7.692	0.1465	-8.192
1.500000144e12	-1.763	-3.079	9.751	-9.766	-8.347	-7.1	-6.538	4.476	4.427
1.500000145e12	2.151	-5.19	7.852	-9.156	-9.816	1.373	-7.898	-6.644	-2.603
1.500000146e12	-5.64	-9.414	-3.011	2.882	-5.511	8.917	8.011	-3.932	-9.227
1.500000147e12	2.623	0.2197	-1.041	-7.371	9.835	-9.457	-2.46	-9.99	-9.189
1.500000148e12	0.07324	-6.792	1.202	1.44	-4.631	9.119	9.875	3.464	0.4236
1.500000149e12	-1.91	8.49	-6.791	2.795	-7.748	-2.684	1.327	9.829	3.99
1.50000015e12	7.18	7.925	-7.371	-8.735	-9.46	1.794	-5.114	0.8203	-0.4224
1.500000151e12	8.851	3.241	4.821	1.483	4.868	-1.832	-6.44	9.117	0.3674
1.500000152e12	-0.3784	-3.009	2.13	8.165	7.937	-3.494	9.491	4.62	5.123
1.500000153e12	-1.112	8.273	-5.813	-3.499	-0.387	6.562	-9.204	-5.151	-6.399
1.500000154e12	-8.45	-6.809	-0.3564	2.494	-5.428	-4.276	2.887	-9.146	-4.614
1.500000155e12	-1.521	8.182	-5.327	8.291	-3.677	-1.531	-2.391	-1.425	5.525
1.500000156e12	-2.733	-3.773	3.114	-3.729	-0.6396	4.346	-6.927	-3.335	7.653
1.500000157e12	6.742	-4.17	-3.713	1.337	-0.5847	-9.496	5.563	-3.762	-2.139
1.500000158e12	-0.9351	5.647	-1.541	-4.917	-7.097	6.511	2.108	-0.3577	2.078
1.500000159e12	4.026	9.99	-2.074	5.879	1.227	9.575	9.855	-3.983	3.096
1.50000016e12	6.943	3.196	0.9937	-5.042	-0.1123	-8.717	6.41	-4.23	9.742
1.500000161e12	-7.056	-3.12	-5.616	3.102	7.12	-7.087	-9.185	7.711	-8.521
1.500000162e12	-4.397	-2.709	8.933	5.114	-2.81	1.732	-4.784	1.754	2.994
1.500000163e12	-9.702	9.198	9.972	-1.139	-1.124	8.359	3.477	-1.029	8.296
1.500000164e12	1.914	5.369	-4.452	-3.759	-1.201	-7.554	4.971	7.946	1.149
1.500000165e12	-8.517	6.385	8.3	-2.988	-3.534	1.698	6.298	-0.929	0.05615
1.500000166e12	-9.884	-2.653	5.466	7.581	3.209	6.324	4.331	-5.25	-6.554
1.500000167e12	8.029	6.132	-3.14	2.805	-9.312	3.566	3.196	3.842	7.462
1.500000168e12	7.067	-0.8813	-5.063	-2.02	2.234	-1.232	2.595	9.446	6.572
1.500000169e12	-7.581	1.829	4.813	-6.713	7.096	-4.198	-1.279	3.014	-5.195
1.50000017e12	2.208	3.458	1.25	-5.833	-4.644	6.	-0.4407	-2.921	6.543
1.500000171e12	6.697	9.28	-2.131	-9.586	4.568	-7.174	6.52	4.004	-7.762
1.500000172e12	1.1	-1.287	-6.605	3.737	-9.227	-0.1953	-8.27	6.672	8.097
1.500000173e12	-8.737	5.116	1.007	0.6995	9.731	-5.873	-8.459	-8.199	7.377
1.500000174e12	7.861	6.229	-5.306	-8.124	-8.679	4.578	3.823	-4.47	7.336
1.500000175e12	7.913	5.542	-9.94	-9.498	-0.647	4.448	7.174	5.093	4.688
1.500000176e12	-7.864	-3.076	3.804	5.06	3.657	3.745	5.762	3.783	-9.031
1.500000177e12	3.187	-2.087	-9.36	-4.146	-6.566	0.3027	-8.621	-9.878	3.173
1.500000178e12	-5.531	6.913	-4.906	-3.29	-7.057	1.689	7.129	-6.306	-7.236
1.500000179e12	-1.571	5.863	-3.966	6.896	7.626	-1.775	-0.4321	1.761	-0.2942
1.50000018e12	-4.296	8.439	-5.027	9.161	-4.171	-3.881	8.049	6.528	0.3442
1.500000181e12	5.747	-1.006	3.413	-8.699	-7.592	-2.635	3.732	-1.307	-6.443
1.500000182e12	9.957	9.707	5.729	-3.142	-6.859	2.496	-3.394	7.466	0.4895
1.500000183e12	9.503	2.825	-5.177	-2.028	-7.29	-7.318	4.991	3.567	-1.195
1.500000184e12	8.813	-2.942	3.638	-3.12	-7.485	1.317	-7.91	6.436	-9.893
1.500000185e12	4.674	-5.933	7.126	0.2258	2.653	1.766	2.466	3.651	9.131
1.500000186e12	-1.027	-1.058	-3.293	-1.846	4.479	-9.326	-0.2905	9.216	-3.594
1.500000187e12	6.089	-0.1733	-5.391	4.287	6.578	-5.037	8.435	9.492	5.728
1.500000188e12	4.648	4.241	2.384	-8.146	-9.128	-0.2979	1.274	-2.719	7.02
1.500000189e12	7.046	-8.524	9.049	-3.749	3.036	8.759	-8.605	-0.1709	-4.944
1.50000019e12	1.667	5.476	4.37	7.07	6.252	7.275	-1.273	-6.757	-4.141
1.500000191e12	-4.796	-6.061	8.846	4.495	-0.6433	3.834	-8.434	-8.767	4.675
1.500000192e12	4.543	-6.288	7.563	3.771	8.105	3.798	-2.471	1.406	-3.989
1.500000193e12	6.168	8.839	-5.935	-1.812	3.201	4.495	-6.736	2.467	2.083
1.500000194e12	-0.1355	8.936	2.646	0.7751	2.073	-6.93	0.5872	-5.448	-7.236
1.500000195e12	-3.081	-7.61	3.427	3.597	5.604	-2.51	-4.078	7.334	8.073
1.500000196e12	-2.074	9.509	-1.571	-8.629	7.745	8.835	-9.102	5.92	-1.29
1.500000197e12	-3.445	-6.019	8.721	-4.559	-0.5566	-7.073	3.489	9.608	0.896
1.500000198e12	-4.592	-8.505	7.861	9.712	9.459	8.03	9.406	5.968	-8.069
1.500000199e12	-9.918	2.832	2.184	7.487	-6.881	4.829	5.164	-9.403	-0.2209
1.5000002e12	-9.471	3.11	-5.754	0.1245	-3.069	-1.088	9.121	5.007	7.441
1.500000201e12	-1.565	-0.5396	4.414	-2.878	-0.4199	5.493	2.196	2.251	5.688
1.500000202e12	9.176	-0.08301	-8.445	-7.389	-1.531	-7.224	3.511	4.692	-3.33
1.500000203e12	9.436	2.454	8.597	-3.146	6.991	5.084	-8.003	5.638	-8.666
1.500000204e12	5.669	2.134	5.365	-0.02686	-9.076	7.5	-2.256	9.01	5.996
1.500000205e12	-8.976	6.561	-5.244	-4.128	-2.532	6.464	-6.948	-2.278	-2.275
1.500000206e12	-5.701	7.262	2.715	3.915	7.817	9.346	0.9094	-0.05859	7.562
1.500000207e12	-0.8142	-1.471	2.434	5.144	-7.153	-8.851	9.258	5.851	-0.7715
1.500000208e12	9.875	-0.5566	-1.594	8.778	-2.906	1.106	-7.274	-7.302	-5.389
1.500000209e12	-9.65	-7.982	-6.729	-4.578	7.816	3.773	8.85	-6.298	6.106
1.50000021e12	-3.644	-4.326	-7.92	-0.9143	-0.6592	2.167	-1.111	-7.799	-5.476
1.500000211e12	4.122	-8.538	5.699	-2.782	3.282	-1.978	0.7849	-3.49	9.584
1.500000212e12	-5.934	6.539	6.257	9.449	-5.458	3.755	-8.447	9.851	3.549
1.500000213e12	1.971	-9.304	6.808	2.642	-0.6592	4.996	4.595	6.764	9.602
1.500000214e12	-6.075	3.29	6.154	-9.722	7.024	-0.06104	-9.482	-1.622	-9.042
1.500000215e12	-9.561	-4.757	4.584	-1.158	-0.8191	9.277	3.008	5.836	6.387
1.500000216e12	5.062	-9.011	9.834	5.902	-9.896	1.23	4.613	-2.26	-7.323
1.500000217e12	-6.172	-7.793	-4.305	-1.068	-4.663	-5.553	-7.063	3.645	-3.842
1.500000218e12	7.031	4.106	-9.59	-5.651	7.545	-3.468	-2.917	0.8191	1.368
1.500000219e12	1.991	-1.635	-4.298	-0.2002	3.713	7.628	-4.933	-6.205	0.4065
1.50000022e12	-7.546	-5.234	3.901	1.935	5.132	1.221	-8.933	-2.643	-9.591
1.500000221e12	7.635	7.369	-8.48	-4.325	2.458	8.523	5.021	1.029	1.664
1.500000222e12	-6.234	-2.085	9.233	5.962	-4.137	-9.656	-7.675	0.8765	-6.012
1.500000223e12	9.037	1.306	-4.121	3.444	1.239	-8.452	2.164	-9.158	3.789
1.500000224e12	-6.807	-1.282	-4.739	6.019	1.963	0.9412	1.221	-8.678	-8.179
1.500000225e12	-0.7019	8.816	-0.1184	2.349	-9.396	8.888	3.782	-7.592	2.185
1.500000226e12	1.257	-0.459	6.981	0.7581	-4.68	-2.767	1.766	6.318	-7.128
1.500000227e12	5.486	9.969	1.173	2.378	-1.888	7.922	-1.173	-5.598	1.323
1.500000228e12	3.223	-8.368	-2.018	1.519	0.7227	8.195	1.042	-7.733	-5.236
1.500000229e12	-9.83	8.577	8.654	-5.548	-0.752	-6.909	2.745	-7.919	-8.872
1.50000023e12	-7.101	6.395	7.115	7.482	5.192	0.09888	-3.773	6.45	0.01465
1.500000231e12	0.5896	3.245	-6.886	8.467	-5.87	0.08057	-1.831	0.9021	-2.15
1.500000232e12	3.817	-5.321	9.828	9.951	0.4468	4.545	-0.2625	-2.159	-4.874
1.500000233e12	1.61	-4.662	8.069	3.485	8.622	-7.299	-8.406	-3.864	9.587
1.500000234e12	-4.419	5.878	-9.083	1.188	5.344	-1.495	3.302	-4.279	-0.07812
1.500000235e12	0.2466	-2.664	-8.235	-3.113	8.141	6.03	8.719	7.848	0.9644
1.500000236e12	3.25	-9.573	0.7251	-9.695	-7.651	5.803	-5.487	5.642	9.589
1.500000237e12	-2.253	-3.436	1.296	-1.812	1.117	7.627	-5.331	7.31	8.7
1.500000238e12	-0.9802	-6.741	-8.059	-2.065	0.4614	-9.225	4.857	7.67	0.2051
1.500000239e12	-9.451	7.662	8.856	5.226	0.3821	6.47	-0.8374	-0.4382	-9.978
1.50000024e12	6.281	-4.236	6.023	0.8093	-2.77	2.026	8.971	-9.255	4.304
1.500000241e12	-4.561	8.585	-1.506	-9.178	4.244	-1.714	2.572	8.057	-3.586
1.500000242e12	-6.115	-9.59	7.766	0.4834	0.05737	-3.408	6.454	5.022	4.177
1.500000243e12	-5.621	-5.116	0.863	-8.958	7.786	6.525	3.734	9.114	3.441
1.500000244e12	9.478	-7.966	3.188	6.469	-9.822	4.36	6.301	-4.054	-6.134
1.500000245e12	1.285	8.151	-7.831	6.415	2.776	-3.619	-4.092	-8.253	7.941
1.500000246e12	-4.735	1.631	-4.413	2.161	4.238	6.376	-5.492	0.2319	9.109
1.500000247e12	6.593	-7.249	-8.029	-7.729	7.683	-2.568	-2.562	7.974	4.663
1.500000248e12	-5.503	1.128	2.482	4.763	9.242	9.471	-1.313	-0.4883	-1.952
1.500000249e12	-7.54	-3.177	1.428	-2.245	1.627	-8.19	0.5322	-4.076	-3.236
1.50000025e12	6.479	-1.898	-8.894	1.321	9.463	7.308	-6.652	4.331	7.068
1.500000251e12	9.211	-0.8667	-3.091	2.019	-2.496	0.6042	-1.964	-4.448	7.898
1.500000252e12	-4.009	-9.298	-3.743	-1.111	5.934	-5.352	-1.635	-9.857	-5.919
1.500000253e12	7.247	-4.089	-7.355	-9.131	-0.8069	-2.388	-1.351	6.746	7.111
1.500000254e12	-0.2148	6.182	-6.864	9.153	-3.961	4.423	3.39	-6.525	5.121
1.500000255e12	7.212	-9.252	-5.669	1.155	9.437	2.096	-7.875	3.11	-7.709
1.500000256e12	2.715	-1.128	5.131	-7.671	-4.567	-4.543	-7.172	2.797	8.613
1.500000257e12	-1.063	2.388	2.974	2.118	1.997	-5.142	9.867	-8.207	5.613
1.500000258e12	-6.362	-8.259	-4.457	2.408	-6.798	9.941	-5.436	7.157	-1.509
1.500000259e12	-5.	-5.487	2.369	-1.799	-3.174	2.684	-1.985	0.7251	-3.346
1.50000026e12	-5.996	-2.356	-2.582	3.794	5.302	-9.221	9.111	-0.5432	0.8142
1.500000261e12	5.126	-9.908	-6.017	-3.083	0.2429	-3.257	-0.9021	-0.5481	-6.58
1.500000262e12	5.923	4.982	-6.771	-7.479	7.692	-8.466	-3.234	-1.467	4.225
1.500000263e12	4.114	-0.7043	8.018	0.4272	-2.476	-6.581	4.578	-6.318	2.615
1.500000264e12	-7.106	8.618	-1.641	6.334	5.723	6.575	9.729	2.853	-4.043
1.500000265e12	-1.931	1.94	-6.262	1.351	3.264	-7.668	-7.937	3.934	5.513
1.500000266e12	8.707	3.656	6.964	9.674	-0.09766	0.6348	-6.996	-3.02	2.239
1.500000267e12	-6.112	-6.305	-4.73	3.778	3.091	6.493	8.969	8.55	-6.493
1.500000268e12	-1.005	6.348	-5.867	-4.304	-5.289	-1.73	5.615	-3.131	2.993
1.500000269e12	7.076	-8.634	2.496	-6.444	-7.416	-1.729	-9.871	6.736	-3.239
1.50000027e12	1.628	8.864	-1.593	-3.068	-7.772	-1.709	4.155	-9.16	-7.988
1.500000271e12	-2.909	1.969	7.681	-0.8789	6.05	-0.8179	5.165	-8.672	0.6885
1.500000272e12	9.678	7.537	4.136	8.055	4.775	-2.291	8.396	-5.009	-2.845
1.500000273e12	-9.9	-8.937	-4.988	6.372	-6.847	2.471	8.657	-7.847	3.646
1.500000274e12	5.907	0.1636	-7.949	-0.8496	8.604	3.341	-1.444	-8.196	-4.207
1.500000275e12	-5.135	2.452	-4.037	2.72	2.963	1.47	5.8	3.65	1.669
1.500000276e12	-9.039	9.314	5.54	-5.287	-3.035	-1.655	4.829	6.038	0.4297
1.500000277e12	3.452	-3.903	-4.147	9.513	1.917	-4.452	-9.734	-5.513	1.526
1.500000278e12	2.151	-4.332	1.271	9.7	2.815	1.456	-3.208	-6.853	-3.365
1.500000279e12	-9.83	8.594	-3.65	1.97	-9.604	9.283	0.004883	-9.288	-8.566
1.50000028e12	-5.767	8.956	-3.346	3.992	-1.204	-2.334	-3.884	2.532	-4.83
1.500000281e12	9.005	7.99	6.719	-7.427	-7.906	-7.45	0.9705	7.598	4.598
1.500000282e12	4.5	-8.435	9.648	1.764	6.234	-5.12	-4.236	3.295	-1.92
1.500000283e12	7.023	0.5811	2.468	5.708	8.635	7.339	8.007	5.521	-5.176
1.500000284e12	3.	6.21	-7.119	1.156	-7.314	-7.412	-8.159	8.467	-1.322
1.500000285e12	4.923	3.981	-0.5237	4.821	6.194	-9.727	-2.793	1.027	0.08301
1.500000286e12	5.664	4.161	-0.7703	-8.488	-8.389	-0.1624	-0.3186	8.667	-8.157
1.500000287e12	-5.452	-7.094	-2.64	-7.986	-2.451	-3.583	0.7349	0.2832	-7.258
1.500000288e12	-2.391	3.544	5.991	3.827	-4.586	6.073	-5.205	4.979	0.3345
1.500000289e12	6.488	5.276	-6.653	9.978	8.105	9.309	9.457	-7.924	8.148
1.50000029e12	-9.956	-1.504	7.312	5.657	4.421	-8.794	-2.926	-3.221	-9.435
1.500000291e12	1.315	3.181	-8.605	-3.201	-9.681	4.927	8.621	8.636	-1.87
1.500000292e12	-7.485	-7.036	3.119	3.188	-3.408	-4.541	6.903	-2.659	9.437
1.500000293e12	6.975	-8.948	3.606	-3.903	3.135	-5.787	9.897	-2.388	-0.6519
1.500000294e12	-6.858	-1.257	8.817	-0.8215	-2.837	-6.578	-0.4138	7.191	-5.941
1.500000295e12	6.145	9.5	9.996	0.02441	0.6274	-8.315	-1.924	7.521	-7.618
1.500000296e12	2.874	-3.909	1.179	-1.591	4.752	1.656	0.6372	3.811	0.9839
1.500000297e12	5.952	3.74	8.16	4.167	-0.6604	-5.299	3.436	-7.953	-1.357
1.500000298e12	8.549	8.513	-4.976	1.106	5.258	-0.7031	9.264	-8.059	5.923
1.500000299e12	-0.1477	9.435	-2.798	-1.213	-8.372	9.686	8.075	0.2405	-4.707
1.5000003e12	-2.848	-8.358	6.587	8.599	-5.327	-1.577	-7.383	-3.292	4.274
1.500000301e12	-8.639	4.722	8.341	6.302	0.1428	9.043	1.506	-1.078	5.474
1.500000302e12	6.575	2.841	-2.347	-8.585	4.442	1.859	-0.2173	-5.443	-9.9
1.500000303e12	1.177	-5.127	4.729	2.831	-2.263	3.322	4.037	-8.33	-5.68
1.500000304e12	-5.565	4.274	-8.282	6.434	6.002	-0.2612	-2.505	-6.404	-7.736
1.500000305e12	-1.783	-5.808	-0.7922	7.957	3.453	3.656	-2.747	6.09	-8.73
1.500000306e12	-8.921	9.363	-7.7	4.155	-6.884	3.615	7.954	0.8862	-5.227
1.500000307e12	1.782	4.403	2.838	-0.2319	-3.048	4.712	6.35	-5.206	8.688
1.500000308e12	-0.06226	-9.718	-4.462	7.548	4.945	9.095	-6.528	-7.412	7.179
1.500000309e12	-6.05	1.296	-1.3	0.4492	-2.015	-7.806	-1.6	2.273	-3.265
1.50000031e12	1.46	2.362	-0.658	7.012	-8.34	-5.092	-8.065	6.443	-6.466
1.500000311e12	-1.272	9.33	2.241	9.094	8.992	-0.2161	8.014	6.184	-4.166
1.500000312e12	4.436	-8.801	7.449	6.115	-1.626	2.134	3.372	-0.2844	-6.823
1.500000313e12	5.032	-8.535	3.145	8.313	-0.3516	3.26	2.568	2.533	-2.908
1.500000314e12	-1.615	8.778	-2.7	6.61	-2.101	6.273	8.638	-2.367	4.558
1.500000315e12	-9.8	-9.066	-4.149	-6.107	-7.942	0.741	-7.211	5.186	1.754
1.500000316e12	-3.313	-9.199	9.288	-6.896	9.225	0.0708	0.7898	-5.281	9.412
1.500000317e12	-5.553	-8.978	-0.3516	-9.016	3.9	6.069	-4.434	2.255	7.314
1.500000318e12	3.243	8.489	5.157	2.159	-5.955	-2.708	6.519	-8.217	4.427
1.500000319e12	-2.943	1.975	-3.671	5.973	-1.455	7.72	0.1721	3.898	1.401
1.50000032e12	-8.053	-5.013	8.871	1.526	8.163	-8.494	-3.708	4.634	-3.264
1.500000321e12	-9.729	-5.088	-9.376	7.12	8.18	-3.58	-2.904	8.16	-8.845
1.500000322e12	7.793	-4.114	6.849	-0.2734	6.06	4.821	-4.939	3.711	-3.219
1.500000323e12	-5.66	-6.565	-9.646	3.829	-9.818	7.505	-8.533	2.808	-3.274
1.500000324e12	6.786	4.921	7.031	3.63	-5.396	8.236	8.59	9.336	7.886
1.500000325e12	1.202	-1.013	5.221	-7.136	-0.4016	-4.541	7.051	-3.447	5.139
1.500000326e12	4.579	1.328	-7.87	4.509	-5.051	7.778	1.111	-5.858	6.652
1.500000327e12	-7.145	-2.443	9.896	-7.538	-7.48	-7.201	-3.802	5.454	4.68
1.500000328e12	-3.109	5.526	1.366	3.934	6.93	-3.978	8.406	-6.049	5.653
1.500000329e12	-4.581	6.543	-9.443	7.358	4.761	6.261	-7.66	3.486	-4.309
1.50000033e12	9.838	-0.8826	2.197	7.711	8.671	-3.656	-4.126	2.528	4.613
1.500000331e12	-5.22	-8.306	1.282	-5.721	-1.804	0.6836	-7.284	5.765	4.69
1.500000332e12	-5.369	0.3149	7.478	-7.279	-9.672	-8.65	4.441	-2.623	4.286
1.500000333e12	7.183	-4.611	3.755	6.272	0.9448	-3.705	-7.469	6.127	6.427
1.500000334e12	8.438	5.619	2.667	5.837	9.121	9.272	-5.179	-5.891	-3.641
1.500000335e12	5.133	-0.3918	-7.675	9.375	-7.827	-7.135	-7.959	-8.466	-8.65
1.500000336e12	-2.228	7.957	-1.899	1.583	-3.254	-7.041	9.277	0.5005	-4.342
1.500000337e12	9.091	-7.955	-2.124	-6.074	3.347	4.443	4.481	8.997	6.724
1.500000338e12	-2.91	5.178	1.897	-7.847	9.299	2.666	-6.52	-8.9	1.869
1.500000339e12	4.691	-0.6897	3.657	8.807	-7.051	6.713	5.883	7.435	-7.272
1.50000034e12	-5.365	-0.6567	-3.379	8.392	-5.497	6.04	-3.646	0.9668	5.875
1.500000341e12	5.438	-8.602	1.628	4.567	-6.538	-3.218	-3.552	3.499	-5.577
1.500000342e12	1.555	-9.457	-8.011	-6.696	-2.068	1.766	0.7117	7.683	-5.337
1.500000343e12	-9.562	6.311	3.853	-6.488	-3.964	5.698	-6.116	9.053	3.588
1.500000344e12	-1.509	-8.867	-8.485	0.7532	-1.879	5.51	4.138	-0.5725	-3.113
1.500000345e12	-8.264	4.23	-6.755	5.746	6.714	4.347	4.886	-1.863	-0.105
1.500000346e12	-4.377	-4.954	-6.222	1.086	3.866	5.431	4.756	4.75	6.476
1.500000347e12	0.9949	-8.975	3.07	9.187	9.24	-0.7971	9.165	5.104	-7.684
1.500000348e12	1.002	-3.416	-1.517	-4.846	-6.4	3.021	-9.816	4.163	-3.142
1.500000349e12	-2.875	8.713	-1.034	-9.758	-1.572	3.89	3.91	0.01953	1.001
1.50000035e12	2.837	-4.26	5.321	8.798	-0.7397	1.285	9.968	-1.951	-1.467
1.500000351e12	4.5	-2.562	-3.239	-4.872	1.356	-1.963	-1.415	-2.661	9.379
1.500000352e12	0.8997	7.825	-0.5969	7.78	-7.587	-0.9253	5.12	-4.913	-9.104
1.500000353e12	-7.128	-3.805	0.719	8.846	6.809	-3.586	9.277	6.735	-3.755
1.500000354e12	-0.1892	5.98	-3.282	7.578	-6.207	-9.668	-4.501	4.342	2.072
1.500000355e12	-7.15	2.05	-3.193	9.606	9.247	-6.052	0.686	1.663	-1.758
1.500000356e12	9.813	-8.268	-2.804	-1.31	-9.919	7.629	-0.2039	7.781	-8.953
1.500000357e12	4.952	4.572	-2.572	2.537	-4.753	7.043	8.184	1.91	9.824
1.500000358e12	3.645	0.1624	-7.5	3.754	-9.74	2.62	7.732	4.464	-8.127
1.500000359e12	-3.461	-8.087	1.608	5.659	4.152	-6.94	-0.4626	-8.147	-7.264
1.50000036e12	-2.844	7.627	-0.3979	-6.968	-2.465	-7.075	0.7373	3.954	-0.2063
1.500000361e12	5.642	1.611	-5.486	-1.035	-1.73	1.282	2.731	-2.54	2.416
1.500000362e12	-6.219	0.3271	-3.967	2.864	4.154	4.684	-5.875	-6.46	-4.857
1.500000363e12	-3.811	2.921	4.723	0.3979	1.791	4.6	4.609	2.185	7.142
1.500000364e12	-2.467	-8.833	-5.67	7.314	-7.216	-7.485	6.692	1.163	5.568
1.500000365e12	-1.41	9.855	-3.162	4.839	0.498	2.085	-5.153	-4.987	-4.701
1.500000366e12	7.357	-5.537	0.3772	8.014	2.104	4.418	-5.59	-1.957	9.187
1.500000367e12	-1.863	-4.96	8.94	3.945	-4.574	5.511	6.954	-5.192	-1.967
1.500000368e12	-4.712	-6.249	2.545	8.401	-0.5212	5.035	2.867	-9.922	9.996
1.500000369e12	-0.2539	-3.905	5.461	4.1	-2.736	0.5981	1.049	-8.625	1.913
1.50000037e12	1.649	-0.7446	7.988	1.697	-4.689	-5.69	-1.504	-1.206	1.392
1.500000371e12	-0.6836	8.488	-2.129	-1.816	-3.357	9.486	-8.765	-8.854	-2.976
1.500000372e12	-9.998	5.614	-4.63	0.01465	-0.1404	-5.205	-3.507	-7.963	-1.144
1.500000373e12	-8.727	-9.684	9.344	1.608	-2.05	6.465	9.218	-9.869	-4.781
1.500000374e12	-7.806	3.835	4.224	3.285	4.387	3.846	1.16	-1.908	3.634
1.500000375e12	6.084	-8.607	-2.964	3.101	4.265	9.817	-6.482	7.867	-5.948
1.500000376e12	1.095	-7.529	-9.226	1.278	-9.814	3.711	8.247	-6.594	-9.617
1.500000377e12	0.09888	6.564	-4.847	5.641	1.644	-3.438	-3.719	2.216	-0.8862
1.500000378e12	6.221	-8.324	3.705	9.911	0.5005	-2.341	4.645	-4.471	-5.402
1.500000379e12	-9.74	-5.449	-0.5518	2.588	9.635	0.8398	7.842	-9.452	3.257
1.50000038e12	7.712	-6.743	-2.551	-0.6409	-1.365	6.642	-8.577	-7.709	-5.654
1.500000381e12	4.663	-3.356	-7.571	-9.445	-0.5847	2.971	6.37	9.968	-1.875
1.500000382e12	6.609	-2.814	3.633	-0.3967	-7.637	-7.521	-6.122	7.015	2.706
1.500000383e12	2.283	-3.871	7.919	-6.704	2.9	-7.732	-3.835	-1.066	1.272
1.500000384e12	-1.865	3.472	-5.446	0.07446	9.03	-5.061	4.177	3.057	2.944
1.500000385e12	-7.828	2.596	-8.127	8.342	4.424	8.297	1.426	2.477	-4.244
1.500000386e12	-8.441	-5.85	-2.886	-9.181	7.159	7.021	8.213	5.731	4.497
1.500000387e12	9.43	-6.385	-7.755	-2.64	5.955	3.209	-3.788	1.957	0.8142
1.500000388e12	-7.896	-2.706	8.832	-2.144	-0.3357	-3.784	7.274	-8.502	-4.692
1.500000389e12	3.958	2.556	1.155	3.191	7.949	-0.1453	5.22	1.429	-2.811
1.50000039e12	0.8472	0.01099	-0.9985	2.045	-8.373	-3.695	-6.354	-1.075	-3.759
1.500000391e12	-5.093	-1.051	4.752	-0.9656	-9.866	7.334	-6.606	6.608	3.715
1.500000392e12	8.219	5.99	-7.531	1.964	-5.461	-5.66	5.02	0.007324	9.778
1.500000393e12	2.753	-4.227	2.876	-3.585	6.067	7.275	-3.977	6.711	-6.714
1.500000394e12	-3.768	6.34	-0.7458	1.711	4.407	-9.152	-7.847	-8.527	2.397
1.500000395e12	5.807	6.625	-2.938	-8.12	3.534	3.719	-8.452	-6.333	-9.863
1.500000396e12	-2.598	1.978	-1.675	-9.589	6.123	3.677	0.1318	2.141	3.694
1.500000397e12	-9.131	3.312	3.649	-7.427	1.125	5.896	9.362	-7.878	6.917
1.500000398e12	-4.156	-9.999	-7.385	-9.733	-8.234	-2.043	1.276	-9.434	6.014
1.500000399e12	-7.214	-1.732	-7.67	-7.467	4.917	7.855	7.531	9.265	4.097
1.5000004e12	4.401	-6.008	-6.921	5.514	5.752	-7.238	4.918	5.509	3.101
1.500000401e12	-8.312	-2.976	9.078	0.6982	-9.545	-7.562	1.073	2.047	-3.956
1.500000402e12	-2.378	-7.271	-6.714	-2.983	2.914	-7.592	1.812	6.823	-9.032
1.500000403e12	-0.007324	-6.682	-7.766	-0.5518	1.183	5.999	9.592	4.148	-5.201
1.500000404e12	-3.584	6.165	-7.482	3.685	-7.708	3.127	-7.562	3.806	6.27
1.500000405e12	3.533	2.78	8.889	-8.925	-6.002	7.733	1.549	-0.1721	1.055
1.500000406e12	0.8679	-4.795	-8.669	-4.467	5.712	0.6274	-7.524	2.03	2.947
1.500000407e12	3.115	7.054	-5.115	-5.52	2.523	-5.175	7.195	2.755	-8.212
1.500000408e12	7.02	-4.042	-2.048	-1.666	-6.228	2.764	3.384	-3.818	-9.37
1.500000409e12	-3.914	3.325	2.327	-9.896	3.062	2.111	2.118	-0.8643	-3.522
1.50000041e12	-0.2429	7.743	9.52	9.293	-8.346	4.591	6.729	8.406	-0.4114
1.500000411e12	-1.154	-5.24	3.507	1.069	-9.673	8.75	-0.7288	3.23	-5.529
1.500000412e12	-1.979	2.412	6.887	-1.94	0.9851	6.133	7.344	8.35	4.204
1.500000413e12	6.138	0.9497	3.556	2.238	-2.081	0.5725	8.311	-0.5713	-6.45
1.500000414e12	2.485	-0.553	5.43	-2.065	-4.987	-9.673	-5.585	-7.634	-9.078
1.500000415e12	-1.096	5.398	-2.705	-2.417	-8.273	0.8801	2.556	8.126	-4.214
1.500000416e12	2.457	9.894	-6.998	-8.613	-5.468	-0.8118	9.2	-7.913	-6.716
1.500000417e12	-7.347	5.505	3.564	-4.109	-4.307	-4.855	9.489	8.267	-2.944
1.500000418e12	-0.509	-5.251	0.1013	8.619	-0.5701	-2.269	-3.256	-8.081	-4.59
1.500000419e12	-1.837	1.511	-6.992	0.6445	5.884	3.811	-5.999	-6.418	0.9741
1.50000042e12	1.528	0.1831	-3.21	7.552	7.493	1.648	9.902	-2.388	9.226
1.500000421e12	5.714	1.075	-8.02	7.004	5.707	6.879	8.386	0.6091	1.021
1.500000422e12	7.639	4.531	4.36	-5.626	3.469	-1.951	-3.103	3.47	9.718
1.500000423e12	-2.257	-7.953	-8.593	-7.578	-4.965	5.071	-1.243	3.922	-0.7471
1.500000424e12	7.738	-5.677	8.462	0.4565	-6.671	-2.224	2.775	-7.38	-0.7397
1.500000425e12	1.038	1.997	-4.358	-6.954	4.769	-0.7654	8.446	9.042	-3.719
1.500000426e12	-3.187	9.913	4.315	2.635	9.128	-0.4529	-1.982	7.124	0.5957
1.500000427e12	-0.2625	-5.454	7.03	8.301	-5.715	8.264	9.296	1.567	-9.923
1.500000428e12	-9.149	-4.525	1.382	0.4871	6.395	-2.385	-2.266	2.128	-0.8582
1.500000429e12	-5.597	6.67	-7.03	-3.663	-1.904	0.6226	6.675	1.052	-7.581
1.50000043e12	-5.276	-3.329	1.23	-5.776	-6.467	9.143	-6.923	-3.148	1.704
1.500000431e12	-6.262	8.962	-5.751	-7.295	1.873	-6.992	6.169	-7.212	7.803
1.500000432e12	-4.072	5.37	-8.475	9.135	7.026	2.921	9.7	1.35	-6.099
1.500000433e12	-1.494	-3.781	-8.684	4.11	-0.4395	1.345	-9.155	9.967	-5.597
1.500000434e12	-4.749	9.926	5.243	-7.711	-4.982	-6.855	6.024	6.559	-8.87
1.500000435e12	-2.617	1.138	6.093	2.257	4.536	8.92	9.431	1.901	-3.623
1.500000436e12	-4.727	-2.744	-0.9509	6.567	-1.582	-2.395	4.558	9.564	2.218
1.500000437e12	-9.264	-1.432	-0.426	7.815	-8.391	5.126	-8.311	2.606	-7.928
1.500000438e12	-5.085	-3.445	4.037	4.078	-9.69	-8.286	1.34	2.542	6.779
1.500000439e12	9.93	-7.509	2.657	-7.351	6.757	-1.661	-9.218	-9.159	-9.366
1.50000044e12	6.122	1.798	-0.9326	-1.545	4.385	-3.862	6.51	4.836	3.357
1.500000441e12	-1.788	8.927	-1.089	-3.303	8.351	4.662	8.552	-6.246	-9.865
1.500000442e12	0.52	-7.782	-5.426	-5.195	8.138	8.086	7.954	-2.118	4.235
1.500000443e12	1.868	5.74	-5.984	-7.76	2.626	-0.9045	7.968	-9.937	9.733
1.500000444e12	-3.39	1.096	-0.03418	-0.5725	3.79	-8.27	3.235	7.892	9.019
1.500000445e12	-5.886	2.378	-5.555	3.02	8.491	8.434	7.156	-5.376	-7.349
1.500000446e12	9.843	0.5359	7.279	9.554	4.633	2.152	-1.462	3.735	8.693
1.500000447e12	5.083	-0.2637	1.378	-3.638	-0.5603	3.774	3.406	4.828	4.563
1.500000448e12	-8.274	8.098	-2.878	4.563	5.388	-0.4602	-1.068	-0.9924	7.679
1.500000449e12	-2.78	-9.263	9.646	8.464	0.5701	-4.839	-0.6335	-5.177	-7.725
1.50000045e12	9.839	-5.359	-9.827	4.695	6.398	8.24	-7.527	-9.855	3.866
1.500000451e12	-8.577	-8.016	0.9619	9.857	-1.726	5.336	-9.286	2.883	7.415
1.500000452e12	3.712	-8.893	-2.156	0.5945	-1.146	-6.046	6.256	8.594	3.939
1.500000453e12	5.466	-6.882	-5.004	2.91	2.385	-9.777	4.382	1.145	6.467
1.500000454e12	0.1733	-5.686	8.944	7.39	-9.779	6.504	-1.78	5.11	0.6885
1.500000455e12	-9.519	5.159	-1.824	3.492	-3.726	-2.255	9.338	0.9326	3.257
1.500000456e12	-5.151	-0.2368	4.951	2.234	2.822	-3.937	9.982	0.8398	9.884
1.500000457e12	0.5579	-9.105	-9.728	-2.19	2.615	-4.216	-1.012	3.481	6.904
1.500000458e12	-1.637	-7.49	3.981	5.707	-5.907	-0.01343	-1.733	4.972	7.294
1.500000459e12	-8.873	7.747	6.838	-2.346	-6.781	7.805	-4.727	0.02686	-4.615
1.50000046e12	7.61	-3.171	5.406	-6.72	9.315	-3.937	-7.384	-1.166	-1.194
1.500000461e12	7.163	9.65	4.655	-0.6274	8.484	9.668	-9.391	-9.061	4.8
1.500000462e12	-7.969	2.047	9.158	8.899	-4.387	-4.105	-0.9558	-2.021	-2.091
1.500000463e12	2.712	9.712	-7.386	-0.3223	8.258	9.76	9.703	-1.337	0.5908
1.500000464e12	3.425	7.096	2.281	6.636	-0.06714	4.078	-3.608	-5.481	-2.955
1.500000465e12	9.075	-9.139	-6.168	0.2222	-0.5322	7.085	-5.121	-8.047	-0.8447
1.500000466e12	-1.603	-1.19	2.677	-0.8679	4.729	1.426	1.42	-1.365	-6.444
1.500000467e12	7.501	6.943	3.203	5.67	-3.553	-1.757	-4.957	0.8582	-1.169
1.500000468e12	-0.8069	9.871	-0.3259	-0.7117	5.956	-5.237	4.496	-6.053	-4.468
1.500000469e12	2.339	5.076	8.221	2.927	-4.526	3.167	4.233	-9.875	5.697
1.50000047e12	6.345	-7.234	5.37	4.989	8.009	0.1831	-6.737	-7.272	3.546
1.500000471e12	-4.922	-9.335	-3.092	0.1489	-4.28	5.697	-2.184	9.371	5.803
1.500000472e12	9.269	5.604	-8.702	-6.097	1.694	9.672	-2.025	1.506	8.911
1.500000473e12	4.07	-0.6543	4.399	-2.692	-3.893	8.013	2.104	-7.561	5.197
1.500000474e12	-7.334	0.06958	3.091	5.908	-3.369	1.727	-6.	-3.757	1.561
1.500000475e12	1.215	9.772	-3.506	-3.044	3.324	-2.367	5.621	2.489	-5.803
1.500000476e12	-2.12	-6.586	-7.29	-8.652	-8.368	-5.01	0.9436	5.442	3.475
1.500000477e12	7.749	5.234	-5.155	-4.078	-1.443	9.122	5.905	5.114	-0.835
1.500000478e12	-0.8594	-9.301	8.872	4.769	-8.838	-6.969	-5.608	-0.9509	8.025
1.500000479e12	-6.791	-5.551	3.34	8.364	-0.3748	-4.514	-0.6885	-6.766	5.135
1.50000048e12	8.235	-0.08911	-1.113	-2.529	1.362	9.772	5.654	-6.929	-1.274
1.500000481e12	-7.455	5.055	0.6384	-8.744	9.624	-3.763	6.71	-3.124	6.425
1.500000482e12	-6.055	2.504	-8.528	8.221	7.563	-0.7568	-8.899	-7.312	-8.306
1.500000483e12	-5.68	-9.946	-6.56	7.355	-1.771	-9.01	8.324	7.837	-1.179
1.500000484e12	-3.837	-5.928	-0.9656	2.926	3.779	8.778	0.9314	3.995	3.984
1.500000485e12	0.907	-7.611	-5.148	-5.658	7.891	-7.766	-2.531	7.306	8.737
1.500000486e12	1.564	8.817	3.823	-3.176	3.525	-5.956	-8.732	9.131	-2.657
1.500000487e12	4.504	-3.3	-8.643	-3.208	-0.7947	-0.5896	2.367	-0.07812	-8.948
1.500000488e12	6.173	-0.7751	8.217	-0.8875	9.771	3.579	-7.81	-0.8435	-1.105
1.500000489e12	-1.984	7.102	-2.755	0.4199	-1.281	8.63	-4.216	-7.527	4.708
1.50000049e12	1.327	-2.266	-6.63	0.6641	1.799	0.3638	-9.053	3.645	6.685
1.500000491e12	-5.3	-9.149	-6.542	7.098	-7.385	2.311	6.599	7.607	-4.263
1.500000492e12	-3.352	9.917	-4.651	-9.252	0.802	-3.265	-3.933	-5.767	8.126
1.500000493e12	2.222	0.5847	8.911	5.337	-7.054	-7.12	0.2856	-0.4395	5.685
1.500000494e12	4.454	9.5	-0.8093	-5.599	9.137	8.794	4.308	5.813	-9.521
1.500000495e12	0.5347	3.795	-2.865	-3.711	8.162	4.781	-4.546	-9.109	3.812
1.500000496e12	-2.148	0.07812	3.352	-7.404	-9.03	7.903	-6.509	-3.984	0.6982
1.500000497e12	-0.1782	-4.087	-6.699	-1.058	-3.448	2.627	-7.379	-1.96	-4.784
1.500000498e12	9.451	2.679	-0.09644	-8.751	-2.592	6.188	-3.503	-1.633	-1.975
1.500000499e12	5.383	3.562	6.556	-1.886	-4.407	-4.379	-4.678	9.233	-3.289
1.5000005e12	9.536	5.402	0.4944	-7.874	-9.656	5.791	2.053	-1.094	9.497
1.500000501e12	-9.955	-8.507	-6.982	9.004	3.116	-9.159	-2.93	-1.232	5.841
1.500000502e12	1.736	9.9	-3.033	-4.725	3.369	-9.407	-7.762	9.081	-1.819
1.500000503e12	-6.515	-0.4382	0.1514	-5.21	-7.407	-9.83	-1.644	-9.747	8.776
1.500000504e12	-3.398	0.6006	5.73	-0.7666	7.874	9.346	-0.9949	3.031	-8.434
1.500000505e12	1.382	-9.452	1.041	9.109	-7.467	0.01343	4.193	-1.583	-8.145
1.500000506e12	4.421	-3.413	-3.334	-1.643	6.586	-4.386	-1.451	0.1636	-7.446
1.500000507e12	-0.5273	-9.852	-7.441	-9.314	-3.59	1.635	-4.39	9.6	8.868
1.500000508e12	-7.081	-0.3003	-0.1697	9.723	2.734	-4.639	-3.608	-3.907	4.287
1.500000509e12	9.67	0.2783	-4.623	-3.799	2.058	0.8228	3.927	-9.88	-3.085
1.50000051e12	-4.146	1.414	0.5762	7.249	-1.357	-9.99	7.085	2.955	-3.279
1.500000511e12	-2.466	-9.054	6.558	-9.966	9.014	5.691	3.887	8.186	-3.715
1.500000512e12	3.783	-6.161	1.61	-8.478	2.898	8.56	-5.51	1.044	-7.462
1.500000513e12	-3.667	2.332	-0.1501	3.513	-6.821	1.117	9.575	9.993	-6.614
1.500000514e12	-1.284	7.501	-3.333	2.808	7.441	-7.855	4.24	6.541	5.568
1.500000515e12	2.339	-6.738	6.294	-3.3	4.961	-3.788	8.048	-4.565	1.456
1.500000516e12	-9.637	1.141	4.888	-1.802	-3.417	-7.954	5.984	-2.117	7.777
1.500000517e12	-0.1562	-6.82	1.227	-1.414	4.661	-4.542	-5.543	1.791	9.531
1.500000518e12	3.525	8.687	-4.742	-8.005	-7.611	-8.481	-4.786	-5.874	-4.147
1.500000519e12	-6.439	-3.435	6.848	-5.841	7.223	-5.608	-1.387	4.542	-9.004
1.50000052e12	-9.807	5.413	-8.102	-3.179	2.589	8.428	1.521	-0.1147	2.743
1.500000521e12	0.2332	7.286	6.14	1.11	2.458	-7.551	8.318	-1.254	-0.8813
1.500000522e12	2.998	-9.413	5.735	9.203	2.042	0.4773	-2.819	7.589	-6.77
1.500000523e12	-0.3027	-7.004	-8.453	-5.154	-1.464	9.938	-3.827	-0.1221	6.641
1.500000524e12	-1.428	0.1221	1.035	-8.508	9.014	6.951	-4.384	3.055	9.669
1.500000525e12	1.614	-4.275	2.566	5.121	6.941	-4.116	-2.435	-2.561	5.02
1.500000526e12	-9.427	7.822	-1.954	-4.229	-1.549	-1.765	8.245	-8.276	6.599
1.500000527e12	5.685	2.661	5.837	-2.921	2.571	-6.842	-8.794	0.9607	-8.285
1.500000528e12	9.961	-0.2734	-6.467	1.586	1.327	4.673	-0.05005	2.417	1.73
1.500000529e12	4.016	3.154	-0.06226	2.607	4.379	4.362	7.732	2.527	8.28
1.50000053e12	-9.934	-7.327	6.223	-2.045	-0.8521	3.396	-9.452	8.866	-8.376
1.500000531e12	-9.998	-7.351	-2.542	-4.578	-7.004	3.127	9.05	-4.286	-0.4883
1.500000532e12	8.724	-0.4407	-6.514	2.797	-4.115	2.504	-8.024	5.487	-6.752
1.500000533e12	-7.03	7.844	-1.365	-5.284	-1.298	-4.215	8.595	-8.833	-5.973
1.500000534e12	4.894	7.7	-8.928	-7.628	-7.153	8.794	4.797	-1.793	-5.161
1.500000535e12	-3.185	-9.75	-0.05249	-0.4102	3.202	9.182	6.162	4.716	-0.5579
1.500000536e12	1.36	4.795	7.454	-2.371	1.495	6.281	-5.437	-5.04	-3.417
1.500000537e12	-7.882	-8.605	1.134	0.5396	-1.46	7.238	4.421	0.5945	-2.769
1.500000538e12	0.1172	-2.747	6.262	1.418	7.821	5.826	-0.8777	-9.332	-6.722
1.500000539e12	-6.271	-5.548	6.514	3.989	0.8948	4.052	3.735	-0.7617	7.777
1.50000054e12	-2.334	4.81	0.8337	9.296	-0.166	-4.543	7.174	-2.367	-2.346
1.500000541e12	-3.162	-7.313	-6.315	-8.126	-9.875	-1.08	4.735	7.82	-7.43
1.500000542e12	5.372	-9.813	-2.504	8.597	-3.899	6.646	5.547	-0.9009	-5.492
1.500000543e12	-8.214	-0.1831	0.8215	9.78	1.281	8.566	5.061	7.267	-8.441
1.500000544e12	9.674	1.364	8.267	4.025	9.933	-2.699	9.618	-8.428	9.447
1.500000545e12	-1.908	9.88	-4.768	-2.051	-0.7983	-7.596	9.393	3.07	-1.453
1.500000546e12	4.102	0.769	-6.393	3.418	-1.539	3.239	0.8691	5.781	-3.6
1.500000547e12	-7.529	-9.542	-8.422	2.616	8.588	6.923	1.038	-9.092	3.062
1.500000548e12	0.2551	5.345	9.497	-3.907	7.253	1.598	-3.04	8.361	-5.834
1.500000549e12	9.635	-9.606	2.76	-8.818	3.474	2.968	-6.418	2.683	-1.139
1.50000055e12	4.531	-6.514	1.581	9.248	-8.202	-7.292	8.081	5.176	-6.731
1.500000551e12	-0.4041	-5.133	0.7263	4.844	-8.263	1.383	7.986	5.244	-9.086
1.500000552e12	-8.568	1.957	9.252	-9.989	9.427	-3.921	2.561	-5.088	8.077
1.500000553e12	3.761	-1.279	-5.657	-8.683	-0.8057	-1.799	-4.282	-2.745	-2.065
1.500000554e12	-4.333	2.744	9.535	-4.008	4.883	2.332	0.3357	1.926	-0.1099
1.500000555e12	3.715	-0.6445	8.649	-3.418	7.369	-4.854	-1.389	-0.6067	-9.578
1.500000556e12	2.605	-5.844	-5.591	3.662	1.443	-8.062	0.708	2.045	-6.846
1.500000557e12	4.828	-0.2808	0.5115	-8.163	1.273	-7.428	2.876	3.855	6.261
1.500000558e12	-9.982	-8.594	-7.422	-3.604	2.887	-4.009	-4.2	-1.519	5.642
1.500000559e12	-5.083	-6.123	-4.432	6.851	-4.186	6.444	4.862	5.945	7.389
1.50000056e12	1.24	-3.387	4.758	4.027	-7.34	7.34	-6.866	-4.55	0.2148
1.500000561e12	-8.378	8.586	3.093	2.325	6.243	-8.898	-1.975	-1.571	-6.998
1.500000562e12	8.038	7.968	5.267	1.769	8.577	6.145	3.865	-6.575	-9.427
1.500000563e12	-1.317	8.152	6.655	-1.498	6.548	2.811	9.066	-7.402	-7.167
1.500000564e12	7.394	-6.157	-7.249	-6.105	-6.073	3.807	-6.632	7.517	6.697
1.500000565e12	0.4785	6.909	-1.375	5.118	7.823	-8.422	1.399	3.787	-2.701
1.500000566e12	-0.9143	6.852	-3.01	3.391	-9.269	-7.365	3.311	-0.3027	8.21
1.500000567e12	3.518	3.346	3.956	1.008	-4.78	-5.385	6.265	-4.103	9.64
1.500000568e12	7.261	-9.857	3.741	-3.501	3.086	0.73	7.892	9.762	-6.714
1.500000569e12	-7.222	5.225	-6.472	-4.563	7.073	-4.053	-2.269	3.237	-8.625
1.50000057e12	0.6787	-6.553	6.595	4.719	-7.848	4.154	-0.1086	-7.238	-7.1
1.500000571e12	-0.5298	-1.063	1.522	-0.3748	0.1379	-1.847	-3.455	-3.717	9.258
1.500000572e12	-4.585	-2.234	9.938	9.188	3.556	8.496	-1.582	9.319	8.562
1.500000573e12	7.848	-4.106	5.154	9.908	1.559	3.89	3.835	5.524	-1.812
1.500000574e12	-7.711	1.058	-9.346	1.935	2.109	-7.618	3.254	4.342	3.049
1.500000575e12	-1.356	0.8691	6.681	-7.344	-5.229	-7.091	-1.519	-4.526	-4.708
1.500000576e12	2.609	-1.913	-8.259	4.647	-1.335	8.339	4.458	-3.147	5.392
1.500000577e12	-2.703	3.84	-5.94	6.578	-4.735	-6.75	3.197	4.713	9.316
1.500000578e12	-4.436	4.641	-3.762	6.71	-9.333	-6.002	-4.75	7.723	6.868
1.500000579e12	2.225	3.304	9.193	9.653	-1.42	-0.06592	-3.026	-5.103	3.632
1.50000058e12	-7.656	0.3027	-5.471	-3.542	0.9155	-0.7288	4.352	7.428	1.403
1.500000581e12	-6.862	-8.491	-3.132	2.534	8.32	-4.355	-5.985	0.5518	-6.682
1.500000582e12	7.747	3.574	-4.608	-7.533	-4.622	-9.087	-6.014	-8.676	-6.429
1.500000583e12	8.011	-8.085	9.635	1.837	4.396	-0.7458	3.345	5.266	-2.4
1.500000584e12	-0.5725	-0.8545	-8.624	-3.767	-9.398	-0.7361	-5.159	0.6372	-1.71
1.500000585e12	-7.235	-9.653	-8.438	1.449	-9.27	7.99	-3.623	4.225	-0.5139
1.500000586e12	5.774	-7.123	-7.345	-7.406	4.464	-8.987	7.968	4.703	6.599
1.500000587e12	-0.7837	0.9851	-4.672	-9.825	6.296	3.337	-3.853	-9.414	8.118
1.500000588e12	-9.099	-7.991	5.033	9.103	-1.519	-3.198	9.955	2.078	-2.494
1.500000589e12	-1.576	0.5457	-2.017	-8.45	-4.929	1.245	-5.393	-1.206	-8.047
1.50000059e12	-4.778	-6.284	-8.073	1.389	-2.883	-5.856	-8.34	5.217	-7.651
1.500000591e12	7.721	-1.011	7.365	6.548	-7.543	7.211	4.36	-0.4797	-4.136
1.500000592e12	8.048	-1.025	0.5432	4.854	9.12	-7.069	4.692	-4.886	-8.771
1.500000593e12	-5.032	-5.293	-5.225	-3.695	-4.26	0.8496	-7.677	9.445	-1.564
1.500000594e12	-1.4	-4.877	-5.201	-4.531	-3.821	1.117	0.6519	-3.323	-1.403
1.500000595e12	9.133	9.91	-2.563	3.301	6.252	4.597	-0.3125	4.849	-7.787
1.500000596e12	-0.3015	-1.655	-6.735	-1.161	-1.316	-7.106	-7.056	-5.923	-7.454
1.500000597e12	-1.682	-8.644	-0.8069	3.606	-0.4041	-1.648	-7.874	1.091	1.511
1.500000598e12	1.094	3.158	-8.677	1.222	5.184	9.409	5.853	4.781	9.252
1.500000599e12	5.177	-6.554	-1.083	-4.492	-8.857	9.857	-0.2209	1.268	8.333
1.5000006e12	-4.375	-0.4785	-1.729	-2.312	4.321	0.6409	-1.476	3.326	7.736
1.500000601e12	2.102	3.752	-3.123	-0.1111	3.997	8.241	-2.288	4.979	-1.23
1.500000602e12	0.708	8.77	-9.388	-4.897	-9.325	3.395	-0.2759	3.755	6.515
1.500000603e12	-5.911	-2.911	-6.392	9.047	1.825	7.77	9.884	4.652	-2.932
1.500000604e12	6.071	-9.874	-8.26	-2.495	1.312	-7.827	0.3345	4.692	-5.817
1.500000605e12	-8.	-4.386	4.613	1.356	-1.19	4.149	3.445	-7.778	8.636
1.500000606e12	-6.342	1.405	-2.677	6.287	-2.083	-6.276	-8.335	0.9644	3.059
1.500000607e12	-3.121	-2.733	-7.712	-6.923	8.812	-6.711	-0.7996	7.354	-8.763
1.500000608e12	-9.802	-0.04028	1.116	-4.867	-9.055	9.775	7.686	-5.961	-7.123
1.500000609e12	-9.329	2.008	7.992	-9.431	-2.107	-1.075	-1.056	-4.574	5.803
1.50000061e12	-3.649	-4.182	9.026	2.722	6.342	-8.756	3.809	9.573	9.576
1.500000611e12	9.232	5.981	-2.339	1.544	3.588	3.68	-0.1526	-0.2649	-3.706
1.500000612e12	6.899	8.832	5.601	-4.861	9.814	-5.9	3.663	-9.255	8.979
1.500000613e12	5.077	2.509	8.179	9.255	-8.109	6.56	-5.95	-6.57	-4.377
1.500000614e12	5.874	-8.041	4.149	-5.717	6.479	-7.632	-1.458	8.539	4.056
1.500000615e12	-6.354	-3.732	-7.076	3.182	6.15	9.108	1.376	8.704	-5.947
1.500000616e12	4.832	-4.5	8.539	8.944	-3.499	-1.77	8.021	3.556	7.281
1.500000617e12	-2.184	-2.999	-8.457	9.79	9.476	-4.78	2.632	9.647	-8.785
1.500000618e12	0.9778	7.401	-6.218	-4.753	-5.317	-4.76	-0.769	-5.842	5.696
1.500000619e12	7.407	5.977	-6.627	-1.978	9.667	-5.007	7.55	-7.836	0.1782
1.50000062e12	-5.126	-5.571	2.606	8.567	8.383	8.37	0.8472	-8.114	-1.001
1.500000621e12	7.185	3.16	-5.425	-8.698	-2.616	5.574	1.852	-2.666	7.776
1.500000622e12	-5.436	-9.377	-3.562	5.391	8.048	8.147	-2.134	-1.932	-4.431
1.500000623e12	-4.789	-0.7336	9.855	-4.198	5.891	-6.821	7.684	9.752	-0.9583
1.500000624e12	-1.768	-9.626	2.328	8.044	9.103	-9.949	-1.085	7.473	9.969
1.500000625e12	-8.091	-1.77	-7.787	1.091	9.296	-1.567	-8.002	6.16	-6.748
1.500000626e12	-3.486	-9.801	-5.568	-9.906	1.591	0.0415	-6.92	-4.237	-9.714
1.500000627e12	-9.678	6.537	-1.127	5.868	-0.8606	-8.392	-2.664	3.177	5.851
1.500000628e12	-2.251	2.747	-2.012	-9.609	3.571	8.164	-9.805	9.181	-9.258
1.500000629e12	-5.85	5.133	1.327	6.337	-7.076	2.382	-6.461	9.13	3.34
1.50000063e12	3.167	-8.746	5.929	3.807	-8.916	-9.095	1.013	8.801	6.794
1.500000631e12	6.414	-1.848	5.782	-3.495	2.769	-3.767	1.099	-3.752	-6.841
1.500000632e12	1.831	-8.157	5.706	1.835	5.747	1.989	8.087	-4.823	-1.565
1.500000633e12	0.8521	9.219	-8.411	-7.365	-6.393	0.05981	-5.962	6.835	5.012
1.500000634e12	4.167	6.907	-0.188	9.271	5.979	6.99	8.951	8.878	7.312
1.500000635e12	-0.8362	-3.918	-2.333	-2.404	-7.334	-6.799	-7.109	-6.32	9.199
1.500000636e12	9.104	-3.07	2.866	-0.9741	1.038	-7.839	4.475	-8.182	6.896
1.500000637e12	9.156	3.979	0.9045	8.826	8.746	-1.509	-8.359	-7.424	-3.992
1.500000638e12	5.293	-1.766	7.14	-0.8081	9.941	-1.002	1.128	-1.331	0.7422
1.500000639e12	2.413	8.739	0.5029	-1.262	7.684	6.908	-5.713	-3.022	-9.2
1.50000064e12	9.38	7.031	-5.977	7.278	-4.319	5.674	3.91	9.542	-9.017
1.500000641e12	8.452	-1.423	-0.9241	-1.528	9.304	6.047	7.644	-0.6201	-8.848
1.500000642e12	2.379	7.341	-5.172	-4.564	0.52	4.293	3.159	-0.4517	3.862
1.500000643e12	9.017	9.135	8.962	3.085	8.098	7.164	-8.361	7.261	3.347
1.500000644e12	8.024	-7.253	-7.198	-6.11	2.419	-4.325	9.337	-5.967	5.371
1.500000645e12	7.397	-3.223	-0.4858	-4.742	-3.666	3.3	7.429	-9.492	8.762
1.500000646e12	8.344	-3.505	-4.833	-2.719	-8.64	5.98	0.3833	-8.096	-5.055
1.500000647e12	-0.7556	-6.409	-0.7043	6.477	8.868	8.718	1.654	-4.144	0.4443
1.500000648e12	4.308	9.248	4.563	2.24	5.587	8.176	-8.01	-8.545	-0.8484
1.500000649e12	-0.4126	-2.546	-1.206	-8.647	-7.927	6.577	9.39	-9.745	4.384
1.50000065e12	-6.033	-2.294	5.292	2.311	4.146	-8.243	-6.908	-2.1	-5.452
1.500000651e12	9.545	2.828	-2.894	3.042	-4.788	-7.759	5.164	2.882	9.858
1.500000652e12	3.878	7.001	5.776	-8.175	-8.779	-8.77	1.217	-2.144	3.655
1.500000653e12	-7.361	-8.362	9.535	-5.643	5.615	-0.9033	-8.6	1.334	-5.87
1.500000654e12	7.637	-7.246	5.1	-9.084	-6.001	-7.263	5.526	-6.151	-0.5615
1.500000655e12	7.058	-0.199	-0.7043	-0.3406	4.418	8.994	-0.8362	-1.389	8.53
1.500000656e12	5.245	-7.341	-5.485	9.734	9.399	-7.167	-1.6	-0.144	-1.405
1.500000657e12	9.156	0.6189	8.32	-1.901	-9.259	3.862	3.237	5.437	-3.904
1.500000658e12	-8.909	8.193	2.545	7.535	-8.026	1.635	0.5408	8.331	-6.239
1.500000659e12	7.593	0.1428	9.562	-8.851	-8.45	8.453	6.575	-1.945	-2.065
1.50000066e12	3.834	1.24	4.019	-0.5737	8.571	3.921	4.641	-2.372	8.184
1.500000661e12	0.3748	2.485	3.418	1.978	8.263	-8.569	-2.201	-2.395	-5.43
1.500000662e12	0.4932	5.496	-7.269	6.228	2.758	4.092	7.089	-1.909	-0.7715
1.500000663e12	-4.84	9.106	-5.107	4.747	-7.209	-8.669	-1.422	-4.489	-8.694
1.500000664e12	8.258	-7.959	-8.829	-8.748	-7.218	8.062	-1.135	-9.777	-5.881
1.500000665e12	5.99	3.049	1.935	-7.363	-5.237	-5.593	-4.667	4.629	6.799
1.500000666e12	-9.629	0.6311	5.674	0.4407	-5.703	-0.9619	1.919	1.508	-5.315
1.500000667e12	3.824	-3.13	3.802	3.428	1.613	9.481	9.938	-8.148	9.962
1.500000668e12	6.631	-6.965	2.443	9.122	-1.863	6.146	3.596	5.216	3.64
1.500000669e12	-7.803	-5.974	-8.539	-7.062	9.22	6.432	5.001	5.754	5.79
1.50000067e12	-7.537	-3.447	-8.401	9.711	5.56	6.84	-0.3101	7.369	9.355
1.500000671e12	3.651	-0.2429	-3.291	0.9497	1.013	-1.482	0.9998	8.267	2.385
1.500000672e12	-3.71	8.496	-7.791	0.6995	4.791	6.995	-7.227	6.677	-2.506
1.500000673e12	4.987	-4.974	-1.582	4.758	2.789	-3.225	5.17	0.07202	-2.123
1.500000674e12	4.16	3.677	7.404	-4.646	3.811	-3.835	-0.3418	4.762	7.213
1.500000675e12	4.543	-6.096	-0.6287	8.672	6.625	-9.187	-1.044	-8.857	-0.4773
1.500000676e12	8.568	-6.646	6.337	8.541	6.932	-5.239	4.434	-0.5823	-3.545
1.500000677e12	7.949	-6.578	-8.955	-0.5383	-5.751	-3.23	-0.105	2.024	-3.545
1.500000678e12	2.708	2.069	-6.134	-0.3711	8.296	3.184	2.092	-8.838	5.239
1.500000679e12	3.918	0.5481	2.719	2.111	-2.946	6.851	0.9497	-1.982	2.809
1.50000068e12	-3.921	-3.539	-4.445	-7.068	8.435	-1.688	-2.712	4.962	7.804
1.500000681e12	-1.321	-1.764	-2.629	-4.884	8.304	2.166	2.448	9.865	5.363
1.500000682e12	-2.251	-3.528	-6.375	2.664	7.793	4.286	-1.116	6.079	8.508
1.500000683e12	8.265	4.106	3.624	9.202	0.813	-7.854	-7.599	-1.67	4.193
1.500000684e12	-0.7471	-1.36	4.717	-8.739	-9.209	7.618	-3.44	-3.552	-1.234
1.500000685e12	9.772	5.89	9.253	-6.472	7.438	-1.946	-3.805	1.635	4.426
1.500000686e12	5.521	2.975	-0.249	-6.689	-2.188	-5.205	5.487	7.458	-9.67
1.500000687e12	7.013	-6.752	0.675	8.954	-9.735	4.484	9.362	-3.531	6.057
1.500000688e12	9.819	-7.051	-2.777	2.067	-2.909	8.688	-3.248	0.5676	-0.5957
1.500000689e12	-9.789	6.37	-4.609	-5.735	-0.2551	-2.847	-4.41	-5.674	-3.115
1.50000069e12	-2.754	-7.705	5.902	-9.009	-1.735	6.382	3.462	-5.729	8.196
1.500000691e12	3.304	-8.856	1.885	4.237	9.375	-3.752	2.913	6.871	-5.327
1.500000692e12	1.716	-8.977	6.874	-6.842	4.272	5.215	7.051	-4.951	-8.236
1.500000693e12	1.007	-4.114	7.772	-8.541	1.108	9.18	-3.187	8.173	-9.116
1.500000694e12	0.1941	-0.3467	-3.835	-1.19	-2.12	2.469	-3.309	-6.199	2.992
1.500000695e12	1.418	6.742	-1.262	-1.167	-2.037	-7.604	2.611	-4.786	-0.8936
1.500000696e12	4.009	9.629	3.181	-1.851	6.431	-0.2173	-9.216	0.3906	-5.763
1.500000697e12	4.572	4.093	-6.493	1.458	9.146	-3.732	5.884	0.7056	-0.8472
1.500000698e12	-5.632	5.454	-2.43	0.4492	3.02	3.838	2.673	-4.814	1.053
1.500000699e12	4.851	5.375	-9.492	3.97	0.636	-0.5042	0.8923	3.099	0.2319
1.5000007e12	-8.38	2.483	-1.67	5.323	2.391	-1.805	4.253	6.93	3.336
1.500000701e12	-4.031	8.01	6.282	-2.491	-3.738	4.344	-6.014	-2.648	-3.772
1.500000702e12	1.295	-5.181	-4.816	8.226	3.556	-4.329	6.777	1.832	-6.852
1.500000703e12	7.178	7.749	-7.24	1.051	3.044	-6.864	0.625	0.7422	9.11
1.500000704e12	9.55	-8.353	-3.599	-2.021	6.312	9.532	-4.836	3.738	2.325
1.500000705e12	-9.548	-7.888	4.07	4.813	-6.049	-0.7922	9.698	-0.1282	2.88
1.500000706e12	8.08	5.836	9.946	7.812	9.877	8.711	-5.789	1.058	-9.105
1.500000707e12	4.619	0.01343	6.279	-9.449	9.519	8.696	3.45	3.217	-6.917
1.500000708e12	-4.294	0.6982	-0.498	-9.801	-1.239	9.109	2.866	6.343	-3.375
1.500000709e12	5.251	4.867	-7.83	-5.653	-8.739	-8.85	1.028	-0.7959	2.991
1.50000071e12	-7.952	3.154	0.03662	-5.98	-9.089	-4.226	2.415	4.808	-3.663
1.500000711e12	-1.942	-7.865	6.292	3.513	-1.871	-3.286	-3.567	2.574	1.13
1.500000712e12	-4.546	5.16	-9.683	6.517	1.112	2.345	7.516	1.876	-0.09766
1.500000713e12	8.247	-7.31	-8.147	-3.64	-6.647	-1.31	4.033	-3.929	-7.742
1.500000714e12	-4.393	-1.237	-0.907	-5.427	-2.17	5.056	-6.628	-9.	1.976
1.500000715e12	7.118	5.918	8.293	6.562	-8.21	-0.5713	4.952	4.446	-6.887
1.500000716e12	-2.756	-9.591	-9.979	8.733	-1.229	1.249	-7.799	-0.3113	-0.1294
1.500000717e12	3.458	3.367	-8.759	4.895	0.06836	3.279	-1.989	4.871	3.613
1.500000718e12	7.798	-4.44	-6.87	3.202	2.699	1.501	2.406	6.26	-3.043
1.500000719e12	6.234	0.4785	8.568	-6.519	-8.658	-2.014	9.166	0.6946	9.777
1.50000072e12	0.8179	8.898	1.808	-5.822	-8.9	4.622	2.614	4.33	-6.675
1.500000721e12	4.917	6.23	-2.758	0.5835	-6.713	-0.4456	-4.778	-3.331	-9.392
1.500000722e12	5.154	8.643	3.867	-7.463	-1.379	-7.29	-1.984	8.511	-3.89
1.500000723e12	-7.859	1.221	9.934	8.113	6.244	-1.349	-5.056	2.732	-5.345
1.500000724e12	-4.417	-0.8081	1.866	1.608	-3.9	5.813	-6.228	-6.091	6.023
1.500000725e12	0.929	5.336	6.321	0.8374	6.128	7.483	1.616	4.398	3.995
1.500000726e12	6.887	2.858	-2.445	3.409	7.758	7.891	-8.562	9.856	6.389
1.500000727e12	5.865	5.06	1.244	-4.152	3.596	-6.87	-7.678	-8.674	-5.558
1.500000728e12	-8.695	1.625	-6.915	-9.623	6.841	-7.048	8.082	-8.792	-4.139
1.500000729e12	-5.149	2.799	8.19	-0.4871	1.349	-1.505	-4.484	6.879	3.251
1.50000073e12	4.014	-4.484	-6.948	5.475	2.252	-3.597	-2.56	-4.487	-1.434
1.500000731e12	-6.257	-4.49	-6.611	7.693	8.044	-3.466	-6.837	-6.837	9.564
1.500000732e12	-6.317	-3.083	-2.285	-8.789	-4.139	-4.366	7.244	0.1965	3.861
1.500000733e12	-1.844	-3.499	4.257	0.09766	-2.539	6.13	-4.126	-0.2429	0.5359
1.500000734e12	-8.326	8.022	-4.244	-3.684	7.269	4.357	2.109	-1.245	-5.387
1.500000735e12	-3.38	-6.791	2.563	-2.097	0.1489	5.524	-4.319	-1.914	7.882
1.500000736e12	-3.342	-8.546	7.798	2.783	-6.665	-6.471	-9.462	4.865	-7.352
1.500000737e12	-8.486	5.803	-6.761	9.724	3.595	-4.117	0.647	3.5	9.747
1.500000738e12	4.486	-6.943	1.425	-0.7654	-0.9204	5.134	-7.303	-0.08423	4.27
1.500000739e12	-9.758	-0.6873	3.333	-0.8325	1.831	4.147	8.81	3.557	-0.2271
1.50000074e12	-0.271	2.183	-1.639	-7.614	-6.088	8.507	-7.689	3.101	6.525
1.500000741e12	-9.829	-0.1099	0.01099	-6.781	1.793	-1.152	5.359	5.996	2.167
1.500000742e12	0.006104	7.092	-9.644	-1.281	-9.896	3.307	-6.456	-0.09888	0.1135
1.500000743e12	2.147	-2.491	5.519	4.041	6.354	-9.307	3.478	-2.483	-5.597
1.500000744e12	-7.369	-3.107	7.434	3.351	-1.893	-1.973	-1.029	4.258	-4.447
1.500000745e12	-4.657	-7.321	-6.198	1.138	8.19	2.05	-7.217	7.234	9.075
1.500000746e12	-3.379	1.676	-9.136	-2.775	-7.216	8.876	-6.295	3.09	-9.642
1.500000747e12	-6.429	-4.296	5.608	5.872	1.064	-6.565	6.527	-0.9131	-2.549
1.500000748e12	3.842	4.863	-3.546	-1.653	-1.105	4.053	-3.406	3.491	-8.107
1.500000749e12	-9.131	-0.2014	9.231	-7.834	4.261	6.417	-8.12	-2.745	-1.714
1.50000075e12	6.244	-3.84	-3.657	-2.577	-4.916	9.725	5.5	2.059	6.274
1.500000751e12	9.824	1.573	5.511	-0.01709	9.996	3.121	4.894	3.622	6.141
1.500000752e12	-4.198	-8.866	-7.205	5.914	-2.141	-3.821	-2.915	-5.375	-2.543
1.500000753e12	3.176	-5.426	-6.022	-3.44	5.389	-6.207	3.337	8.246	8.131
1.500000754e12	-3.049	-0.3064	7.739	3.055	-3.444	-6.085	2.566	1.482	4.906
1.500000755e12	-6.056	4.856	6.177	-2.546	-5.093	-3.849	5.958	5.	-8.055
1.500000756e12	-4.955	-3.76	2.607	5.305	7.15	2.748	-9.784	3.163	7.213
1.500000757e12	7.955	-6.847	-2.837	-0.1208	-2.355	-7.218	-7.762	-0.6116	9.521
1.500000758e12	9.49	7.356	0.04028	-0.6433	3.832	2.168	4.42	-2.203	4.559
1.500000759e12	-8.663	-7.814	1.366	-0.6384	-2.416	0.2759	-1.477	-4.751	-3.48
1.50000076e12	2.474	-4.537	-3.323	6.322	5.415	0.3931	8.392	-0.3674	-9.08
1.500000761e12	1.91	9.399	1.097	6.216	-8.774	2.782	3.794	-9.636	3.32
1.500000762e12	2.128	-2.556	6.118	9.104	-8.235	-9.924	-4.57	9.255	-8.527
1.500000763e12	1.526	-1.152	3.689	4.446	-0.4492	-7.36	4.978	-5.673	1.81
1.500000764e12	3.276	-1.093	7.441	-0.9985	4.568	0.6653	-2.268	1.937	-5.112
1.500000765e12	0.3943	4.469	2.472	-1.567	-6.044	0.1733	-6.055	8.674	-8.148
1.500000766e12	3.503	1.635	-2.45	3.5	8.655	-8.979	-2.429	-6.117	7.788
1.500000767e12	-3.632	9.287	-1.578	-6.361	-8.728	-2.263	7.607	-4.313	5.527
1.500000768e12	-6.893	-7.288	-3.584	-0.5554	5.686	6.445	3.867	7.733	-1.333
1.500000769e12	8.42	4.106	0.1855	9.894	5.334	5.706	3.712	-2.638	3.02
1.50000077e12	-4.039	6.533	2.468	-1.792	-2.516	-2.328	7.395	-3.729	4.032
1.500000771e12	6.173	-5.588	-2.05	6.737	-4.255	5.935	-5.47	-4.	-3.339
1.500000772e12	4.125	-1.544	1.177	-5.844	6.677	9.115	8.776	-3.007	-4.603
1.500000773e12	-5.654	-7.905	-2.955	-4.069	-6.342	1.331	-4.528	5.305	-9.447
1.500000774e12	-2.698	6.212	2.593	-7.278	6.61	-3.942	4.933	1.72	-9.578
1.500000775e12	4.556	4.745	-5.847	-2.542	8.394	-4.827	-4.073	3.843	0.7788
1.500000776e12	-1.909	1.868	-5.137	-8.571	0.4138	2.352	-9.991	-2.095	-7.472
1.500000777e12	4.113	-6.112	4.771	-2.701	0.8423	-5.223	0.8569	-6.578	-7.878
1.500000778e12	1.381	-6.406	3.612	0.3137	1.514	-4.117	-6.658	-9.491	-9.023
1.500000779e12	2.443	6.494	1.394	2.314	-1.873	2.365	-7.258	-2.676	-8.203
1.50000078e12	6.375	6.448	-6.74	8.801	-8.107	1.438	2.548	6.755	8.608
1.500000781e12	2.273	8.871	-0.0415	4.266	3.195	-4.806	-7.589	-2.308	0.293
1.500000782e12	-7.12	2.195	6.501	9.653	-6.892	2.211	-3.868	8.717	9.509
1.500000783e12	7.747	-0.2332	-3.518	-2.334	4.74	-8.253	0.9802	-7.832	-9.076
1.500000784e12	3.147	-7.67	1.324	7.715	3.467	-3.563	-7.906	-6.639	2.063
1.500000785e12	1.515	0.1086	2.866	-1.412	-7.463	9.534	5.461	8.177	-9.236
1.500000786e12	0.2844	-1.963	2.534	7.468	-5.171	9.893	-2.216	4.067	7.054
1.500000787e12	-4.525	-2.915	8.514	-6.637	3.905	-1.862	0.6653	4.127	6.832
1.500000788e12	-6.715	-9.899	-3.505	-6.479	-8.054	-2.002	-2.987	7.758	-3.375
1.500000789e12	-3.396	-6.7	3.724	1.394	-4.141	2.261	-9.694	-9.878	0.4504
1.50000079e12	-4.968	-7.144	-2.213	-2.661	-5.874	-8.225	-5.342	9.939	-8.073
1.500000791e12	3.937	-1.4	3.311	0.5408	4.871	-9.794	-0.4688	0.304	4.647
1.500000792e12	4.095	0.1477	-1.425	-6.86	-1.196	-2.109	-6.603	8.491	9.325
1.500000793e12	-1.429	-4.336	6.671	9.227	-5.085	-3.268	3.975	5.9	6.232
1.500000794e12	-5.449	6.462	6.451	-8.872	-3.561	8.245	-0.3809	-2.991	-1.721
1.500000795e12	-2.509	4.905	-3.218	-1.555	-5.918	-3.542	0.968	-3.693	-6.927
1.500000796e12	0.1501	0.5029	5.334	7.567	3.005	4.856	-8.086	4.956	1.237
1.500000797e12	-5.239	6.483	-0.8203	0.7837	-3.466	-0.7092	-3.229	-8.573	3.118
1.500000798e12	3.257	6.09	1.188	-7.09	-2.699	3.901	-8.385	9.357	7.23
1.500000799e12	-4.43	1.381	3.068	-6.7	1.223	-7.677	-8.84	6.499	1.908
1.5000008e12	-1.837	-7.234	7.67	-4.926	5.826	-7.804	-6.722	-4.	-3.499
1.500000801e12	-4.633	8.578	9.012	3.433	1.562	-9.221	-1.233	-3.174	6.049
1.500000802e12	0.01221	2.773	-9.094	8.119	-2.938	6.331	1.873	5.983	-2.217
1.500000803e12	2.386	-6.948	-6.376	2.44	-9.713	-4.98	0.4626	4.711	-9.025
1.500000804e12	6.525	-9.143	3.053	4.147	-5.469	5.155	-8.693	3.796	-7.39
1.500000805e12	3.663	8.707	3.993	-3.011	7.224	-3.97	-5.076	1.392	7.98
1.500000806e12	-0.4114	6.682	7.159	-2.255	9.662	1.176	-0.5493	-0.7971	6.459
1.500000807e12	1.522	5.557	-0.9497	1.733	4.877	-3.944	-3.317	9.021	5.168
1.500000808e12	9.088	9.263	5.521	1.146	-8.531	-1.486	3.101	-9.342	-2.893
1.500000809e12	7.244	6.429	6.215	-4.254	-7.955	-7.321	7.064	-6.937	-3.53
1.50000081e12	2.113	0.2209	7.496	-4.44	5.973	9.714	1.453	-0.8044	-5.226
1.500000811e12	-5.17	8.425	7.711	-5.074	-1.438	7.251	4.161	-0.5383	-4.718
1.500000812e12	-7.572	-8.099	7.614	9.722	8.53	-2.866	3.274	4.731	-6.667
1.500000813e12	-5.322	1.661	8.453	8.522	-0.7471	1.832	-1.096	-0.1306	0.9216
1.500000814e12	7.78	-4.784	3.768	-3.805	-1.155	8.907	-2.472	0.918	4.683
1.500000815e12	-4.041	-2.517	4.263	-9.43	-4.948	-0.1233	4.655	0.8691	9.973
1.500000816e12	7.814	3.596	7.549	-3.964	-7.633	-7.814	-7.333	9.431	3.057
1.500000817e12	2.838	-0.5383	3.55	7.483	-2.784	6.217	8.66	-8.306	-7.753
1.500000818e12	8.127	-0.4858	-3.099	-5.729	-4.332	1.348	-5.491	-9.148	0.8557
1.500000819e12	9.379	4.585	9.343	3.633	-6.693	1.497	-8.218	0.7214	-0.1672
1.50000082e12	-9.171	-1.335	2.513	-9.541	9.553	6.561	9.659	-5.994	0.5737
1.500000821e12	-8.268	-7.314	-4.335	3.467	-6.624	7.937	3.148	6.388	-7.262
1.500000822e12	3.319	-2.322	3.837	1.333	5.721	2.489	-3.334	3.578	-9.452
1.500000823e12	1.887	3.744	-9.156	-5.669	1.285	-5.204	-8.501	-0.5518	-5.254
1.500000824e12	-4.897	-7.267	-1.735	-6.188	2.78	4.18	7.675	8.043	2.206
1.500000825e12	3.907	8.741	-8.373	7.578	-2.692	-4.94	-4.254	-1.146	-8.676
1.500000826e12	5.332	4.321	-8.855	0.4248	-7.051	-1.155	5.328	9.945	1.366
1.500000827e12	-5.308	7.025	2.004	0.47	-2.99	3.059	7.454	-9.818	8.662
1.500000828e12	6.709	-8.146	7.834	2.692	-0.2332	-8.182	8.488	-9.844	-5.768
1.500000829e12	-7.736	-4.014	0.3247	2.546	-6.849	-1.592	-4.762	1.404	1.245
1.50000083e12	-1.903	4.116	3.369	7.827	-3.575	2.766	8.472	0.238	5.034
1.500000831e12	-5.493	-2.068	4.154	-7.687	-5.845	6.897	-9.679	-4.427	8.608
1.500000832e12	5.958	-4.418	-6.274	-3.298	1.713	-2.607	6.25	8.25	-9.912
1.500000833e12	-3.203	4.249	-5.47	2.997	-0.9546	-6.781	-4.006	1.525	-8.463
1.500000834e12	-6.162	0.304	-7.372	9.791	4.21	-2.529	2.717	-7.506	4.89
1.500000835e12	7.754	1.62	-8.583	-8.567	-9.469	-5.369	3.126	-5.593	4.186
1.500000836e12	5.441	3.639	8.722	8.629	0.2722	-5.254	-5.219	-7.258	3.506
1.500000837e12	-0.863	2.679	7.238	-7.667	-8.68	1.031	0.8484	4.243	8.988
1.500000838e12	-8.35	4.025	-2.924	0.5249	-1.633	-3.346	-6.472	7.797	9.115
1.500000839e12	9.272	-0.6006	-1.754	5.84	-1.409	5.803	-6.776	-1.807	-1.707
1.50000084e12	5.072	-5.106	3.939	-5.098	-6.832	2.502	5.522	-2.18	7.748
1.500000841e12	2.815	1.226	2.885	6.042	7.372	5.442	-7.615	7.07	-9.42
1.500000842e12	-1.732	-7.388	1.744	-5.642	-8.898	-8.146	1.5	-9.092	-3.511
1.500000843e12	-4.065	-1.841	-3.604	5.608	1.414	4.771	-2.158	4.911	-8.633
1.500000844e12	-8.943	-6.914	2.052	2.986	2.968	4.202	4.498	5.715	-1.51
1.500000845e12	-5.892	-5.022	-6.017	0.1123	-4.263	4.911	-3.069	5.267	-3.506
1.500000846e12	9.996	6.061	-5.21	0.03662	-2.649	-4.242	-5.181	3.099	-5.868
1.500000847e12	-4.852	-2.727	-1.229	-2.378	4.236	0.04517	8.715	-7.742	-1.954
1.500000848e12	1.804	-1.014	0.3076	-1.041	-4.204	-9.558	-8.063	5.785	-3.203
1.500000849e12	5.305	6.885	-3.822	-3.979	-2.185	9.785	-4.26	9.156	5.771
1.50000085e12	7.401	7.957	3.621	-8.739	-8.647	-9.078	5.923	-7.362	4.57
1.500000851e12	-3.872	6.216	-3.676	-4.178	-1.432	-4.22	3.887	-4.825	-9.149
1.500000852e12	-0.7959	7.24	-6.024	-4.617	1.233	6.967	-6.791	5.704	9.042
1.500000853e12	7.529	6.536	-8.866	-9.31	6.049	-8.962	-1.273	-6.891	-4.418
1.500000854e12	-5.918	-7.744	-2.997	6.88	3.029	-3.302	6.927	1.681	-3.191
1.500000855e12	0.7739	-8.505	5.092	0.4749	-6.399	-5.803	-4.463	0.1428	-4.056
1.500000856e12	4.882	-7.806	-4.559	-8.414	6.548	6.222	-3.508	-3.217	8.801
1.500000857e12	-3.914	8.323	8.569	9.639	-7.263	-3.798	1.959	4.292	-1.003
1.500000858e12	3.607	5.569	2.633	5.585	7.947	7.365	-6.069	3.256	3.962
1.500000859e12	-1.846	3.668	0.78	-2.412	6.042	-4.619	-1.969	4.233	-2.13
1.50000086e12	-9.225	3.336	4.28	1.387	-5.317	-1.459	-9.678	9.197	6.88
1.500000861e12	6.438	5.583	5.173	-0.1794	-7.644	-8.102	5.492	-8.33	-0.2246
1.500000862e12	7.855	8.85	4.368	2.438	7.675	-2.991	-0.5066	1.112	0.3455
1.500000863e12	8.298	5.24	-9.164	7.974	3.553	-3.014	-4.696	-0.3113	-1.132
1.500000864e12	-0.9082	-3.428	-9.127	8.663	-6.25	-1.249	-0.9009	-6.287	3.676
1.500000865e12	-8.954	2.767	5.551	0.6592	3.573	-4.705	1.086	3.37	3.334
1.500000866e12	-6.63	-3.717	8.495	-2.534	-6.396	-0.2063	7.584	7.932	8.334
1.500000867e12	-4.478	7.766	-4.907	7.399	-0.7581	-0.2795	2.504	-4.691	-4.276
1.500000868e12	3.433	-9.327	6.094	9.387	9.946	2.242	7.333	4.685	-2.751
1.500000869e12	4.442	0.1917	-0.003662	4.586	-8.156	-6.486	9.247	-1.805	-0.2209
1.50000087e12	-2.545	0.4041	-0.3308	7.815	8.519	-7.55	-3.429	-4.012	-1.711
1.500000871e12	-6.794	0.3943	0.1648	0.719	2.823	-3.579	9.613	-3.547	2.052
1.500000872e12	1.896	4.028	-6.965	3.911	2.471	-0.6921	9.873	-1.471	5.648
1.500000873e12	0.1135	-0.5017	9.421	-1.315	-3.971	3.032	-1.843	5.697	-6.227
1.500000874e12	-8.481	-8.23	0.8752	8.525	4.39	2.446	2.047	6.765	-5.022
1.500000875e12	-1.392	-1.252	-0.5176	-4.576	-7.36	7.494	-5.837	8.898	3.42
1.500000876e12	-3.066	3.9	0.2844	-5.668	1.278	-0.8838	8.608	1.426	-0.006104
1.500000877e12	4.42	-3.927	4.655	-7.043	-4.972	1.825	-2.589	3.097	2.866
1.500000878e12	4.772	0.481	-7.654	5.061	6.327	-8.796	7.661	7.377	-5.594
1.500000879e12	-9.355	0.26	-3.207	-3.578	2.112	-7.999	4.125	-7.018	0.448
1.50000088e12	-5.187	0.3503	1.337	-6.108	9.48	-3.35	7.263	-9.918	-8.215
1.500000881e12	-8.925	3.096	7.667	-0.8496	9.716	5.375	-3.765	-7.656	4.309
1.500000882e12	9.058	8.038	-7.966	3.464	-5.806	-4.127	9.573	4.434	-4.695
1.500000883e12	-6.189	1.874	2.02	1.71	-5.288	-8.807	1.481	4.617	-7.582
1.500000884e12	2.991	-6.196	6.919	1.918	0.9619	-9.535	-0.6189	2.736	-0.4346
1.500000885e12	-6.227	0.8972	-8.755	0.5054	-8.232	-3.328	4.344	1.437	8.492
1.500000886e12	-4.999	0.6641	-3.092	2.893	-7.499	-6.1	7.787	5.465	6.411
1.500000887e12	4.641	-1.195	-4.185	6.666	5.187	-5.62	-5.653	5.352	8.129
1.500000888e12	-7.084	3.239	-9.702	-9.791	1.177	2.494	9.376	4.406	7.649
1.500000889e12	0.1794	7.57	3.942	4.978	2.278	1.26	4.825	-3.401	9.364
1.50000089e12	-1.984	-4.235	-3.339	4.066	-4.509	5.542	-3.561	7.767	-0.6152
1.500000891e12	-9.24	-9.944	7.302	6.188	5.112	-5.214	-9.086	-9.988	9.188
1.500000892e12	-7.823	6.885	-6.876	-3.551	-3.854	-7.487	5.969	-8.289	5.166
1.500000893e12	-2.535	4.34	4.822	-3.857	-4.407	7.483	9.448	2.408	8.61
1.500000894e12	-0.04517	0.06592	1.034	-5.659	0.6091	-6.76	-5.352	-2.635	1.326
1.500000895e12	-0.8374	-8.512	-8.749	-1.29	-9.176	-0.7373	6.187	6.221	-5.607
1.500000896e12	7.66	-6.073	-9.18	-3.602	1.598	1.51	2.837	-9.178	-5.858
1.500000897e12	-3.623	-7.831	3.79	8.073	-9.977	-2.294	-6.935	-2.698	7.203
1.500000898e12	-1.011	-5.999	-1.667	-4.325	0.293	0.9766	-1.244	-4.264	3.473
1.500000899e12	-0.8728	2.007	-9.073	-7.826	0.2576	-6.202	6.	2.495	-1.085
1.5000009e12	7.34	8.21	-8.088	-1.322	6.469	0.6958	0.9558	9.187	-6.697
1.500000901e12	-5.417	-6.469	5.303	7.076	-4.509	4.74	8.601	9.07	-6.415
1.500000902e12	5.78	7.537	1.682	6.968	2.838	-5.363	0.658	-8.453	9.067
1.500000903e12	-0.08057	-1.237	-1.575	6.393	7.506	-0.1501	4.569	8.096	-1.656
1.500000904e12	9.847	-4.625	-4.625	9.287	8.085	6.132	-6.901	-0.5579	0.8752
1.500000905e12	3.888	-3.922	7.534	8.358	8.519	2.206	-8.303	7.123	-7.579
1.500000906e12	-4.895	5.913	-5.714	-9.429	-0.26	9.855	5.588	-5.479	-4.68
1.500000907e12	-7.02	5.64	-0.3076	4.462	-2.194	8.672	2.535	-2.417	-3.613
1.500000908e12	-6.694	5.353	-5.817	7.773	3.405	5.347	-5.867	-2.389	-8.855
1.500000909e12	-6.931	9.728	-7.498	-1.893	-9.705	8.105	6.602	-1.665	2.43
1.50000091e12	-7.482	0.6287	-7.374	9.579	-3.591	5.342	-8.452	-6.495	-0.6775
1.500000911e12	0.896	7.649	-0.01831	-8.766	-0.6287	9.661	-5.555	-5.171	-1.862
1.500000912e12	-7.312	9.077	6.737	8.212	-2.421	-2.216	-3.777	3.453	-6.709
1.500000913e12	1.473	8.673	-7.328	7.594	9.409	-7.566	9.028	-7.349	9.592
1.500000914e12	0.166	0.9302	-0.3992	-7.8	7.344	-2.941	6.144	2.461	-0.8582
1.500000915e12	-0.01343	-5.436	0.6897	8.561	-7.97	9.828	6.636	2.968	7.717
1.500000916e12	-6.62	0.9375	-3.602	4.229	-3.169	6.473	-4.077	4.808	4.021
1.500000917e12	-6.802	2.312	8.286	4.374	-6.372	0.6067	-8.483	4.705	-9.937
1.500000918e12	0.6152	3.673	-0.9802	6.709	-6.421	-1.553	8.512	-6.18	5.505
1.500000919e12	7.445	0.8081	-9.318	7.328	8.411	1.877	5.519	-3.313	6.113
1.50000092e12	-3.192	1.189	6.764	8.273	-5.283	5.897	0.8618	-5.269	-7.944
1.500000921e12	-2.617	-7.184	8.907	-4.846	6.357	1.047	-2.333	7.838	-2.334
1.500000922e12	8.661	2.004	-8.497	1.012	-8.199	-3.143	7.303	-8.687	-5.776
1.500000923e12	-6.328	-0.5652	-9.733	6.257	-1.598	-6.057	7.151	5.671	-8.469
1.500000924e12	-6.302	-3.757	0.8496	-9.272	-6.694	-1.797	-7.961	3.098	-6.624
1.500000925e12	-0.509	-8.016	-6.046	-2.798	6.656	5.518	9.243	8.76	9.729
1.500000926e12	-1.475	2.379	9.689	3.416	-5.12	-9.307	-2.673	8.367	-3.649
1.500000927e12	-3.201	4.283	0.2197	-2.812	-7.057	0.4517	7.621	3.075	2.523
1.500000928e12	4.238	8.715	-7.935	7.811	9.143	-7.427	-3.912	0.863	2.567
1.500000929e12	3.373	-8.068	8.202	5.082	0.376	2.726	3.898	-5.024	5.126
1.50000093e12	6.843	6.624	0.03662	1.329	8.492	-1.949	-0.5432	1.046	6.627
1.500000931e12	4.409	-3.082	4.738	3.972	-1.16	2.313	1.924	-7.872	4.841
1.500000932e12	2.032	-1.204	6.257	3.571	-4.873	-5.459	4.822	-8.264	-8.223
1.500000933e12	-5.385	3.16	0.1538	0.05981	5.28	0.8679	0.5554	-5.024	0.1111
1.500000934e12	-8.225	0.03418	-4.314	-6.473	3.058	-5.208	3.884	-4.481	-2.308
1.500000935e12	-0.155	6.398	-8.663	8.429	-8.611	-2.731	5.741	0.1245	2.87
1.500000936e12	7.772	-8.308	4.264	-6.827	8.347	-5.571	1.211	7.46	9.209
1.500000937e12	3.027	3.369	3.741	-5.337	7.034	-8.214	1.805	0.6689	-1.414
1.500000938e12	7.129	2.184	-8.28	6.15	3.949	6.105	-6.411	-4.518	-5.752
1.500000939e12	6.106	-6.714	8.246	-0.7471	-2.347	-7.571	-5.702	2.534	3.354
1.50000094e12	6.216	-0.5566	-4.243	-3.08	2.894	5.33	4.42	2.595	4.03
1.500000941e12	-8.925	6.687	-5.573	-7.831	3.13	-0.1782	-8.735	-6.23	-1.372
1.500000942e12	-6.545	3.843	-0.5444	6.603	9.384	-6.117	6.743	5.71	9.507
1.500000943e12	0.6494	-3.688	-4.064	-1.006	-8.496	6.622	7.886	-5.78	-0.9521
1.500000944e12	-9.746	3.079	-2.968	-6.692	-4.645	1.517	-5.36	4.127	-5.729
1.500000945e12	-4.324	-7.637	-3.495	-4.688	7.506	4.473	7.598	3.081	-2.031
1.500000946e12	-8.151	-4.872	-7.466	-4.845	-6.824	-4.913	-5.287	-1.316	-2.128
1.500000947e12	-8.489	7.476	-6.938	2.5	-1.479	-5.696	-2.336	-6.042	-1.051
1.500000948e12	2.52	-7.609	5.321	8.55	9.384	3.436	1.082	-8.872	4.144
1.500000949e12	-9.366	-4.445	-2.808	1.196	-7.635	4.712	-8.335	-9.993	-1.158
1.50000095e12	-7.192	8.118	9.25	-0.2161	9.747	-8.043	-0.9949	-0.9058	-5.266
1.500000951e12	-8.287	-5.658	-3.427	2.44	-8.445	-1.254	6.053	-3.373	-0.5762
1.500000952e12	-8.961	-4.353	-4.814	1.315	-3.17	-5.491	6.122	-0.5298	6.115
1.500000953e12	-1.522	-2.349	9.473	6.359	-2.513	6.742	-8.373	7.501	2.137
1.500000954e12	9.59	-8.827	7.034	6.957	0.9009	9.509	6.426	-2.435	6.448
1.500000955e12	5.645	4.897	5.735	6.614	-4.291	-5.07	0.3748	-2.573	2.175
1.500000956e12	9.358	-0.7935	6.108	-0.1831	-7.554	0.9045	8.073	-2.654	4.407
1.500000957e12	-2.629	1.804	-9.318	5.074	3.077	-0.7019	-5.471	-7.607	0.6848
1.500000958e12	-2.043	2.255	3.109	-1.042	1.378	3.459	5.63	-3.157	-2.493
1.500000959e12	-0.01953	3.196	-8.447	-6.304	3.881	7.92	6.382	-9.083	7.095
1.50000096e12	-8.464	-1.881	8.032	7.455	8.682	-7.537	5.825	-7.625	3.031
1.500000961e12	-4.63	-7.172	8.914	-5.054	3.708	5.133	6.427	6.451	-3.649
1.500000962e12	-2.83	0.7996	0.9155	-5.043	4.152	-3.621	0.01343	-2.273	7.985
1.500000963e12	-3.585	5.148	6.729	3.527	8.291	7.92	9.882	7.074	8.152
1.500000964e12	-6.222	-0.7874	1.155	8.198	-0.4468	0.6873	9.025	7.241	8.822
1.500000965e12	-3.485	8.743	9.945	2.499	-8.667	0.006104	-0.1526	0.6873	-4.93
1.500000966e12	-0.896	0.8191	-5.959	9.879	9.221	-1.729	-8.938	-6.995	6.318
1.500000967e12	0.7825	-9.438	1.844	2.833	-5.049	7.339	-9.243	-2.848	6.476
1.500000968e12	4.597	-9.979	-6.361	8.931	4.431	-6.41	-5.127	-3.911	4.669
1.500000969e12	3.225	3.054	-0.08545	-0.6934	-8.928	-5.087	-4.539	0.7214	9.618
1.50000097e12	6.517	9.316	-0.2722	8.879	2.631	4.172	8.468	-4.941	-2.073
1.500000971e12	9.944	-3.694	-6.312	-9.198	3.887	-8.672	9.365	-9.952	1.528
1.500000972e12	5.239	7.524	-3.152	8.749	-7.263	0.7629	5.925	-3.141	-8.685
1.500000973e12	-4.459	3.573	0.8557	3.734	7.153	-7.899	2.339	7.264	8.164
1.500000974e12	3.265	3.518	8.599	-5.421	-2.198	-5.737	-7.156	3.552	0.6946
1.500000975e12	-6.591	-5.443	7.15	-6.605	-8.929	-1.359	-3.744	7.084	8.438
1.500000976e12	0.6775	-0.2429	-8.024	-3.225	7.209	-9.183	1.663	-2.343	7.318
1.500000977e12	2.157	4.922	-2.423	1.35	-4.613	0.1013	7.986	7.373	6.765
1.500000978e12	4.193	6.879	-1.678	-0.1428	-4.553	5.129	9.703	-3.505	-4.598
1.500000979e12	0.5786	-4.878	-8.632	4.333	-7.49	-7.666	4.894	5.463	1.536
1.50000098e12	-0.2856	8.625	6.836	4.276	-2.278	-0.4016	3.757	9.619	-8.602
1.500000981e12	-3.608	3.354	0.4675	-5.28	6.803	8.696	8.064	2.527	-9.381
1.500000982e12	2.33	1.953	-6.174	8.76	4.177	8.773	5.798	-6.151	-0.553
1.500000983e12	9.824	4.862	5.844	-3.807	-1.392	-4.141	5.999	-2.664	-6.937
1.500000984e12	3.787	-3.148	-2.246	4.862	7.45	-4.463	3.973	-2.218	-6.981
1.500000985e12	5.876	9.29	-4.243	4.74	-3.32	-9.277	-5.927	-8.506	-8.804
1.500000986e12	8.545	-4.808	-9.064	-3.221	-0.4993	7.538	-8.669	5.684	6.869
1.500000987e12	7.479	-3.741	-4.2	-2.988	-2.229	5.171	-1.582	-9.158	-4.874
1.500000988e12	6.854	-0.5188	5.16	-8.876	7.391	-7.469	-1.869	0.5774	6.042
1.500000989e12	-0.8411	7.657	-0.4895	-4.398	-3.531	-2.684	8.684	-6.433	-9.388
1.50000099e12	-5.771	2.715	-1.909	0.7239	-1.34	-0.9802	7.091	7.703	-3.688
1.500000991e12	-3.33	-2.703	7.283	-7.098	0.7129	7.935	-0.1819	2.037	6.769
1.500000992e12	-1.385	-1.053	-5.272	6.621	-4.53	-1.228	1.156	-4.343	4.42
1.500000993e12	6.337	-3.318	-4.525	-3.359	-1.898	0.6995	1.89	5.791	-8.774
1.500000994e12	-0.08789	7.374	-5.535	1.342	-2.43	1.812	0.07324	-7.909	-8.662
1.500000995e12	9.188	2.246	4.606	2.611	4.247	-4.335	3.214	5.748	-6.647
1.500000996e12	-5.278	-0.918	-6.498	-2.374	5.765	-8.417	-1.541	7.501	1.968
1.500000997e12	9.893	-9.092	-3.041	-3.405	0.7288	2.388	-1.849	5.568	7.03
1.500000998e12	-2.875	-5.562	-5.126	5.076	-1.525	4.294	-5.714	-4.771	3.998
1.500000999e12	9.115	2.515	7.126	4.813	-8.778	1.504	8.12	4.059	6.281
1.500001e12	-3.004	7.7	8.156	-6.354	-5.548	-7.456	-4.489	-7.947	-5.247
1.500001001e12	-0.3699	3.239	6.638	8.596	-7.178	9.093	3.988	0.6177	1.956
1.500001002e12	5.89	2.915	-5.392	1.79	4.421	9.89	8.844	0.7129	-1.514
1.500001003e12	9.906	7.642	-7.095	6.833	6.821	-9.669	-0.4285	1.997	-6.171
1.500001004e12	-9.138	7.526	-4.225	-5.177	6.931	7.31	5.916	6.239	-3.282
1.500001005e12	-1.067	-8.312	-2.328	-0.9033	0.2747	4.502	-3.978	5.347	-6.829
1.500001006e12	-2.384	2.081	5.077	3.201	-6.76	0.4065	8.408	-9.969	2.35
1.500001007e12	6.222	8.37	-2.312	-0.7446	-5.582	-8.531	-2.596	-5.297	8.998
1.500001008e12	0.5176	4.713	-6.085	-3.199	9.562	2.648	3.04	1.337	-0.1379
1.500001009e12	-0.8044	-4.929	-0.004883	0.3052	-6.528	-7.178	2.452	-7.793	-3.156
1.50000101e12	9.27	-2.484	-1.375	-7.858	-8.921	6.6	-1.753	-6.962	6.562
1.500001011e12	9.53	1.853	0.3589	3.773	-5.848	-0.5212	6.595	6.431	-0.5737
1.500001012e12	-0.1074	-3.611	-4.65	6.824	2.766	-1.991	-3.961	0.3796	-3.091
1.500001013e12	-9.941	-5.28	-2.279	-5.337	-6.261	8.049	2.865	-0.5811	2.106
1.500001014e12	-8.099	-8.485	4.85	9.001	1.539	3.823	7.286	-6.808	-8.883
1.500001015e12	0.4028	4.786	-8.466	-7.853	-0.3943	9.617	7.131	9.335	-4.222
1.500001016e12	-0.3687	-3.51	6.663	1.604	0.4944	9.666	-9.227	-2.653	-4.648
1.500001017e12	3.483	2.081	-4.666	1.162	7.423	-9.736	8.293	6.807	2.167
1.500001018e12	-2.654	5.964	-4.507	7.518	-0.7544	-2.772	2.762	-8.239	-2.083
1.500001019e12	-0.7556	-9.464	4.294	7.681	3.027	-9.572	-6.235	-1.654	-7.633
1.50000102e12	2.277	-2.902	-4.431	-0.5615	-6.079	-6.825	3.223	-6.985	-0.2441
1.500001021e12	3.335	-6.876	6.211	-3.595	9.246	4.999	5.179	6.202	4.951
1.500001022e12	-8.577	6.466	2.372	2.034	6.775	6.692	9.579	-9.847	-1.222
1.500001023e12	4.301	8.636	-7.964	3.922	7.659	7.26	-6.006	6.565	9.935
1.500001024e12	-9.471	1.45	9.922	-5.906	4.541	-7.515	-4.524	-1.492	5.483
1.500001025e12	6.375	2.78	-2.478	9.415	3.989	-2.34	-6.846	-5.51	0.1001
1.500001026e12	-4.692	6.44	9.248	-1.993	1.534	-7.119	-9.288	2.032	-9.797
1.500001027e12	-7.551	0.5884	7.402	7.881	5.188	7.351	9.215	6.45	9.535
1.500001028e12	2.582	8.601	3.729	-0.4431	-6.187	5.601	-5.487	6.853	-4.6
1.500001029e12	-1.292	4.846	-7.535	7.039	-1.859	1.224	7.866	4.39	4.889
1.50000103e12	2.679	2.266	1.075	5.588	1.76	-4.192	9.883	-0.9802	5.032
1.500001031e12	-3.588	-2.925	6.331	-5.814	7.086	-4.561	-1.875	-8.708	2.102
1.500001032e12	8.586	5.181	-7.86	9.043	6.984	-0.564	-5.658	8.145	-6.963
1.500001033e12	-3.4	-3.409	-2.799	7.018	0.1917	9.282	-9.331	5.524	-0.006104
1.500001034e12	-2.95	2.789	-0.3479	9.117	-6.013	5.618	-8.287	-3.093	3.184
1.500001035e12	-8.787	-4.575	-4.83	-8.353	6.653	4.159	5.205	5.859	-0.6641
1.500001036e12	-4.347	-9.055	-4.865	2.654	-8.995	5.599	-2.509	-8.453	-1.147
1.500001037e12	-1.924	-3.817	8.044	-2.026	-4.271	6.946	-2.236	7.467	3.024
1.500001038e12	-9.274	-3.315	-5.211	-2.739	9.796	-7.882	8.611	-5.157	2.889
1.500001039e12	-0.6995	5.385	7.582	4.202	-3.136	4.211	-3.335	2.877	2.365
1.50000104e12	8.594	-5.457	-6.754	-2.031	-5.228	7.292	7.296	-1.007	-1.755
1.500001041e12	-7.123	-3.12	-3.657	6.438	0.1099	-5.801	9.749	-2.913	4.501
1.500001042e12	2.709	1.7	2.098	-1.7	1.597	0.6201	-2.749	5.416	-3.431
1.500001043e12	-5.524	0.7886	-4.003	2.036	6.097	-4.969	-9.633	0.3113	-8.035
1.500001044e12	9.236	-9.083	7.672	-0.6262	9.598	5.869	8.713	6.87	-3.713
1.500001045e12	-8.008	-2.679	9.437	1.921	-9.236	5.164	-4.683	9.175	-4.243
1.500001046e12	3.827	-5.332	-8.149	-4.454	8.997	4.857	0.3931	7.867	1.846
1.500001047e12	5.604	0.5945	6.311	4.941	-6.001	3.597	-0.3772	1.736	-6.302
1.500001048e12	4.874	-0.3833	-0.6506	4.888	-6.985	9.034	1.151	3.726	-3.281
1.500001049e12	0.8887	-4.393	-1.003	9.247	-4.027	-9.679	-9.325	4.841	-1.3
1.50000105e12	-6.162	6.53	2.094	-1.337	4.927	4.288	3.105	8.856	-6.547
1.500001051e12	-9.043	-0.6738	5.885	8.643	4.049	5.299	-7.037	-5.76	-5.084
1.500001052e12	-1.565	-0.7812	-5.348	-5.977	-5.177	7.939	6.162	-3.538	-1.173
1.500001053e12	1.028	2.938	2.832	4.528	2.733	1.24	9.742	-6.149	1.387
1.500001054e12	-0.7288	9.287	4.279	5.065	8.859	7.139	-6.252	8.442	4.181
1.500001055e12	-2.959	-7.836	-2.9	4.825	-3.6	-1.431	-3.789	1.152	-5.12
1.500001056e12	-0.4578	4.08	7.085	-0.6909	5.953	5.686	-3.311	-7.881	4.667
1.500001057e12	-0.5225	1.959	-8.621	6.544	-8.767	-3.903	9.709	-6.171	-1.76
1.500001058e12	8.926	-5.502	-6.498	-4.7	-5.19	-0.5981	-1.953	5.391	9.238
1.500001059e12	-4.534	9.547	-3.694	-7.516	-7.496	8.11	5.795	1.866	0.5969
1.50000106e12	-0.686	-2.177	-4.047	0.8337	3.517	-5.726	-6.52	4.916	-7.742
1.500001061e12	7.925	6.113	0.4883	-8.765	-6.042	3.073	-6.938	1.154	1.061
1.500001062e12	-5.441	-2.423	-6.379	0.8032	1.936	-9.55	4.913	-0.1489	-7.54
1.500001063e12	-8.367	1.99	4.703	-1.99	-7.988	-4.539	-5.093	7.635	-4.872
1.500001064e12	-1.697	0.02319	3.888	9.69	-9.066	-1.27	2.391	-5.262	7.865
1.500001065e12	-2.482	5.88	5.212	-4.829	6.345	3.292	8.708	-3.58	8.373
1.500001066e12	-1.049	-8.668	0.7593	-9.662	6.295	-6.324	-6.06	-8.811	-8.597
1.500001067e12	-5.122	2.426	3.6	-2.14	8.033	4.235	4.915	-6.687	-3.623
1.500001068e12	5.309	-5.684	-5.214	-0.9058	4.797	-6.852	-8.999	-6.324	-8.944
1.500001069e12	9.932	-4.874	-8.914	9.186	9.524	1.722	1.682	7.429	3.593
1.50000107e12	-6.86	2.445	7.231	1.061	-6.068	-7.559	-1.667	8.071	-4.57
1.500001071e12	7.238	9.506	7.646	8.318	7.517	-5.872	3.09	3.909	4.036
1.500001072e12	0.7788	6.724	-2.008	-3.573	7.083	-2.759	4.086	4.351	8.495
1.500001073e12	1.195	-7.302	-5.369	0.4395	-0.426	5.731	3.619	2.739	5.507
1.500001074e12	-3.434	2.629	1.149	6.49	-7.965	3.318	-4.733	-1.541	-0.9985
1.500001075e12	-7.886	-8.589	-5.46	5.939	7.386	4.412	0.3833	3.632	-1.469
1.500001076e12	-6.215	-0.365	-7.869	-9.384	6.859	-2.714	4.412	0.1746	3.243
1.500001077e12	-0.08789	-2.327	-0.9021	-6.766	9.495	-0.9863	-3.351	-1.475	0.5872
1.500001078e12	9.788	-1.764	-0.4456	2.218	-2.064	-7.81	2.189	4.122	5.664
1.500001079e12	5.251	-4.033	6.498	-1.428	-8.055	-7.601	-4.286	2.234	4.163
1.50000108e12	2.227	3.865	7.798	-1.227	-7.57	7.343	-3.667	5.206	-3.575
1.500001081e12	-4.05	0.1062	-2.997	-3.423	3.583	-9.009	9.695	0.5127	-2.82
1.500001082e12	-0.73	7.335	7.686	-0.73	-4.929	2.899	0.8801	-0.7581	-7.308
1.500001083e12	6.354	6.785	2.959	-8.911	3.518	-8.948	-0.6689	8.021	-9.801
1.500001084e12	9.832	-0.387	0.2625	0.5896	8.771	3.146	-1.508	7.616	6.802
1.500001085e12	-3.242	7.344	0.1514	-2.816	1.345	-4.132	3.252	-9.7	-9.927
1.500001086e12	8.698	-5.254	-2.448	4.567	-2.538	-9.644	0.8813	7.675	-1.49
1.500001087e12	6.516	4.995	4.176	4.727	0.8447	-5.945	7.164	5.652	-9.773
1.500001088e12	0.9485	7.223	-2.416	3.381	8.916	-2.035	-6.812	4.841	-5.69
1.500001089e12	-9.016	-9.841	-8.26	2.915	0.7263	9.68	5.945	-5.698	4.032
1.50000109e12	8.838	-0.8423	3.849	6.703	-9.095	-5.496	-4.359	5.822	-6.953
1.500001091e12	8.545	9.412	-1.702	-3.519	4.01	-8.856	-8.708	-6.058	-4.791
1.500001092e12	0.8826	-3.894	-6.052	3.29	-0.2063	-7.394	-2.451	-4.304	7.528
1.500001093e12	-3.583	1.76	-5.051	4.966	-6.146	3.947	-1.42	2.732	-4.714
1.500001094e12	6.794	-3.95	-5.551	-3.285	-9.194	-1.185	-3.97	4.331	-3.21
1.500001095e12	8.995	-3.414	-7.278	1.094	2.708	9.91	4.272	0.7886	-6.677
1.500001096e12	4.277	-4.452	-3.301	1.512	-9.583	-4.568	-4.783	-8.417	-8.301
1.500001097e12	-9.229	2.981	-9.957	0.09399	-1.307	8.658	-7.621	9.374	1.754
1.500001098e12	-5.156	-5.826	-9.501	-7.783	9.235	4.679	-3.381	-5.729	-9.037
1.500001099e12	-5.007	8.108	-5.198	3.813	-0.08301	-2.019	-1.082	6.315	3.607
1.5000011e12	-9.263	9.48	-7.866	-2.859	7.494	1.073	8.228	-1.364	1.859
1.500001101e12	-6.282	9.519	-3.762	7.107	2.142	-7.419	-4.556	5.804	-3.655
1.500001102e12	-7.699	-6.354	-8.036	3.792	3.961	6.008	-0.4834	7.71	-5.131
1.500001103e12	-4.429	-1.726	-1.637	0.1636	-3.934	0.4126	3.065	-0.5261	5.73
1.500001104e12	-9.93	-8.916	-6.556	-8.623	6.669	-9.709	3.268	-7.791	2.754
1.500001105e12	-9.242	-7.588	-1.975	-8.962	-5.413	-1.785	3.85	2.	7.771
1.500001106e12	3.787	-6.824	-9.814	-3.992	-9.036	-1.075	6.46	9.583	-4.865
1.500001107e12	2.645	1.364	6.677	-7.312	-6.328	1.782	6.76	-1.539	1.86
1.500001108e12	-2.357	-9.355	1.03	-5.171	6.714	7.733	-7.551	6.907	9.131
1.500001109e12	-2.733	5.334	2.096	4.532	-0.05981	-1.917	6.102	-9.454	-6.406
1.50000111e12	-1.935	-3.567	4.792	-0.686	-6.077	8.369	0.9131	9.927	-2.601
1.500001111e12	-5.635	3.826	5.406	-8.383	3.832	-3.58	2.839	-0.5005	-8.09
1.500001112e12	7.117	6.289	8.536	5.331	-5.57	-1.443	0.5652	-8.984	-8.237
1.500001113e12	-1.343	6.595	9.384	-8.688	-7.566	-7.965	2.928	1.196	-4.537
1.500001114e12	8.911	4.675	-0.9558	5.657	-2.207	-3.593	-2.9	-3.361	2.872
1.500001115e12	3.844	-7.655	3.994	0.2185	-5.719	-1.42	-4.138	9.855	2.03
1.500001116e12	4.16	-2.068	2.531	-6.891	9.832	-3.507	-1.625	4.075	-3.723
1.500001117e12	5.504	2.501	6.196	1.411	6.837	8.246	2.34	9.75	4.592
1.500001118e12	4.247	-4.675	-2.723	-5.847	9.952	-9.525	-6.398	-2.908	-4.958
1.500001119e12	7.606	2.606	-1.343	-8.441	5.244	-0.02075	-2.152	-8.121	0.5859
1.50000112e12	5.044	9.001	5.262	4.581	3.256	-0.1355	7.311	-1.901	0.9387
1.500001121e12	-8.562	8.11	9.086	-5.552	-1.63	4.5	-1.035	3.274	-2.451
1.500001122e12	-0.4968	-9.768	-1.937	3.665	0.4285	-7.687	-1.062	-9.137	-9.202
1.500001123e12	-9.906	-9.572	-1.831	-2.722	5.67	3.168	-7.12	7.106	3.622
1.500001124e12	-8.596	5.208	0.7336	-3.276	4.362	4.994	-8.745	3.711	-7.826
1.500001125e12	8.846	-5.714	-7.804	-1.492	-0.1917	-8.75	-4.398	7.958	-7.118
1.500001126e12	-5.945	-0.4431	8.369	9.442	3.242	7.03	9.283	3.383	4.447
1.500001127e12	-4.634	2.487	7.158	-4.015	-9.658	8.247	-6.608	-1.757	9.678
1.500001128e12	-6.689	-2.927	7.516	-7.858	-1.499	-5.767	-5.426	-8.436	2.909
1.500001129e12	-9.26	0.3418	3.976	-6.262	6.798	9.384	1.938	6.039	-4.321
1.50000113e12	-3.129	-8.708	-7.245	1.022	-1.605	-1.228	-2.816	-1.481	2.396
1.500001131e12	-8.182	-9.99	7.933	3.225	-1.749	-6.484	8.003	3.076	-6.125
1.500001132e12	6.532	6.262	-3.77	-0.8069	-7.936	-0.1855	-6.603	-8.662	8.235
1.500001133e12	8.469	-5.508	8.368	0.09033	-0.459	9.467	7.159	6.067	-1.946
1.500001134e12	7.71	-7.883	-0.7593	2.34	-2.424	-5.132	-6.78	5.411	6.282
1.500001135e12	4.669	-4.044	-7.308	-5.419	9.648	-3.11	-6.001	-4.084	-5.959
1.500001136e12	1.829	-1.442	9.186	-8.082	-2.039	-0.2466	-1.842	4.155	-6.582
1.500001137e12	6.171	-8.459	0.3809	2.799	0.9143	-6.694	-1.411	8.352	2.036
1.500001138e12	2.96	1.449	-0.177	-9.097	4.346	-1.484	4.23	3.834	9.692
1.500001139e12	-5.168	-0.7422	5.255	4.36	1.847	-4.282	-7.661	-3.057	4.917
1.50000114e12	-1.978	3.35	-2.986	7.538	6.691	4.53	3.965	3.519	-3.522
1.500001141e12	-7.507	2.617	0.1697	7.402	1.298	-6.575	-4.651	-6.053	3.759
1.500001142e12	-3.922	5.237	-6.287	3.457	8.073	-1.244	4.216	6.074	-0.6787
1.500001143e12	-5.016	5.509	-0.01099	-1.121	-2.758	1.306	6.65	-0.9668	-0.5798
1.500001144e12	-5.752	7.048	-6.882	7.769	-3.339	9.933	-3.009	-8.037	0.3113
1.500001145e12	3.733	-5.034	7.137	-9.139	-2.28	2.865	6.802	-4.375	2.963
1.500001146e12	-9.376	-5.679	-3.962	-5.774	4.865	0.293	0.8313	-5.68	6.753
1.500001147e12	-5.482	-3.678	2.97	2.52	3.767	9.441	9.388	0.1819	-4.984
1.500001148e12	-1.122	7.008	-7.266	1.61	-0.5945	-2.618	5.519	-6.387	9.818
1.500001149e12	-3.467	3.927	-5.56	-7.283	8.815	0.1733	1.18	3.831	-0.3748
1.50000115e12	7.947	5.536	-8.943	-1.255	7.3	8.529	-6.962	7.316	8.801
1.500001151e12	5.69	7.13	-4.302	-2.574	4.69	-0.127	-4.575	-9.872	-1.549
1.500001152e12	0.2295	-7.877	4.854	6.382	5.959	-4.325	-7.704	5.389	-1.237
1.500001153e12	-1.664	-1.028	-8.612	-6.512	4.606	7.856	-4.542	-5.361	0.9033
1.500001154e12	8.228	-5.844	5.563	9.513	-9.113	-1.869	8.47	-4.893	-9.502
1.500001155e12	-4.271	0.9119	-8.324	8.667	5.054	-7.039	-3.077	0.2661	-8.431
1.500001156e12	7.754	-4.575	-9.94	3.275	-1.185	-0.01099	7.001	9.224	3.611
1.500001157e12	4.918	-8.529	7.234	-5.515	9.95	-3.506	2.649	-3.799	6.674
1.500001158e12	-8.856	5.321	-4.697	-2.808	7.832	-4.148	0.4309	2.408	8.27
1.500001159e12	-1.326	9.432	8.386	9.623	-1.464	-5.305	5.948	9.548	2.899
1.50000116e12	-6.329	-7.572	5.311	-1.835	6.641	-4.564	0.8569	7.952	-9.286
1.500001161e12	6.868	1.691	-9.897	4.384	-9.191	-4.486	1.543	-2.676	4.851
1.500001162e12	4.229	1.562	5.906	-2.045	-1.531	-4.202	7.213	1.458	-2.645
1.500001163e12	7.888	5.514	-4.409	-0.9912	-8.442	-7.694	-2.676	-0.9167	0.271
1.500001164e12	-3.707	6.81	4.012	-3.429	0.9863	9.806	3.202	5.754	9.51
1.500001165e12	5.625	3.33	7.777	7.091	-9.927	-4.077	-9.596	-1.023	2.037
1.500001166e12	-0.4553	-0.2173	-8.773	3.347	1.703	1.96	2.506	-8.29	6.626
1.500001167e12	7.592	-7.094	-5.577	4.675	-7.817	-8.917	8.497	-5.26	-4.905
1.500001168e12	7.161	5.846	-0.7385	-7.898	9.457	1.879	0.8057	4.009	-0.5066
1.500001169e12	7.551	-7.322	-1.401	-1.602	-4.023	-5.454	-1.555	-4.224	-1.056
1.50000117e12	-6.09	-2.174	6.959	2.521	5.432	-1.812	4.353	1.115	3.826
1.500001171e12	-4.15	-9.504	-5.298	3.885	7.281	-0.3931	1.864	9.796	1.594
1.500001172e12	1.63	5.221	1.692	2.543	-3.473	4.044	3.287	8.339	-6.136
1.500001173e12	-9.329	0.6812	-3.879	-3.7	-9.404	-4.286	-2.657	-7.054	-1.493
1.500001174e12	-2.139	-4.07	-7.688	9.802	3.967	9.183	-8.859	-7.048	-6.083
1.500001175e12	-4.189	9.524	-9.058	-1.53	5.468	7.048	-5.996	8.324	1.095
1.500001176e12	-2.126	-1.984	-2.288	2.678	-8.22	-6.597	-2.09	-5.758	-8.281
1.500001177e12	-0.3076	9.067	2.828	-3.212	1.527	1.44	-7.092	-3.293	6.627
1.500001178e12	9.818	9.113	-5.133	-9.57	-2.885	4.651	-1.222	-6.719	1.733
1.500001179e12	-8.368	1.395	-2.518	1.213	9.882	-8.622	4.462	6.188	-7.816
1.50000118e12	-3.877	0.7605	0.7239	-5.856	-9.55	-5.903	-0.9729	3.059	6.49
1.500001181e12	-3.878	5.808	-6.188	8.289	9.952	8.271	7.896	1.093	6.713
1.500001182e12	2.896	-7.74	2.672	-1.863	7.008	0.07935	7.042	3.676	-0.8752
1.500001183e12	2.448	-3.052	-6.053	-8.025	5.332	-2.667	6.53	8.621	9.205
1.500001184e12	9.956	-4.855	8.579	1.616	-6.368	6.738	5.096	2.617	8.037
1.500001185e12	-7.19	4.464	4.785	2.156	9.734	7.953	8.015	-5.684	-6.609
1.500001186e12	-6.058	-5.688	6.24	2.77	5.685	6.599	-6.195	2.216	-5.089
1.500001187e12	4.526	0.07324	1.149	-0.5188	7.751	-5.669	-1.868	-5.486	4.935
1.500001188e12	-2.361	3.23	-6.45	1.301	1.89	-7.573	5.428	7.686	8.245
1.500001189e12	4.084	3.104	0.1855	7.767	4.62	-6.561	7.485	1.464	-7.572
1.50000119e12	5.493	1.466	-0.2832	0.2966	-9.15	-9.912	2.234	0.4041	4.347
1.500001191e12	-1.344	5.1	-6.531	4.146	5.465	-0.3357	-6.294	-8.823	2.715
1.500001192e12	-6.863	-3.367	9.833	9.177	-1.453	-1.516	9.11	9.104	-2.222
1.500001193e12	7.421	9.62	-0.874	1.373	-5.309	-1.093	0.5994	-6.083	0.863
1.500001194e12	-9.064	-6.466	7.347	6.097	2.738	8.707	5.173	0.6555	-7.507
1.500001195e12	0.5615	-5.311	-9.714	-2.584	-1.01	1.503	-0.1453	-6.084	7.793
1.500001196e12	7.516	-2.368	1.091	-9.242	-9.381	4.801	-3.787	-1.515	6.658
1.500001197e12	-4.025	0.2612	-8.787	7.982	3.452	4.653	5.894	7.334	-0.1807
1.500001198e12	9.381	-2.605	-9.67	-9.796	-5.54	-7.44	-1.462	-2.86	3.478
1.500001199e12	-7.406	-2.405	1.606	3.516	6.493	-5.188	-9.163	-9.207	-8.105
1.5000012e12	-1.415	-3.883	-6.062	-0.1074	-8.943	-1.572	1.864	-6.144	9.59
1.500001201e12	-6.13	-9.824	4.067	5.717	6.467	-1.743	-8.875	9.655	-3.661
1.500001202e12	0.592	-7.787	-0.02563	0.2429	9.628	7.83	-9.701	6.973	8.701
1.500001203e12	9.674	-2.007	-9.209	1.095	-6.626	3.619	-6.294	-8.145	8.344
1.500001204e12	-3.368	5.911	-2.271	5.31	4.74	-8.682	1.133	-3.326	6.874
1.500001205e12	2.058	1.176	9.167	1.707	-9.696	-6.646	-7.64	5.773	8.821
1.500001206e12	4.045	-5.763	6.744	-8.992	-2.067	-6.495	9.119	-3.296	-2.258
1.500001207e12	-3.484	7.356	-0.4541	3.053	0.7434	2.673	-7.313	-0.9473	-0.2307
1.500001208e12	3.551	-1.356	-6.206	-7.577	-0.7275	7.783	5.262	-3.403	-9.071
1.500001209e12	-0.5151	4.615	-9.744	-0.99	5.05	6.477	6.73	6.178	2.079
1.50000121e12	8.469	0.5884	1.785	-2.701	9.572	-6.205	2.729	0.7202	1.669
1.500001211e12	-6.923	1.656	-3.323	-7.838	-0.3625	-9.052	7.681	8.986	-5.254
1.500001212e12	8.68	-8.232	5.36	6.438	-7.153	0.2698	3.335	2.522	9.331
1.500001213e12	-6.613	8.003	8.596	-9.366	-2.018	4.734	2.504	9.504	-4.976
1.500001214e12	-2.072	3.186	-7.635	6.638	-8.536	-6.211	4.756	-3.701	8.679
1.500001215e12	-4.828	7.007	-1.672	7.749	-6.312	-0.03418	-5.836	0.06226	3.564
1.500001216e12	6.068	-1.555	5.085	4.946	-1.295	-3.629	7.693	-1.011	7.371
1.500001217e12	7.657	-1.439	-1.976	-6.948	3.607	0.6506	0.5212	-0.006104	7.257
1.500001218e12	-4.797	4.314	-4.343	1.938	-0.4504	-2.302	-9.364	-5.93	-7.723
1.500001219e12	-3.516	-1.754	-4.268	-4.564	5.802	-6.432	2.816	2.017	-6.735
1.50000122e12	-8.63	4.937	-9.834	1.345	-1.947	-3.602	2.123	-8.07	0.8557
1.500001221e12	-3.602	7.197	-8.	9.816	-7.092	-1.267	4.686	-3.186	1.726
1.500001222e12	-8.727	7.045	0.2417	-2.358	-6.206	-7.017	-7.391	2.363	-5.903
1.500001223e12	-9.187	2.239	-6.128	0.5127	8.203	0.4114	-7.577	-7.061	5.188
1.500001224e12	6.808	-1.492	-3.876	-1.788	-7.367	-9.618	9.821	7.378	2.788
1.500001225e12	3.03	-9.401	6.228	-1.514	2.268	-4.58	-3.553	-3.062	-8.898
1.500001226e12	-5.465	-9.386	-1.777	1.97	-3.206	-6.615	7.015	-4.727	-2.139
1.500001227e12	7.899	-7.5	7.064	5.71	0.9375	-3.036	2.394	-7.344	7.186
1.500001228e12	3.805	-8.652	-5.358	4.667	-1.969	-6.816	5.835	5.289	2.296
1.500001229e12	7.57	6.564	1.532	-8.7	-9.871	-8.352	7.264	-9.423	8.921
1.50000123e12	-7.128	1.373	-1.75	8.68	6.879	-4.506	8.083	-8.422	2.725
1.500001231e12	6.266	-0.3662	-1.559	2.595	-2.191	-1.71	-4.735	-7.452	3.485
1.500001232e12	6.836	-4.83	3.73	7.935	6.932	-8.48	3.113	-3.181	7.819
1.500001233e12	-5.873	-2.775	4.952	-6.215	-1.782	9.443	2.242	-0.321	-3.855
1.500001234e12	-5.762	-1.149	9.044	7.996	2.866	-5.734	-4.607	0.09644	-5.964
1.500001235e12	-9.07	-3.783	-1.372	-8.223	8.09	8.442	6.855	2.642	7.378
1.500001236e12	4.202	-0.1392	9.143	-1.464	0.8057	-1.262	-0.9131	8.91	4.884
1.500001237e12	5.165	4.369	7.516	-7.543	2.518	2.078	6.642	-6.437	2.408
1.500001238e12	5.043	-3.589	1.633	-2.325	-9.578	3.17	-2.972	4.5	-7.288
1.500001239e12	4.696	-3.795	-0.06104	-2.936	-4.821	-7.684	4.756	2.546	-4.755
1.50000124e12	-9.764	5.135	2.798	-6.376	3.458	-6.154	0.9631	-2.849	-2.501
1.500001241e12	-1.737	-9.164	2.677	-9.825	3.833	-1.171	9.441	-9.771	2.83
1.500001242e12	-2.391	9.559	8.502	9.852	-3.256	1.94	-7.406	2.438	-0.4272
1.500001243e12	-1.797	-2.877	5.58	-6.719	8.773	-1.2	-5.708	-7.977	-8.893
1.500001244e12	-0.9338	8.92	-4.585	-1.714	-3.684	-7.865	4.795	2.118	-2.882
1.500001245e12	-4.897	-1.785	5.41	-4.661	-2.816	-6.954	-5.635	-8.367	-3.181
1.500001246e12	0.8643	0.9851	-6.067	-3.618	-3.639	-7.469	-0.752	9.829	6.886
1.500001247e12	2.12	-0.719	-1.019	7.045	6.45	-8.871	-7.781	0.9717	4.149
1.500001248e12	-4.198	-0.4944	-5.007	-9.332	-2.261	-6.555	7.115	9.777	4.812
1.500001249e12	-4.674	-0.8337	2.953	5.186	-2.422	-7.324	-6.028	4.845	-4.934
1.50000125e12	6.42	6.826	8.562	-5.555	6.049	1.072	-1.837	-1.774	-0.2356
1.500001251e12	0.3479	-2.897	1.735	-9.829	0.03906	6.92	-0.9497	5.8	-0.1648
1.500001252e12	2.694	-1.558	8.003	-6.003	-3.926	-1.1	1.281	1.146	-1.749
1.500001253e12	9.974	-5.944	-9.633	6.895	6.962	-8.903	3.667	-5.747	1.692
1.500001254e12	-2.363	-9.52	-6.456	-9.854	0.752	8.826	-2.625	9.725	8.934
1.500001255e12	-9.614	-1.733	4.13	3.779	4.558	-4.978	-1.582	2.148	5.282
1.500001256e12	6.575	-7.097	6.804	8.308	-4.438	4.943	7.134	4.038	-5.543
1.500001257e12	1.37	8.567	0.1416	5.083	-7.521	-0.006104	-3.369	5.071	-9.419
1.500001258e12	4.701	8.577	3.568	2.197	-5.767	4.133	9.965	-7.883	-1.182
1.500001259e12	-3.604	-4.275	-3.837	7.227	0.3625	1.411	1.371	-8.878	-7.169
1.50000126e12	-5.105	-8.904	-0.3357	-0.5603	2.742	-3.794	-1.726	9.57	-9.796
1.500001261e12	-6.941	-7.512	-4.153	-5.27	-2.783	-5.233	0.1697	-0.9583	-4.921
1.500001262e12	-5.056	-4.016	8.472	8.085	7.531	-8.08	-2.75	-3.585	-3.956
1.500001263e12	3.623	-0.3577	6.42	6.625	0.03296	5.879	-7.446	-4.728	-2.716
1.500001264e12	2.478	4.016	8.24	7.981	1.259	-7.151	-2.295	-0.08057	-1.604
1.500001265e12	-7.887	-4.293	1.027	9.669	1.858	6.721	1.338	-9.641	0.04028
1.500001266e12	-7.034	5.945	4.078	-7.85	3.784	7.108	-1.737	-4.456	-1.718
1.500001267e12	4.572	-9.722	4.034	-9.131	-6.073	7.849	-2.108	6.71	9.37
1.500001268e12	4.043	-1.827	4.618	3.398	-8.856	4.111	-8.214	-2.067	-7.842
1.500001269e12	-3.771	-3.452	-3.875	-1.777	-7.061	8.895	5.983	1.976	-8.269
1.50000127e12	2.518	3.074	8.031	-5.12	-1.431	-2.697	-5.8	-5.317	-2.576
1.500001271e12	-4.683	3.019	0.448	-7.263	1.55	7.069	5.74	3.621	2.04
1.500001272e12	5.565	-0.3345	9.729	-3.766	-3.9	-2.815	-5.259	-9.991	-9.641
1.500001273e12	0.7446	-4.46	-7.089	7.203	-1.595	5.105	-3.398	-6.34	-7.971
1.500001274e12	8.568	3.452	3.066	5.585	-3.529	-2.412	1.362	3.104	-8.323
1.500001275e12	7.152	9.659	9.729	1.415	2.679	9.999	6.954	-4.854	-1.539
1.500001276e12	-7.902	7.113	-6.674	-4.818	-0.7666	-1.448	-2.911	9.271	4.541
1.500001277e12	1.407	9.822	-1.482	-1.141	-6.78	4.528	5.172	-2.037	-3.865
1.500001278e12	2.15	3.876	9.911	-4.578	9.124	-2.162	-3.671	2.043	7.56
1.500001279e12	5.203	1.191	-3.513	-4.62	-1.405	-6.593	4.943	6.509	1.6
1.50000128e12	-4.5	3.594	0.7495	-3.068	-8.239	-8.488	7.032	-6.343	-5.874
1.500001281e12	-2.297	-0.354	-8.969	-9.326	5.424	3.335	7.627	8.328	-5.898
1.500001282e12	-8.806	-3.567	4.285	2.997	-3.002	-5.455	9.33	0.7361	-1.715
1.500001283e12	7.748	2.584	-1.317	-7.987	-7.705	-2.968	-1.515	1.937	1.276
1.500001284e12	1.04	7.278	-9.978	-9.775	-5.83	5.708	6.403	-1.312	-9.852
1.500001285e12	9.088	-1.893	-2.61	1.351	8.871	8.464	8.842	-7.571	-0.06348
1.500001286e12	8.779	4.114	9.355	-5.828	1.221	-2.587	-2.981	-2.933	4.307
1.500001287e12	-0.8252	-6.2	-8.013	-4.954	-9.528	-2.223	4.667	-6.35	8.04
1.500001288e12	-2.566	0.7349	7.264	-5.756	-1.383	-9.889	3.639	-1.707	-7.211
1.500001289e12	-0.5457	-1.76	-7.372	2.665	0.5432	1.196	0.166	2.411	-8.068
1.50000129e12	-9.49	9.053	5.912	4.851	-8.593	9.158	5.92	8.351	8.87
1.500001291e12	-6.061	2.222	-0.6738	9.604	-5.472	3.184	-4.435	-7.581	9.578
1.500001292e12	-7.45	9.369	4.558	-3.269	-2.909	7.784	-9.205	-8.91	9.309
1.500001293e12	7.77	7.004	-2.834	0.7483	1.945	-5.786	-1.792	2.198	3.763
1.500001294e12	7.656	6.608	-3.856	0.1599	6.305	8.422	6.484	3.76	-7.834
1.500001295e12	1.997	-4.001	-0.6128	8.982	-2.004	-6.664	-4.308	-0.2466	9.561
1.500001296e12	-5.713	9.297	6.639	-1.27	1.541	-2.474	-9.801	-2.909	8.667
1.500001297e12	3.239	3.176	-9.877	-5.547	-5.538	-9.24	2.408	-5.251	-6.886
1.500001298e12	-3.694	-8.031	-5.155	-7.158	4.696	1.03	-4.485	9.409	9.518
1.500001299e12	0.3552	2.991	-3.176	4.944	6.908	4.087	-2.422	6.434	0.9448
1.5000013e12	-5.011	-3.853	3.585	-7.631	0.7446	7.794	4.939	8.296	5.414
1.500001301e12	-9.309	9.686	-0.08179	-0.575	1.521	6.688	-6.071	-3.368	-8.269
1.500001302e12	3.842	-6.436	6.302	7.55	-4.138	-7.709	8.508	3.835	4.8
1.500001303e12	-8.816	-0.3943	8.484	-5.902	-4.33	8.257	2.263	-9.519	4.977
1.500001304e12	9.576	-5.897	4.645	-8.564	-4.636	-7.683	0.144	2.345	-5.396
1.500001305e12	-6.176	4.303	-1.001	-6.749	-9.893	-7.35	-1.752	6.971	9.521
1.500001306e12	2.612	9.427	9.905	-0.3052	5.511	-3.521	-9.285	-1.155	-6.317
1.500001307e12	6.647	-5.381	5.387	8.737	-4.11	8.313	7.538	-9.252	9.811
1.500001308e12	1.638	-3.098	0.003662	-0.8875	4.225	5.92	-9.307	5.11	1.387
1.500001309e12	8.495	1.08	-4.725	7.981	5.864	-8.268	6.233	-0.3149	4.901
1.50000131e12	-4.095	-1.729	3.002	-0.5994	-7.357	1.927	-8.019	-7.435	5.938
1.500001311e12	4.302	-6.802	1.725	7.728	-3.575	-1.207	8.868	8.373	5.388
1.500001312e12	-9.879	-1.047	6.759	0.52	-4.823	8.175	9.294	0.3821	-5.537
1.500001313e12	1.487	8.541	1.361	3.993	1.476	-9.153	6.213	4.415	0.376
1.500001314e12	-4.971	-4.625	0.2795	-1.105	-8.962	8.964	6.78	1.503	-0.6799
1.500001315e12	1.652	-9.844	-7.408	-1.456	0.1501	6.893	4.832	-3.093	-6.661
1.500001316e12	-5.3	-6.034	7.892	7.002	1.484	2.904	3.728	-3.192	1.317
1.500001317e12	-0.1636	3.461	8.096	-2.885	4.57	-8.011	7.283	-4.231	6.587
1.500001318e12	5.718	-6.687	-9.535	8.484	4.744	-3.204	4.834	-4.816	-0.8557
1.500001319e12	-4.751	-0.4456	-0.04883	7.471	-6.222	-5.515	-4.907	5.553	-3.99
1.50000132e12	3.939	4.38	-2.421	-8.866	4.484	-3.958	8.82	7.224	-2.51
1.500001321e12	4.698	-4.5	-9.816	-1.259	7.834	2.924	-1.515	6.101	6.421
1.500001322e12	-7.039	-8.662	-1.421	-7.808	-9.099	5.566	-4.142	9.917	-7.847
1.500001323e12	-5.312	1.049	-0.5408	4.417	-4.231	-9.739	-9.343	1.921	5.842
1.500001324e12	5.541	7.969	6.328	-8.397	-3.427	7.925	4.282	1.261	7.261
1.500001325e12	7.22	-8.401	5.916	-8.298	5.773	6.473	-4.048	-4.081	-0.5957
1.500001326e12	4.745	7.018	-4.465	-8.171	5.004	1.779	5.281	-6.328	1.848
1.500001327e12	2.051	5.177	-4.963	-9.596	4.618	3.014	-7.928	0.7068	-0.7373
1.500001328e12	-7.771	6.854	-5.101	6.964	9.613	-7.014	6.318	-3.699	1.824
1.500001329e12	-9.075	3.224	-0.6458	2.427	4.37	7.689	-3.448	-4.301	9.559
1.50000133e12	4.772	5.028	0.2942	-5.488	-8.39	-3.824	-8.263	2.	5.345
1.500001331e12	-1.903	-6.168	8.226	1.724	2.887	3.093	-5.133	6.876	7.361
1.500001332e12	-3.54	0.3394	5.004	-8.973	8.741	6.653	-8.066	0.7263	9.382
1.500001333e12	-7.825	6.653	-3.517	-4.258	4.69	-2.307	-8.68	-5.54	6.689
1.500001334e12	9.231	2.222	4.688	-5.468	-3.527	3.42	-4.102	6.775	-5.151
1.500001335e12	-1.75	6.958	3.38	-1.042	9.906	-5.552	9.686	-9.227	-5.554
1.500001336e12	-4.06	7.678	-2.726	-1.838	-7.543	3.309	7.26	-4.539	9.301
1.500001337e12	7.8	-0.2588	9.224	-6.144	4.528	1.704	-4.904	-1.187	4.814
1.500001338e12	6.764	-3.594	-0.01587	-3.401	9.182	8.354	0.2344	6.776	-3.284
1.500001339e12	-0.7068	9.229	-0.9912	2.974	7.557	5.829	5.234	0.1465	-0.2979
1.50000134e12	4.303	-7.025	2.775	-3.167	-5.957	-2.8	1.466	4.944	-4.279
1.500001341e12	0.08057	-1.526	6.442	-8.027	-5.613	7.614	8.627	-6.01	-4.209
1.500001342e12	9.045	6.129	5.814	-9.148	2.717	-0.9314	-7.535	-6.462	-7.798
1.500001343e12	-8.844	9.269	-1.885	-2.427	8.718	-0.8386	1.72	-5.854	2.797
1.500001344e12	-8.973	-8.346	-0.1294	-8.081	7.405	-8.34	4.149	6.691	7.502
1.500001345e12	3.488	-2.8	-7.236	-4.177	1.591	-0.8826	5.883	6.661	-3.832
1.500001346e12	-4.752	2.635	6.307	-5.562	-9.772	-2.349	-9.336	-8.82	2.738
1.500001347e12	1.443	6.771	2.488	5.485	-2.072	-7.659	5.255	-9.312	-8.376
1.500001348e12	-4.518	-9.354	-5.325	1.382	-5.73	-7.485	-0.199	-9.261	0.07935
1.500001349e12	-8.01	-7.944	1.704	-2.832	3.782	-7.8	0.5884	-6.799	-6.261
1.50000135e12	-6.174	-1.437	-9.951	-8.335	-9.375	5.887	6.539	9.369	-6.487
1.500001351e12	4.518	7.764	-5.261	7.845	2.904	-7.1	3.811	8.311	-0.8044
1.500001352e12	5.771	-8.37	-1.483	7.932	-7.585	-2.546	0.4626	-2.697	1.205
1.500001353e12	7.534	6.76	7.708	1.812	-3.668	-0.7068	2.698	-2.853	1.031
1.500001354e12	8.357	-7.142	-5.022	-6.127	3.612	-0.9412	8.866	3.566	-8.253
1.500001355e12	7.728	-9.382	8.198	-8.159	-9.343	-5.061	-2.88	9.165	-6.416
1.500001356e12	-5.479	1.853	-0.8337	8.069	9.821	-4.207	-8.843	8.411	-4.315
1.500001357e12	7.588	-8.376	-0.6812	4.233	3.822	-7.284	-5.043	-9.426	-7.102
1.500001358e12	-7.184	2.068	1.323	-1.129	-6.942	5.92	8.856	-5.614	-5.742
1.500001359e12	0.3528	-7.556	9.587	7.612	-4.369	2.844	7.933	-4.023	-3.268
1.50000136e12	5.946	-1.068	-4.235	-9.355	-6.34	3.804	-2.311	6.919	9.335
1.500001361e12	-8.127	-5.337	4.043	2.139	9.545	-7.772	6.267	7.018	0.4517
1.500001362e12	9.888	-0.7043	-7.041	0.4834	8.591	6.891	4.681	6.136	-6.146
1.500001363e12	7.395	-9.349	-5.464	5.764	-3.23	-8.491	3.903	9.728	-7.576
1.500001364e12	-4.49	-2.979	4.691	9.438	5.194	-7.032	-6.434	7.823	-3.817
1.500001365e12	-9.287	8.899	-9.636	-5.	-8.32	-6.454	-3.49	-7.493	9.408
1.500001366e12	-7.965	8.412	9.916	9.708	-8.687	-8.022	6.467	-5.492	-5.979
1.500001367e12	-8.634	-8.866	3.264	-8.425	-9.847	-9.706	4.64	-3.873	7.335
1.500001368e12	9.126	-0.05493	2.754	1.145	6.539	2.419	3.571	-5.402	-4.705
1.500001369e12	3.114	-2.797	1.086	-7.593	6.047	-5.681	-8.064	9.918	4.706
1.50000137e12	-4.969	0.1953	-5.344	-2.953	0.7263	-2.947	7.217	1.334	2.382
1.500001371e12	4.32	3.931	-5.005	1.53	-8.506	-2.872	5.099	-1.438	-5.754
1.500001372e12	-5.618	-2.327	9.203	-0.4236	-8.645	6.075	-4.493	-6.74	-7.469
1.500001373e12	2.598	-9.183	9.796	-1.385	7.43	5.094	-2.418	-2.087	5.903
1.500001374e12	4.677	-0.1147	5.535	-1.649	-0.7153	-5.555	1.282	-2.365	3.531
1.500001375e12	-1.13	4.403	-6.254	7.799	4.894	9.279	6.711	-1.777	1.927
1.500001376e12	-9.554	-6.87	8.271	-1.176	-6.593	-6.196	8.782	-0.2332	-8.386
1.500001377e12	-4.613	2.504	0.05493	8.26	8.147	1.232	1.354	3.796	-7.133
1.500001378e12	5.125	4.221	-7.251	5.402	-1.472	0.4346	5.657	-4.639	9.745
1.500001379e12	0.08667	0.5798	-4.572	9.554	-9.126	7.823	4.102	4.5	2.915
1.50000138e12	-8.54	-9.028	-1.117	9.025	6.674	9.854	-7.288	-9.415	-2.451
1.500001381e12	1.318	5.182	-6.924	5.724	-6.282	0.5347	9.143	5.842	-5.737
1.500001382e12	-7.986	-0.7959	6.609	-4.205	-3.906	6.273	-0.4944	-1.521	7.341
1.500001383e12	1.711	-3.616	3.889	9.757	1.93	2.543	-5.636	6.35	-9.452
1.500001384e12	-2.404	-3.143	4.456	-6.	8.152	-9.545	8.342	5.615	2.577
1.500001385e12	-8.154	3.834	-0.863	5.265	7.996	5.112	-1.299	0.1721	-8.512
1.500001386e12	3.264	-3.109	8.877	1.716	3.431	2.361	-5.562	-6.082	1.689
1.500001387e12	-5.681	-5.682	-1.675	-4.391	-2.23	-5.624	-2.34	5.385	4.741
1.500001388e12	-0.7458	1.671	-9.603	-1.462	-6.958	0.9753	8.647	9.564	-7.766
1.500001389e12	-7.051	9.685	0.05859	4.619	2.319	2.769	0.4858	6.271	2.056
1.50000139e12	-3.562	-8.263	-2.67	5.216	-3.733	-1.099	8.314	7.23	-0.3088
1.500001391e12	-1.879	1.469	-2.739	6.829	-6.219	6.537	-8.636	-5.393	3.617
1.500001392e12	-3.068	-7.588	3.298	5.687	4.489	0.9143	8.844	5.98	9.302
1.500001393e12	-4.658	-3.779	-3.326	3.413	-2.552	-8.683	6.366	7.375	9.811
1.500001394e12	-4.863	0.4919	1.35	-6.255	2.986	-7.454	-4.446	-7.638	-5.167
1.500001395e12	-6.725	7.75	-4.446	1.211	8.276	1.057	-8.434	-5.874	-9.28
1.500001396e12	-0.1392	-8.862	3.84	9.296	1.92	9.059	-3.401	3.135	-8.207
1.500001397e12	-3.445	-9.534	-7.57	-9.298	1.355	-4.221	7.678	-0.8533	-0.6274
1.500001398e12	7.418	-0.3064	-8.274	5.231	0.1428	-8.198	6.235	-4.989	-1.76
1.500001399e12	-2.52	3.545	4.255	-5.419	3.112	-4.67	3.733	-2.244	3.198
1.5000014e12	5.731	-5.922	-7.867	3.857	6.792	-2.704	7.288	-5.806	-1.66
1.500001401e12	9.453	-7.959	-4.329	2.688	-7.9	9.237	4.629	-4.761	-4.463
1.500001402e12	-9.424	5.991	-6.306	1.294	-3.164	-1.378	-8.586	6.775	2.155
1.500001403e12	7.131	6.605	-7.501	2.933	4.786	3.867	7.96	-4.451	0.8594
1.500001404e12	-9.189	-9.557	4.597	-1.416	-3.64	9.154	6.425	-9.375	3.345
1.500001405e12	8.545	-6.619	8.804	-0.1099	2.678	2.704	-1.484	-3.196	3.024
1.500001406e12	8.427	-7.344	-6.161	-9.703	-8.839	4.746	-2.679	-7.583	8.081
1.500001407e12	4.476	-0.2637	-9.376	6.202	-9.272	-9.221	7.441	-4.572	4.546
1.500001408e12	-4.956	-3.516	-0.8875	2.816	9.783	-5.077	1.995	-7.633	6.055
1.500001409e12	9.877	-9.487	6.162	-4.741	-4.619	7.129	6.443	2.538	-7.222
1.50000141e12	-1.953	-9.142	9.485	-9.913	-8.86	-2.982	-7.441	4.31	4.395
1.500001411e12	8.26	-4.181	2.406	-9.722	-6.202	9.54	-6.306	0.3528	6.366
1.500001412e12	-7.891	7.185	-2.097	2.819	3.722	-0.5359	8.4	-1.335	6.67
1.500001413e12	6.544	-9.595	-7.013	-6.719	2.588	-5.26	4.79	7.378	2.882
1.500001414e12	2.909	-1.183	9.668	1.378	-5.232	3.572	-8.237	-0.6628	9.342
1.500001415e12	-3.71	-3.647	-6.541	7.1	-8.871	-6.584	9.026	-8.993	5.658
1.500001416e12	6.586	8.075	2.61	-6.311	-0.6982	8.367	-0.7434	-6.904	7.17
1.500001417e12	-8.19	-1.683	-4.152	9.922	2.296	6.652	5.283	0.4053	-7.964
1.500001418e12	-6.056	4.138	-0.6726	7.878	4.9	-6.699	3.232	0.1404	5.21
1.500001419e12	3.597	-1.259	-1.521	-7.854	5.854	-9.969	-9.205	0.09766	-8.745
1.50000142e12	-8.093	-6.627	4.242	-8.436	1.177	0.1208	-7.49	5.253	3.544
1.500001421e12	1.901	-7.1	0.2344	-8.264	5.051	-4.517	7.783	-5.858	3.755
1.500001422e12	7.322	4.318	6.13	-6.239	1.687	-1.718	0.2161	8.331	8.344
1.500001423e12	6.938	2.372	6.085	-3.231	2.487	-5.249	-8.47	9.523	2.286
1.500001424e12	3.181	-7.499	-0.3528	3.527	-4.767	-9.69	6.085	6.346	-3.402
1.500001425e12	-9.514	4.957	-2.621	2.81	-5.415	-4.224	0.04883	2.463	-7.861
1.500001426e12	-5.107	-0.6995	-8.097	-9.054	-6.909	-2.775	8.164	8.485	-5.709
1.500001427e12	-1.121	5.912	8.984	-0.03296	9.956	4.817	-9.261	-4.178	-8.69
1.500001428e12	9.348	-7.036	-0.1221	8.969	3.44	-2.006	4.525	5.879	1.719
1.500001429e12	9.304	-0.7361	3.793	1.534	-6.497	8.291	3.987	-1.963	6.274
1.50000143e12	-2.471	-4.221	9.886	8.629	8.475	1.956	-9.747	-5.609	-4.94
1.500001431e12	0.9473	-0.8899	8.325	-1.483	2.974	1.034	-3.4	1.084	-9.88
1.500001432e12	-3.975	0.4565	4.827	9.584	2.592	0.1746	-2.831	-4.589	-0.1819
1.500001433e12	9.725	6.193	0.2063	-2.349	-7.896	5.97	0.4102	6.064	0.1941
1.500001434e12	-7.566	-8.301	-6.461	-9.795	-3.44	2.671	3.751	-7.361	9.291
1.500001435e12	3.624	0.437	0.002441	-9.486	-7.217	-9.785	0.5188	2.299	4.03
1.500001436e12	-9.279	-4.407	-5.1	-3.624	-1.786	8.346	-4.554	8.226	8.19
1.500001437e12	0.6873	-7.253	-2.12	-7.349	-1.718	-3.689	-3.029	8.893	-3.89
1.500001438e12	-1.403	6.737	6.049	-7.491	-8.29	4.176	8.041	5.255	-9.843
1.500001439e12	3.264	1.046	1.697	-8.13	6.742	-5.908	6.987	0.2649	2.938
1.50000144e12	2.744	0.9009	5.066	-8.778	-1.565	-2.93	-0.9509	-8.594	-3.986
1.500001441e12	7.38	-0.5017	-2.394	-7.466	-9.236	0.04761	-4.683	-7.391	6.349
1.500001442e12	0.5542	3.474	-0.3247	-7.744	2.372	5.266	-8.102	-1.897	-4.763
1.500001443e12	4.32	-7.679	-6.637	-4.768	0.946	8.406	5.161	4.209	-3.724
1.500001444e12	0.6372	5.005	8.079	4.163	-4.966	5.583	-4.766	-6.949	6.327
1.500001445e12	-6.996	-5.68	-3.486	1.73	6.698	-0.365	5.828	-5.211	2.378
1.500001446e12	-6.528	8.231	-7.095	6.545	1.681	2.159	4.148	-9.342	2.688
1.500001447e12	5.873	2.466	5.742	-4.89	8.171	6.937	2.712	-6.112	-1.279
1.500001448e12	3.859	5.051	-4.977	-3.169	6.639	1.887	-1.121	8.041	2.731
1.500001449e12	-2.401	-8.358	-0.5652	9.458	1.331	-9.664	4.448	-4.077	-8.337
1.50000145e12	-6.544	7.094	-7.012	8.141	-4.644	8.97	-8.33	-1.401	-3.464
1.500001451e12	8.966	-5.468	9.983	8.676	-2.192	-3.583	-6.385	-2.448	-8.315
1.500001452e12	-7.932	-6.772	-6.404	5.84	7.147	-8.717	-4.325	-5.061	6.381
1.500001453e12	-7.468	9.398	-4.94	0.509	7.435	-9.598	-6.029	1.282	-1.676
1.500001454e12	-4.926	1.958	6.34	-3.978	-4.219	-8.201	0.2319	5.33	4.99
1.500001455e12	-0.1965	-1.356	2.3	-1.886	-4.258	-1.593	3.207	-0.9058	9.855
1.500001456e12	-2.244	-6.926	0.426	-4.279	7.051	-6.998	4.725	-2.919	-4.729
1.500001457e12	0.7275	-1.172	-1.567	-0.9863	-0.2124	-6.611	-6.705	-3.35	9.065
1.500001458e12	4.948	-0.5994	-8.556	3.181	-9.451	-9.958	-8.672	7.993	3.895
1.500001459e12	9.574	-8.922	-2.175	-7.194	-1.548	2.404	5.095	6.593	7.41
1.50000146e12	-7.223	-0.5872	-4.348	5.986	2.478	-7.175	-2.542	3.58	-7.924
1.500001461e12	4.103	0.4724	-8.309	-4.735	-4.065	-2.734	-0.6934	-5.829	2.314
1.500001462e12	-0.7324	3.878	-5.061	0.7617	-8.003	4.403	7.433	-4.012	1.644
1.500001463e12	-9.24	-5.33	1.387	2.332	-6.145	0.4346	-1.414	2.908	-0.7788
1.500001464e12	6.017	4.72	9.987	-7.683	8.237	-3.71	-5.856	-3.956	-7.977
1.500001465e12	0.5713	-8.965	-2.898	-0.6299	0.4602	-9.344	7.988	5.865	5.514
1.500001466e12	9.656	-5.819	0.8765	-3.422	4.653	9.355	2.692	-3.171	0.5481
1.500001467e12	3.311	8.925	1.008	9.435	8.527	-9.863	-7.365	-3.221	-0.2271
1.500001468e12	-1.388	-2.402	-4.846	1.147	5.494	7.496	-6.05	5.614	-4.215
1.500001469e12	-5.334	-6.195	4.773	-9.047	1.063	-6.499	1.538	-3.602	-6.09
1.50000147e12	6.588	2.966	-4.885	1.671	-9.532	3.112	7.275	7.303	-8.048
1.500001471e12	9.281	1.284	3.666	-6.36	1.019	-4.104	1.244	-8.746	-8.107
1.500001472e12	3.066	9.404	-8.455	8.593	-1.826	1.201	-1.938	-4.384	3.39
1.500001473e12	-1.836	-0.09155	-8.319	-7.539	7.771	9.811	7.328	-5.278	7.706
1.500001474e12	3.121	-3.638	-8.599	-2.452	3.663	-2.261	6.892	-9.883	8.287
1.500001475e12	-5.725	-1.749	-6.023	4.546	-0.1843	-9.243	2.166	2.277	7.809
1.500001476e12	8.374	8.108	0.741	-0.1392	3.889	-3.763	-7.834	-0.6396	0.1868
1.500001477e12	6.307	-7.758	8.862	-6.429	4.215	-2.965	4.449	-6.738	-6.445
1.500001478e12	-6.92	-2.339	2.106	6.102	2.755	-9.324	7.507	-9.423	7.296
1.500001479e12	9.363	6.357	-0.7898	7.292	-0.4907	-4.569	-0.2869	-6.09	4.839
1.50000148e12	-9.109	-2.688	-5.762	-6.547	3.866	6.821	0.3857	8.522	-4.584
1.500001481e12	-3.242	-1.285	2.267	-8.314	-8.234	8.285	-9.597	-6.239	3.951
1.500001482e12	5.902	-2.424	-1.326	6.458	9.335	-0.1843	0.437	-8.041	-5.507
1.500001483e12	5.602	-2.148	-9.283	-4.447	6.24	-9.	3.251	1.2	8.768
1.500001484e12	-9.559	-5.314	4.25	-1.467	4.031	6.489	-1.095	1.826	-9.856
1.500001485e12	8.837	9.868	9.963	2.316	6.406	-4.216	-9.344	-1.407	5.508
1.500001486e12	-8.928	2.566	-7.206	-8.536	1.92	-5.879	6.915	-6.252	-7.274
1.500001487e12	0.7886	1.196	-9.426	-1.559	-3.613	7.281	6.053	6.34	-2.275
1.500001488e12	0.9692	-6.41	4.581	8.108	5.76	-5.488	-7.876	9.31	7.593
1.500001489e12	2.253	-1.597	6.095	1.266	9.463	6.403	-9.171	5.825	-8.751
1.50000149e12	5.658	3.71	2.473	3.174	-7.004	2.777	5.095	-2.639	-2.737
1.500001491e12	-8.856	5.221	-7.505	7.423	-1.826	-6.105	-7.192	-4.948	4.337
1.500001492e12	-9.016	3.81	3.146	8.38	-5.659	7.603	2.585	2.998	0.7239
1.500001493e12	1.176	7.777	-8.855	-2.751	7.783	6.901	4.873	-1.091	6.945
1.500001494e12	9.1	-6.937	-7.537	-1.721	-5.603	8.26	1.306	-0.6677	-3.097
1.500001495e12	3.732	4.049	8.766	-3.604	7.26	-4.182	-4.233	0.7593	7.142
1.500001496e12	3.22	3.362	0.6787	2.645	7.015	2.618	7.844	0.5347	9.028
1.500001497e12	-0.8679	1.195	3.307	-6.375	-1.902	-8.752	-1.758	1.926	7.034
1.500001498e12	8.639	0.2197	-7.588	-7.333	4.192	8.146	2.585	5.222	1.753
1.500001499e12	3.772	7.446	6.88	-5.885	-4.41	-6.42	3.696	-1.261	6.301
1.5000015e12	2.208	8.236	7.96	3.873	-3.042	6.262	-6.34	-9.978	7.963
1.500001501e12	7.493	3.313	3.762	-4.482	-5.962	1.447	-7.423	8.762	-1.366
1.500001502e12	-9.822	9.824	8.018	-5.745	-1.565	6.653	0.6946	-8.068	4.187
1.500001503e12	-0.4431	1.036	-6.639	6.266	-4.974	7.997	7.179	-9.829	6.849
1.500001504e12	-4.398	5.17	5.272	-5.068	-0.01343	5.148	0.2161	5.	-4.871
1.500001505e12	4.983	7.93	5.092	8.318	-9.419	-2.777	6.541	-4.415	5.658
1.500001506e12	7.379	9.303	2.703	-9.258	-8.065	-1.595	0.6482	-0.1917	-2.15
1.500001507e12	9.399	9.812	9.023	4.935	0.8167	0.5872	-8.596	8.339	9.268
1.500001508e12	-8.796	2.898	6.6	-7.25	-6.332	-1.019	3.906	5.273	0.9741
1.500001509e12	3.63	9.427	-2.026	6.624	7.08	1.604	1.788	2.073	1.653
1.50000151e12	-1.472	-9.427	-0.07324	-5.913	-4.669	-2.832	6.251	-0.7898	-8.606
1.500001511e12	6.892	-5.164	-7.72	2.123	6.99	0.9314	3.058	-6.207	3.846
1.500001512e12	6.835	9.207	-7.688	4.369	8.65	2.523	-3.656	-6.954	2.07
1.500001513e12	2.113	7.064	-3.353	-0.08911	4.622	2.083	-9.703	-5.69	-6.372
1.500001514e12	8.652	-9.302	8.369	-6.239	-6.063	-7.024	5.28	-0.4102	-7.421
1.500001515e12	-0.4919	7.991	5.776	6.572	2.349	6.837	-1.038	3.879	5.421
1.500001516e12	-4.393	8.663	-9.419	-5.901	-9.749	9.626	-3.135	-1.467	0.708
1.500001517e12	-4.918	-1.572	8.535	-5.215	8.567	4.956	-0.6506	-7.446	7.446
1.500001518e12	8.433	-2.192	2.604	9.674	7.351	-3.934	-4.711	8.8	0.7068
1.500001519e12	-1.462	6.207	8.019	-1.97	4.26	4.547	5.588	0.5371	6.736
1.50000152e12	-3.234	-6.576	-6.351	-4.833	0.531	-7.987	-4.563	-5.726	-8.444
1.500001521e12	8.367	4.393	5.004	6.331	5.57	-3.551	0.4065	9.447	2.421
1.500001522e12	3.666	7.886	-6.525	8.391	-8.695	6.661	-9.818	7.371	3.947
1.500001523e12	-3.164	-1.39	-4.523	-4.985	-4.778	2.665	-7.567	6.875	-6.726
1.500001524e12	-0.5688	8.35	4.662	-7.734	2.849	-2.172	-6.348	-1.769	6.49
1.500001525e12	3.231	9.172	-8.176	3.993	3.163	-9.965	-9.39	-4.27	-3.083
1.500001526e12	-3.262	3.256	-3.348	-5.288	5.4	-4.65	-6.648	-8.682	3.13
1.500001527e12	5.366	3.202	8.564	1.166	-8.909	1.877	-6.927	-0.5701	6.525
1.500001528e12	4.858	6.317	-4.93	-8.297	-1.364	1.29	2.271	-5.558	3.427
1.500001529e12	-3.5	-1.375	-6.241	-7.252	-3.153	-4.215	7.635	9.94	4.214
1.50000153e12	6.879	-8.027	8.922	-2.467	-9.268	-3.037	8.9	7.416	6.046
1.500001531e12	-1.357	-8.993	0.3406	0.5859	1.42	-4.033	-2.703	1.145	4.894
1.500001532e12	-6.158	4.973	3.848	-0.7849	-9.014	8.485	-0.2368	4.086	9.338
1.500001533e12	-8.344	-5.441	7.81	-2.133	8.605	8.867	-6.383	7.452	1.913
1.500001534e12	4.066	4.221	5.024	-9.84	1.039	6.339	7.017	5.338	2.047
1.500001535e12	-1.766	9.144	0.9827	9.18	-9.105	-5.17	-6.494	9.76	7.686
1.500001536e12	9.191	4.207	-9.495	4.456	-8.577	-0.9766	-3.407	-2.708	4.598
1.500001537e12	1.816	-3.619	3.398	-8.524	-3.392	-5.146	-5.409	8.85	0.8704
1.500001538e12	5.522	-2.705	2.903	7.914	7.482	-8.097	1.637	-6.102	1.94
1.500001539e12	4.233	-3.485	6.364	-5.781	-6.027	9.116	-8.425	-5.042	3.639
1.50000154e12	-3.398	-1.593	8.938	6.913	-8.065	6.49	4.362	2.959	-7.427
1.500001541e12	5.51	-9.24	3.127	-0.03174	-3.323	9.274	6.527	-5.078	-5.57
1.500001542e12	-6.271	-6.954	-0.6836	6.418	8.079	-9.911	9.969	-6.901	4.039
1.500001543e12	-1.685	-3.311	3.536	0.8655	-8.789	1.216	0.6458	-5.166	-3.689
1.500001544e12	-4.044	6.307	-4.849	8.851	9.11	0.3699	-5.491	7.931	-1.088
1.500001545e12	-7.631	-6.816	-5.504	-6.58	9.784	8.378	1.738	5.726	8.787
1.500001546e12	7.51	-8.363	5.753	4.216	6.364	6.002	2.334	-0.8386	9.757
1.500001547e12	7.903	8.19	7.566	6.816	-5.281	4.917	-2.588	2.505	9.83
1.500001548e12	9.099	3.901	-6.772	-0.6079	4.81	8.104	-3.925	9.083	-7.17
1.500001549e12	-3.134	6.578	9.636	-0.6091	-5.117	-5.677	7.355	-4.421	-9.056
1.50000155e12	9.448	-1.471	-4.427	3.458	-3.202	-6.136	2.71	8.032	-9.556
1.500001551e12	5.521	-0.7043	3.965	5.095	-3.726	3.473	-9.314	-3.936	0.332
1.500001552e12	-1.561	8.74	2.181	-3.929	-4.283	0.9851	1.475	-1.989	7.23
1.500001553e12	0.7312	9.429	0.9937	-4.601	-6.918	-0.7935	3.723	-9.17	-5.88
1.500001554e12	0.531	7.371	3.832	2.109	2.56	6.373	-6.442	-8.663	-9.728
1.500001555e12	3.734	9.865	8.489	-0.04639	-3.217	9.695	-7.881	5.068	9.155
1.500001556e12	6.376	0.7825	6.113	-0.6653	4.368	-3.538	-0.4138	-9.836	7.545
1.500001557e12	-9.408	-4.043	-5.924	7.931	6.458	7.451	-4.298	3.888	-2.239
1.500001558e12	5.984	2.251	-1.437	5.885	-7.941	-1.46	5.322	0.8142	7.953
1.500001559e12	8.068	-4.236	-6.538	-8.737	7.488	-0.5042	-9.451	-1.143	-1.931
1.50000156e12	8.788	6.912	3.986	-5.405	1.636	-2.561	-1.674	-2.22	4.495
1.500001561e12	7.273	0.8875	-0.3564	-3.042	5.415	5.553	8.263	0.6287	6.792
1.500001562e12	-8.444	9.369	-6.882	-0.9045	8.406	-4.482	2.266	-1.678	-4.147
1.500001563e12	-8.054	-6.368	-3.375	-6.561	5.635	-7.345	-6.497	8.806	2.927
1.500001564e12	6.488	-7.93	1.426	-7.988	-5.315	-7.618	2.295	-9.695	-2.273
1.500001565e12	0.3296	-6.367	8.754	-5.099	-0.2161	-9.226	-1.584	-0.2393	3.853
1.500001566e12	7.965	-9.944	-4.111	-2.141	-4.29	8.793	-9.152	-4.595	2.523
1.500001567e12	-0.7678	9.48	2.303	-8.785	1.855	9.51	5.664	4.229	0.9094
1.500001568e12	-7.23	-3.556	8.912	-8.143	-0.1025	-3.856	-2.982	3.689	7.723
1.500001569e12	4.187	-6.593	-2.979	-3.816	1.938	-7.301	-5.443	9.329	2.402
1.50000157e12	-1.835	2.555	-0.2429	2.013	3.525	9.036	0.9143	4.413	-5.907
1.500001571e12	-4.391	1.547	4.869	-8.605	-1.241	-5.254	-3.488	-7.194	-8.105
1.500001572e12	-4.414	9.382	4.93	8.357	8.483	-0.6299	1.681	-6.028	0.2734
1.500001573e12	4.099	-2.609	-7.664	7.081	-6.514	-5.044	6.455	-8.727	-4.801
1.500001574e12	2.207	5.883	-5.265	7.853	-4.211	-2.358	8.494	7.047	3.435
1.500001575e12	-9.283	8.181	-4.535	3.99	8.586	6.681	9.67	7.346	-7.524
1.500001576e12	-0.6982	-4.651	-5.847	-2.411	-2.401	-5.02	8.953	7.255	-9.022
1.500001577e12	-7.765	3.079	9.716	0.3955	-5.435	9.305	2.876	-6.816	-5.249
1.500001578e12	7.671	-3.813	-2.826	3.373	3.884	-0.7654	8.136	5.195	8.44
1.500001579e12	9.695	7.498	-8.115	3.207	3.547	4.558	-3.779	-9.276	4.537
1.50000158e12	-6.968	-1.002	9.199	-3.448	2.916	-2.437	-4.034	2.949	-7.758
1.500001581e12	2.152	-0.05737	-0.636	2.406	0.509	2.109	-6.541	4.653	-0.7959
1.500001582e12	-3.586	-1.108	-0.1746	-2.393	-8.777	3.389	-3.502	9.459	-1.194
1.500001583e12	7.131	9.225	9.158	-7.267	0.7544	-8.84	-3.525	7.621	-3.738
1.500001584e12	-5.286	-9.744	-1.132	6.294	0.6372	7.455	-7.	-5.552	3.323
1.500001585e12	-7.823	-5.109	5.557	-6.759	-0.9009	-5.188	2.286	-1.088	-1.648
1.500001586e12	-9.05	8.678	-2.114	6.399	6.189	8.063	-1.136	5.471	-6.136
1.500001587e12	5.562	4.587	7.882	6.927	-5.612	3.179	1.187	-1.306	3.041
1.500001588e12	-9.746	-0.08423	-5.344	-4.932	-9.612	-6.178	4.103	-8.583	-5.862
1.500001589e12	-9.088	-0.3625	9.12	9.052	-5.859	4.646	9.259	0.7922	-5.638
1.50000159e12	-6.011	3.586	1.831	7.867	-7.247	1.068	-8.547	1.134	-0.7666
1.500001591e12	9.719	-0.4272	5.214	-1.797	-2.506	3.563	0.8521	3.698	-5.815
1.500001592e12	-6.959	5.115	-6.439	-4.146	-1.754	-6.215	-9.423	1.837	-3.066
1.500001593e12	9.	-8.696	-5.19	7.668	-8.656	-7.653	-3.114	4.512	1.349
1.500001594e12	-6.871	4.513	-7.964	-5.997	-7.213	-3.391	-1.926	8.385	6.777
1.500001595e12	7.861	-8.987	5.879	-6.415	6.475	6.77	8.102	-9.396	0.7227
1.500001596e12	6.46	-8.735	-0.5249	0.6409	4.014	-5.299	-6.984	-3.344	4.354
1.500001597e12	-2.321	-4.293	-4.395	-5.657	2.34	6.907	-1.277	-9.187	-7.24
1.500001598e12	-1.207	3.356	-9.518	5.977	8.634	5.287	-7.856	-3.467	-4.965
1.500001599e12	-6.666	-5.724	-3.762	2.789	-7.678	-4.244	-5.73	-0.4395	-6.995
1.5000016e12	9.402	-7.808	0.9485	-3.448	-8.705	-1.321	3.558	3.007	5.35
1.500001601e12	0.5225	5.128	-8.081	-9.725	4.707	9.717	5.277	5.472	2.305
1.500001602e12	-9.602	6.36	-0.05127	-5.834	-4.044	-5.122	-5.477	-3.492	-0.3271
1.500001603e12	-9.111	6.532	1.195	-0.769	-3.087	-8.888	9.744	-3.943	-9.073
1.500001604e12	8.884	1.572	4.828	5.358	-1.086	-1.798	-8.87	7.252	4.838
1.500001605e12	-8.768	7.935	2.582	-7.872	-7.217	-0.8081	-0.4321	2.571	-8.663
1.500001606e12	0.07812	-5.701	6.04	-3.326	-8.232	2.845	3.761	9.358	-9.124
1.500001607e12	0.1184	9.604	9.868	8.649	4.517	-8.904	-4.556	3.729	7.002
1.500001608e12	-1.271	-3.007	-3.137	-7.66	-1.73	5.879	4.346	1.941	-1.927
1.500001609e12	3.297	6.406	2.158	-6.233	-6.354	9.25	4.034	-5.929	-1.254
1.50000161e12	-0.4163	-7.474	-9.498	-7.535	3.033	3.091	-5.547	8.358	-3.149
1.500001611e12	7.909	-5.785	-0.7825	-5.914	8.94	-8.95	1.475	-7.144	-2.532
1.500001612e12	2.761	-0.4675	-1.447	-6.978	-9.535	8.806	-1.599	-7.607	-8.817
1.500001613e12	-8.284	-3.752	9.603	0.9875	1.135	6.348	4.634	8.765	-6.72
1.500001614e12	-7.46	-7.191	-0.2429	5.704	5.801	-6.841	1.267	-1.26	-8.593
1.500001615e12	-1.099	8.484	-4.933	6.434	-7.712	-1.189	-7.954	6.544	-3.75
1.500001616e12	7.949	7.042	3.25	8.051	8.81	2.467	-2.97	-2.758	1.069
1.500001617e12	-1.6	8.197	9.998	-2.438	1.443	-0.8533	-0.4211	-2.446	7.776
1.500001618e12	-6.277	2.629	5.223	3.013	6.536	4.921	-7.119	3.617	4.64
1.500001619e12	-9.045	2.05	5.909	5.823	-7.137	-8.442	4.971	5.408	9.696
1.50000162e12	-1.593	-3.01	7.605	0.4236	7.52	2.598	-2.223	3.073	7.411
1.500001621e12	9.435	-6.32	-8.981	4.353	7.072	-4.023	0.4358	1.959	1.473
1.500001622e12	7.004	-3.746	7.748	0.6775	7.15	-7.99	-5.002	2.07	-9.51
1.500001623e12	7.747	-8.113	-6.582	-1.091	8.342	8.9	8.051	5.344	0.3345
1.500001624e12	-1.849	-7.677	-5.378	5.389	-7.915	5.342	6.768	-2.316	-8.175
1.500001625e12	6.033	-4.178	2.111	-6.921	4.958	7.883	5.874	4.845	4.415
1.500001626e12	7.369	-3.401	-8.198	-4.083	-2.971	9.989	-5.962	9.899	-9.242
1.500001627e12	-8.302	-6.49	7.883	-4.24	-5.282	-7.201	-7.563	-0.907	6.415
1.500001628e12	4.005	1.681	-0.02075	-0.0415	3.145	1.437	-7.596	0.6055	-9.791
1.500001629e12	9.641	0.2283	7.889	0.603	8.413	3.517	-8.362	-6.904	6.802
1.50000163e12	-8.794	-3.474	-2.782	-3.145	4.354	-7.928	-1.866	8.125	9.13
1.500001631e12	-4.574	-4.553	1.147	1.686	9.791	0.6006	6.608	5.26	2.225
1.500001632e12	-9.741	-1.079	-8.146	0.8093	4.086	-6.401	5.723	5.996	-5.47
1.500001633e12	0.2429	2.321	-8.091	-1.676	6.692	-6.383	0.4407	3.49	-3.362
1.500001634e12	1.697	2.927	-3.405	-8.582	-6.766	4.072	-9.004	-9.579	8.27
1.500001635e12	-8.206	2.693	0.4919	1.094	-3.164	-1.172	8.19	7.34	-6.908
1.500001636e12	-3.42	-1.473	2.435	-9.744	3.224	7.692	7.875	6.218	9.578
1.500001637e12	9.542	5.377	-2.048	5.607	2.731	-7.729	4.617	-2.526	-4.698
1.500001638e12	-7.516	2.194	-1.083	8.223	-1.576	-2.98	1.32	-0.2942	3.672
1.500001639e12	-2.936	-5.897	-7.612	-0.5566	-8.135	-2.711	3.699	0.1917	-0.4211
1.50000164e12	-7.952	-0.4749	2.822	-2.54	-8.927	-5.223	6.711	2.761	-8.165
1.500001641e12	-4.689	-1.887	7.058	-7.844	-4.429	-8.678	2.531	-4.163	-9.225
1.500001642e12	6.748	2.307	2.946	2.885	1.326	-0.7922	0.5029	8.711	-5.695
1.500001643e12	7.404	9.814	-1.641	9.916	-4.396	-9.589	0.7642	9.922	4.758
1.500001644e12	-8.864	8.783	-2.865	-8.722	-8.17	-8.981	7.783	-6.998	-7.205
1.500001645e12	7.91	-5.507	1.171	9.526	-1.293	-9.491	5.355	-9.76	5.895
1.500001646e12	-4.772	9.313	0.9924	6.853	2.148	-1.129	8.628	-1.654	-8.531
1.500001647e12	6.907	-4.498	7.793	5.227	6.472	2.654	-3.086	-6.292	-8.599
1.500001648e12	-4.265	-6.483	8.799	-9.996	-0.9607	5.857	-6.483	2.333	1.755
1.500001649e12	7.054	-3.834	-7.429	4.871	-7.152	5.587	-7.097	-9.752	8.561
1.50000165e12	6.639	-5.973	9.584	4.344	3.811	3.037	3.364	8.864	7.196
1.500001651e12	-2.053	-7.754	5.907	-0.7446	-1.318	-4.132	-2.737	-5.845	-9.978
1.500001652e12	2.136	0.4138	0.1868	3.905	6.217	5.056	3.356	5.718	-6.298
1.500001653e12	-6.302	-3.927	-3.821	-6.949	-5.569	-5.208	1.628	-6.566	-8.376
1.500001654e12	-7.963	-8.894	-2.944	3.911	5.992	7.516	4.534	2.48	0.3687
1.500001655e12	6.168	-8.683	0.04028	3.512	0.04395	-7.888	-6.703	-3.872	-0.3455
1.500001656e12	-6.948	-2.937	2.787	2.98	4.9	-4.028	-8.719	0.1855	1.599
1.500001657e12	-4.41	2.394	0.321	-4.413	-5.5	2.959	4.426	7.882	-8.258
1.500001658e12	2.208	-9.575	-7.903	2.122	9.554	-6.636	7.056	5.815	-9.191
1.500001659e12	-3.435	-4.215	1.733	2.515	-2.598	4.596	7.074	6.293	-0.8618
1.50000166e12	0.4004	6.08	6.663	9.274	9.056	5.559	9.678	9.519	1.338
1.500001661e12	-0.47	-2.996	-7.069	-5.233	8.761	-1.533	9.517	3.231	-2.853
1.500001662e12	-1.422	6.77	-3.292	1.536	-7.137	-2.625	4.777	-9.545	5.687
1.500001663e12	2.238	-8.108	-5.989	4.174	-8.048	-5.028	-1.626	-5.182	-3.243
1.500001664e12	8.356	6.852	7.312	-5.924	6.08	-9.75	-4.662	-3.263	-8.665
1.500001665e12	3.584	-9.171	0.2734	-3.561	8.35	1.483	8.071	-1.394	-5.509
1.500001666e12	-6.277	0.6006	9.64	5.701	-4.004	9.407	2.213	6.575	-2.7
1.500001667e12	4.054	-6.202	4.917	3.947	3.141	4.226	-3.739	-6.041	5.824
1.500001668e12	7.115	6.044	0.05005	6.171	-9.06	-7.299	9.833	4.341	-2.186
1.500001669e12	7.274	8.12	-8.063	5.895	6.624	-1.98	-5.266	4.006	6.14
1.50000167e12	1.309	-6.87	-2.588	4.076	1.107	6.063	-9.171	-2.39	-5.402
1.500001671e12	-6.918	6.904	-0.9143	1.742	5.592	9.297	4.266	3.865	3.392
1.500001672e12	-4.082	-9.742	-9.482	0.03174	8.542	5.087	1.592	-0.7544	0.8813
1.500001673e12	0.2441	6.718	-3.713	1.149	-1.394	-0.08057	-7.531	-0.6213	-2.86
1.500001674e12	2.432	-3.363	5.01	9.952	-3.073	4.119	2.706	5.831	-5.741
1.500001675e12	6.281	6.61	4.891	-5.055	6.539	2.764	-9.307	3.844	-6.417
1.500001676e12	8.571	-5.334	-7.079	7.152	-6.042	3.844	-1.786	-4.901	4.756
1.500001677e12	9.901	3.527	9.381	-3.185	-3.693	7.137	2.833	-2.001	-4.972
1.500001678e12	-7.375	-4.941	3.149	-9.866	1.736	-6.698	1.625	9.131	-2.324
1.500001679e12	-8.541	-2.737	0.4028	-3.524	-8.511	3.682	8.331	2.982	4.706
1.50000168e12	3.086	-2.278	-2.469	1.715	8.002	-5.822	9.684	7.999	-9.573
1.500001681e12	2.329	-2.916	4.946	-5.586	6.801	6.517	5.105	-8.97	-4.686
1.500001682e12	8.259	-6.187	-9.432	1.079	0.08789	-1.927	-4.579	-6.158	-9.756
1.500001683e12	3.525	6.517	3.092	7.755	7.449	-0.7324	-5.096	-5.933	-4.148
1.500001684e12	-0.1099	-7.838	0.8533	4.664	-1.23	-8.115	-0.9875	-9.487	5.229
1.500001685e12	7.83	-1.62	8.079	5.697	8.688	0.7922	-8.715	-5.066	-3.167
1.500001686e12	3.982	-7.817	-9.46	-5.853	-5.315	-8.84	-8.258	-6.213	-3.678
1.500001687e12	1.753	1.068	-1.735	1.84	-0.5737	0.4358	-1.168	1.803	-7.333
1.500001688e12	-6.152	-8.722	1.633	-1.218	-4.36	-4.454	6.129	1.503	-1.163
1.500001689e12	5.608	6.455	1.426	-6.832	1.045	-9.875	6.307	5.209	3.014
1.50000169e12	-5.463	-1.256	1.624	5.68	-1.924	-1.306	-0.03784	-9.261	3.595
1.500001691e12	-3.445	-5.356	-5.322	3.198	-1.427	7.659	-6.041	-1.725	9.863
1.500001692e12	-9.268	-9.21	-5.538	-0.5798	5.845	-0.1233	-7.871	4.354	7.384
1.500001693e12	-3.447	-1.082	1.666	-7.583	-3.071	-5.925	9.215	6.748	2.855
1.500001694e12	1.956	-3.547	1.44	5.991	-2.172	8.889	1.047	-2.854	3.479
1.500001695e12	-1.243	7.931	-6.163	-3.755	5.813	-9.966	7.559	7.499	-8.148
1.500001696e12	-2.638	3.307	3.186	5.349	5.438	-8.64	3.967	3.368	4.363
1.500001697e12	9.95	5.063	0.009766	-7.335	0.8716	-3.29	2.352	-9.03	4.689
1.500001698e12	3.265	-9.595	-9.178	5.045	8.945	-8.838	9.357	4.149	-8.313
1.500001699e12	2.253	3.872	-5.238	9.792	-0.9192	-5.497	4.746	4.175	4.164
1.5000017e12	6.196	4.52	6.37	-2.963	-6.117	-3.737	5.367	-9.584	-0.7019
1.500001701e12	-4.323	-7.832	3.234	-1.349	-0.6714	-6.866	-4.38	8.329	-8.25
1.500001702e12	0.3662	-2.522	0.2002	1.942	-3.862	3.218	-2.592	3.461	-8.502
1.500001703e12	9.774	3.636	-8.878	9.081	-4.808	-3.402	-8.018	-3.909	7.382
1.500001704e12	-3.369	-9.747	-9.27	1.617	0.7727	4.082	9.374	-1.942	-8.254
1.500001705e12	-7.446	-7.745	-5.97	5.251	-4.34	7.59	1.204	-9.742	9.96
1.500001706e12	-3.082	1.127	5.295	-2.986	1.456	0.4004	-0.2161	5.074	6.338
1.500001707e12	6.39	1.472	6.417	-9.742	-0.4858	8.51	-5.972	-3.342	1.981
1.500001708e12	-7.943	4.136	4.679	-0.2087	-7.288	4.432	4.192	4.292	-1.534
1.500001709e12	-4.178	-0.5774	6.727	-1.702	3.058	1.543	4.905	5.287	9.464
1.50000171e12	7.394	-6.512	4.031	-8.766	-0.7446	-0.7861	-1.52	-7.548	8.47
1.500001711e12	9.9	9.006	-4.288	-8.77	-9.984	0.4712	-1.187	4.839	-6.853
1.500001712e12	9.154	-5.449	-0.7861	-7.656	7.45	-2.253	-3.395	-8.713	-3.19
1.500001713e12	9.266	2.31	7.936	3.298	-3.97	-9.591	8.606	0.08301	5.692
1.500001714e12	6.18	2.437	-8.929	-2.096	5.309	8.168	-3.218	-3.727	-8.21
1.500001715e12	2.489	9.307	4.598	6.284	8.733	0.387	-0.8801	4.377	-8.535
1.500001716e12	-2.687	-9.44	1.464	6.072	-2.057	-5.45	7.196	-2.281	0.05127
1.500001717e12	-9.104	1.866	-7.705	-0.4773	-0.6421	5.909	-8.381	2.191	-6.322
1.500001718e12	5.389	0.08545	7.499	-8.916	-4.546	-0.1306	-9.822	-5.466	3.568
1.500001719e12	-0.4907	-5.012	1.512	7.738	-7.585	-6.584	1.1	-6.191	6.672
1.50000172e12	6.302	-6.132	-9.508	-3.206	3.035	4.23	7.067	0.04639	-9.771
1.500001721e12	-6.534	7.14	-0.5249	-0.3992	-4.272	3.215	7.913	-5.438	4.75
1.500001722e12	-3.5	-6.384	-3.835	-0.3516	5.662	6.42	0.7312	-9.222	-5.68
1.500001723e12	-7.151	8.934	-7.284	6.534	6.42	-1.069	-1.062	-3.86	-9.602
1.500001724e12	-6.36	2.04	9.158	9.348	-2.454	-4.32	-8.033	7.826	-0.4443
1.500001725e12	6.655	8.778	-6.416	-4.841	-5.515	3.052	4.452	6.86	-9.717
1.500001726e12	-8.87	5.325	-1.071	-8.51	-6.029	5.297	6.31	8.436	-9.2
1.500001727e12	-1.388	-1.827	4.26	-8.379	5.852	-6.185	6.975	8.302	-7.749
1.500001728e12	8.035	0.6934	9.711	-5.831	-1.508	-0.7495	-3.77	6.377	-8.934
1.500001729e12	3.379	-4.448	-5.264	-3.578	7.811	3.694	2.565	-0.1819	-3.06
1.50000173e12	6.361	-4.348	5.724	6.21	7.627	5.488	0.07202	-3.914	-8.712
1.500001731e12	4.868	-5.054	-3.123	-9.46	3.033	-2.225	7.325	-1.381	2.104
1.500001732e12	-6.177	-4.291	-0.8118	-1.276	9.174	-3.79	3.533	-8.936	-3.49
1.500001733e12	-4.	-1.692	-8.074	-9.113	3.026	8.607	8.975	3.574	-8.157
1.500001734e12	-8.291	-7.946	-0.9045	0.3748	-3.969	-3.447	-2.402	7.957	-9.956
1.500001735e12	3.086	-6.339	1.517	5.208	4.341	-8.514	-5.684	-5.676	3.048
1.500001736e12	0.3955	3.345	6.304	-1.925	-9.631	-2.949	-4.679	8.406	-2.979
1.500001737e12	-2.106	-0.5347	-3.087	-1.476	8.052	0.3149	7.148	-5.194	6.744
1.500001738e12	8.417	6.023	-2.668	-0.553	-9.453	-9.221	-1.343	-9.034	-4.097
1.500001739e12	4.229	-1.368	2.144	-6.611	-3.855	-8.341	-0.08057	5.171	6.851
1.50000174e12	-5.029	2.793	7.766	1.647	2.77	9.016	-4.539	-7.213	-3.374
1.500001741e12	-8.224	-6.716	-1.53	3.602	0.2075	-0.885	-5.074	-4.951	-7.531
1.500001742e12	7.167	-0.05371	-6.354	-0.3296	-1.35	7.08	-9.673	-8.905	5.63
1.500001743e12	1.451	1.295	-7.91	-8.698	-3.662	-7.054	-6.783	9.044	-5.115
1.500001744e12	7.705	-9.38	4.084	3.785	-0.4395	-1.532	0.7861	3.384	-5.908
1.500001745e12	-2.17	5.397	-0.05493	-9.382	-9.11	2.651	-0.4883	-8.156	-4.546
1.500001746e12	-8.267	3.618	-9.01	9.707	4.291	-0.1807	9.59	2.336	8.883
1.500001747e12	-1.92	-0.7361	3.779	3.999	1.03	0.6567	-0.3418	-8.663	8.517
1.500001748e12	-2.838	2.316	-0.2686	4.207	5.372	-6.489	4.768	-5.702	-9.514
1.500001749e12	-2.115	-6.122	6.008	3.258	6.311	7.208	-8.445	4.062	-5.144
1.50000175e12	0.6531	-0.2161	-7.257	-4.095	5.397	-5.446	-8.708	-3.07	2.181
1.500001751e12	5.999	6.088	0.6006	9.745	6.494	6.705	-0.3174	-9.885	-6.302
1.500001752e12	3.416	-9.191	-0.5371	-7.904	8.708	0.5847	-7.554	-8.352	3.552
1.500001753e12	8.286	9.194	2.494	-6.13	1.475	-2.357	6.416	4.395	-0.04517
1.500001754e12	-9.86	-5.741	3.035	9.371	2.302	-7.451	-0.2881	7.505	-8.594
1.500001755e12	1.823	1.028	8.65	-9.175	3.906	-4.486	4.625	-6.936	-8.794
1.500001756e12	3.547	2.285	9.187	-9.681	4.337	-7.125	1.881	4.094	-2.366
1.500001757e12	-9.614	8.951	-6.503	-0.7153	0.6885	-2.8	2.003	-5.853	-7.941
1.500001758e12	-3.7	4.481	3.583	7.107	6.747	9.767	-7.504	-8.361	-1.865
1.500001759e12	4.47	2.722	2.692	7.789	1.823	2.213	-1.592	5.256	2.506
1.50000176e12	-0.7959	-2.527	3.87	5.635	7.657	-5.33	-9.495	8.068	6.327
1.500001761e12	1.055	0.9985	9.926	-9.554	2.783	2.565	-3.977	2.908	-1.448
1.500001762e12	-1.741	-8.109	1.104	-7.218	2.255	-6.146	5.016	9.316	2.074
1.500001763e12	4.479	0.1721	-2.661	-6.586	-7.817	-7.899	5.027	-5.504	-7.197
1.500001764e12	-2.028	-4.099	8.845	-6.316	9.852	2.999	-0.105	-4.362	9.779
1.500001765e12	5.494	-3.608	-1.15	1.42	7.521	5.811	-7.394	7.927	8.075
1.500001766e12	-4.57	-5.585	-7.803	-9.07	4.93	1.427	-5.399	5.697	9.054
1.500001767e12	-6.475	7.297	-8.159	2.405	9.424	-5.4	6.187	7.833	-0.752
1.500001768e12	-0.01465	4.076	-5.087	9.755	8.429	1.031	2.935	8.782	-2.887
1.500001769e12	2.45	8.708	-8.566	-6.857	1.388	-1.426	-4.524	-8.644	7.622
1.50000177e12	-8.907	7.999	-6.105	-3.923	1.307	-0.4834	-8.578	-7.094	-2.874
1.500001771e12	-1.117	7.305	-9.479	0.08423	3.849	5.961	2.213	5.275	5.944
1.500001772e12	-1.786	-5.06	-2.886	5.562	-6.145	3.455	0.968	2.506	-1.504
1.500001773e12	-4.658	9.066	-8.055	1.664	3.818	3.398	4.474	4.532	2.833
1.500001774e12	-7.095	-0.282	1.421	-1.631	0.6055	-3.75	9.961	-5.78	-6.104
1.500001775e12	3.075	2.43	-2.758	-7.181	0.2954	-1.792	-5.259	4.829	-2.997
1.500001776e12	-7.323	-3.914	0.1294	-3.607	7.312	3.701	3.944	7.792	-0.9155
1.500001777e12	2.288	-3.586	-0.4004	3.613	0.3613	3.975	4.25	-3.138	6.416
1.500001778e12	-8.391	-9.469	-1.946	5.017	3.789	3.556	-8.572	-4.777	1.207
1.500001779e12	-1.226	5.615	-4.64	6.804	-2.061	1.517	3.61	0.2356	4.738
1.50000178e12	8.752	-4.33	4.445	6.804	4.258	-2.177	0.6396	-8.583	-6.373
1.500001781e12	3.218	-3.829	-8.08	0.8154	9.583	9.78	7.38	-6.824	-6.83
1.500001782e12	-7.419	0.7581	7.745	1.174	-2.926	2.588	9.524	5.706	3.322
1.500001783e12	-5.88	-2.35	2.234	-2.848	-1.365	9.32	0.5908	-6.083	-2.983
1.500001784e12	-8.48	-1.208	3.187	9.504	-9.963	9.194	8.987	-5.118	5.472
1.500001785e12	-8.516	7.417	9.446	-8.156	9.23	-1.082	6.364	4.406	-1.223
1.500001786e12	4.829	-2.651	-1.091	4.96	-7.99	9.496	5.841	-2.238	0.3735
1.500001787e12	2.62	4.587	0.003662	-5.756	4.036	8.596	3.425	7.019	-5.839
1.500001788e12	-2.247	9.979	8.458	-2.715	-8.846	5.52	-3.351	-0.01953	8.56
1.500001789e12	0.6409	8.877	0.3467	-2.218	0.614	2.162	-4.325	-1.432	4.421
1.50000179e12	-6.198	-3.567	0.4712	0.3992	-4.72	-9.379	0.4675	-7.511	-2.686
1.500001791e12	-6.775	7.345	2.943	6.146	5.469	-9.64	-5.389	-1.305	-7.64
1.500001792e12	-5.457	8.628	2.943	-5.393	-6.62	2.314	0.2185	5.051	-9.22
1.500001793e12	2.278	7.219	9.435	-8.386	-3.975	-5.764	-1.558	4.475	4.2
1.500001794e12	-2.886	5.382	-6.494	0.2991	9.783	7.418	1.655	1.531	-6.033
1.500001795e12	3.575	-7.968	-5.745	7.507	7.219	-8.245	9.657	0.3088	6.184
1.500001796e12	0.2563	-8.046	7.212	-1.512	-0.6995	2.693	-8.878	1.246	-4.479
1.500001797e12	-8.192	-1.824	5.312	1.769	6.41	3.088	-7.288	-7.069	3.064
1.500001798e12	4.526	-4.893	4.028	2.816	3.962	-5.225	7.604	1.787	-0.78
1.500001799e12	-5.118	-7.776	-7.052	-4.597	-4.713	-1.145	-4.415	2.168	4.481
1.5000018e12	-7.543	6.002	-6.904	-7.738	-5.229	-7.053	-5.831	-9.208	4.408
1.500001801e12	7.374	8.698	-0.5774	-1.266	1.241	-3.796	-1.388	-7.783	-6.597
1.500001802e12	-1.36	4.503	3.984	6.394	-6.569	8.573	9.579	7.656	-3.455
1.500001803e12	-5.033	4.651	2.847	-8.009	-8.293	-4.921	-8.077	3.015	-8.296
1.500001804e12	-9.629	3.285	8.75	-3.585	4.604	-4.388	2.992	-7.338	6.094
1.500001805e12	9.083	5.105	-7.203	-5.378	9.96	-5.452	6.157	-1.389	6.851
1.500001806e12	-7.073	9.596	2.953	3.578	3.291	-2.539	7.173	-4.174	-9.93
1.500001807e12	-7.174	-4.637	-0.3003	7.368	-7.728	-6.82	6.344	-7.596	4.656
1.500001808e12	-1.312	0.3674	-0.4187	4.896	9.762	-3.21	9.99	-5.38	-7.429
1.500001809e12	3.043	-0.116	-5.695	-0.5103	-3.07	-1.748	-0.3601	3.828	-3.958
1.50000181e12	-0.7312	8.088	7.527	-2.831	-0.3638	2.042	-4.647	5.333	6.394
1.500001811e12	2.466	-2.395	-5.415	-3.07	9.816	9.698	-9.353	-5.013	2.715
1.500001812e12	-5.834	-1.292	-3.324	5.474	7.894	-8.339	-3.269	2.021	0.6079
1.500001813e12	-1.858	-6.045	8.849	9.171	-9.633	-3.716	-5.591	5.913	-7.057
1.500001814e12	8.557	7.289	5.88	-8.152	8.298	8.079	-1.53	2.48	-2.035
1.500001815e12	8.551	2.639	6.172	-7.991	-7.789	-4.017	1.698	-3.882	-1.096
1.500001816e12	-6.112	-1.525	9.998	-5.485	-7.893	1.519	-2.448	-0.04517	6.068
1.500001817e12	-9.355	4.886	7.546	-9.091	-6.002	4.661	-5.417	-7.225	-3.413
1.500001818e12	-5.066	-6.414	9.929	-2.313	0.9351	7.272	-4.021	-1.198	-7.108
1.500001819e12	1.135	0.321	5.356	5.344	-0.7996	-5.109	-0.7019	4.779	-0.9155
1.50000182e12	-7.823	8.652	1.992	5.649	-9.547	2.908	-9.602	7.336	-8.113
1.500001821e12	-3.926	9.261	-3.618	9.904	0.4773	5.134	9.446	7.611	-0.8313
1.500001822e12	9.467	8.082	1.208	8.628	8.289	-8.25	5.927	8.374	9.695
1.500001823e12	2.426	-3.03	-4.727	1.97	-2.1	-3.845	2.853	5.927	1.514
1.500001824e12	-8.502	5.044	0.293	-2.542	2.604	-1.647	-8.076	-3.253	-4.869
1.500001825e12	8.4	2.118	8.843	-3.74	-5.111	-2.777	0.9729	7.065	-9.207
1.500001826e12	-1.09	-2.08	-6.512	1.401	-9.31	-4.11	0.4041	-0.9216	-7.075
1.500001827e12	0.5652	3.18	8.506	5.823	9.58	-5.327	-7.198	2.418	-9.694
1.500001828e12	7.216	-9.238	-3.611	-1.317	1.072	-0.1599	-7.314	9.248	-7.115
1.500001829e12	-4.207	-4.828	-2.196	5.142	-9.655	3.568	8.359	-6.906	-6.541
1.50000183e12	-8.3	3.185	3.719	8.5	1.453	1.685	-5.198	-3.497	6.708
1.500001831e12	6.301	4.303	6.625	-5.37	0.05371	-4.169	4.359	-7.124	-8.667
1.500001832e12	-4.929	2.773	3.595	9.275	5.254	-9.563	4.293	-5.123	-1.532
1.500001833e12	-8.046	-2.245	7.345	-8.156	6.482	2.886	9.673	-1.486	-5.31
1.500001834e12	4.722	1.351	-4.698	-5.066	5.031	-8.755	8.739	-3.413	0.4236
1.500001835e12	3.975	-3.057	2.308	0.6738	9.491	-1.337	4.519	-3.801	-5.499
1.500001836e12	-7.457	8.052	5.176	-5.345	-1.639	7.488	3.508	3.184	1.592
1.500001837e12	1.129	3.765	1.582	8.055	-4.558	-2.319	-1.688	-4.153	3.784
1.500001838e12	6.108	-7.925	-6.777	3.821	-0.3735	0.4236	1.556	6.317	8.801
1.500001839e12	6.448	8.956	-1.893	-6.671	-2.094	2.926	5.171	-1.248	-2.795
1.50000184e12	-1.512	2.343	4.286	-8.085	-3.007	2.23	-2.438	4.352	-3.624
1.500001841e12	-2.677	0.4431	3.054	-1.852	-0.5591	-0.8398	-1.107	1.417	5.525
1.500001842e12	-7.509	5.387	-5.166	7.761	0.9814	5.554	-4.137	-4.282	6.461
1.500001843e12	4.771	1.847	-3.857	-4.963	-6.338	-4.918	6.549	-0.957	2.841
1.500001844e12	-2.932	-9.598	5.796	-3.478	-2.827	8.876	1.613	-3.326	-7.919
1.500001845e12	9.564	6.827	1.379	-1.692	-6.37	4.207	5.84	8.466	3.024
1.500001846e12	-4.081	-1.536	-5.696	6.813	-0.2686	0.09155	-8.793	-4.246	3.436
1.500001847e12	5.022	-3.407	-3.13	-0.8118	7.074	0.9229	3.752	3.8	5.209
1.500001848e12	7.523	-2.914	-1.028	-6.283	-4.293	7.705	3.214	8.602	-6.7
1.500001849e12	5.645	2.374	-3.828	-9.989	8.295	7.828	1.04	-6.223	-0.4224
1.50000185e12	-0.3259	7.732	-1.666	-2.4	3.938	-9.854	-7.094	1.1	0.4956
1.500001851e12	-1.959	-3.309	-0.8691	-4.705	-2.682	3.097	5.217	9.095	-2.921
1.500001852e12	1.05	0.4688	-1.409	-0.9473	6.742	-9.241	-6.189	5.448	-7.688
1.500001853e12	-8.025	-2.533	3.417	-8.776	1.932	7.615	9.801	-6.077	-8.899
1.500001854e12	-7.412	-5.507	4.854	7.463	-8.168	-8.214	9.893	7.345	-2.057
1.500001855e12	-9.155	-3.361	-9.668	-8.799	-5.017	5.804	9.635	4.052	3.654
1.500001856e12	4.381	-5.508	-2.546	2.511	7.406	1.959	6.117	-3.174	-1.145
1.500001857e12	5.524	4.506	-0.4272	-2.776	6.145	2.632	5.538	4.1	4.487
1.500001858e12	-8.353	-7.831	-0.791	5.27	2.728	5.265	-8.3	1.702	-1.818
1.500001859e12	-8.887	1.177	-3.433	5.326	0.6372	-8.053	-0.1953	-0.1184	0.614
1.50000186e12	-0.6042	-7.679	-9.985	-2.279	2.858	-5.565	1.945	0.4578	-8.826
1.500001861e12	7.122	0.4138	8.406	-8.91	4.146	-3.152	8.739	8.583	-8.141
1.500001862e12	7.357	1.371	6.235	-6.284	-9.774	-4.917	3.226	-6.743	-3.6
1.500001863e12	-8.444	4.985	9.182	-5.668	-0.3381	-3.695	-7.262	-1.788	-2.986
1.500001864e12	-7.644	5.603	0.8069	-9.515	0.7922	-7.599	-2.761	-6.731	3.877
1.500001865e12	-6.08	-4.785	8.011	-8.767	-4.845	1.403	1.989	2.516	-2.078
1.500001866e12	6.656	5.118	-5.059	2.433	8.658	-0.6763	-9.873	7.003	6.732
1.500001867e12	-1.81	-5.692	-1.809	6.279	9.333	0.387	8.262	-9.905	7.253
1.500001868e12	-8.983	1.99	2.487	4.541	-3.683	-9.133	1.467	-7.881	-6.613
1.500001869e12	-3.247	-0.2075	0.2393	-2.097	-9.745	-0.0415	-9.142	1.146	-5.786
1.50000187e12	-3.304	8.041	-3.279	-4.1	5.254	9.358	8.229	-4.238	0.9351
1.500001871e12	4.182	-3.657	8.5	0.4626	1.772	-3.087	-5.543	-3.407	4.637
1.500001872e12	-7.83	-1.707	-1.276	-7.285	5.249	-1.101	9.331	8.857	-3.451
1.500001873e12	4.419	-8.397	1.571	6.63	-9.862	-9.512	4.176	4.285	6.377
1.500001874e12	1.819	-8.551	5.332	-8.984	1.173	3.578	-3.583	-1.422	2.268
1.500001875e12	5.997	-7.097	5.332	4.189	8.456	-1.129	5.688	1.655	3.278
1.500001876e12	8.779	-1.215	-7.2	2.114	-6.332	4.924	-8.833	3.033	-4.55
1.500001877e12	-2.983	-0.0415	-9.514	-9.395	-9.834	-8.35	-3.722	0.4822	3.682
1.500001878e12	2.235	-1.643	2.156	2.77	-7.46	6.592	-2.098	-0.9753	-0.3149
1.500001879e12	6.501	1.407	1.46	-3.812	-5.992	8.79	4.613	3.713	6.162
1.50000188e12	2.444	4.598	-6.613	-3.28	-9.932	3.812	5.626	-5.345	-3.358
1.500001881e12	-4.756	3.215	3.639	-7.715	7.972	1.083	-0.8228	0.271	-5.724
1.500001882e12	-7.385	0.7275	-8.302	1.771	-5.35	5.426	-4.805	9.797	-1.504
1.500001883e12	-3.817	8.264	-9.862	-5.306	3.34	-5.529	8.142	7.032	1.805
1.500001884e12	6.216	5.615	0.802	1.853	3.506	7.858	5.183	9.46	4.792
1.500001885e12	3.483	8.834	-0.8826	3.158	-9.572	8.126	-6.838	-0.4126	-6.023
1.500001886e12	9.907	-6.193	8.889	-0.6787	0.2051	7.386	5.999	6.841	3.405
1.500001887e12	-3.663	8.003	7.404	1.482	2.247	8.467	-7.018	-4.508	4.46
1.500001888e12	6.732	9.867	-8.334	8.834	9.384	-0.6677	-9.138	1.036	-5.239
1.500001889e12	3.868	-4.49	0.813	0.08301	0.5762	6.342	-5.939	0.979	9.401
1.50000189e12	5.27	-1.464	7.281	-8.75	-5.67	-5.276	0.8838	-0.5847	-8.918
1.500001891e12	9.039	3.883	-4.253	3.667	-1.588	1.538	-1.669	8.218	9.25
1.500001892e12	6.16	5.267	-1.381	4.423	-1.174	5.571	-7.705	4.436	3.126
1.500001893e12	-0.2283	0.2405	-2.307	5.629	0.3027	-1.383	4.779	-2.134	9.196
1.500001894e12	3.228	6.41	-4.673	1.428	-1.144	0.26	-7.933	3.906	6.981
1.500001895e12	8.165	1.809	3.005	5.486	-3.474	9.591	-4.069	6.19	-7.246
1.500001896e12	-4.691	3.817	9.775	4.458	3.073	-9.751	9.269	-1.428	2.058
1.500001897e12	-6.014	-9.904	-3.112	-9.661	4.606	1.246	-6.837	-5.464	5.845
1.500001898e12	0.2307	3.315	9.091	5.142	-9.818	-7.493	8.435	1.163	-9.893
1.500001899e12	9.185	-8.63	1.246	2.319	2.694	9.924	0.1648	-8.962	-9.131
1.5000019e12	-7.906	-3.773	0.4407	-5.715	-8.019	-8.218	-9.185	-1.034	1.854
1.500001901e12	-7.501	-8.944	7.312	9.392	-8.896	9.922	4.994	-3.295	-2.549
1.500001902e12	0.5322	7.546	1.442	1.241	5.684	4.897	2.198	0.04395	9.863
1.500001903e12	5.142	-9.005	-7.928	5.283	1.482	5.928	6.619	-1.194	-3.457
1.500001904e12	-7.883	2.705	0.8264	2.15	5.92	4.066	-0.8264	-4.344	9.569
1.500001905e12	-8.856	-0.2466	3.456	7.266	-5.803	-9.832	7.241	-6.218	4.387
1.500001906e12	0.9741	0.3345	5.316	-2.296	-1.592	8.119	-8.075	3.867	8.661
1.500001907e12	8.126	5.483	8.508	9.961	7.725	4.426	3.342	-0.99	-7.46
1.500001908e12	6.902	1.772	2.162	-3.12	-1.178	-4.46	-7.617	-4.073	-2.838
1.500001909e12	-0.02197	-3.877	5.97	-6.913	8.759	-9.707	-5.559	3.617	3.013
1.50000191e12	4.686	-7.24	5.444	-1.55	-0.968	-7.509	9.032	-9.385	9.198
1.500001911e12	6.719	9.53	-9.489	-0.9534	-5.107	-8.75	2.211	-6.158	2.463
1.500001912e12	8.734	-6.071	-6.034	-9.867	7.698	-9.845	-1.32	8.019	1.731
1.500001913e12	4.493	8.914	-5.403	5.411	-5.083	3.864	-7.629	-6.716	3.925
1.500001914e12	6.499	-5.134	4.974	-6.62	-0.6543	-2.097	3.781	-5.488	1.633
1.500001915e12	6.068	-6.584	0.1257	-5.652	-4.456	7.987	7.745	5.043	-0.437
1.500001916e12	-1.705	0.293	9.906	6.49	3.191	-2.791	0.8643	7.662	8.455
1.500001917e12	-0.7312	5.944	8.789	-8.861	6.14	2.734	4.85	6.946	-9.847
1.500001918e12	3.038	-9.036	2.042	9.633	7.81	-6.379	0.9424	-5.864	6.428
1.500001919e12	5.098	9.02	-9.579	-5.746	1.011	-1.095	5.527	-8.401	-0.01099
1.50000192e12	7.521	-2.167	-1.03	2.917	-9.186	1.09	8.678	-0.4724	8.105
1.500001921e12	-9.967	5.591	3.196	0.9143	-8.81	-1.323	-1.185	8.024	1.465
1.500001922e12	8.545	7.1	-3.842	-6.895	0.7434	-3.533	6.992	3.704	-1.282
1.500001923e12	7.213	-6.775	-7.399	8.467	-7.051	4.778	-4.087	7.07	3.673
1.500001924e12	-0.8459	-6.879	-0.3516	8.097	-7.789	-6.726	4.268	-9.868	9.307
1.500001925e12	8.16	1.704	-6.285	4.637	-8.671	4.196	-3.8	-6.362	0.6055
1.500001926e12	7.412	-9.521	2.241	-5.173	3.435	6.562	2.493	-5.597	9.89
1.500001927e12	0.0293	8.937	3.445	5.746	-6.92	9.963	-7.867	3.539	7.374
1.500001928e12	-6.608	-9.886	1.628	-8.879	-4.283	2.057	-8.368	5.992	3.879
1.500001929e12	0.7202	3.071	1.619	-0.8997	-1.511	4.036	-8.004	5.446	-8.209
1.50000193e12	4.943	8.342	3.083	8.789	5.709	-4.581	1.433	-0.5566	2.792
1.500001931e12	-9.281	2.609	-7.972	-4.689	1.716	-4.503	6.461	7.258	4.429
1.500001932e12	-9.692	-4.463	-7.952	-1.705	-8.878	-3.99	-1.191	7.429	8.196
1.500001933e12	8.42	-7.953	-7.462	4.723	6.052	6.945	5.553	-5.64	2.35
1.500001934e12	7.296	1.2	-0.6128	6.146	9.233	-7.681	-0.4907	7.925	5.128
1.500001935e12	4.958	-4.16	7.129	5.667	-9.121	2.247	5.721	1.998	7.006
1.500001936e12	-2.866	-8.717	5.532	3.79	-0.9753	-4.858	-6.074	5.667	3.035
1.500001937e12	-5.842	9.739	-5.758	-9.158	-1.823	-1.125	5.63	-4.701	5.819
1.500001938e12	6.042	3.486	-2.767	4.064	-8.099	-7.819	-3.892	5.276	-6.459
1.500001939e12	-0.304	1.536	-8.928	-2.227	-6.831	-5.023	3.109	1.951	-7.4
1.50000194e12	-3.794	2.017	-5.63	6.906	6.25	8.217	-9.852	6.227	9.729
1.500001941e12	-3.677	-3.812	-6.99	-5.731	-5.272	9.269	-6.925	-3.06	9.506
1.500001942e12	-4.978	-1.179	-3.856	-6.018	-6.445	4.478	0.6641	-3.469	-9.531
1.500001943e12	3.827	-3.348	-1.907	-0.4932	-2.332	6.853	-3.306	9.225	8.334
1.500001944e12	-8.511	9.081	2.554	-2.767	-4.966	3.23	7.003	5.205	-9.006
1.500001945e12	6.836	-3.181	-3.147	-1.37	-0.437	-3.718	-8.027	-6.045	2.058
1.500001946e12	4.773	-5.289	-5.831	0.1758	-0.08911	0.05249	9.987	-8.376	-6.445
1.500001947e12	7.294	-7.101	2.189	4.131	-9.706	-7.607	2.908	-1.469	-4.941
1.500001948e12	-0.6335	2.986	3.422	7.71	1.301	1.125	-7.969	-5.57	-4.337
1.500001949e12	-6.301	-1.014	1.699	3.037	7.638	4.413	0.4822	4.873	7.325
1.50000195e12	9.468	0.4541	-4.827	-0.5029	1.776	-8.502	9.199	5.089	-6.05
1.500001951e12	-3.24	8.845	9.286	4.415	-4.771	4.108	-5.732	-9.318	-7.072
1.500001952e12	-6.097	4.524	-4.297	-3.827	2.051	-4.146	5.558	7.704	-0.791
1.500001953e12	6.295	-8.453	-9.225	-8.665	2.568	3.829	7.911	0.03296	-0.105
1.500001954e12	-7.467	-9.763	1.454	2.269	9.136	3.489	3.954	-9.255	-5.872
1.500001955e12	3.834	-4.784	-1.934	7.986	-2.656	5.09	3.668	-8.859	-2.33
1.500001956e12	-6.62	5.743	4.016	-5.925	8.53	-6.24	2.394	-4.132	-1.853
1.500001957e12	-8.112	-2.245	-4.841	6.431	-8.979	-2.427	1.03	7.266	7.991
1.500001958e12	-3.689	-9.402	4.958	2.278	-3.938	-3.546	6.686	8.336	-2.406
1.500001959e12	-8.025	-5.195	3.392	-9.385	8.812	-9.022	6.075	-5.229	6.617
1.50000196e12	1.892	4.019	6.713	-4.998	-7.074	-9.447	-9.131	-7.62	-2.316
1.500001961e12	8.463	1.81	6.94	-1.265	-5.751	0.7275	-3.583	8.881	1.504
1.500001962e12	-4.849	-9.53	7.301	9.542	3.639	2.479	9.202	-2.362	-4.385
1.500001963e12	0.1062	2.573	-8.84	4.448	2.82	-3.727	-7.407	4.564	9.509
1.500001964e12	-4.33	-0.863	3.812	2.297	-5.995	-2.96	2.587	5.444	1.909
1.500001965e12	9.194	-9.021	-4.734	-1.869	1.569	-0.2881	3.427	7.	-8.793
1.500001966e12	-7.544	-2.054	6.826	-4.94	4.828	6.367	-3.728	4.105	3.948
1.500001967e12	5.039	-0.4102	5.228	-0.4626	4.934	9.484	-6.776	9.043	-3.037
1.500001968e12	7.272	2.815	-5.26	5.969	6.021	6.444	9.666	3.64	-9.24
1.500001969e12	0.1978	4.274	-0.7202	3.541	0.3369	3.92	-3.457	-7.711	2.944
1.50000197e12	0.5054	9.097	9.889	2.355	0.3699	-1.935	-5.383	-7.014	-8.799
1.500001971e12	4.285	-8.075	4.875	-6.432	-0.5042	-3.088	8.447	5.084	-9.51
1.500001972e12	-9.144	-0.9094	-9.352	8.174	-5.615	8.528	4.729	-0.9448	-3.368
1.500001973e12	-2.96	-3.002	-5.347	0.9753	5.389	-4.677	0.7593	8.872	-7.345
1.500001974e12	-0.4529	0.531	-4.265	4.946	-8.195	-3.203	-0.5676	-7.534	-0.7239
1.500001975e12	7.894	-0.9875	-5.322	-2.798	-0.9448	1.853	-3.104	-4.105	3.191
1.500001976e12	8.684	-6.317	8.501	-0.4272	3.413	-6.187	-4.377	-1.132	4.901
1.500001977e12	-7.48	-9.187	-7.1	0.8655	9.51	-7.753	2.905	7.856	-9.727
1.500001978e12	2.198	-0.802	9.316	6.997	-6.331	7.452	-6.262	-8.925	4.945
1.500001979e12	9.651	-0.5664	5.236	2.178	9.603	-7.235	-5.592	-0.4565	-7.781
1.50000198e12	8.121	-0.127	6.986	6.199	-4.889	1.168	6.982	-1.727	-1.36
1.500001981e12	-5.326	3.115	-4.395	-4.745	6.49	-7.789	4.857	-2.322	-8.489
1.500001982e12	-5.24	8.055	3.39	-2.025	7.18	-4.988	1.897	3.398	-5.836
1.500001983e12	-8.735	4.088	6.968	2.85	-9.998	-0.08545	0.8325	-0.824	-8.645
1.500001984e12	1.586	-1.891	-6.652	-2.543	-1.611	-8.793	-5.774	5.394	7.153
1.500001985e12	-2.963	-0.7324	3.513	-5.361	-5.444	8.297	-6.736	-9.614	4.546
1.500001986e12	6.476	-3.082	-2.809	6.763	0.4041	3.729	-0.1733	-5.461	1.896
1.500001987e12	-8.776	6.573	1.339	-0.8191	4.263	-8.142	1.279	2.157	4.028
1.500001988e12	2.26	-9.109	3.418	-6.494	-8.666	-0.9229	0.3015	6.351	-6.074
1.500001989e12	7.501	-1.992	-9.297	8.505	8.699	6.742	-5.919	-1.636	6.81
1.50000199e12	9.841	8.995	1.093	-7.517	-1.578	-6.733	1.554	-8.787	-6.298
1.500001991e12	-8.254	3.202	9.437	-4.341	-2.306	1.04	3.845	-6.855	3.088
1.500001992e12	3.212	5.99	-6.217	2.992	2.025	2.791	7.329	-3.937	5.114
1.500001993e12	8.492	9.288	9.43	0.5322	-6.729	3.702	-7.571	-5.022	2.739
1.500001994e12	-8.722	0.2332	-2.759	4.312	-3.052	-3.862	8.525	8.687	6.483
1.500001995e12	4.104	-7.029	-4.716	9.241	-5.681	9.001	-2.168	-1.068	2.065
1.500001996e12	-1.932	2.827	1.012	3.835	-8.147	-1.714	5.947	-5.328	4.878
1.500001997e12	7.612	-6.345	1.625	8.727	1.046	-2.7	-9.15	8.378	-6.537
1.500001998e12	7.667	7.599	-6.873	-6.41	-3.599	-5.645	1.265	9.241	-6.127
1.500001999e12	-4.143	-1.095	9.299	-1.173	-1.162	-2.727	-0.4785	-5.876	9.324
1.500002e12	-8.037	4.125	3.531	2.788	-3.572	-7.911	0.4407	-4.944	-3.228
1.500002001e12	-2.427	8.678	-6.78	-8.295	-8.669	-4.386	9.852	3.185	-3.09
1.500002002e12	-9.271	4.99	-0.4993	7.523	5.491	2.061	-9.8	-1.384	1.295
1.500002003e12	-3.899	-0.3552	-4.379	-8.568	-8.21	-0.7422	-9.382	-6.185	-2.477
1.500002004e12	-9.945	4.733	-6.948	-7.368	-9.645	-1.604	-2.573	4.226	-5.975
1.500002005e12	3.	-0.3638	-3.588	6.614	6.416	8.727	-4.824	7.334	-8.738
1.500002006e12	-7.424	-2.935	3.655	5.438	7.616	9.275	4.5	9.69	7.772
1.500002007e12	3.951	-2.799	-4.469	1.254	-7.378	-6.831	7.952	-1.976	-2.736
1.500002008e12	-7.214	-6.462	5.819	-8.037	7.219	5.551	-8.882	-8.335	7.65
1.500002009e12	6.552	-3.831	0.7275	-3.499	-9.313	-8.48	9.714	-1.665	-7.316
1.50000201e12	0.426	6.958	-1.763	-5.511	3.887	-0.7202	-0.1831	4.376	-3.438
1.500002011e12	9.113	-7.665	2.252	-2.953	-1.7	4.083	3.873	0.8838	3.345
1.500002012e12	6.014	-2.363	3.721	8.237	-9.44	7.43	0.5066	0.575	8.737
1.500002013e12	-8.525	-1.227	-7.825	-6.169	-0.9961	-3.545	6.722	7.714	8.245
1.500002014e12	8.175	-6.959	3.864	8.24	-0.8704	7.336	3.187	9.36	-6.893
1.500002015e12	-5.848	-0.3101	-0.2148	5.225	1.749	-8.959	-2.634	1.21	1.84
1.500002016e12	2.933	-1.766	0.697	-9.783	-8.208	6.448	-8.286	9.436	-0.686
1.500002017e12	2.78	-2.009	-4.773	9.858	4.261	9.717	-9.874	-2.833	-8.713
1.500002018e12	4.623	9.227	7.335	-8.179	7.958	-7.668	9.724	-5.002	-6.012
1.500002019e12	-7.894	6.058	3.381	0.9558	-1.783	9.395	0.5554	5.007	-1.908
1.50000202e12	5.883	6.52	-8.082	9.021	-6.686	-7.629	8.019	5.37	1.492
1.500002021e12	3.54	-8.273	-9.248	6.156	-6.687	-6.384	-9.556	-5.333	2.246
1.500002022e12	-5.894	-1.061	-4.855	5.731	0.6555	7.042	9.	-9.061	2.656
1.500002023e12	-9.915	8.478	-5.083	-0.2856	-5.793	3.953	8.932	1.982	-3.708
1.500002024e12	0.8521	-7.573	0.481	0.4297	-7.751	1.36	3.569	-8.059	-2.81
1.500002025e12	4.	-7.448	-7.816	2.598	0.5859	9.053	3.098	0.863	-6.842
1.500002026e12	-9.841	8.7	1.918	-3.9	8.345	-0.9546	1.353	5.641	-2.726
1.500002027e12	-0.6616	9.318	-5.8	8.215	0.4004	-0.05371	-4.705	-0.3162	-3.243
1.500002028e12	-3.011	-1.434	-0.3638	-9.729	8.811	-3.096	-7.81	-6.479	-5.828
1.500002029e12	6.693	1.117	2.275	4.639	1.455	8.567	8.289	7.552	-7.125
1.50000203e12	-8.556	1.658	6.329	-7.927	9.886	-1.475	5.795	6.692	-0.3064
1.500002031e12	-3.835	-0.9265	-3.562	-4.907	-9.362	-2.407	8.007	-6.47	-4.9
1.500002032e12	-6.757	6.152	1.919	8.262	-9.598	8.337	1.674	5.232	3.65
1.500002033e12	-3.309	-8.567	-5.707	4.672	2.198	-9.609	-9.546	-4.135	7.65
1.500002034e12	-7.478	-5.472	7.117	6.77	-9.25	-4.626	7.861	1.403	-0.07568
1.500002035e12	-5.413	9.78	-2.045	1.206	9.313	-9.987	6.237	1.47	4.082
1.500002036e12	-9.872	-9.846	2.988	-8.939	9.152	7.377	6.096	9.521	3.309
1.500002037e12	0.06592	-7.656	4.93	8.102	-8.931	0.481	1.156	-4.006	4.211
1.500002038e12	-1.024	4.363	-6.333	0.8447	-1.117	-8.263	3.677	-3.881	6.475
1.500002039e12	-7.86	-5.015	-9.541	-0.8899	0.6006	-1.976	7.726	-9.755	4.495
1.50000204e12	-0.8875	5.048	8.116	8.959	8.91	0.675	9.052	-2.03	9.944
1.500002041e12	-9.185	-3.26	7.164	-0.4871	-3.386	4.752	3.24	3.639	-2.919
1.500002042e12	5.491	-5.704	-7.532	-8.934	8.488	5.341	-8.706	-1.692	-4.203
1.500002043e12	6.005	-6.49	1.698	6.991	-6.89	-7.848	-2.819	-5.19	-1.829
1.500002044e12	2.791	-8.009	-1.838	-5.3	-7.626	8.459	-9.202	-1.273	-4.061
1.500002045e12	-8.848	-2.793	-7.157	-5.337	4.926	7.507	9.969	0.09277	-2.379
1.500002046e12	6.046	-2.247	-5.835	8.367	-4.442	5.138	-5.083	-4.42	5.227
1.500002047e12	-3.901	-7.258	8.182	-3.881	-1.852	3.517	4.641	-1.753	1.716
1.500002048e12	3.492	2.65	-9.108	-0.3723	6.66	-6.757	6.099	-8.046	-2.13
1.500002049e12	-9.711	-7.206	-4.214	-4.569	7.156	-8.512	0.6763	3.771	-8.154
1.50000205e12	-0.8679	-3.218	6.274	6.932	-3.912	0.3101	-5.895	-8.114	-6.257
1.500002051e12	-5.461	-0.3113	9.823	3.501	-2.062	-5.209	0.05615	3.618	3.785
1.500002052e12	1.193	-2.094	3.798	-9.373	2.998	0.04761	2.299	-9.437	-2.531
1.500002053e12	4.421	-3.427	5.491	-0.6689	-6.123	5.918	-1.407	-4.844	4.607
1.500002054e12	-6.095	-8.442	-8.978	1.102	-0.387	2.439	7.57	9.64	-3.925
1.500002055e12	-0.3027	-3.879	-5.525	-4.497	3.315	-0.4858	-9.667	-9.314	-7.444
1.500002056e12	-2.271	5.508	-2.463	-1.552	9.475	-0.6494	5.703	2.738	-4.348
1.500002057e12	-1.573	9.731	5.718	3.824	3.069	8.784	-3.722	9.257	9.661
1.500002058e12	8.428	3.273	3.328	-1.265	-8.556	-4.769	-0.1379	6.434	-1.722
1.500002059e12	-3.182	5.902	5.438	-7.209	9.371	7.001	-9.37	-8.179	-3.313
1.50000206e12	2.068	4.36	-7.034	7.009	0.6226	-5.768	1.324	-4.343	-5.472
1.500002061e12	1.703	-9.93	2.125	1.304	-2.5	5.134	-7.936	1.313	8.524
1.500002062e12	-9.435	7.861	-2.112	9.656	2.714	-2.44	-6.263	-4.247	7.878
1.500002063e12	0.78	-7.57	3.052	9.871	6.901	-0.6042	0.02197	0.6104	6.545
1.500002064e12	0.4077	4.467	9.578	8.66	7.736	-9.474	-7.26	6.635	2.86
1.500002065e12	5.602	7.444	7.455	4.001	4.293	7.275	-6.794	6.935	-5.53
1.500002066e12	-5.203	4.294	-8.585	-1.786	-1.293	-6.895	8.545	-2.711	-3.431
1.500002067e12	-9.03	-7.089	2.767	3.857	-5.334	5.553	-6.63	-0.9155	0.7117
1.500002068e12	9.023	-5.856	-6.255	-9.215	3.273	3.668	-8.446	8.859	-9.818
1.500002069e12	5.28	-9.73	-1.385	2.043	-8.459	-3.668	7.493	-8.608	6.707
1.50000207e12	1.732	3.884	5.16	2.875	9.31	-5.792	-7.515	-7.052	-9.553
1.500002071e12	6.245	0.3882	-9.109	4.377	6.713	9.574	7.041	-3.352	0.3625
1.500002072e12	6.512	5.326	2.5	5.803	-4.319	-8.978	3.378	3.717	-0.3198
1.500002073e12	-0.9387	7.515	0.343	4.705	-7.	8.066	3.932	0.5151	-9.601
1.500002074e12	-2.284	4.802	-9.22	7.136	4.075	8.494	-7.968	4.084	-0.1538
1.500002075e12	-7.742	4.553	-1.522	-0.8594	2.223	7.507	-3.401	-3.308	-9.598
1.500002076e12	-7.505	7.091	-0.2454	2.41	4.309	-4.347	0.4529	3.353	2.859
1.500002077e12	-4.636	-9.911	3.085	-5.083	5.808	-3.217	6.389	0.376	3.396
1.500002078e12	0.4297	9.192	5.012	8.373	-9.087	-7.841	-2.8	0.1807	-7.635
1.500002079e12	-4.998	-7.466	-0.824	7.429	-4.994	1.357	-4.099	-6.991	8.331
1.50000208e12	8.373	0.4272	0.4272	-9.362	6.611	1.625	3.185	-6.091	1.913
1.500002081e12	7.856	4.333	0.2673	7.271	-1.248	9.548	5.905	-0.06348	8.572
1.500002082e12	-8.873	-7.208	2.234	-6.208	6.208	-3.524	-0.5896	7.961	-4.042
1.500002083e12	0.7935	7.838	-7.009	-3.185	-5.327	-1.497	-4.475	7.218	7.759
1.500002084e12	7.566	-1.644	-6.171	0.9888	5.037	-9.237	6.45	4.707	-9.426
1.500002085e12	6.338	1.318	9.991	2.061	3.113	3.898	-4.253	5.079	1.627
1.500002086e12	4.928	-8.451	6.729	1.992	-0.2063	8.043	7.441	-6.469	8.468
1.500002087e12	2.478	5.898	9.061	-7.881	-1.453	-6.818	8.507	-6.848	3.713
1.500002088e12	-1.814	5.084	-5.149	-8.809	-0.2441	9.901	1.085	-3.365	-1.783
1.500002089e12	-9.001	6.709	-4.209	6.182	0.1025	8.634	-5.06	-2.371	-4.102
1.50000209e12	8.571	-4.282	-6.095	-6.345	7.892	-7.82	-8.865	-7.59	0.7849
1.500002091e12	7.328	-0.7422	3.868	1.036	7.194	-2.897	-0.7275	2.62	9.446
1.500002092e12	-3.875	-8.813	-4.059	7.542	5.308	9.669	7.096	-7.909	6.29
1.500002093e12	-7.109	-6.886	-2.396	-3.082	2.49	9.062	-5.242	-6.965	9.414
1.500002094e12	1.217	8.163	-0.8069	-6.396	-7.151	9.728	-4.795	-7.482	-3.395
1.500002095e12	8.889	-5.287	-4.781	-0.293	5.492	-5.782	9.578	7.972	-6.936
1.500002096e12	1.36	-7.174	6.683	9.558	0.2014	6.45	-4.958	-3.304	-6.328
1.500002097e12	4.44	5.192	-0.8069	3.928	6.814	-3.574	-5.02	-3.091	3.899
1.500002098e12	-6.404	9.412	-9.268	6.683	5.979	-9.075	-5.414	-0.8557	8.306
1.500002099e12	-5.771	2.096	-2.094	3.502	-2.521	-3.065	-6.144	1.372	0.6787
1.5000021e12	4.266	1.262	-1.776	-9.639	-3.425	0.8289	-6.344	-1.299	2.593
1.500002101e12	-3.478	0.5225	5.879	-8.644	-0.0293	-6.188	2.269	7.224	-0.6165
1.500002102e12	-3.928	4.192	-0.553	3.713	-7.548	-5.065	-5.857	2.874	-2.993
1.500002103e12	-5.657	7.949	1.572	2.34	3.7	-7.399	-9.561	-0.8936	-5.299
1.500002104e12	1.056	-1.726	-8.875	0.6384	-6.401	1.715	-9.9	-0.8276	-3.993
1.500002105e12	7.864	7.772	-5.763	-0.293	-2.343	4.982	-8.457	-0.166	-4.281
1.500002106e12	6.116	-5.071	-5.739	5.391	-2.971	-9.995	3.132	-0.6433	4.65
1.500002107e12	-3.899	-2.982	-6.98	7.567	-7.771	1.122	-9.836	-1.283	-3.483
1.500002108e12	6.014	-1.456	8.611	-8.418	4.683	-7.096	8.263	0.08789	-2.202
1.500002109e12	1.243	-2.526	-9.567	-4.224	-9.015	3.951	-5.925	-2.469	3.142
1.50000211e12	4.186	-6.923	5.739	-0.09521	-6.355	8.025	0.8386	1.749	1.434
1.500002111e12	-5.693	-6.909	5.092	-0.7825	9.442	-9.175	6.882	2.957	-9.686
1.500002112e12	2.075	-1.277	-9.078	7.172	3.073	7.205	7.758	-8.403	9.764
1.500002113e12	-7.529	-6.24	-8.075	1.799	-1.486	-5.842	6.221	-7.649	0.9558
1.500002114e12	-2.229	-0.7666	-1.41	-2.904	6.516	6.354	-9.888	-3.102	-6.028
1.500002115e12	-9.677	-4.711	1.429	5.624	-0.719	3.511	7.175	2.367	-2.874
1.500002116e12	-1.587	-8.319	7.394	3.06	-4.956	8.976	3.313	-5.188	-6.107
1.500002117e12	-3.619	-2.233	-1.329	-0.1379	-8.002	-3.486	-2.614	-6.661	-9.099
1.500002118e12	7.229	3.239	8.32	-3.728	9.351	-2.549	-7.285	-2.441	-4.116
1.500002119e12	-9.359	-1.729	4.415	8.671	-1.421	0.5237	6.426	-0.6079	3.853
1.50000212e12	7.366	-9.486	8.495	-0.332	-3.788	-4.694	-3.752	-4.219	-4.541
1.500002121e12	-0.01831	-4.042	7.262	0.7971	-4.41	-6.859	7.462	7.657	-0.04028
1.500002122e12	6.416	7.375	0.3748	-1.221	9.034	6.125	1.639	1.851	-1.478
1.500002123e12	8.711	-8.76	-4.215	6.527	9.851	4.843	-3.575	6.803	8.987
1.500002124e12	1.846	-9.313	1.713	-1.078	1.621	6.23	8.107	6.886	-3.771
1.500002125e12	6.605	8.164	2.322	-9.386	-5.643	-4.114	-6.647	9.417	-2.01
1.500002126e12	-5.696	0.8423	7.861	-0.7935	-0.4382	-6.403	-0.3284	7.432	-8.932
1.500002127e12	-3.269	1.277	6.056	1.716	1.261	-2.17	5.607	-9.169	5.45
1.500002128e12	-1.694	-7.153	-3.705	-7.357	-8.518	1.304	-1.77	-2.902	-7.054
1.500002129e12	9.586	6.223	4.645	-8.191	9.313	9.573	-7.419	-7.668	1.826
1.50000213e12	6.807	8.121	4.534	-5.596	6.65	-0.929	-3.335	-0.9119	6.544
1.500002131e12	2.604	7.799	-5.343	9.194	0.8667	2.722	-8.982	2.379	7.798
1.500002132e12	-8.531	-3.807	-6.915	-9.205	9.481	0.1404	-7.188	1.738	-9.513
1.500002133e12	-3.187	8.402	7.983	0.3931	4.391	2.179	3.988	-4.415	5.326
1.500002134e12	8.601	-9.779	-2.095	-6.128	2.632	1.455	2.274	6.781	-9.218
1.500002135e12	9.323	0.1746	4.884	-4.563	-9.252	4.204	2.415	-5.536	-0.8203
1.500002136e12	-0.4456	8.097	3.055	1.407	9.553	8.188	1.25	-8.33	5.618
1.500002137e12	1.064	2.034	-9.264	-2.959	2.759	3.468	8.174	0.1978	1.681
1.500002138e12	2.26	-4.471	-3.464	-1.045	-9.68	-7.949	2.333	6.157	7.456
1.500002139e12	3.274	6.719	-2.651	2.338	0.1599	1.477	6.942	-5.348	4.486
1.50000214e12	7.087	-4.354	-9.462	-2.148	8.312	3.704	8.58	7.974	-7.412
1.500002141e12	3.676	8.181	9.64	5.103	-2.109	-4.617	-3.632	9.249	4.893
1.500002142e12	-0.5908	6.25	1.329	7.786	-4.946	3.644	4.729	7.128	-8.169
1.500002143e12	0.7874	-8.066	-4.052	-3.302	8.324	-8.568	-7.595	3.995	9.402
1.500002144e12	-4.72	-9.564	-7.787	0.09399	7.664	-7.023	3.911	-1.542	-8.571
1.500002145e12	-2.836	3.774	-2.515	-4.154	2.117	-9.722	-1.819	-9.061	4.873
1.500002146e12	-4.271	1.121	-8.732	-3.685	-0.9192	-8.53	2.594	7.588	-9.209
1.500002147e12	0.1318	0.6885	-5.448	8.732	3.734	-7.002	-9.663	-6.863	9.014
1.500002148e12	-1.064	7.035	-8.406	3.944	8.132	-6.937	7.281	5.221	-1.411
1.500002149e12	2.849	-9.186	-3.019	-5.353	-9.479	6.407	2.343	4.832	-8.212
1.50000215e12	-5.643	1.453	5.861	3.276	5.479	-9.167	-2.357	6.039	-3.813
1.500002151e12	-2.71	8.961	3.922	8.954	2.963	-4.075	9.821	9.961	-8.71
1.500002152e12	-3.025	4.037	-8.14	4.061	-6.128	1.522	-1.83	6.121	2.762
1.500002153e12	-2.941	-5.475	2.424	7.969	-4.518	-8.13	8.721	0.9106	-6.918
1.500002154e12	1.362	4.893	-8.629	-9.332	-6.792	-0.08789	6.133	0.752	-9.847
1.500002155e12	-7.728	6.672	9.418	3.456	9.906	-1.135	-4.397	5.5	-3.501
1.500002156e12	-4.041	3.824	-7.648	8.167	-4.589	-3.041	1.6	-7.252	-2.039
1.500002157e12	4.751	-0.5029	3.954	-1.731	-7.997	-3.271	-9.011	-5.781	6.989
1.500002158e12	1.219	3.392	-1.715	5.913	9.608	-3.68	2.362	4.677	0.658
1.500002159e12	-9.093	-1.404	-6.959	-8.486	-6.946	0.2551	-0.4907	-3.235	0.2148
1.50000216e12	-2.14	-6.332	9.49	5.627	-0.9131	2.235	1.13	0.6104	9.121
1.500002161e12	3.654	6.167	-4.255	3.998	8.618	-8.419	2.684	4.735	-6.279
1.500002162e12	-2.103	-3.558	9.458	-3.923	2.054	-4.31	-0.1624	4.724	6.119
1.500002163e12	-2.417	2.594	-5.557	-1.306	-8.412	-2.313	4.548	-9.785	-5.255
1.500002164e12	-8.473	-5.894	-3.981	8.441	0.1416	2.39	-7.983	3.21	0.09155
1.500002165e12	-8.907	9.884	-5.583	7.601	-3.936	-5.466	1.593	-9.873	-4.745
1.500002166e12	-4.47	8.517	-1.464	-4.279	2.285	-3.318	-8.594	-6.846	5.629
1.500002167e12	-3.25	3.396	8.671	4.281	-2.72	-0.5725	3.593	2.013	-6.865
1.500002168e12	-4.835	7.495	-3.092	-3.558	-3.796	-1.122	-5.239	-4.592	7.825
1.500002169e12	-6.461	-8.997	4.852	8.315	9.691	1.177	0.2246	-5.216	3.094
1.50000217e12	1.951	-7.296	-4.806	6.481	4.263	-1.58	5.809	-3.628	-6.627
1.500002171e12	3.771	7.883	2.914	-4.806	-0.2881	-9.366	-0.6287	-9.985	0.5981
1.500002172e12	-3.463	7.482	4.657	7.719	-7.715	-9.446	2.329	-8.086	-4.053
1.500002173e12	6.891	-2.241	1.342	4.564	-0.3394	-8.091	-7.362	5.353	-9.482
1.500002174e12	5.642	-4.	0.1123	8.617	5.31	-3.431	5.927	7.708	-5.137
1.500002175e12	6.578	-6.754	9.136	-9.703	1.946	-2.365	0.3333	-6.636	2.549
1.500002176e12	8.441	9.219	-4.102	-5.118	6.027	6.404	-6.021	5.994	-0.6458
1.500002177e12	-0.3198	-7.802	-7.102	-4.976	-6.346	8.104	3.138	0.6433	-1.011
1.500002178e12	3.19	4.436	0.9412	-1.113	7.129	-5.308	5.243	5.504	3.759
1.500002179e12	-2.369	2.756	9.465	2.01	-5.557	9.202	9.835	-8.024	-2.375
1.50000218e12	-8.442	1.442	4.363	8.676	-8.871	8.706	3.658	-6.069	-1.421
1.500002181e12	-3.319	-2.838	0.4761	-9.65	-2.269	-4.131	2.35	7.095	-8.054
1.500002182e12	-8.048	4.358	2.175	-3.85	-8.507	7.753	-8.425	9.291	2.822
1.500002183e12	7.048	-6.495	-3.64	-9.241	-5.154	-6.235	2.778	3.522	-5.894
1.500002184e12	-5.391	-4.545	5.148	2.905	-0.5566	2.834	-6.411	-2.175	-0.06958
1.500002185e12	-2.249	-3.389	-3.529	1.879	-2.032	-7.85	-0.01221	4.165	-0.6702
1.500002186e12	3.199	6.774	1.964	2.665	0.07812	-9.038	1.152	-7.413	6.523
1.500002187e12	-2.375	6.718	-2.526	-1.332	3.132	-5.156	-1.82	3.926	-6.34
1.500002188e12	-5.656	-7.29	7.325	2.211	-2.106	-9.713	-8.079	-1.37	-7.301
1.500002189e12	8.967	4.352	8.064	-0.7678	-0.8484	-1.66	-0.7703	9.22	1.779
1.50000219e12	-2.954	-7.328	-7.096	2.593	4.576	1.744	-8.768	3.027	5.089
1.500002191e12	-0.4773	7.585	-7.686	9.137	-3.542	-9.849	-6.927	8.365	-4.213
1.500002192e12	-2.246	-0.1929	0.199	-7.719	5.603	1.949	8.38	6.61	8.08
1.500002193e12	8.823	-7.145	7.028	-3.362	1.628	3.783	-1.796	-0.6384	7.765
1.500002194e12	7.99	7.463	8.114	-5.128	0.7739	1.085	5.67	-3.406	8.844
1.500002195e12	-2.146	8.474	0.1941	-0.0708	-8.375	3.041	7.723	-4.143	-0.1758
1.500002196e12	8.829	8.647	6.699	-2.915	-7.794	-7.665	-6.328	-8.64	5.343
1.500002197e12	-8.873	5.826	-4.569	-2.673	4.929	8.01	8.856	9.701	-5.511
1.500002198e12	-5.021	7.897	8.677	-7.001	-3.773	-6.908	0.4626	-8.329	-2.506
1.500002199e12	-4.437	-3.143	8.497	8.513	5.413	-4.55	5.933	-2.988	-9.197
1.5000022e12	-1.458	7.067	1.754	2.546	8.344	8.046	-5.135	-0.5701	-7.294
1.500002201e12	-3.292	7.047	-3.221	-1.742	2.986	2.81	9.434	7.214	9.22
1.500002202e12	2.654	1.881	5.006	-9.854	-8.427	-9.213	-5.438	3.217	-6.545
1.500002203e12	-0.9741	-4.456	-5.765	8.794	-8.599	-5.785	-1.895	-9.241	-0.9802
1.500002204e12	9.175	0.2063	-6.609	0.3528	4.159	-3.235	-8.833	-8.013	0.1636
1.500002205e12	-3.983	7.534	-2.294	2.59	1.169	-4.275	6.809	4.415	-9.363
1.500002206e12	-6.141	-2.942	-6.312	2.872	4.525	-9.077	-3.763	-4.449	-4.332
1.500002207e12	8.387	-6.014	7.795	-4.053	8.083	-9.965	-2.809	-4.51	8.846
1.500002208e12	1.135	5.063	9.105	-4.937	-3.158	1.241	3.174	-9.491	-2.673
1.500002209e12	-2.716	-1.851	5.8	-3.212	1.705	-4.774	5.488	-9.982	-3.213
1.50000221e12	9.27	-1.334	1.566	2.865	-6.385	-1.549	-7.542	-1.243	5.886
1.500002211e12	5.291	4.702	5.11	8.26	9.01	-8.917	-2.255	7.169	8.56
1.500002212e12	0.1074	-2.854	-7.555	8.779	6.968	-6.721	-4.056	-4.015	4.926
1.500002213e12	-0.4211	-8.827	3.11	-7.396	5.895	4.497	1.967	2.039	-9.711
1.500002214e12	-7.33	9.293	-3.545	-6.244	-3.218	-4.332	-2.631	7.118	-8.468
1.500002215e12	-8.914	-3.206	-4.896	-6.19	-4.154	8.611	4.058	1.665	0.9216
1.500002216e12	-8.418	9.093	8.552	-5.782	0.9558	-0.553	-7.588	-4.657	3.319
1.500002217e12	-3.722	-1.55	-0.835	7.649	-6.239	4.26	2.625	6.82	2.643
1.500002218e12	9.514	-1.858	-3.676	0.5701	8.989	-0.09033	9.785	9.789	2.566
1.500002219e12	6.825	-9.893	-0.7532	6.21	-7.683	-5.244	-9.58	-9.473	-7.314
1.50000222e12	-6.692	6.899	6.659	3.14	-9.982	-6.735	-8.	4.805	6.346
1.500002221e12	-0.2246	-6.332	-2.224	0.9009	8.276	2.618	-6.813	-8.076	9.38
1.500002222e12	6.155	6.797	-3.292	8.938	-2.306	-3.083	9.183	-6.213	-6.805
1.500002223e12	4.478	-4.873	-9.11	-4.99	8.949	-9.135	6.272	-3.165	4.298
1.500002224e12	-7.222	-1.331	-2.295	-9.753	-3.361	-1.544	-1.818	7.721	2.904
1.500002225e12	1.77	2.268	6.66	4.396	-7.985	-1.974	-1.102	7.137	7.413
1.500002226e12	7.219	0.4517	4.506	-7.306	7.897	8.871	9.698	-0.2026	-6.279
1.500002227e12	-6.196	-5.431	6.62	-7.167	9.469	9.991	8.473	0.2258	-1.238
1.500002228e12	4.886	-4.821	-8.628	-9.049	-3.625	7.806	-7.582	1.229	-3.805
1.500002229e12	-7.273	0.9277	-6.493	-0.9265	-1.394	-0.2625	4.438	6.711	6.432
1.50000223e12	1.97	1.191	-1.375	2.455	-5.891	-5.267	3.379	7.317	1.838
1.500002231e12	-4.592	4.651	-8.724	6.7	-1.616	6.011	-5.444	4.358	9.202
1.500002232e12	-3.4	-5.609	8.44	2.079	8.079	5.839	0.0293	0.7312	0.4944
1.500002233e12	7.494	1.79	-7.471	0.4041	2.61	-3.162	-8.298	-2.03	-5.088
1.500002234e12	2.786	6.632	-9.198	-2.231	-3.944	8.002	-5.153	-0.04517	9.269
1.500002235e12	-0.3845	1.504	8.723	8.273	0.6653	-5.492	-7.166	6.26	2.913
1.500002236e12	-9.103	7.733	-8.844	-8.312	-2.161	-2.582	6.169	1.964	8.668
1.500002237e12	9.857	-5.964	6.776	0.03174	-1.913	-6.191	1.857	-1.995	-3.929
1.500002238e12	-8.507	2.878	-9.155	3.807	9.331	-0.3906	-4.977	4.862	-3.362
1.500002239e12	-9.971	4.227	-7.124	-1.217	9.609	7.67	3.291	-9.999	7.548
1.50000224e12	5.261	-6.777	-9.542	2.616	-9.769	1.835	-0.3552	9.344	-1.823
1.500002241e12	7.55	7.034	6.401	-5.085	7.655	3.269	-8.568	1.791	1.539
1.500002242e12	-6.846	-1.215	-8.898	6.587	2.374	-5.948	1.016	4.622	-3.512
1.500002243e12	6.244	8.502	-4.23	6.643	-3.643	-4.583	-3.815	3.24	-2.725
1.500002244e12	7.965	1.479	9.6	-3.906	-5.925	0.3955	9.476	3.943	-5.135
1.500002245e12	7.355	5.577	3.964	8.085	-5.303	9.661	-4.89	4.999	-6.301
1.500002246e12	2.235	-2.419	-2.441	4.662	-4.905	1.698	1.667	-6.359	8.159
1.500002247e12	0.7104	-4.288	0.8447	7.444	6.564	-5.869	4.867	9.623	-4.934
1.500002248e12	-6.389	-9.009	-8.417	-1.157	2.125	0.2026	-6.732	-6.565	3.175
1.500002249e12	6.807	1.343	1.628	-3.547	5.872	-0.6982	-4.088	-4.937	-6.362
1.50000225e12	5.468	7.217	0.06226	-1.635	9.752	3.159	7.817	9.995	1.15
1.500002251e12	5.675	-9.25	7.557	-0.4248	-7.585	9.691	-4.875	8.075	-7.662
1.500002252e12	-2.775	-3.253	-7.782	-4.412	-5.221	-3.893	4.283	-3.519	7.882
1.500002253e12	-0.7666	-4.944	-8.929	-1.375	-8.969	4.661	-0.7593	0.2002	2.976
1.500002254e12	1.534	-5.482	-8.582	2.054	-0.4736	-0.5359	6.923	-3.164	-4.955
1.500002255e12	-3.746	0.5627	-5.282	8.312	-7.874	7.07	0.08057	-0.9265	-5.485
1.500002256e12	7.152	-2.092	-7.063	7.554	3.103	9.199	-8.671	-8.705	-8.822
1.500002257e12	-1.544	-8.394	-5.527	1.758	2.106	-5.586	-3.162	2.325	2.563
1.500002258e12	0.7617	-3.212	3.719	-9.646	-9.849	-9.213	-5.743	2.982	-4.79
1.500002259e12	-7.856	6.144	1.178	7.631	-5.751	0.177	3.354	-6.791	-8.298
1.50000226e12	-2.815	-3.634	-3.456	-2.478	-9.851	-6.676	2.646	-4.294	2.888
1.500002261e12	4.921	1.404	2.051	1.649	-0.8142	2.161	-6.611	-5.193	5.894
1.500002262e12	5.756	-0.5249	-4.512	-9.875	-5.762	2.471	5.265	4.542	-5.778
1.500002263e12	-7.509	-9.388	-7.325	2.452	-6.39	3.696	-2.236	-0.7385	-7.435
1.500002264e12	-9.084	0.3613	-4.817	7.853	-9.392	-0.4541	-0.4126	0.2185	4.105
1.500002265e12	-7.509	1.602	-0.6909	-3.901	7.483	-8.037	-4.403	-3.308	-3.948
1.500002266e12	3.229	2.173	-0.8508	-5.001	-7.582	7.351	8.174	-8.464	-6.482
1.500002267e12	-1.644	-1.259	3.219	2.042	6.267	-6.759	-0.5164	-8.457	-8.411
1.500002268e12	1.63	-0.8093	-7.747	5.162	-5.427	-5.961	-8.203	5.15	7.242
1.500002269e12	8.459	-9.512	-0.7129	-2.705	7.267	8.093	-9.591	-2.664	0.0354
1.50000227e12	9.441	8.245	7.078	4.23	-6.45	-5.048	6.791	-5.045	-9.004
1.500002271e12	7.179	-3.273	-7.263	-2.438	-9.084	7.284	-9.039	-5.559	2.272
1.500002272e12	6.019	-9.563	1.384	-5.381	1.664	-1.842	2.773	-5.295	3.331
1.500002273e12	5.201	0.1794	3.358	-1.58	-0.6873	6.049	8.293	4.968	1.594
1.500002274e12	-1.2	2.009	1.986	2.451	6.719	-0.4211	0.09399	-6.149	8.729
1.500002275e12	-9.221	8.575	6.946	3.512	-3.328	4.994	1.715	-7.327	-7.151
1.500002276e12	7.823	-0.21	9.623	-3.481	-6.388	5.898	4.982	0.5542	-4.301
1.500002277e12	3.03	8.927	-5.836	5.289	-1.139	4.738	8.59	-8.495	4.674
1.500002278e12	7.806	-6.344	7.781	-3.734	7.161	-9.758	-6.907	-4.926	-7.446
1.500002279e12	-1.63	-2.086	3.56	1.019	3.542	-0.9558	7.98	-0.8752	-8.833
1.50000228e12	6.521	7.032	9.424	-2.2	9.271	-0.8655	8.01	-6.238	1.111
1.500002281e12	2.29	9.541	-4.392	4.312	-7.787	-9.994	2.266	4.866	-4.603
1.500002282e12	-2.969	4.198	-2.686	1.246	3.782	1.215	0.8789	-4.369	-5.089
1.500002283e12	3.228	0.9692	-4.237	-2.721	6.908	9.698	-1.702	3.33	9.888
1.500002284e12	-0.02197	3.807	9.912	-9.042	-1.737	6.18	-8.005	3.877	7.433
1.500002285e12	-3.717	-8.181	2.186	0.3894	7.281	-9.474	-0.9888	0.686	-8.33
1.500002286e12	7.78	1.754	-3.265	1.683	2.13	-7.999	7.068	-8.724	1.698
1.500002287e12	-7.869	-1.71	1.786	9.938	-6.736	-2.43	-9.792	-5.04	3.956
1.500002288e12	-5.222	-0.144	-3.643	9.871	-5.413	-8.881	-4.736	-4.54	8.872
1.500002289e12	-8.884	-0.9668	0.769	-0.02441	-7.313	2.48	7.391	-3.27	-6.75
1.50000229e12	0.6531	7.966	-8.169	-1.307	6.549	2.4	1.978	4.102	8.44
1.500002291e12	6.187	7.659	3.188	4.562	-0.874	-1.08	8.405	4.531	-5.374
1.500002292e12	8.92	-9.912	-6.295	-8.632	-4.795	1.923	-0.6189	-9.163	0.2637
1.500002293e12	-8.068	7.175	0.006104	4.818	-4.449	0.4968	-3.167	-0.1538	4.102
1.500002294e12	-4.065	2.039	-1.21	-3.049	8.185	2.09	0.321	-1.403	-7.711
1.500002295e12	3.857	-9.955	-3.026	3.696	0.6763	7.931	-8.418	3.975	-9.906
1.500002296e12	4.225	-3.306	-4.097	5.734	-6.274	3.676	6.98	6.918	9.363
1.500002297e12	4.907	-7.394	8.816	-8.593	-2.7	7.744	1.321	2.896	-4.821
1.500002298e12	2.419	8.146	-6.938	-1.562	8.69	-6.158	-8.856	4.591	1.122
1.500002299e12	4.059	-3.529	0.4126	3.601	7.826	-7.578	-5.251	2.472	9.85
1.5000023e12	-6.703	-1.786	4.243	-9.144	2.554	-0.5359	7.164	-8.069	8.575
1.500002301e12	-6.643	5.015	9.893	8.965	-5.868	0.2576	0.8276	-1.105	9.178
1.500002302e12	8.406	7.271	9.728	-7.734	-6.229	-3.303	-1.544	9.755	-2.285
1.500002303e12	-2.589	2.037	-2.842	4.283	-8.506	8.794	3.953	1.686	-5.677
1.500002304e12	-6.113	-3.743	-7.428	9.148	-0.1416	-7.911	-0.2417	-7.467	-5.568
1.500002305e12	2.146	5.184	-8.28	-5.215	-5.433	-7.77	9.508	-6.337	-7.524
1.500002306e12	8.055	-4.875	-2.786	-8.92	7.533	3.623	5.28	-2.388	7.881
1.500002307e12	2.888	7.979	5.944	-7.065	6.737	7.412	7.738	6.053	-3.531
1.500002308e12	3.516	3.192	-5.511	-6.572	5.648	-0.4858	4.22	-6.483	-0.1416
1.500002309e12	6.603	-3.379	-8.857	-8.297	-4.437	-9.905	9.291	5.977	-8.619
1.50000231e12	9.939	8.511	4.465	6.421	4.679	-9.353	-2.542	-3.848	-3.462
1.500002311e12	0.5798	7.482	-2.645	3.285	-3.336	8.939	-3.201	-4.484	-8.507
1.500002312e12	6.76	-5.295	5.54	-7.229	-0.3809	9.084	2.568	7.217	-4.956
1.500002313e12	3.956	5.479	-0.4785	-3.751	2.225	5.334	-2.443	-9.746	8.401
1.500002314e12	-3.623	5.42	-4.148	3.051	-1.923	4.307	3.485	2.288	5.449
1.500002315e12	3.153	9.85	-1.031	-0.3613	-5.087	4.913	6.217	3.243	-0.8398
1.500002316e12	-6.597	-5.48	-4.031	-6.086	7.999	0.8423	6.372	-5.286	5.717
1.500002317e12	4.563	1.978	0.6726	9.663	3.901	-1.749	3.143	-1.97	-6.107
1.500002318e12	3.21	8.362	7.712	-1.804	-3.777	-1.438	-4.575	1.819	6.368
1.500002319e12	1.136	-3.809	-4.017	-9.003	-9.991	4.192	3.4	-8.147	3.677
1.50000232e12	9.335	-4.807	-0.8533	-2.844	-5.707	7.329	-8.463	-2.478	-4.065
1.500002321e12	-8.588	-4.243	-5.073	9.995	-3.33	6.764	-1.239	6.543	-5.446
1.500002322e12	-9.777	6.486	1.761	0.3967	-0.1721	6.655	-7.015	-4.247	-1.473
1.500002323e12	7.106	0.03052	-1.506	-8.446	7.792	1.011	-7.524	-1.086	-6.184
1.500002324e12	-1.526	-5.659	-4.313	-3.223	7.487	-5.691	9.863	4.294	-1.479
1.500002325e12	6.432	-3.964	-4.222	3.942	6.921	-3.584	5.715	7.6	-3.081
1.500002326e12	-5.905	9.02	-8.633	-0.7043	7.41	8.046	-8.046	-3.535	6.914
1.500002327e12	-2.726	5.068	6.958	-5.43	-7.2	-0.4407	2.369	8.168	-8.844
1.500002328e12	1.216	-1.073	-1.995	-6.75	-4.314	-4.684	5.045	-7.698	8.202
1.500002329e12	-0.1221	9.952	4.071	1.578	-3.	-7.273	6.586	-6.134	-4.004
1.50000233e12	-6.393	8.719	6.394	-5.314	-4.552	0.7983	1.263	1.73	5.104
1.500002331e12	-3.861	2.433	9.926	4.896	2.406	3.345	-3.176	8.33	-0.979
1.500002332e12	-6.002	-6.699	0.282	-6.042	7.437	4.767	-4.741	9.622	4.257
1.500002333e12	6.575	8.842	3.486	-3.179	4.241	1.139	-9.79	2.253	-1.32
1.500002334e12	-5.227	2.059	-3.773	-4.51	-4.707	-8.374	0.8765	-1.646	3.661
1.500002335e12	-8.254	-7.428	-2.053	9.27	5.591	5.654	5.477	9.031	-4.373
1.500002336e12	5.211	7.319	-6.619	-0.4382	-2.964	0.04883	-8.444	-5.88	-3.51
1.500002337e12	9.747	2.527	-5.576	-6.92	-6.367	9.019	9.614	1.779	-2.24
1.500002338e12	6.603	1.605	-9.961	6.282	-4.358	-4.825	-5.645	-8.357	-0.9839
1.500002339e12	3.483	5.818	3.723	7.675	1.213	-5.836	8.6	0.6213	4.893
1.50000234e12	-6.289	0.7935	-5.481	-7.49	-0.4187	-4.969	9.202	8.55	-9.553
1.500002341e12	4.268	6.812	-8.932	-9.215	-7.861	-8.096	-4.825	6.29	-3.16
1.500002342e12	7.93	7.443	0.7239	6.79	5.824	1.816	-3.304	-2.6	6.204
1.500002343e12	2.958	9.331	1.641	0.1282	-9.312	-1.545	8.979	-0.1733	-9.417
1.500002344e12	9.954	7.235	-9.183	-4.309	7.496	4.669	4.569	3.578	9.866
1.500002345e12	-6.288	5.824	1.981	-6.829	8.89	5.308	-5.027	-0.9937	-2.588
1.500002346e12	2.469	7.382	-6.436	5.983	-7.767	-2.502	1.487	3.191	1.409
1.500002347e12	-8.756	-6.586	6.711	0.002441	8.654	1.742	9.304	6.893	-3.17
1.500002348e12	-1.818	-0.2893	6.919	-7.421	-1.085	1.783	4.07	1.501	2.137
1.500002349e12	-6.567	3.503	-1.039	9.824	-5.686	-2.975	-5.343	-8.04	-7.928
1.50000235e12	8.618	2.858	-7.078	-8.671	-0.7971	-5.756	8.785	-4.99	8.716
1.500002351e12	-9.573	5.797	-7.053	5.294	-5.19	-5.348	-4.042	8.419	5.565
1.500002352e12	-5.959	2.424	-5.292	3.967	7.067	8.602	9.509	0.2832	7.01
1.500002353e12	-2.206	2.645	8.109	3.268	8.105	-1.937	7.484	-9.984	-6.272
1.500002354e12	-8.914	8.214	2.615	7.423	-7.847	4.747	-4.684	9.563	-7.771
1.500002355e12	-2.683	6.687	-9.591	8.717	7.012	2.004	0.1074	2.736	3.978
1.500002356e12	6.476	-5.956	-0.3528	2.992	9.059	-7.362	8.815	-7.833	-4.948
1.500002357e12	9.246	5.558	-3.054	7.614	5.066	8.955	-3.416	-8.059	1.074
1.500002358e12	-8.864	-4.778	8.617	7.34	-6.744	7.108	-3.127	-7.579	-6.145
1.500002359e12	7.347	-1.168	-0.7141	-6.598	3.317	-4.865	-0.3601	-3.387	-4.651
1.50000236e12	8.545	-1.51	-2.509	-4.702	-4.734	3.478	3.192	-4.698	0.4199
1.500002361e12	-0.7166	6.444	5.201	-2.351	-1.584	0.7373	5.011	7.269	-9.418
1.500002362e12	-9.308	6.11	6.147	2.731	8.711	7.888	8.856	0.07446	-0.01831
1.500002363e12	7.225	4.274	4.967	9.761	-5.265	-6.366	4.109	8.898	-6.902
1.500002364e12	-9.282	1.484	-4.592	0.2319	7.66	-0.8984	-2.285	-0.4041	2.427
1.500002365e12	8.688	-3.322	-9.056	8.42	-1.404	2.	-5.885	3.612	-9.017
1.500002366e12	3.796	-7.184	1.415	-7.606	-6.904	-3.254	-3.489	-7.543	6.185
1.500002367e12	-6.65	-3.202	7.344	-5.543	2.037	3.394	0.697	4.781	0.52
1.500002368e12	0.8289	-1.268	-3.666	1.511	2.665	6.03	7.942	1.866	-9.049
1.500002369e12	2.932	-4.929	-9.503	-9.242	-8.934	2.085	-8.024	3.481	-0.1672
1.50000237e12	-2.734	-4.283	2.336	8.484	-8.538	2.235	-4.596	-2.6	3.452
1.500002371e12	-2.09	3.689	7.273	2.561	6.997	6.388	8.215	-1.323	4.493
1.500002372e12	6.633	5.074	-6.846	-3.373	-4.053	-1.112	-0.4272	8.594	-3.425
1.500002373e12	-8.005	8.411	-3.264	0.9314	0.7788	3.776	-6.692	-4.258	-4.779
1.500002374e12	3.131	-9.69	-1.235	-5.695	-2.137	3.857	-1.315	5.918	-9.451
1.500002375e12	-3.121	8.439	9.524	-3.237	-6.095	3.075	1.899	3.984	0.7739
1.500002376e12	4.561	-9.177	-8.223	4.199	8.486	8.077	-2.133	0.4443	-1.1
1.500002377e12	1.804	-2.089	7.395	4.614	7.214	-4.116	-9.63	8.071	4.307
1.500002378e12	3.516	1.619	5.675	-7.296	6.277	-7.733	-9.542	8.376	2.826
1.500002379e12	-4.661	-8.994	-5.275	-3.951	-2.401	-3.568	-4.216	8.937	-7.288
1.50000238e12	-0.3271	5.416	-8.623	-3.278	1.183	8.547	-1.525	-9.689	-0.3467
1.500002381e12	-7.913	-7.272	5.728	-7.981	3.617	-0.8118	5.151	-5.732	-6.686
1.500002382e12	-9.961	1.597	-2.495	3.221	-9.33	-7.231	5.73	-6.927	-2.197
1.500002383e12	-8.527	2.949	-7.112	-0.4187	-3.784	-3.053	0.2991	-2.871	-5.575
1.500002384e12	-0.1184	8.815	7.429	9.208	6.188	0.8374	2.841	-5.375	-2.031
1.500002385e12	2.493	4.835	3.865	-2.671	8.726	0.5786	8.987	-0.3271	5.021
1.500002386e12	-9.022	-7.258	-6.233	4.045	2.48	-3.406	-6.945	-8.925	6.001
1.500002387e12	-2.611	-5.382	-2.573	2.582	0.5615	6.371	5.824	4.252	-7.606
1.500002388e12	-4.1	4.581	-7.429	-7.167	-2.823	-9.652	7.856	-1.51	1.066
1.500002389e12	-4.871	5.071	-4.183	-4.672	2.108	-3.982	-1.931	-9.023	4.911
1.50000239e12	-3.696	-9.602	0.6543	2.598	-2.839	3.085	4.318	-5.526	-6.687
1.500002391e12	-1.626	-0.008545	3.932	-8.126	5.929	-1.058	2.546	-6.729	9.899
1.500002392e12	8.732	0.3101	-2.719	-4.832	-4.076	-9.757	-7.585	-1.995	-3.672
1.500002393e12	6.37	-1.196	-1.654	7.85	0.3772	-0.04395	1.113	-8.148	1.35
1.500002394e12	9.028	3.357	4.795	4.229	4.851	-4.972	3.219	-0.8887	-3.947
1.500002395e12	-0.2222	8.319	2.882	-2.914	-5.406	-3.702	7.349	-1.82	9.574
1.500002396e12	-4.398	-9.128	2.408	6.715	-4.756	-5.829	3.005	-5.25	-1.803
1.500002397e12	9.438	-4.521	6.274	0.07202	4.282	7.581	-2.434	0.5396	3.175
1.500002398e12	6.741	9.814	6.366	-0.4517	0.1782	7.91	-7.61	3.966	-4.475
1.500002399e12	-4.54	-7.355	-2.478	-8.105	2.268	-6.665	-3.563	2.645	-5.361
1.5000024e12	-6.451	8.843	0.6348	-0.9326	1.2	-6.76	-2.635	9.723	5.901
1.500002401e12	-1.439	6.322	2.278	-3.918	3.96	-7.322	-6.475	8.18	-2.091
1.500002402e12	-9.347	-8.3	-5.753	-6.455	-4.359	-4.802	8.04	-8.878	-2.013
1.500002403e12	-5.	0.3552	7.386	-7.881	2.091	-9.644	-8.973	-4.281	3.086
1.500002404e12	0.05371	1.111	3.19	-5.707	-0.09033	3.037	0.5823	7.448	-0.3113
1.500002405e12	4.65	7.643	4.17	-7.362	4.456	-9.058	3.075	-4.557	3.571
1.500002406e12	-5.532	5.498	7.787	-1.007	7.288	-2.522	1.544	-4.882	7.416
1.500002407e12	5.005	7.528	-7.512	3.453	2.825	6.525	6.72	-9.149	2.004
1.500002408e12	-7.52	7.261	-6.982	7.177	-7.163	-7.986	4.29	8.792	1.808
1.500002409e12	8.845	-9.648	-4.75	-0.5457	9.357	4.077	-8.226	-8.597	6.407
1.50000241e12	-8.38	4.514	5.077	9.668	3.433	-4.108	-7.749	-3.246	-3.335
1.500002411e12	-2.484	-7.887	8.818	-2.872	-4.291	-4.417	9.774	-8.552	-5.673
1.500002412e12	-3.828	4.473	-8.081	-0.6116	-4.015	5.402	7.168	-8.444	9.446
1.500002413e12	0.8057	-6.628	6.426	3.199	1.049	9.286	-0.3503	8.746	-3.898
1.500002414e12	5.295	7.722	5.227	-1.443	-2.921	-4.182	-7.461	-7.24	-2.706
1.500002415e12	8.406	-9.331	1.696	5.76	-4.738	-5.51	-4.81	2.841	-4.592
1.500002416e12	-3.784	6.805	-6.307	4.572	-5.764	9.595	3.378	-3.259	9.994
1.500002417e12	-1.477	-9.319	-8.936	3.48	-8.986	8.915	-2.562	0.686	4.753
1.500002418e12	3.645	0.9009	-8.229	5.255	8.844	-4.381	3.304	-4.83	-3.351
1.500002419e12	-2.334	-4.758	-3.707	5.344	-1.003	5.831	3.665	-0.166	6.401
1.50000242e12	-9.652	3.246	6.124	-4.293	1.218	-9.081	8.	0.2368	7.49
1.500002421e12	1.461	-6.735	-0.8398	-1.736	-7.373	-5.186	1.117	-8.506	4.429
1.500002422e12	-6.246	7.546	0.0708	-6.113	-8.125	5.814	9.102	-4.139	-9.489
1.500002423e12	3.569	-6.96	-1.055	-1.344	3.447	0.1892	6.222	-5.079	7.279
1.500002424e12	1.453	-1.302	-9.877	-2.26	-8.998	6.505	8.21	0.2881	-2.288
1.500002425e12	-5.164	4.991	5.258	7.87	2.512	-5.323	-9.926	-7.975	-7.235
1.500002426e12	7.709	0.5371	-4.037	1.39	-0.06226	-2.236	-9.155	-0.979	2.986
1.500002427e12	8.325	-8.319	-3.625	-6.855	0.7397	-4.786	-9.791	4.543	-2.64
1.500002428e12	-8.615	2.88	-7.734	5.773	-6.478	-2.219	-5.072	3.511	-3.593
1.500002429e12	-0.5737	4.99	5.27	-1.539	5.103	-1.128	-5.465	9.199	8.485
1.50000243e12	0.7898	-3.984	0.6995	2.609	2.821	8.66	-5.73	0.5322	5.631
1.500002431e12	-4.882	8.838	-7.869	-3.214	-5.696	-6.488	0.9888	8.088	8.58
1.500002432e12	3.866	-2.535	2.457	4.655	-7.194	-8.556	7.833	6.973	3.754
1.500002433e12	-7.539	-0.3516	2.589	6.398	9.966	0.2783	8.005	-7.863	-7.146
1.500002434e12	-2.412	-1.425	6.011	3.617	0.08301	4.171	7.083	-6.074	4.628
1.500002435e12	4.789	-6.757	-2.957	4.321	3.142	-0.9155	-5.068	-7.528	9.388
1.500002436e12	4.668	7.234	-2.787	-0.1038	2.167	-3.348	3.457	5.616	8.02
1.500002437e12	9.766	4.27	-2.997	2.174	-9.181	6.621	7.219	3.871	-3.994
1.500002438e12	-8.315	0.8179	8.241	8.788	0.5261	-9.795	9.247	-3.456	6.19
1.500002439e12	-1.685	2.871	7.863	6.426	-6.317	-9.866	0.3601	-5.809	4.777
1.50000244e12	2.748	-9.561	-9.325	-4.189	-3.741	-6.473	9.698	0.6262	-6.32
1.500002441e12	-1.345	-1.674	-1.311	5.599	1.945	6.605	-9.951	9.81	0.2429
1.500002442e12	-6.929	-7.118	-7.3	0.5627	4.773	-6.482	-6.353	3.633	5.819
1.500002443e12	8.041	-5.803	-8.867	0.4907	-8.231	-1.32	-6.24	2.775	1.254
1.500002444e12	0.929	-4.333	2.848	-6.01	-3.263	-5.31	-0.1636	-7.938	-4.736
1.500002445e12	-4.906	3.44	-8.562	8.761	-3.854	0.1599	-0.3369	4.434	0.09644
1.500002446e12	-7.605	-9.344	-5.21	-5.704	4.421	-4.465	-9.377	-4.877	-1.448
1.500002447e12	-7.72	7.782	-0.9692	-6.204	-0.4578	-8.639	-9.526	-1.89	-3.711
1.500002448e12	9.919	-0.6372	8.466	-1.589	6.92	6.708	-7.076	-9.611	8.484
1.500002449e12	6.003	-1.584	8.175	0.5066	6.835	8.297	1.547	4.758	-6.403
1.50000245e12	4.491	-9.225	-3.549	-7.446	-6.011	-8.267	9.578	-5.298	3.644
1.500002451e12	6.063	-1.357	-8.231	9.193	-2.999	-4.358	-8.197	-3.842	9.645
1.500002452e12	-1.417	-4.751	-1.035	1.215	-0.1123	3.593	-2.537	-4.518	4.047
1.500002453e12	3.436	-8.962	9.001	7.46	-0.5615	-5.109	-8.04	-6.313	8.942
1.500002454e12	5.029	3.271	-9.249	6.859	7.408	0.7886	-8.263	7.88	8.773
1.500002455e12	7.313	4.628	6.893	-2.728	-8.646	3.32	3.759	-2.811	2.177
1.500002456e12	-9.7	-1.111	2.808	0.5408	9.081	8.929	-0.1929	1.426	-7.598
1.500002457e12	8.971	3.739	-5.763	-4.955	-8.335	-5.365	2.266	-1.765	6.625
1.500002458e12	-7.987	9.703	8.837	-1.732	3.656	-5.33	-3.716	-5.762	0.04272
1.500002459e12	-2.001	-8.138	-8.6	6.042	-9.595	-5.846	-9.226	-2.582	-0.2161
1.50000246e12	-3.762	2.764	8.169	2.074	2.028	4.979	-7.82	-3.357	2.642
1.500002461e12	-4.37	-8.815	0.4651	-1.632	2.244	-5.183	-7.278	-2.949	9.969
1.500002462e12	6.384	-4.427	-8.988	9.569	2.289	4.677	-6.409	-1.565	3.461
1.500002463e12	5.398	-3.107	-0.459	4.484	-4.224	-4.674	0.603	-1.819	-6.848
1.500002464e12	9.065	2.318	-5.162	7.384	2.288	1.332	-3.448	-8.663	7.694
1.500002465e12	-1.825	-7.518	7.124	3.705	-4.816	5.364	1.831	-7.949	-1.713
1.500002466e12	8.28	5.447	-3.853	-1.667	-0.1782	-0.3528	-1.337	-0.9253	1.75
1.500002467e12	-6.184	-0.6055	3.195	-6.902	0.6531	-3.464	-7.821	-6.018	-3.912
1.500002468e12	-1.827	-1.713	-8.759	-2.811	-4.015	1.136	2.834	-4.677	-4.539
1.500002469e12	7.124	6.456	-4.283	1.804	1.193	4.075	0.4041	6.562	-4.979
1.50000247e12	-1.727	2.565	-5.682	4.441	-8.021	-2.258	2.747	8.798	3.673
1.500002471e12	5.76	4.838	-6.289	9.856	7.891	4.312	2.028	7.931	4.221
1.500002472e12	2.688	5.378	7.982	4.51	-3.55	-7.444	6.812	3.248	-8.91
1.500002473e12	-1.147	-5.358	-3.392	-8.802	-3.721	8.621	8.059	6.399	9.084
1.500002474e12	-5.636	0.2625	-1.825	-4.496	7.236	2.179	-5.404	0.9399	-0.5615
1.500002475e12	-1.827	4.014	-5.122	5.228	-6.156	4.038	4.622	-6.021	-8.087
1.500002476e12	-1.882	-4.226	9.766	-5.529	-0.03662	-3.704	5.228	9.585	7.522
1.500002477e12	-2.482	-8.176	3.727	6.456	4.222	4.576	-6.945	-5.277	9.816
1.500002478e12	1.814	6.873	3.726	3.8	-0.1086	6.765	1.19	-6.19	9.39
1.500002479e12	-8.369	-4.532	6.013	-6.122	-7.324	8.711	3.817	-2.207	-1.129
1.50000248e12	-0.8252	-1.689	0.6152	7.408	-2.527	-7.775	9.53	-6.3	-1.331
1.500002481e12	-9.504	-6.976	1.934	-3.583	0.6274	6.295	-1.378	-1.674	2.137
1.500002482e12	-8.95	-9.081	7.469	0.4309	4.033	1.353	-6.96	1.337	0.3674
1.500002483e12	0.6384	-3.398	3.026	-8.346	-5.936	3.662	-0.6274	-7.734	8.394
1.500002484e12	-7.677	-9.015	3.666	-4.612	0.5273	-6.348	-9.868	-6.989	5.139
1.500002485e12	-2.797	0.415	-1.294	-4.585	3.558	-6.927	-8.188	6.036	0.3589
1.500002486e12	-2.422	-5.497	3.607	5.735	4.89	2.245	0.8362	4.37	0.4773
1.500002487e12	-1.547	9.519	6.517	0.7007	1.271	-6.406	8.402	7.131	9.099
1.500002488e12	-8.711	5.909	-4.29	6.853	2.535	-9.15	0.6067	-9.115	1.34
1.500002489e12	-5.851	-8.137	3.193	1.052	1.754	5.46	-3.738	-9.382	-6.599
1.50000249e12	-2.43	0.1086	9.167	0.1819	-1.799	-6.057	-6.459	8.324	6.212
1.500002491e12	-3.784	-0.979	0.3821	-8.387	-9.634	5.154	-9.561	0.6873	9.122
1.500002492e12	-4.984	-2.99	-7.771	6.482	-9.366	-2.565	-2.437	6.897	-0.636
1.500002493e12	-6.666	-0.332	2.128	2.543	-0.7605	3.856	-4.377	-6.316	7.098
1.500002494e12	-3.512	-8.623	4.218	-2.612	8.337	5.675	-0.8276	1.321	3.555
1.500002495e12	1.52	-8.292	1.926	2.437	7.766	4.995	-7.469	-0.7202	7.194
1.500002496e12	-6.639	7.225	-4.182	6.158	-6.641	6.259	-3.91	2.328	1.046
1.500002497e12	-9.792	-7.268	8.353	1.996	7.744	8.406	2.096	7.083	9.358
1.500002498e12	-1.759	6.084	0.7776	-3.972	8.739	6.221	4.984	5.236	-4.169
1.500002499e12	-8.986	-2.706	2.71	5.399	-9.952	-3.364	-8.981	-7.771	-5.208
1.5000025e12	4.928	1.104	-3.855	5.359	8.237	-9.828	-2.279	1.908	0.896
1.500002501e12	-2.025	4.504	3.398	6.106	2.258	1.907	-0.7825	-5.916	7.515
1.500002502e12	7.13	3.467	6.643	-7.335	5.183	1.494	3.594	-3.945	1.913
1.500002503e12	1.393	-5.45	-9.769	-1.718	9.89	2.371	-5.184	0.1245	5.923
1.500002504e12	8.666	-3.5	-4.788	-6.063	-3.763	0.5017	0.47	9.873	-7.892
1.500002505e12	-2.163	4.222	-5.723	-2.753	5.839	-6.831	1.536	5.482	0.6494
1.500002506e12	7.744	0.8496	4.436	0.9705	-6.168	2.55	-2.257	4.185	-4.879
1.500002507e12	-1.625	3.086	-3.804	-0.105	-5.36	4.348	5.775	-1.909	7.148
1.500002508e12	-8.647	-0.6946	-4.453	-1.633	-7.943	8.656	-1.079	0.03418	-9.797
1.500002509e12	-2.988	-3.942	0.7104	4.777	-9.882	8.361	-5.043	4.305	4.613
1.50000251e12	2.621	6.643	2.72	2.133	-7.448	2.552	-7.124	-0.7715	-3.673
1.500002511e12	-9.911	-6.791	5.602	-6.803	-2.083	5.452	-1.134	-1.221	-8.208
1.500002512e12	-6.388	-5.795	1.525	0.2832	5.729	9.015	-1.794	-1.528	-2.727
1.500002513e12	6.051	8.855	5.242	-7.902	-1.299	6.975	-1.79	-0.03052	-2.273
1.500002514e12	5.442	3.967	-5.739	-5.261	0.8093	-0.564	-3.529	6.893	4.465
1.500002515e12	-1.648	3.411	3.134	3.497	2.177	-4.612	-7.937	2.745	5.288
1.500002516e12	-5.831	-7.495	-8.994	-2.896	-5.72	-9.766	-9.163	-5.375	9.398
1.500002517e12	-9.006	7.74	-5.133	-6.746	5.613	-7.734	1.394	1.854	7.341
1.500002518e12	9.187	-5.303	4.628	-9.888	-8.635	8.024	0.166	-7.57	7.423
1.500002519e12	7.456	-5.62	9.281	-8.687	-4.915	-3.14	9.885	3.231	-0.4028
1.50000252e12	-9.57	9.128	-9.594	3.669	-7.313	-4.353	5.618	3.433	4.528
1.500002521e12	-0.3882	5.696	-2.864	2.245	-4.081	3.964	5.051	-5.842	-6.208
1.500002522e12	9.128	0.1782	-9.891	-0.04639	6.53	-2.443	6.118	0.1355	5.208
1.500002523e12	6.067	-5.431	-9.861	0.8887	2.366	-4.182	1.901	-8.489	4.498
1.500002524e12	-6.971	8.928	5.814	-5.779	4.775	-9.801	-4.736	-5.214	-8.265
1.500002525e12	3.611	6.549	6.025	-9.567	9.924	4.357	7.766	-8.108	-9.205
1.500002526e12	1.792	-8.066	3.657	-8.312	0.9558	0.8618	-5.479	-5.408	-3.27
1.500002527e12	-9.552	3.14	7.986	-8.013	-8.488	-6.715	2.39	-2.413	-1.93
1.500002528e12	-2.383	8.352	5.436	-6.265	5.776	2.489	-4.996	7.814	3.049
1.500002529e12	-7.089	1.769	-5.723	5.649	5.319	-0.6152	-9.105	-8.6	9.586
1.50000253e12	9.594	5.02	-4.463	9.113	5.834	2.577	6.393	-8.639	5.946
1.500002531e12	5.813	5.402	-1.412	-2.838	1.791	1.46	0.8838	-0.8423	-1.482
1.500002532e12	3.917	5.896	7.992	3.947	1.909	8.035	0.2124	-1.486	-0.8826
1.500002533e12	-9.344	-2.444	-9.041	-1.949	-8.337	5.885	3.783	6.429	-0.4041
1.500002534e12	-0.08301	9.288	-0.4883	2.732	-7.083	6.805	0.6396	5.463	6.842
1.500002535e12	-9.733	9.036	-6.908	-4.377	2.896	-1.925	-2.192	-8.793	-0.9045
1.500002536e12	6.924	9.442	-6.346	6.11	0.1416	-1.576	6.638	0.9033	4.688
1.500002537e12	5.818	5.092	-7.183	-0.918	-2.842	9.655	-5.293	-0.1099	4.727
1.500002538e12	0.813	-0.387	-4.331	-5.068	-1.149	-0.8472	-5.625	0.8069	-2.466
1.500002539e12	7.714	-1.411	7.948	-3.196	-4.938	5.988	-0.9021	9.462	4.675
1.50000254e12	-9.932	-4.829	-1.985	2.61	2.864	-3.354	-9.347	-3.075	5.217
1.500002541e12	-7.406	8.135	2.194	2.789	-3.802	7.238	3.292	-7.18	-0.9656
1.500002542e12	-6.182	-1.832	9.614	-2.856	-5.863	9.241	8.669	-7.808	-3.16
1.500002543e12	-4.811	-8.685	2.162	8.444	9.286	-2.493	1.284	-5.145	-6.697
1.500002544e12	7.427	-1.752	0.7629	6.741	-5.964	2.885	-7.908	-3.124	6.354
1.500002545e12	1.24	7.174	-8.029	8.706	6.038	7.19	6.174	-8.463	0.5542
1.500002546e12	-5.614	-2.742	2.172	0.116	2.305	-5.266	-3.527	8.275	1.173
1.500002547e12	-5.945	-9.858	6.958	7.877	9.491	7.312	7.108	-4.865	3.278
1.500002548e12	9.545	-8.477	-2.223	-4.009	-4.281	1.204	4.907	-9.647	-8.777
1.500002549e12	-3.904	-8.292	8.354	-5.044	-7.097	-5.054	2.314	8.499	0.5896
1.50000255e12	-6.017	5.555	-2.832	-4.935	-5.887	9.255	-0.003662	5.352	8.646
1.500002551e12	-9.158	8.961	2.275	-1.791	-9.189	-6.737	-6.791	-3.026	-8.907
1.500002552e12	-3.717	-6.101	5.305	3.159	-6.858	2.556	-5.134	-1.085	0.9155
1.500002553e12	5.341	-7.9	1.638	-7.583	-6.683	4.83	-6.525	-3.741	-8.029
1.500002554e12	-7.328	-0.3857	8.984	7.996	-9.952	-6.226	-4.338	-2.581	5.735
1.500002555e12	4.084	-8.17	-9.471	5.386	-3.633	6.378	-1.022	-1.088	2.681
1.500002556e12	-0.5383	-3.203	2.332	0.3442	6.177	2.264	0.686	-7.432	-5.029
1.500002557e12	8.262	0.5554	6.55	9.271	-6.895	-0.3333	7.515	8.372	-7.366
1.500002558e12	-6.295	1.667	-9.468	-9.122	-6.945	-6.44	-9.62	7.599	2.415
1.500002559e12	-2.632	-7.725	8.069	8.357	2.991	-1.415	-4.238	-7.155	-1.697
1.50000256e12	6.454	3.241	2.13	4.313	3.118	-9.734	1.382	-2.164	-1.487
1.500002561e12	1.949	-2.699	-0.8582	-4.442	-7.596	1.614	4.988	-1.392	-8.56
1.500002562e12	5.898	-6.609	-5.292	3.984	-4.205	-0.8264	8.976	-2.268	4.366
1.500002563e12	-3.168	-8.231	-4.46	8.585	2.874	8.617	2.365	1.315	3.599
1.500002564e12	-5.353	-2.698	0.5896	-0.5688	-3.903	-1.97	-8.301	9.807	4.883
1.500002565e12	-5.055	5.034	-8.351	-9.902	2.853	-4.329	-5.326	9.169	2.82
1.500002566e12	4.463	1.599	5.465	-3.939	-8.524	-7.12	6.183	-4.115	4.584
1.500002567e12	3.027	-8.136	7.648	-0.3149	6.66	-2.449	1.565	-5.603	-2.245
1.500002568e12	3.046	7.761	-2.361	-9.965	-4.521	-4.009	-9.158	-4.189	-8.086
1.500002569e12	9.03	-6.202	2.974	1.951	2.173	-5.146	-5.707	9.553	-2.974
1.50000257e12	3.015	-2.795	6.696	-1.792	0.3528	-2.119	9.36	4.037	9.479
1.500002571e12	-5.731	-5.863	-7.014	-9.12	-9.041	-0.6763	1.237	-9.904	8.779
1.500002572e12	-0.7556	8.065	6.5	-4.224	-7.09	4.745	-8.314	-2.554	4.104
1.500002573e12	9.95	4.292	7.852	9.016	3.053	-4.784	5.031	3.405	-8.577
1.500002574e12	-0.929	0.5652	-0.7385	0.6091	-8.26	-6.586	3.098	-9.07	8.527
1.500002575e12	-1.591	3.129	-4.43	3.566	-3.179	-7.037	5.043	4.346	7.771
1.500002576e12	-2.678	5.747	1.216	0.5493	8.29	8.121	-4.2	7.33	8.429
1.500002577e12	-2.051	-2.104	7.479	-7.71	5.618	-9.248	8.378	0.2734	-1.863
1.500002578e12	-6.534	-3.429	-8.771	-2.75	5.027	-1.615	-2.097	-6.003	6.517
1.500002579e12	5.638	-5.363	-2.122	6.804	-1.11	-1.033	-9.421	-3.867	2.106
1.50000258e12	-5.277	-2.996	-9.906	1.895	-8.103	-5.129	-1.302	-3.752	-5.168
1.500002581e12	6.467	-3.893	5.076	-7.855	-6.567	-7.683	1.399	1.632	-7.874
1.500002582e12	2.517	2.382	-2.382	0.2441	-2.561	-3.76	-8.322	-6.72	6.425
1.500002583e12	-1.743	6.007	3.004	-0.3674	4.13	-8.961	-6.362	-7.487	-5.469
1.500002584e12	8.739	-9.231	-4.464	9.115	-8.44	2.402	-3.473	-1.359	-7.925
1.500002585e12	-6.427	8.274	-8.755	-6.904	3.896	-9.438	-6.835	2.609	2.113
1.500002586e12	5.302	-5.692	-0.6042	3.705	-3.173	-4.78	-3.965	7.355	4.116
1.500002587e12	-9.456	7.355	7.598	9.319	8.271	-0.1331	3.016	8.129	6.439
1.500002588e12	-0.7141	2.064	-4.69	-4.155	3.39	-2.542	-9.756	8.837	-1.672
1.500002589e12	9.342	5.164	-8.018	0.2136	3.401	-6.138	-2.103	6.086	-1.726
1.50000259e12	6.881	5.199	9.481	-7.511	0.675	8.842	-9.971	5.104	5.479
1.500002591e12	5.854	-3.816	-4.225	-8.147	-8.483	-5.073	-4.29	-7.531	9.812
1.500002592e12	6.594	0.4004	-6.34	-2.523	1.277	-4.567	6.569	9.636	-8.262
1.500002593e12	-6.279	-1.523	1.862	6.855	9.225	-1.359	1.517	7.881	1.592
1.500002594e12	2.245	-4.585	-8.379	1.895	-9.983	8.986	6.958	8.053	-4.556
1.500002595e12	1.951	-8.781	-9.064	-9.364	1.272	0.9326	5.988	-4.709	-5.223
1.500002596e12	9.196	-4.02	6.832	3.922	-8.285	-2.435	7.953	3.538	-9.841
1.500002597e12	4.703	-9.785	-3.452	-4.768	7.609	-0.343	7.515	7.316	4.202
1.500002598e12	-1.375	-6.342	-3.634	0.7812	-6.554	4.608	3.474	-2.559	-8.799
1.500002599e12	-0.7739	3.577	-8.673	-1.459	-4.386	-3.219	-4.077	-8.73	-2.596
1.5000026e12	-7.291	2.44	2.23	-3.094	1.119	-3.998	-8.12	9.373	3.641
1.500002601e12	-5.754	-2.695	-7.991	-3.339	-1.729	3.861	-4.066	-2.2	3.281
1.500002602e12	1.305	-2.544	0.4163	-7.638	-2.122	3.079	-1.084	2.968	5.812
1.500002603e12	9.06	-8.156	1.927	-6.876	6.606	-2.458	-4.602	6.226	-5.84
1.500002604e12	-7.548	-3.527	-8.309	-2.209	-7.432	-3.033	-0.3955	-6.023	5.132
1.500002605e12	3.374	6.98	0.3235	-1.036	-7.285	3.723	2.871	2.189	9.602
1.500002606e12	3.978	5.579	8.035	-1.538	-2.762	6.915	6.508	6.571	-9.12
1.500002607e12	-5.144	7.14	5.184	6.373	-9.851	-1.548	-1.725	7.7	8.931
1.500002608e12	-4.465	-2.826	-9.698	7.405	5.22	-9.432	0.2917	-7.628	2.346
1.500002609e12	3.485	2.317	6.116	0.7483	4.364	-6.084	8.999	-9.21	-5.317
1.50000261e12	3.805	-4.98	-4.391	2.46	5.615	-0.09155	0.8887	5.801	-4.375
1.500002611e12	-3.673	1.737	1.727	-3.186	9.363	0.6311	4.31	8.806	-8.639
1.500002612e12	8.702	8.44	6.255	-2.035	3.237	-9.464	5.195	0.3711	9.069
1.500002613e12	6.154	-8.182	4.042	-0.5725	-8.862	-4.998	3.624	-2.247	4.65
1.500002614e12	-2.755	1.965	-8.39	-7.339	-7.181	0.2075	-8.319	-0.5957	-2.042
1.500002615e12	1.411	-7.931	-4.341	-5.815	0.3467	4.011	-7.338	0.9961	5.282
1.500002616e12	1.66	-6.76	-1.257	5.642	6.755	8.704	1.94	-0.293	5.481
1.500002617e12	4.216	9.043	8.207	-1.24	4.557	-0.8105	-1.404	-2.043	-3.558
1.500002618e12	2.257	-8.92	-3.756	3.607	7.579	4.003	-0.9363	8.029	3.195
1.500002619e12	3.975	-5.487	5.978	4.371	-3.821	2.354	-1.388	3.271	-6.028
1.50000262e12	-1.632	4.883	-7.065	4.622	-2.117	-7.791	-9.143	-0.7495	-8.899
1.500002621e12	-2.424	7.745	7.852	3.535	4.377	1.962	-5.327	-5.97	-1.887
1.500002622e12	1.759	4.96	7.666	5.648	-7.548	0.9216	6.003	3.256	4.041
1.500002623e12	-6.929	-0.9167	-3.412	7.168	-7.397	-7.767	-8.077	2.787	8.368
1.500002624e12	6.852	-4.29	7.013	-9.664	3.442	-1.725	-5.444	-8.024	2.972
1.500002625e12	-7.255	9.551	9.841	7.007	6.919	7.791	8.274	2.909	-1.865
1.500002626e12	0.8997	6.865	4.087	4.264	-2.146	4.681	-8.475	3.143	-9.105
1.500002627e12	2.321	-1.598	-3.53	-5.435	2.238	-9.055	-7.947	-5.023	0.575
1.500002628e12	8.687	-0.7593	1.039	-2.183	4.247	3.145	8.486	-3.259	5.743
1.500002629e12	-5.865	4.825	9.816	-7.95	2.843	4.298	-0.553	-8.49	-1.102
1.50000263e12	-7.375	6.149	0.8264	1.165	-7.141	8.265	9.443	-8.108	-7.902
1.500002631e12	4.746	-2.244	0.7715	9.564	-0.06958	-6.027	0.6958	-5.286	6.926
1.500002632e12	-4.1	-3.42	7.543	1.165	8.723	0.4285	5.3	-7.894	-1.049
1.500002633e12	-9.409	-4.281	-8.912	5.052	8.792	-5.323	-8.081	3.767	0.9094
1.500002634e12	2.053	-2.679	-5.237	5.348	0.5017	4.437	6.401	-7.563	-3.351
1.500002635e12	5.348	2.069	0.7959	-0.531	7.192	-4.115	-7.966	0.3601	5.31
1.500002636e12	7.529	-2.526	-5.039	-0.6079	-7.772	0.2832	3.977	-5.203	-2.909
1.500002637e12	7.224	-7.734	-2.635	5.435	-9.24	-2.859	-3.451	3.085	0.2258
1.500002638e12	-6.421	-7.667	-4.474	-8.165	9.657	-8.604	-9.213	8.051	-2.531
1.500002639e12	-0.8521	1.818	3.696	2.589	6.985	-4.424	-3.522	-3.035	-9.63
1.50000264e12	-9.114	4.441	4.23	4.806	-1.992	6.72	-1.958	-4.498	-6.038
1.500002641e12	4.908	-7.57	-1.716	-7.246	-9.965	-3.887	4.637	3.939	6.494
1.500002642e12	8.439	9.106	6.987	-0.5432	-4.127	9.392	3.821	-6.808	-2.965
1.500002643e12	0.3699	4.249	0.7483	-5.98	8.364	-5.143	-6.472	5.499	3.777
1.500002644e12	5.04	0.415	2.972	0.0769	7.736	-0.3845	1.182	7.372	-3.806
1.500002645e12	3.63	3.254	-0.1782	-7.507	-6.987	-9.573	-2.858	8.86	2.583
1.500002646e12	-2.462	3.806	-7.511	8.973	-4.917	-2.516	3.242	-4.43	9.476
1.500002647e12	-3.08	2.417	-1.21	6.525	-7.839	9.539	1.456	-6.049	5.544
1.500002648e12	-1.887	-1.324	8.26	-0.2734	-9.926	-6.824	-3.557	-4.674	-5.9
1.500002649e12	-9.735	4.951	4.658	-5.029	0.002441	0.9973	-5.356	5.996	9.214
1.50000265e12	9.261	2.64	9.313	8.021	-2.727	-9.55	-7.423	-6.273	-1.495
1.500002651e12	3.601	9.065	2.85	-1.288	-4.257	2.834	8.533	-9.225	5.26
1.500002652e12	9.175	5.198	-1.555	7.156	1.323	-1.918	3.412	1.171	6.747
1.500002653e12	-6.24	-5.947	7.195	-9.338	7.153	5.715	-9.13	-6.711	-0.8875
1.500002654e12	-6.437	-5.991	4.358	-2.543	5.201	8.845	2.037	-9.397	1.489
1.500002655e12	-1.484	-0.5957	9.138	-4.152	-5.054	-3.91	3.365	6.672	-4.867
1.500002656e12	-8.53	-2.295	9.066	3.271	-3.788	-8.529	6.365	0.1123	8.195
1.500002657e12	-6.219	-3.56	2.207	-8.077	2.592	9.209	8.992	-1.373	1.157
1.500002658e12	6.025	3.662	-1.085	1.989	1.392	6.022	-5.53	7.274	-6.91
1.500002659e12	-6.86	8.832	0.4651	-9.324	-7.57	0.7825	-7.181	4.642	-2.633
1.50000266e12	-5.563	8.84	3.6	5.918	-7.397	-9.011	1.439	-0.4602	7.158
1.500002661e12	-0.8801	-2.032	-2.953	7.413	-2.615	0.2087	6.659	-4.252	-6.638
1.500002662e12	5.015	5.219	5.514	-6.5	5.121	0.2942	-6.619	7.021	-4.576
1.500002663e12	-9.946	8.063	7.44	-6.639	1.62	1.809	6.227	9.2	4.043
1.500002664e12	-5.05	-5.139	-6.146	-8.23	-0.9058	-7.379	4.552	9.388	-6.455
1.500002665e12	-4.058	1.11	-4.707	-7.079	-9.651	9.309	-1.809	1.809	0.7849
1.500002666e12	6.92	3.387	-3.914	4.6	2.047	3.743	-1.775	-4.619	3.048
1.500002667e12	4.304	9.694	6.823	5.444	1.528	5.083	-4.688	-1.082	8.464
1.500002668e12	-0.2979	5.104	2.667	-3.396	-3.652	-2.059	-8.281	-4.006	3.137
1.500002669e12	-3.102	7.888	-8.712	4.777	-9.388	9.092	8.373	2.002	-9.288
1.50000267e12	9.785	-0.614	-0.6311	0.5762	2.368	-0.4626	-1.547	-7.366	-0.3284
1.500002671e12	0.7263	2.719	4.469	-3.944	2.51	-1.167	-6.561	7.682	-4.766
1.500002672e12	-9.902	8.82	-3.728	1.364	-6.177	-8.027	-1.511	8.323	6.13
1.500002673e12	1.239	-2.053	6.44	-5.289	-0.7849	8.192	-7.229	8.881	-3.093
1.500002674e12	3.839	-1.73	-1.5	-6.14	-5.247	8.091	6.139	-4.247	-8.566
1.500002675e12	-5.071	-7.485	-4.187	-5.471	-3.134	7.355	-2.275	-2.876	8.903
1.500002676e12	6.25	3.649	-6.926	-3.002	-5.153	9.696	-3.589	2.911	-1.024
1.500002677e12	3.069	-3.105	9.856	6.106	4.686	3.508	3.765	1.151	9.569
1.500002678e12	-8.159	4.253	-5.609	5.842	-6.41	1.876	-2.246	-8.684	-6.232
1.500002679e12	5.406	-3.34	-8.148	3.741	3.794	8.129	-9.794	3.134	5.463
1.50000268e12	7.358	-9.705	-5.618	-8.999	-0.4773	0.6482	3.193	7.799	4.415
1.500002681e12	5.188	3.693	4.573	5.812	5.166	5.801	-9.009	7.479	6.528
1.500002682e12	1.604	-1.268	-6.896	-1.017	2.373	2.92	6.814	-5.984	1.96
1.500002683e12	-4.762	-8.459	-6.965	-7.662	-4.525	-4.631	4.536	-7.361	5.072
1.500002684e12	-0.6982	8.241	-8.252	-4.843	4.338	-9.124	-7.507	-5.319	-8.07
1.500002685e12	-0.7825	-9.857	-1.606	-9.924	5.145	-2.715	0.7019	4.032	-8.867
1.500002686e12	-7.766	-8.048	-6.151	4.199	-8.383	-0.8435	1.466	1.107	-8.585
1.500002687e12	4.072	3.009	4.873	-6.436	6.732	7.999	-8.358	0.498	-7.223
1.500002688e12	3.564	6.586	9.06	-3.472	7.665	6.809	6.904	-2.092	0.3833
1.500002689e12	-5.555	2.515	-5.865	7.036	9.851	-0.8862	8.049	-6.116	-3.015
1.50000269e12	5.231	-4.392	-8.778	-2.303	1.829	7.456	4.37	-4.755	-7.837
1.500002691e12	6.237	-5.697	5.178	-2.903	-8.539	-2.025	7.162	-0.1355	-1.812
1.500002692e12	2.192	8.126	-2.273	-9.092	-3.58	0.6848	8.755	8.331	7.036
1.500002693e12	4.377	-8.654	1.062	-1.804	-4.021	-2.41	-1.617	9.878	5.37
1.500002694e12	-2.106	6.715	-1.973	-8.245	-3.921	-3.551	1.139	-0.9692	8.212
1.500002695e12	8.802	7.007	7.211	-3.081	6.556	5.483	7.675	-2.62	-2.85
1.500002696e12	-5.006	6.631	3.887	3.066	7.072	3.546	-4.033	-9.971	-8.293
1.500002697e12	2.147	-9.192	-9.037	-5.345	-9.044	9.13	-6.844	-8.018	-9.061
1.500002698e12	2.526	-4.872	5.758	4.557	-7.032	1.085	4.991	-9.635	-4.796
1.500002699e12	2.522	-0.9741	-8.616	-0.05615	-1.959	2.39	7.583	6.746	2.932
1.5000027e12	-6.782	-6.835	-7.357	5.016	-5.786	-8.671	-7.021	-9.99	7.319
1.500002701e12	-5.731	8.156	0.9546	5.87	4.668	-4.775	-4.706	-9.271	3.058
1.500002702e12	7.726	9.521	1.478	-0.004883	-2.78	3.403	7.682	-0.7922	1.858
1.500002703e12	-3.998	8.461	2.41	5.614	-3.552	-8.287	9.799	-1.802	1.393
1.500002704e12	-5.348	-3.903	-9.492	-1.471	3.687	2.428	-9.768	6.943	-3.984
1.500002705e12	4.098	-9.495	8.972	3.311	4.397	-8.528	3.303	-8.925	-6.968
1.500002706e12	-2.352	-0.741	-7.062	-0.21	-0.6177	-5.533	9.188	-5.916	-1.653
1.500002707e12	-1.725	-9.229	3.86	-8.057	2.971	-5.585	0.6543	0.1013	2.614
1.500002708e12	-4.852	-3.385	-5.16	7.631	9.777	-6.646	-5.645	3.116	7.726
1.500002709e12	1.703	9.155	-4.897	4.58	-2.155	6.556	-1.096	-0.7996	-6.094
1.50000271e12	-9.827	-8.772	5.118	0.1562	2.561	1.239	9.945	-4.761	-6.133
1.500002711e12	5.138	-6.531	-0.2344	9.619	-6.279	-7.323	-1.647	2.059	5.421
1.500002712e12	6.714	-2.595	8.279	9.561	9.435	-3.628	6.947	4.667	-5.272
1.500002713e12	0.1807	-1.056	4.611	4.634	1.876	3.568	-3.232	-3.953	-3.132
1.500002714e12	-7.25	-8.464	-1.646	-6.385	7.147	-0.1135	-6.2	1.082	-1.051
1.500002715e12	8.436	-5.229	9.159	8.22	2.444	0.7007	-4.004	-5.681	-2.443
1.500002716e12	-6.931	-2.468	-2.267	5.449	4.135	8.738	-0.6958	-2.577	-9.425
1.500002717e12	4.388	7.599	-0.2417	3.016	-0.4565	-6.388	-0.2527	-4.469	7.526
1.500002718e12	-2.574	4.397	-7.18	5.604	-8.098	-2.266	6.494	-0.1514	6.161
1.500002719e12	-0.2881	-0.0647	7.36	9.397	0.4565	0.9167	-2.413	-7.167	5.886
1.50000272e12	-7.507	1.205	7.614	-3.492	-4.814	2.903	7.159	5.095	7.313
1.500002721e12	0.4199	1.527	8.14	-3.95	6.41	-8.132	-4.028	4.014	-4.827
1.500002722e12	-0.896	-8.892	-1.885	9.053	4.623	4.022	3.683	5.925	2.039
1.500002723e12	-9.885	6.771	-0.271	6.775	-2.411	0.2368	6.483	1.978	-8.267
1.500002724e12	-5.3	-5.514	3.965	-3.617	9.971	0.5237	1.672	-4.742	4.183
1.500002725e12	-3.771	2.291	-0.4419	9.064	-4.042	-7.086	3.542	-0.1587	7.808
1.500002726e12	0.625	-8.643	-3.112	1.461	-7.789	-3.514	2.937	-5.193	-5.485
1.500002727e12	-3.926	-7.36	3.481	4.879	7.903	9.149	-1.195	1.562	-0.5603
1.500002728e12	9.279	-8.865	0.05615	2.727	-8.643	-5.233	3.928	5.634	-7.568
1.500002729e12	7.469	9.88	-9.866	1.626	6.244	-8.39	5.314	9.362	-1.067
1.50000273e12	-2.123	-7.859	2.571	4.88	6.345	7.964	6.359	5.52	-8.578
1.500002731e12	-7.775	-8.055	-4.432	-4.006	3.276	3.333	-0.4224	-3.522	-4.519
1.500002732e12	-9.648	-5.309	7.101	4.619	3.47	-6.571	-5.94	-8.616	-0.9106
1.500002733e12	6.753	-0.5005	-4.357	-7.4	1.202	9.104	9.307	-1.711	3.936
1.500002734e12	-1.06	4.814	1.427	-8.708	5.878	8.677	-7.415	-7.422	-1.133
1.500002735e12	-1.694	-6.079	6.157	-4.956	-4.944	2.711	5.134	9.589	-1.62
1.500002736e12	4.573	-5.504	-1.134	7.831	6.953	-1.605	-6.172	-6.771	-0.249
1.500002737e12	-7.919	-9.796	1.741	-2.397	0.2307	-0.7471	7.231	-2.794	0.2563
1.500002738e12	8.383	-4.069	-5.483	0.2832	0.8826	-9.779	5.806	-8.926	0.5334
1.500002739e12	-5.94	2.106	-3.21	7.389	-6.023	-9.275	5.88	3.481	-7.839
1.50000274e12	-9.462	9.121	-5.635	0.1208	5.37	4.86	-7.274	6.422	-3.513
1.500002741e12	-5.139	5.439	4.728	-8.473	6.827	-7.473	-8.804	-6.74	8.297
1.500002742e12	-1.81	-6.984	-6.699	5.667	0.07812	8.857	-9.313	9.359	7.726
1.500002743e12	0.7581	1.735	3.173	0.4028	-1.6	4.333	8.823	-3.312	-2.798
1.500002744e12	4.592	5.577	3.523	6.302	-1.901	-2.88	-9.512	7.739	1.682
1.500002745e12	3.793	8.763	-3.452	3.763	-8.419	1.182	-6.967	8.887	4.009
1.500002746e12	-5.883	5.249	9.077	-2.916	-1.969	-5.87	-8.711	-4.257	4.047
1.500002747e12	6.047	-7.883	0.9656	3.956	6.146	4.568	2.523	-6.03	-3.223
1.500002748e12	2.689	7.708	-2.758	9.492	1.733	-2.219	-5.967	-5.747	-1.658
1.500002749e12	9.331	5.818	-6.018	-0.8752	-8.949	6.73	7.64	-0.4492	-9.63
1.50000275e12	3.18	0.7727	7.872	-0.08179	-2.478	7.516	6.18	6.51	5.471
1.500002751e12	5.824	8.751	-6.791	-7.699	-6.158	2.904	1.217	3.989	3.508
1.500002752e12	2.988	9.004	4.316	5.244	-2.961	-2.842	4.131	3.058	6.499
1.500002753e12	-7.917	-6.639	3.542	5.392	-2.898	8.302	3.982	1.937	-6.359
1.500002754e12	-1.578	8.076	6.824	3.591	-2.247	0.1807	-4.075	-0.6934	3.289
1.500002755e12	4.829	1.346	5.651	-7.197	4.502	2.233	-0.05615	7.141	9.137
1.500002756e12	2.915	9.954	-5.521	9.44	0.03906	7.596	0.2478	1.228	-3.143
1.500002757e12	-0.9058	-6.674	4.719	-7.057	-6.078	-0.5054	6.357	0.564	4.984
1.500002758e12	1.647	-6.418	0.0415	-4.127	-3.	1.935	6.338	4.478	8.748
1.500002759e12	0.7935	4.786	8.259	4.657	-2.174	-5.056	9.453	-5.38	9.558
1.50000276e12	5.785	-9.464	6.034	2.631	-2.786	-0.9839	-0.9216	-7.073	3.131
1.500002761e12	6.038	1.317	-4.695	1.876	-2.826	0.4468	6.945	-5.264	-6.206
1.500002762e12	3.7	3.649	-3.21	3.899	3.757	-8.951	9.678	-2.916	-9.685
1.500002763e12	0.7764	6.588	-2.551	-0.4651	-6.738	-7.131	7.987	-0.4309	-0.9387
1.500002764e12	-4.198	-8.872	-7.432	8.627	9.589	-6.185	5.327	3.788	-9.526
1.500002765e12	-8.208	7.135	2.289	4.183	-1.852	-1.572	-1.942	-3.978	7.205
1.500002766e12	4.28	-5.358	-4.287	1.724	-5.159	-1.726	-3.722	-3.688	-6.298
1.500002767e12	-3.853	0.166	-7.096	-0.7788	8.689	6.151	6.647	-4.114	-5.225
1.500002768e12	3.986	-3.099	-4.1	-4.143	3.064	-6.448	2.046	-2.294	-9.283
1.500002769e12	-4.386	-8.96	8.213	8.419	9.788	-6.145	-4.277	4.558	9.47
1.50000277e12	-9.087	5.391	-3.262	-2.936	-1.685	1.581	-1.094	-5.006	9.865
1.500002771e12	-5.656	9.418	-6.019	5.239	2.634	4.75	-0.2502	-1.565	6.281
1.500002772e12	9.706	3.047	-3.057	-0.8289	-2.518	2.375	-3.522	-9.907	-9.259
1.500002773e12	-4.843	-2.2	6.058	7.357	-9.896	-3.691	-2.38	4.021	-2.581
1.500002774e12	-8.44	1.221	3.45	3.728	8.5	-8.839	-0.7166	-7.95	-6.127
1.500002775e12	-3.579	8.752	-1.976	4.613	-8.965	0.564	-6.917	2.734	1.102
1.500002776e12	-5.009	-8.834	9.415	0.6677	-5.526	-0.4517	-9.244	-7.185	-5.745
1.500002777e12	-6.219	6.709	-0.6592	3.285	8.441	-3.718	3.623	5.898	-0.09033
1.500002778e12	-6.277	-7.832	-1.276	-4.258	1.516	0.4797	0.1562	3.18	6.063
1.500002779e12	2.509	4.027	4.546	-3.445	4.539	-6.188	-0.1355	1.969	-5.66
1.50000278e12	8.516	-9.889	2.738	-0.6775	-6.145	-6.428	-3.766	9.178	-9.015
1.500002781e12	-0.1685	-3.464	3.434	-1.246	0.575	-9.509	3.632	-1.655	-1.331
1.500002782e12	-7.283	4.318	1.736	-7.148	8.5	-2.974	3.452	-6.335	-7.74
1.500002783e12	9.216	-5.935	-7.527	-2.998	-8.14	5.525	-9.089	-0.907	-2.924
1.500002784e12	-4.68	2.599	8.422	6.974	4.615	1.915	-7.905	9.955	0.9729
1.500002785e12	-0.3552	-4.429	8.927	6.278	-9.076	-0.5371	-0.1245	-1.979	-0.2148
1.500002786e12	1.5	0.4358	8.385	5.518	-6.603	-5.018	1.208	-4.458	-9.176
1.500002787e12	-7.893	9.91	-2.959	3.997	-7.95	-9.636	-4.567	-9.631	0.4175
1.500002788e12	-0.4846	3.137	5.308	4.128	9.044	-1.603	8.342	-3.982	5.388
1.500002789e12	-5.923	-4.297	-5.128	6.721	2.83	1.119	-1.068	0.8008	-0.177
1.50000279e12	0.03052	9.282	-5.875	4.244	6.954	-4.409	-9.836	-4.126	2.457
1.500002791e12	8.662	-3.029	-7.161	2.905	-6.295	-4.117	-8.402	2.904	2.864
1.500002792e12	1.768	-1.06	9.418	6.915	-4.468	4.456	2.579	6.42	-7.412
1.500002793e12	7.125	9.612	-9.131	4.252	-5.171	-4.91	-1.809	9.048	2.413
1.500002794e12	3.743	-1.163	6.948	-1.843	-6.04	9.951	-6.622	-2.272	1.904
1.500002795e12	9.827	-6.697	7.2	9.901	-1.86	-5.83	5.037	6.112	1.058
1.500002796e12	-6.179	-5.466	-9.78	4.121	-1.295	-4.967	0.9607	-9.47	-2.98
1.500002797e12	9.449	8.966	7.708	6.652	6.632	-7.789	8.987	-0.3772	-0.3235
1.500002798e12	-7.352	-2.65	-4.562	2.003	8.484	0.2747	-1.099	7.927	0.6531
1.500002799e12	-0.3406	5.206	-3.53	-4.939	7.776	5.751	3.663	4.999	-8.693
1.5000028e12	-1.274	5.485	6.646	5.376	2.396	2.124	7.046	-3.735	3.912
1.500002801e12	3.612	-3.623	-7.025	1.293	-7.805	-9.473	-6.81	-4.004	-3.734
1.500002802e12	2.217	6.783	-5.247	9.937	-6.123	-5.95	3.689	6.41	-6.222
1.500002803e12	-7.745	-1.621	6.876	6.122	8.903	-7.605	-6.39	-5.441	9.446
1.500002804e12	7.688	-4.392	5.599	-3.438	4.648	4.176	-0.7837	1.433	3.848
1.500002805e12	-2.793	-3.616	-4.962	5.906	-2.086	3.428	-9.298	7.307	4.758
1.500002806e12	-1.609	-8.833	-5.981	1.731	-5.319	1.968	6.81	2.637	8.822
1.500002807e12	4.108	2.058	-5.84	-9.667	-3.159	-6.926	7.097	8.732	-4.255
1.500002808e12	3.895	0.6787	-8.624	4.109	-4.84	-0.5066	-1.821	-7.605	6.174
1.500002809e12	9.965	3.335	-8.08	5.726	-5.588	-9.368	9.991	-6.077	-6.846
1.50000281e12	-0.2844	0.3821	-3.715	7.107	-1.599	9.752	-2.388	-2.866	3.63
1.500002811e12	-3.593	-1.824	-4.167	-6.427	-2.833	0.1221	9.178	2.81	6.843
1.500002812e12	1.107	6.494	5.806	-6.187	-7.731	-2.344	-2.944	-8.26	-9.861
1.500002813e12	3.699	-8.39	4.891	5.09	-0.006104	-0.1624	-0.8142	6.406	8.463
1.500002814e12	-2.825	0.06104	8.606	4.027	-7.375	-9.285	-2.13	-7.361	2.909
1.500002815e12	3.201	-8.807	-8.413	-6.799	-1.991	4.702	-4.886	4.91	-2.59
1.500002816e12	5.85	4.927	-8.683	7.223	7.393	-4.885	4.983	-8.395	2.445
1.500002817e12	9.438	0.06348	8.18	0.4944	5.514	-4.805	7.855	-4.314	2.815
1.500002818e12	-0.3186	-7.069	-6.892	-6.073	6.969	6.429	1.899	5.07	-2.858
1.500002819e12	-3.992	-7.153	6.031	-2.883	-0.5176	-5.986	-8.181	-7.377	8.273
1.50000282e12	-2.251	0.9961	5.734	0.2039	5.612	-0.8545	6.893	-6.06	4.263
1.500002821e12	3.385	3.733	5.403	-5.748	-4.13	-4.633	-9.011	5.292	3.712
1.500002822e12	-1.49	8.812	2.494	8.717	4.613	3.756	-7.559	1.307	8.174
1.500002823e12	3.346	-7.668	-0.04883	8.425	-5.276	-9.425	4.065	-8.715	-5.723
1.500002824e12	-7.1	-5.348	9.207	1.542	9.757	-7.452	7.959	-3.114	-5.026
1.500002825e12	5.137	-3.827	1.571	9.688	2.56	-4.874	5.411	4.241	2.914
1.500002826e12	0.6372	9.984	9.453	7.327	-3.479	4.603	9.109	-0.1257	5.48
1.500002827e12	-8.374	1.003	-3.031	7.717	2.236	-2.089	-6.94	-8.113	9.548
1.500002828e12	-6.364	-1.381	-2.949	8.799	-5.4	-4.476	5.756	2.489	3.713
1.500002829e12	1.692	-9.402	5.178	7.291	2.391	-1.965	7.201	-2.941	-6.406
1.50000283e12	-6.39	-4.313	-0.9009	-8.906	7.386	-2.688	0.8081	6.858	-5.317
1.500002831e12	-6.215	-8.942	-3.097	-7.452	-2.634	9.65	9.43	0.7654	5.292
1.500002832e12	1.875	-2.988	-9.272	2.64	-6.998	-2.543	8.955	-0.4761	-4.65
1.500002833e12	9.067	7.466	-5.133	8.219	1.973	-5.948	-6.3	-7.844	-0.5676
1.500002834e12	-1.512	-8.451	8.246	-6.84	-9.025	-0.1892	-8.619	-8.445	4.783
1.500002835e12	-7.841	8.093	0.835	8.977	-3.877	-7.106	-5.194	6.306	4.867
1.500002836e12	-3.796	-3.248	1.825	-9.156	-3.618	-3.323	-4.497	1.146	-2.212
1.500002837e12	7.234	-3.735	7.028	-4.336	-7.457	3.91	-6.871	8.098	-7.683
1.500002838e12	3.193	3.942	4.719	0.8728	1.127	5.587	2.653	-4.366	7.566
1.500002839e12	-2.23	-4.792	-3.413	-9.111	-2.549	-7.394	5.643	1.467	1.121
1.50000284e12	-8.209	-8.718	-4.521	6.516	9.661	3.943	-8.972	-6.3	-6.995
1.500002841e12	-2.867	4.774	-2.927	-8.909	-3.	-0.3857	-6.991	9.312	2.404
1.500002842e12	8.13	-4.696	7.013	-3.789	-8.757	-3.75	-5.433	0.9766	-0.6018
1.500002843e12	-7.095	4.498	5.89	4.642	-3.242	-0.06714	9.117	0.8972	8.983
1.500002844e12	-8.983	-8.865	-8.801	-1.804	3.496	7.867	-2.583	-8.456	6.346
1.500002845e12	-9.618	-8.488	-4.5	-9.847	7.7	-8.752	6.305	3.009	-2.81
1.500002846e12	-2.649	-0.2686	-6.501	-2.758	8.966	2.949	5.728	1.305	5.389
1.500002847e12	7.217	-2.325	5.823	5.221	-3.035	-8.646	-0.1489	0.3491	0.3577
1.500002848e12	-2.585	-4.719	-6.033	-8.314	5.022	-6.398	-2.469	5.017	-3.3
1.500002849e12	-6.411	-5.842	8.627	6.746	-4.78	7.445	-7.821	-0.2344	-5.98
1.50000285e12	-5.502	-8.785	-4.828	-3.691	-2.6	2.068	-0.8276	-9.611	-5.646
1.500002851e12	-7.847	7.249	-9.965	5.134	-5.234	-8.55	-7.416	-7.979	-6.301
1.500002852e12	0.2332	-7.498	-1.522	1.949	-7.274	1.052	-3.148	2.631	-8.292
1.500002853e12	-0.2466	-2.175	-9.854	3.779	6.853	-8.191	6.387	-9.622	-8.364
1.500002854e12	-3.341	6.163	-2.662	-6.456	-3.594	6.952	-6.677	7.96	-0.3149
1.500002855e12	5.355	-5.1	-4.509	-4.949	8.396	-4.945	-7.521	2.595	4.148
1.500002856e12	-0.5676	8.389	-9.258	-9.392	-7.125	-5.583	-5.487	-3.391	0.5054
1.500002857e12	8.392	8.58	5.935	-2.777	-1.724	4.57	3.589	-8.258	-8.695
1.500002858e12	-8.805	-5.289	-6.357	-1.641	4.277	-4.867	2.369	-0.3662	9.805
1.500002859e12	0.7385	-8.24	8.06	-1.046	-3.339	-5.128	-8.735	2.266	6.908
1.50000286e12	4.674	7.606	7.537	-1.627	8.018	3.676	9.501	4.095	-3.784
1.500002861e12	-7.552	4.203	9.031	-9.182	-0.1965	-9.181	7.7	5.449	-0.105
1.500002862e12	-2.463	-3.705	-9.825	3.806	-9.989	-0.1111	0.9961	-3.893	4.814
1.500002863e12	1.343	-7.971	5.083	5.056	8.148	-3.287	-2.62	-6.938	-1.119
1.500002864e12	3.748	-2.57	4.536	-7.262	5.255	-6.99	8.274	-2.2	-3.074
1.500002865e12	-3.854	8.807	-0.7349	8.784	2.913	-5.677	9.526	8.756	9.192
1.500002866e12	-0.3369	-1.844	1.282	-7.283	-5.894	3.076	-0.7117	3.607	-6.859
1.500002867e12	8.01	2.788	4.171	-2.769	1.501	-7.666	-0.9802	-7.097	-1.511
1.500002868e12	0.3687	8.271	-6.659	-1.251	6.016	1.515	9.429	-3.706	5.441
1.500002869e12	-0.2563	9.573	3.779	-5.287	1.864	-9.681	4.597	4.568	-4.735
1.50000287e12	-7.261	3.257	-2.222	8.264	-4.852	9.491	-3.401	4.302	1.178
1.500002871e12	7.423	-9.492	-9.662	0.2075	3.904	2.533	8.38	-5.535	0.7349
1.500002872e12	0.3442	-9.104	4.261	-1.068	5.358	2.062	-1.217	6.23	-3.043
1.500002873e12	4.865	5.214	5.151	6.681	1.625	-4.125	-1.295	-4.757	8.009
1.500002874e12	-2.317	8.572	9.681	-9.818	-9.829	9.321	-6.907	-9.482	-1.86
1.500002875e12	-9.839	1.366	6.477	1.982	-1.044	4.498	7.115	-3.846	2.013
1.500002876e12	4.291	0.2625	-2.245	-8.538	-9.578	-4.208	5.189	-9.072	1.383
1.500002877e12	-7.898	-2.062	2.242	0.1489	6.777	-8.812	-8.38	-6.83	6.171
1.500002878e12	-1.011	-2.524	-7.126	-0.9802	2.522	-9.891	0.4651	9.441	-6.403
1.500002879e12	-9.913	0.7593	5.388	-6.698	-3.036	0.6958	3.428	3.422	-0.6116
1.50000288e12	-1.073	6.768	-3.06	4.532	-9.109	3.381	-4.124	-0.8862	-5.051
1.500002881e12	3.572	7.017	-5.154	5.12	-0.2429	8.741	2.806	8.677	2.493
1.500002882e12	-7.71	7.539	-6.459	5.115	6.644	7.043	-8.661	-6.355	1.854
1.500002883e12	-5.723	5.865	2.301	-5.126	6.119	-5.731	-0.1208	4.979	-3.436
1.500002884e12	4.861	-7.388	2.372	7.534	5.621	9.32	-1.633	-6.991	-3.529
1.500002885e12	0.2271	1.195	-9.553	7.921	-1.646	-2.583	-0.9802	8.53	8.865
1.500002886e12	-5.138	-9.419	7.423	-5.856	-7.874	1.986	-5.469	5.347	-5.648
1.500002887e12	9.845	1.406	5.352	-7.731	-3.096	5.231	-7.501	-4.342	3.396
1.500002888e12	-8.59	-9.141	9.685	3.646	6.871	3.433	2.727	0.3235	3.242
1.500002889e12	3.567	-1.227	-7.458	2.82	-5.369	3.224	-1.273	4.204	-3.76
1.50000289e12	-0.2661	0.1855	7.052	5.259	6.969	7.083	1.78	-1.099	-8.896
1.500002891e12	-0.144	-5.427	4.174	1.312	9.955	7.793	-6.942	-2.876	1.304
1.500002892e12	4.115	-2.811	0.4346	4.308	-8.739	-9.076	5.687	4.663	-3.953
1.500002893e12	-7.49	3.383	0.5042	3.196	5.217	-4.292	-8.517	-9.143	2.028
1.500002894e12	8.948	0.2295	0.6897	-6.034	4.611	-8.481	-5.056	3.076	6.691
1.500002895e12	3.138	7.308	0.09766	-9.325	-5.061	3.466	5.898	9.099	-9.895
1.500002896e12	-9.146	-9.351	4.648	7.917	3.822	-7.426	-6.615	5.347	-2.595
1.500002897e12	-0.835	7.269	0.8484	6.302	9.585	-3.781	-5.671	6.633	-3.721
1.500002898e12	-2.596	-5.841	-6.208	-2.07	6.145	6.283	6.163	-5.195	6.4
1.500002899e12	2.057	2.369	1.106	-4.523	-1.743	9.879	-0.5432	-6.675	-4.817
1.5000029e12	-4.117	0.21	-2.548	-8.138	8.998	1.014	-3.214	-1.138	0.08423
1.500002901e12	5.105	-2.44	1.824	6.218	5.735	4.736	0.2039	-3.326	-2.251
1.500002902e12	-5.391	5.864	-9.681	9.318	2.301	-1.843	5.105	-5.255	7.058
1.500002903e12	-5.806	5.765	-7.375	-1.655	-6.041	-3.766	9.207	-8.802	-7.383
1.500002904e12	6.572	-1.868	3.964	0.05615	3.071	-6.937	6.742	1.632	-6.272
1.500002905e12	2.716	-4.95	9.329	3.064	5.176	-8.182	-0.1135	-6.194	-5.803
1.500002906e12	-7.159	5.925	-0.4797	-9.148	-9.102	-9.127	-4.092	0.05371	6.517
1.500002907e12	-7.461	4.504	0.7031	2.502	9.282	-2.561	-5.37	7.892	2.953
1.500002908e12	6.429	1.035	-6.84	9.454	-1.443	9.115	2.297	8.204	6.783
1.500002909e12	-2.258	5.873	-0.8374	2.385	-4.181	-9.696	1.932	0.6543	4.491
1.50000291e12	-3.293	8.577	7.083	-5.134	2.615	-3.596	-9.314	6.826	5.765
1.500002911e12	-7.505	5.69	1.501	2.659	6.03	3.615	-5.001	6.189	-3.34
1.500002912e12	-4.955	-8.545	-9.524	3.344	9.612	8.997	1.047	-6.848	7.345
1.500002913e12	-9.333	8.329	9.823	-4.117	-0.6091	-3.18	5.789	-7.622	5.4
1.500002914e12	5.753	2.183	6.991	-7.206	5.41	-2.408	-5.446	6.569	-4.381
1.500002915e12	2.046	4.409	-6.378	4.263	-6.989	6.152	3.151	5.181	-9.619
1.500002916e12	4.005	5.198	-3.314	-6.587	-9.058	-1.207	-4.646	6.713	4.105
1.500002917e12	0.05493	2.988	4.408	-8.838	-5.939	4.739	-4.277	8.225	-6.609
1.500002918e12	-2.24	2.642	6.364	-8.351	-3.582	-2.538	-8.94	0.7715	3.176
1.500002919e12	-4.807	4.88	3.781	4.431	7.963	7.756	-9.427	-3.988	-1.166
1.50000292e12	-3.	-9.846	4.963	-4.	-3.884	8.782	9.052	9.747	2.684
1.500002921e12	7.565	8.914	1.519	-1.337	8.959	-9.613	-0.1855	0.9656	-4.862
1.500002922e12	-9.302	-3.395	-5.219	5.267	9.453	-3.079	-6.5	9.287	5.875
1.500002923e12	2.5	1.147	7.897	-4.614	-7.454	-2.917	5.233	5.948	-1.974
1.500002924e12	0.6482	-5.502	0.3174	-7.56	-5.018	2.208	3.22	-7.795	-6.279
1.500002925e12	-4.982	2.269	8.032	1.832	-3.129	-9.426	-2.64	-0.8069	-2.527
1.500002926e12	2.709	-1.196	-6.654	1.633	-5.728	9.473	8.43	-7.015	-2.942
1.500002927e12	-9.315	-4.59	5.815	9.725	6.465	-5.912	1.307	1.128	7.593
1.500002928e12	6.823	-4.017	-5.375	9.666	8.409	-1.202	4.76	-2.498	8.973
1.500002929e12	1.976	-2.814	-6.515	6.523	5.76	6.997	4.017	-9.177	6.367
1.50000293e12	1.671	0.2136	1.785	-8.994	3.929	1.583	9.015	8.667	-1.212
1.500002931e12	6.366	-5.701	-5.142	1.818	-5.471	2.058	-7.014	9.379	4.147
1.500002932e12	-1.78	-7.614	6.25	-9.828	2.54	-3.014	-4.385	2.131	-1.392
1.500002933e12	-2.335	-6.759	-3.466	2.721	3.707	3.922	-8.423	-3.7	3.801
1.500002934e12	-7.322	-3.312	-9.487	-5.858	4.596	-3.414	-4.297	0.02441	3.361
1.500002935e12	-3.616	6.	-5.315	7.92	0.708	-0.7483	-7.101	0.7544	-5.824
1.500002936e12	7.042	-5.496	-8.652	-5.491	-4.045	-4.919	2.202	-8.643	2.633
1.500002937e12	0.946	0.1172	5.509	8.597	-3.124	3.041	-3.784	8.713	1.6
1.500002938e12	0.1733	-1.873	6.835	-6.981	-9.962	-7.496	2.064	-7.897	3.146
1.500002939e12	-1.45	-9.937	5.248	-0.5676	4.425	-0.6067	8.514	6.991	3.121
1.50000294e12	-2.782	-5.054	9.397	2.609	5.138	1.193	-8.265	-9.192	5.176
1.500002941e12	1.591	4.705	-2.99	-0.5994	-7.723	-2.953	4.905	6.36	-3.48
1.500002942e12	8.158	1.648	4.801	-6.116	5.32	-4.629	9.598	8.339	8.888
1.500002943e12	9.49	8.306	-7.397	-9.948	-0.769	8.125	-7.197	-2.441	9.615
1.500002944e12	-7.802	4.91	-7.313	-0.7788	-2.769	5.532	-1.403	-8.296	-3.149
1.500002945e12	2.507	-0.009766	3.953	-8.079	9.143	-4.644	-6.233	3.824	-3.999
1.500002946e12	8.822	-0.5493	4.213	-0.885	-7.	-2.22	-9.568	1.395	8.066
1.500002947e12	8.181	-7.292	-0.7239	-6.428	8.214	-6.464	-6.1	2.521	-6.359
1.500002948e12	3.589	-2.157	-5.137	-4.012	5.752	-1.844	-8.182	8.065	8.236
1.500002949e12	9.319	2.583	-3.574	2.794	2.032	-6.467	4.446	9.091	-8.965
1.50000295e12	9.032	0.9473	-9.996	7.637	-9.327	8.724	-8.199	4.681	0.9387
1.500002951e12	0.3503	-3.175	5.92	-8.076	1.482	-2.09	-8.47	9.48	1.484
1.500002952e12	7.819	-9.241	-2.676	-4.023	-1.88	5.464	6.569	9.382	-7.434
1.500002953e12	-5.183	-6.018	2.791	-2.035	-0.2698	7.443	5.886	-1.324	1.173
1.500002954e12	-1.787	-2.026	0.5054	-7.316	2.397	3.352	0.7715	-5.815	-6.964
1.500002955e12	4.462	3.561	6.354	-6.625	-1.926	-1.41	0.7849	-3.123	-3.833
1.500002956e12	9.24	5.181	9.786	-8.993	5.707	-9.331	-3.224	2.949	7.97
1.500002957e12	-8.816	3.657	-2.142	-1.531	-9.891	-9.688	4.619	-0.5762	3.324
1.500002958e12	8.153	-4.087	-8.424	9.774	-4.796	-2.784	-6.26	5.422	-8.281
1.500002959e12	-8.274	-0.3149	-4.073	-0.8643	-4.543	6.802	-6.636	3.104	-9.772
1.50000296e12	6.617	-7.747	-3.38	-9.778	-2.646	6.788	-0.1355	-2.975	8.287
1.500002961e12	-6.864	-6.738	-4.517	-6.176	7.156	3.08	-8.185	-5.522	0.5103
1.500002962e12	-3.037	1.162	9.841	5.4	-4.049	-8.645	-3.083	-2.935	-0.9875
1.500002963e12	-8.734	3.479	5.754	-3.458	-5.995	-7.163	-2.394	2.947	-0.6165
1.500002964e12	-9.692	2.875	0.8484	8.217	-8.638	8.251	-0.2295	8.231	5.549
1.500002965e12	1.246	-1.217	7.826	-8.962	7.699	-6.09	7.72	5.629	0.448
1.500002966e12	1.04	-1.29	9.775	-4.89	1.199	8.767	4.952	9.836	-5.471
1.500002967e12	2.671	7.448	0.614	-4.985	6.747	-6.007	6.18	7.938	-3.871
1.500002968e12	-9.888	-2.748	2.164	-2.874	4.033	4.441	9.838	-7.092	-4.253
1.500002969e12	9.252	-0.1465	3.617	-7.95	7.076	-3.6	-2.811	2.129	8.699
1.50000297e12	8.834	-3.447	6.971	5.273	-8.795	-0.1526	5.199	1.321	-5.247
1.500002971e12	-8.002	-5.022	-0.7385	9.886	7.656	7.972	5.325	3.026	-4.697
1.500002972e12	-6.415	-6.909	1.646	4.465	-6.232	-3.141	-3.588	5.609	-0.5786
1.500002973e12	-0.592	4.285	-2.88	9.089	4.574	-8.94	-1.523	3.837	-6.285
1.500002974e12	3.033	4.246	0.4211	5.214	3.507	-9.313	-7.02	9.402	-6.277
1.500002975e12	-3.906	-5.985	-6.2	6.759	5.552	9.241	-7.448	9.606	5.912
1.500002976e12	-9.047	5.902	-3.771	-5.751	0.5542	-1.62	-5.883	-4.396	9.625
1.500002977e12	1.677	-9.309	5.068	-3.627	-1.73	-0.07935	-4.822	-7.454	-4.493
1.500002978e12	-6.25	9.48	-4.749	-0.603	-5.422	-3.733	1.395	6.423	3.846
1.500002979e12	4.48	2.97	9.097	9.249	-8.658	2.344	-6.621	5.592	0.7092
1.50000298e12	0.9485	9.762	6.482	2.04	-6.057	4.922	-9.363	-4.117	-4.716
1.500002981e12	-6.682	-8.047	8.773	-2.31	3.588	-6.747	0.6006	-2.767	6.333
1.500002982e12	-5.864	-8.938	-1.788	5.856	3.844	1.456	-3.949	-9.706	0.8215
1.500002983e12	5.397	9.425	-4.468	9.253	-9.059	1.52	2.05	6.973	-5.397
1.500002984e12	0.2478	9.24	7.826	7.26	-5.531	7.95	3.252	-5.53	-3.875
1.500002985e12	-9.93	-6.907	-4.05	-6.875	3.292	8.696	-0.2979	8.412	6.527
1.500002986e12	7.622	8.387	-2.279	-8.29	-5.787	2.432	-9.316	-5.975	5.159
1.500002987e12	-7.886	5.143	0.004883	-6.814	1.465	4.883	5.413	9.257	-6.88
1.500002988e12	-3.113	-8.213	3.844	-5.861	9.68	9.762	0.3943	-0.509	9.33
1.500002989e12	2.518	9.954	-8.636	-2.793	-0.3784	5.304	-0.5945	2.115	-0.2124
1.50000299e12	9.391	5.471	3.627	4.68	-8.943	1.11	6.714	5.084	4.31
1.500002991e12	7.424	-4.774	-0.321	9.602	-9.373	2.177	-0.4663	1.254	3.678
1.500002992e12	-3.422	4.279	6.617	7.605	-1.151	-7.826	-1.145	-4.969	2.057
1.500002993e12	7.473	-4.2	3.823	-9.972	-2.462	-0.2209	7.83	-9.689	7.191
1.500002994e12	4.688	6.987	8.698	5.542	9.893	1.6	-8.674	-6.987	-6.956
1.500002995e12	-7.557	-3.605	-6.505	-6.725	5.71	-8.372	-3.301	2.195	-0.8533
1.500002996e12	-6.626	3.569	-0.3479	2.986	-1.267	8.243	9.722	8.451	5.176
1.500002997e12	7.216	1.035	-3.424	0.6531	4.054	-5.248	3.235	3.341	6.188
1.500002998e12	3.094	2.272	4.2	2.04	7.603	-8.091	0.2197	6.167	3.651
1.500002999e12	-0.8447	-5.527	3.279	-6.505	-3.34	-7.931	9.414	-8.187	8.125
1.500003e12	3.446	-7.899	-0.2271	-3.525	5.891	-7.205	9.277	-2.273	-2.159
1.500003001e12	-8.209	5.629	3.068	-0.04883	5.818	3.846	3.004	-1.272	7.631
1.500003002e12	1.866	-2.542	2.371	-7.09	6.993	-8.87	-3.197	-2.327	-8.516
1.500003003e12	6.187	8.971	4.611	-0.9619	1.034	8.615	-6.809	-2.198	1.769
1.500003004e12	9.926	-7.694	-5.341	5.304	1.742	-1.825	-2.439	4.694	-0.4199
1.500003005e12	2.126	4.061	7.927	8.058	-6.721	3.541	-6.166	-6.232	-6.445
1.500003006e12	-5.872	3.038	3.884	-3.519	-4.594	3.651	3.839	-1.536	-2.081
1.500003007e12	4.537	3.502	7.283	8.973	-4.839	-8.354	-1.793	0.9705	0.01831
1.500003008e12	2.831	-4.917	-0.3821	-1.113	4.408	-5.868	0.3064	-6.202	8.727
1.500003009e12	-3.032	0.304	0.3687	-4.666	4.662	-5.35	6.115	-9.584	-9.88
1.50000301e12	8.837	-5.022	9.908	-2.698	3.5	9.084	-8.324	3.951	2.916
1.500003011e12	-9.369	9.16	4.49	-9.886	-3.398	-7.642	4.409	9.392	9.929
1.500003012e12	9.143	-8.345	0.1111	-8.994	-8.922	3.273	2.845	2.238	4.357
1.500003013e12	-3.85	3.678	7.96	3.344	-9.956	9.427	7.242	9.447	9.502
1.500003014e12	-9.231	-7.697	-3.965	6.083	-5.796	8.197	9.548	-5.785	0.4749
1.500003015e12	5.748	3.004	0.6848	3.756	7.505	-4.276	-2.456	8.881	4.697
1.500003016e12	-0.2014	2.585	3.727	0.09277	0.7129	-2.006	-1.577	-8.601	-8.929
1.500003017e12	5.798	-0.7068	-3.242	3.962	-2.946	4.647	-5.367	3.435	6.202
1.500003018e12	-0.5566	4.938	-1.074	8.942	5.773	-2.177	4.805	4.414	3.503
1.500003019e12	-4.518	5.807	7.245	2.452	-6.948	7.565	-4.236	6.875	-1.919
1.50000302e12	2.745	0.1929	2.711	6.805	-2.677	-9.514	2.252	1.694	-3.831
1.500003021e12	-9.28	-4.033	-0.04883	0.1501	-0.9338	9.097	-5.63	-3.063	-6.685
1.500003022e12	6.454	-3.761	4.174	-8.502	0.3455	-7.239	0.6775	-4.598	-2.595
1.500003023e12	-7.316	9.922	7.375	3.877	-7.311	7.394	-1.316	0.9961	7.036
1.500003024e12	-9.777	-6.339	2.401	1.417	-5.111	0.7544	-5.099	3.519	0.979
1.500003025e12	-6.716	-4.427	-3.145	-6.583	9.926	5.488	-4.547	2.787	7.864
1.500003026e12	3.727	-8.191	9.7	-9.575	-1.987	-3.717	7.272	9.611	0.04639
1.500003027e12	5.741	-7.025	1.741	6.194	-6.599	2.297	-9.15	-7.413	-0.1282
1.500003028e12	-5.037	6.461	-0.7849	-6.996	5.239	2.944	4.369	3.572	-1.313
1.500003029e12	8.403	-7.568	-4.666	2.324	2.842	6.678	-2.655	4.838	2.611
1.50000303e12	-1.409	-6.898	-3.785	5.228	-3.308	7.111	-3.662	-7.36	-5.569
1.500003031e12	-0.271	-2.307	-6.179	4.796	0.282	5.962	5.63	-0.6152	-5.393
1.500003032e12	7.465	-8.778	-5.889	-3.229	5.164	-7.438	-0.7874	-7.755	3.353
1.500003033e12	-5.238	1.698	8.853	-7.305	5.746	8.562	-9.323	-8.177	0.2454
1.500003034e12	2.004	6.971	7.042	8.104	-4.316	-5.436	-3.84	-9.095	-4.34
1.500003035e12	-5.414	0.1807	0.2002	0.7446	-9.594	2.629	6.134	-5.671	-6.115
1.500003036e12	7.775	4.742	-8.591	2.023	7.61	-7.922	-4.207	9.498	1.769
1.500003037e12	4.501	-6.917	-0.8411	-6.956	9.585	-7.249	-0.3955	-6.514	-5.288
1.500003038e12	5.812	2.478	9.412	-6.685	8.748	-9.706	-5.543	-8.58	7.59
1.500003039e12	7.548	8.251	1.15	-5.431	3.363	8.628	1.959	1.4	-2.676
1.50000304e12	-0.3491	3.085	4.066	-8.589	8.921	8.472	2.771	8.414	4.784
1.500003041e12	8.772	0.9729	8.424	1.65	-3.362	1.183	-9.083	7.909	-5.842
1.500003042e12	-5.968	4.948	4.318	1.069	-3.97	9.667	-6.306	0.3625	9.478
1.500003043e12	-4.988	-3.157	3.369	4.556	-1.21	-2.544	-4.529	-3.884	8.595
1.500003044e12	-6.519	-2.096	-2.201	1.825	-1.94	9.323	-2.903	-5.115	-9.913
1.500003045e12	-4.071	-9.557	-7.981	-6.787	3.7	-0.6775	-6.633	-2.639	7.778
1.500003046e12	9.688	3.201	-4.089	-1.293	-7.831	9.006	9.86	9.973	-5.459
1.500003047e12	3.881	1.158	-1.251	-4.789	-7.207	3.65	0.7178	6.21	3.297
1.500003048e12	7.056	2.552	5.511	-7.665	-7.74	3.89	2.041	7.491	0.2258
1.500003049e12	-3.247	-9.355	9.781	7.083	-3.209	0.614	-4.399	-6.139	0.238
1.50000305e12	-8.215	-3.036	3.326	-2.384	1.907	-5.466	-0.7385	-1.918	6.102
1.500003051e12	1.111	2.477	-5.204	-7.363	-4.021	-1.855	1.176	-6.057	8.634
1.500003052e12	-9.635	-3.068	1.909	3.282	8.22	-5.885	7.711	6.697	-9.047
1.500003053e12	-2.047	-5.273	1.315	9.534	-3.922	7.999	9.916	-4.674	4.307
1.500003054e12	-8.921	-0.7019	7.795	6.346	0.3735	-9.949	3.446	-2.849	1.465
1.500003055e12	9.972	-7.437	-4.158	-8.271	-8.103	-5.791	2.347	3.253	5.625
1.500003056e12	-9.602	3.474	2.821	1.804	1.431	-6.625	2.791	5.131	-7.112
1.500003057e12	-8.688	1.52	9.778	9.121	6.254	-5.074	3.835	5.522	-7.449
1.500003058e12	5.922	-9.753	-9.717	-6.165	3.629	2.025	4.595	5.419	3.151
1.500003059e12	4.764	4.308	-7.703	-5.281	-2.769	4.561	9.274	0.2661	-4.758
1.50000306e12	0.2979	-0.73	-1.202	7.521	-4.547	2.657	7.379	6.372	-9.789
1.500003061e12	-5.493	-2.987	-8.075	-0.769	8.394	-3.713	-1.899	-3.693	-2.036
1.500003062e12	9.044	8.667	3.165	0.7117	-7.649	3.91	2.971	-8.955	-7.334
1.500003063e12	-3.224	-3.173	6.432	-3.896	7.137	-7.389	7.228	5.237	-5.973
1.500003064e12	4.758	-1.409	-3.882	0.9875	3.098	9.	6.921	4.832	-1.583
1.500003065e12	-5.216	9.957	-6.476	2.213	-9.667	8.3	4.869	-3.948	7.288
1.500003066e12	5.338	-0.592	4.213	-5.515	-8.586	-8.154	-6.4	-7.522	6.09
1.500003067e12	0.8289	3.142	-2.378	0.4126	6.075	3.92	5.587	-5.839	3.508
1.500003068e12	-8.951	-1.3	7.787	-4.033	9.355	-4.332	-1.381	-2.816	-2.592
1.500003069e12	-8.182	2.776	-9.849	4.478	4.185	-8.367	3.708	-8.514	9.565
1.50000307e12	-4.178	9.921	3.441	2.283	-8.323	-0.02441	0.8582	8.463	1.816
1.500003071e12	0.09277	1.409	-0.9778	-2.745	-1.97	7.231	-1.168	7.866	-9.01
1.500003072e12	-5.111	5.946	-9.631	-6.323	-2.041	-6.166	-1.086	6.429	-9.222
1.500003073e12	8.177	-2.061	-2.181	-1.366	2.717	7.712	-9.797	-4.459	-0.4785
1.500003074e12	-2.594	-2.333	-9.948	-2.966	4.644	-5.652	8.55	-3.403	-3.04
1.500003075e12	-0.6885	-7.876	1.182	-7.581	4.862	-7.581	-5.212	1.825	4.833
1.500003076e12	-5.331	-5.691	-1.814	4.344	1.801	6.187	-0.9851	-9.982	2.552
1.500003077e12	-2.214	-5.679	7.494	-1.536	0.5884	6.982	-5.166	-9.056	-3.062
1.500003078e12	-7.246	-3.495	-2.731	-9.464	-6.735	-1.725	7.772	-2.574	-9.042
1.500003079e12	-0.4871	-1.116	8.494	-9.115	-8.285	5.176	-0.8081	4.587	-0.9863
1.50000308e12	-6.564	-6.32	-0.4358	5.247	-8.173	-0.4883	-4.784	1.134	-3.889
1.500003081e12	-8.909	-5.625	-8.483	-0.752	-1.158	-9.851	2.939	0.1941	3.926
1.500003082e12	0.4919	-9.362	4.446	-1.697	8.408	-6.267	3.182	2.98	-1.017
1.500003083e12	5.154	0.6824	-1.426	-0.2075	-6.622	5.15	-4.485	-4.569	6.971
1.500003084e12	6.321	2.33	0.3882	-9.569	2.162	1.849	-9.53	-1.549	-7.281
1.500003085e12	-2.644	-8.701	6.527	-5.585	2.096	6.157	-5.676	4.077	4.98
1.500003086e12	-6.012	-4.867	-3.234	9.586	5.527	-1.503	-8.9	-9.88	-0.9827
1.500003087e12	9.778	2.671	0.1819	-9.785	-7.56	8.878	-0.4224	-3.	7.54
1.500003088e12	-3.938	9.298	0.1526	0.5762	-5.027	8.406	5.339	-2.179	-1.858
1.500003089e12	-8.766	-4.797	4.686	2.158	5.699	-3.895	-3.605	-9.382	-0.09033
1.50000309e12	-4.205	-6.511	-2.491	-9.022	-5.917	-3.175	-6.232	5.345	-0.4565
1.500003091e12	-8.008	-8.169	-4.771	4.093	-2.262	-7.455	-8.582	-7.078	5.84
1.500003092e12	2.803	-7.595	3.944	6.849	7.26	9.786	7.141	5.387	7.867
1.500003093e12	-1.932	-7.207	-2.819	2.404	-4.838	-6.719	-0.02808	-2.305	7.194
1.500003094e12	4.183	-7.208	-5.612	4.802	6.062	9.464	-7.181	6.132	-8.529
1.500003095e12	8.398	6.476	-3.103	-9.529	-4.192	5.918	0.5334	7.292	-7.719
1.500003096e12	1.385	-9.153	0.2954	-4.122	-4.933	4.384	1.741	-5.343	-4.865
1.500003097e12	-6.611	7.482	-4.691	7.993	3.	-6.196	-6.179	-0.06592	3.969
1.500003098e12	5.553	0.73	4.813	7.394	8.505	-6.18	3.021	-3.859	2.727
1.500003099e12	5.63	-0.5078	6.687	-6.259	-4.384	3.993	-3.411	-7.219	8.727
1.5000031e12	-5.601	-9.998	5.9	4.33	1.617	3.851	-1.177	3.167	2.274
1.500003101e12	-5.649	-6.711	-2.35	4.457	3.269	-4.418	-3.416	-7.159	1.429
1.500003102e12	9.353	-9.838	-7.109	4.388	4.203	-1.766	-3.81	-7.473	9.464
1.500003103e12	0.4053	8.27	4.928	-0.4004	-0.116	-4.524	9.22	-2.024	-2.67
1.500003104e12	-0.5811	0.5078	0.2173	-1.121	3.741	-6.78	6.667	-8.73	-4.899
1.500003105e12	-8.029	-0.6311	3.853	1.074	-5.577	-4.639	4.618	-8.644	-9.138
1.500003106e12	-0.4395	9.443	-8.441	-9.178	8.643	-8.208	0.3027	4.186	3.942
1.500003107e12	-3.219	4.868	-6.824	-9.153	-9.976	8.376	3.346	-5.04	5.541
1.500003108e12	-4.158	-7.773	-8.182	-8.228	-7.212	6.829	-1.635	7.605	-5.582
1.500003109e12	2.239	7.39	-2.664	-7.012	-9.55	1.647	4.296	7.308	-3.9
1.50000311e12	2.292	-2.623	-2.628	0.1721	-6.298	2.163	6.475	-0.2881	-5.054
1.500003111e12	2.71	0.04272	4.152	3.677	8.527	7.864	-1.832	0.6677	-9.915
1.500003112e12	-6.4	-3.593	0.3076	8.885	-2.029	-2.864	2.897	-2.548	-2.206
1.500003113e12	-7.295	4.95	-1.63	-2.062	-8.298	-2.618	-7.029	1.119	-8.24
1.500003114e12	-5.896	-2.827	-6.339	7.911	-2.935	-9.424	5.702	-9.656	-3.037
1.500003115e12	3.175	-8.802	-0.4504	2.505	0.802	-8.677	-6.119	-1.248	-2.969
1.500003116e12	-0.3955	4.258	-1.173	-3.715	1.018	6.597	-5.319	-4.408	-4.847
1.500003117e12	-4.346	3.866	5.669	-3.373	-2.616	2.726	7.269	-6.714	3.702
1.500003118e12	1.183	1.853	-4.535	0.7495	-4.723	6.31	9.332	0.2368	8.16
1.500003119e12	9.923	-6.949	2.908	6.743	-2.358	4.694	-4.824	-8.931	-4.059
1.50000312e12	-4.591	6.486	-4.938	7.23	5.952	-1.282	-8.612	5.045	5.818
1.500003121e12	-0.2551	0.2869	6.343	1.967	-8.801	0.7837	0.7727	8.394	0.1746
1.500003122e12	7.666	9.941	2.609	2.748	-8.551	1.118	-1.315	-9.899	3.472
1.500003123e12	7.1	-6.498	-5.891	-9.865	-6.927	-4.32	4.355	-5.963	-5.103
1.500003124e12	8.107	4.357	-4.341	1.859	4.373	-7.787	-5.918	-3.625	-5.132
1.500003125e12	-4.952	-1.765	-5.289	7.31	9.193	6.039	6.202	9.082	-2.605
1.500003126e12	-0.6763	-4.412	-1.646	2.239	5.529	4.047	6.525	-9.885	1.456
1.500003127e12	-1.572	8.792	-4.542	-4.498	-7.623	1.718	-2.655	7.96	6.761
1.500003128e12	-5.498	7.6	1.432	5.103	8.514	-4.812	8.564	-7.661	-0.7947
1.500003129e12	2.201	7.012	-2.166	-6.205	-8.342	0.6714	7.054	7.803	-8.643
1.50000313e12	-7.491	0.5261	4.655	-1.92	-4.379	5.176	-2.894	4.863	-9.019
1.500003131e12	1.584	-4.498	9.51	6.138	-5.083	-9.476	-1.21	-3.241	-9.447
1.500003132e12	1.249	5.503	-9.429	8.171	-9.412	1.499	5.155	-7.77	-6.338
1.500003133e12	-2.863	8.422	-7.402	8.149	2.188	9.323	5.298	-5.052	-6.853
1.500003134e12	1.783	0.8484	3.339	8.385	6.367	1.694	6.488	8.882	7.841
1.500003135e12	-6.188	-8.938	-2.467	-6.01	-0.719	-6.67	9.614	-8.087	-5.04
1.500003136e12	7.832	-5.939	3.696	7.219	6.082	-6.914	-7.66	8.284	-4.706
1.500003137e12	-4.751	-0.6018	-6.715	-6.085	1.79	2.914	3.602	-6.409	8.302
1.500003138e12	-2.146	8.126	-7.407	1.542	-5.107	4.225	1.788	-8.923	3.887
1.500003139e12	0.3601	0.2112	0.8228	-5.083	-2.014	-1.476	6.431	-0.05249	2.874
1.50000314e12	4.026	-1.826	7.797	4.075	-4.132	3.855	-9.619	-6.499	1.084
1.500003141e12	3.688	1.348	-0.4004	-1.145	8.562	-4.084	5.851	-8.507	-3.231
1.500003142e12	8.063	3.319	-6.744	5.643	5.439	-1.604	-4.387	-2.683	-1.562
1.500003143e12	8.485	3.92	2.495	-2.126	-2.086	-1.235	4.791	0.2612	-5.863
1.500003144e12	-8.098	-0.8374	5.605	2.534	-1.733	-2.516	-8.01	4.213	8.916
1.500003145e12	3.667	-2.366	5.677	-0.658	7.297	5.374	-1.285	-0.238	5.897
1.500003146e12	8.278	2.432	-5.107	9.832	2.49	-4.642	-9.863	-2.551	5.229
1.500003147e12	3.397	8.215	5.582	5.211	-9.529	5.751	5.566	1.501	9.867
1.500003148e12	-0.2161	-7.531	-7.479	5.525	-0.02686	-2.935	-8.998	-1.421	5.714
1.500003149e12	3.999	-4.366	9.708	-1.353	-1.18	5.544	2.062	-6.608	4.94
1.50000315e12	1.239	7.314	2.853	4.603	6.6	2.056	-5.724	-6.61	-8.35
1.500003151e12	-6.071	0.4675	6.03	-6.354	-6.012	8.143	-8.779	4.783	-7.926
1.500003152e12	0.9546	6.597	2.849	4.791	-9.623	-0.8887	-5.509	9.674	-7.356
1.500003153e12	-4.838	6.201	-3.351	5.511	-9.081	8.441	-8.815	0.73	7.224
1.500003154e12	-5.714	-8.418	8.184	-4.525	8.173	9.088	3.553	-3.733	6.667
1.500003155e12	-9.447	-8.262	-4.325	-1.892	-0.3564	-5.664	9.844	-2.545	4.006
1.500003156e12	0.3857	-9.017	-4.479	2.173	-4.331	-6.866	5.569	4.462	-3.661
1.500003157e12	-5.375	-0.3027	-4.905	7.13	2.705	7.285	4.458	2.046	-1.581
1.500003158e12	7.891	7.19	-8.867	-8.513	-0.6946	-3.254	5.085	6.851	-7.771
1.500003159e12	0.3149	7.233	7.845	-1.993	-0.2698	-6.313	-4.984	-8.65	5.059
1.50000316e12	-6.304	-5.428	5.801	-5.015	-5.721	0.6104	-8.885	-0.2637	-4.597
1.500003161e12	3.39	5.853	-4.062	8.059	9.971	-4.385	6.654	-1.056	2.202
1.500003162e12	2.231	-9.023	-9.592	-6.643	1.206	-9.048	7.85	-2.301	-4.352
1.500003163e12	-3.54	9.729	0.885	-9.774	1.718	-7.388	-9.796	9.81	1.898
1.500003164e12	0.5518	7.192	0.4272	2.249	9.739	-6.223	0.4224	1.791	-0.7812
1.500003165e12	5.007	8.925	4.076	9.506	4.344	-2.035	4.641	-1.251	7.231
1.500003166e12	-2.9	-1.072	8.705	4.873	-9.325	9.681	9.95	7.617	1.248
1.500003167e12	-1.632	-0.9753	0.5029	0.8252	-2.924	9.742	3.885	-2.817	6.431
1.500003168e12	-7.394	-0.4724	-9.071	-8.56	-4.618	4.12	-2.871	-2.715	3.236
1.500003169e12	-7.725	0.1514	-0.5591	2.959	-3.606	8.624	8.048	-0.752	3.854
1.50000317e12	8.467	-9.31	3.228	7.23	-9.512	-5.933	1.591	-1.918	-3.64
1.500003171e12	-3.076	8.809	2.684	0.2039	9.257	5.9	-5.514	-7.107	0.6482
1.500003172e12	3.472	0.4333	9.921	-4.512	7.013	-4.829	8.368	6.451	4.615
1.500003173e12	4.8	4.57	-1.028	8.418	-2.738	7.703	-3.539	-2.084	2.983
1.500003174e12	5.376	-6.024	-1.184	9.51	-4.08	-5.842	6.144	-2.228	4.734
1.500003175e12	9.316	-9.286	7.443	-1.576	8.488	6.649	-4.595	6.91	-1.987
1.500003176e12	8.713	5.375	-7.701	-3.253	-7.13	1.707	-4.031	-4.065	-3.444
1.500003177e12	-9.922	3.02	9.825	3.527	2.391	0.863	3.978	-7.885	4.474
1.500003178e12	-8.993	6.888	2.224	5.881	-5.764	8.805	3.057	-2.251	0.3711
1.500003179e12	-0.509	-7.562	-1.239	-6.287	-9.287	6.918	9.064	8.688	-0.4175
1.50000318e12	9.969	2.638	5.43	1.449	2.451	-9.972	-7.592	-2.513	-2.485
1.500003181e12	-6.98	0.4724	0.3088	8.271	-0.7129	4.453	3.656	-1.451	-7.408
1.500003182e12	-6.722	-3.147	-8.778	7.609	3.308	-4.166	-6.208	2.444	8.611
1.500003183e12	-0.6836	7.695	-4.241	-9.5	6.431	0.387	0.07568	-1.697	3.163
1.500003184e12	7.051	-3.562	2.703	1.55	-4.592	-3.477	0.4016	2.292	-9.725
1.500003185e12	-1.841	-1.873	5.062	1.26	-3.491	-2.545	-7.466	3.256	-9.027
1.500003186e12	-0.9741	-8.588	4.794	-2.354	7.197	-4.854	4.346	2.847	-7.679
1.500003187e12	1.798	-9.841	-0.824	7.744	-0.8728	-9.099	-3.313	-4.655	6.711
1.500003188e12	8.163	-5.327	-8.044	-0.3625	-4.478	-9.984	-6.96	-3.518	-0.1721
1.500003189e12	-4.72	-9.489	5.392	-1.012	-7.836	-1.958	-5.415	-2.391	-9.286
1.50000319e12	-4.379	-9.995	1.05	-3.427	-3.069	3.641	-0.3894	-4.335	-3.684
1.500003191e12	1.36	4.103	-1.021	6.534	7.483	2.048	-9.034	-3.832	-8.386
1.500003192e12	2.423	4.74	-6.401	-9.932	-2.738	-0.3455	2.018	-1.896	3.273
1.500003193e12	7.62	9.167	3.169	2.084	5.688	3.812	6.895	3.165	-6.951
1.500003194e12	-8.485	7.742	9.807	8.284	6.733	4.609	-6.041	-9.625	1.093
1.500003195e12	4.154	9.707	-4.739	-7.761	-1.754	-9.545	-0.6213	2.251	3.438
1.500003196e12	3.174	3.672	6.392	-0.4626	-5.111	7.576	-7.201	8.662	-4.283
1.500003197e12	7.911	-5.682	4.169	-4.493	-8.357	-7.567	3.651	7.902	7.742
1.500003198e12	-1.312	0.5261	-5.391	6.152	-3.7	0.1453	7.496	-9.64	-4.897
1.500003199e12	2.809	4.667	-7.175	-2.415	1.848	0.3076	4.235	0.1843	-2.85
1.5000032e12	-1.427	-4.42	3.322	9.211	-0.8301	0.4456	4.733	8.713	8.723
1.500003201e12	9.158	0.4138	-5.768	6.611	8.115	-0.3809	-8.394	-7.529	9.53
1.500003202e12	-5.774	-4.93	-4.86	-5.066	-7.552	-8.585	2.031	4.857	3.307
1.500003203e12	8.384	-5.399	7.833	-1.917	-6.345	5.829	1.033	5.774	7.996
1.500003204e12	-8.593	-3.564	9.434	8.518	5.381	-5.2	5.758	7.623	-7.567
1.500003205e12	6.216	5.206	-3.395	0.7654	-5.04	4.264	1.667	-6.11	-2.839
1.500003206e12	6.177	-8.63	-0.4504	-6.56	2.161	3.876	-8.159	-8.252	5.802
1.500003207e12	-5.77	6.766	-8.265	-4.084	-8.361	8.56	-3.74	-6.683	1.748
1.500003208e12	-4.312	3.959	5.06	-9.529	3.224	5.935	9.581	-8.138	5.773
1.500003209e12	-6.96	-3.523	0.8704	7.756	8.225	-4.79	-4.362	-7.816	-6.033
1.50000321e12	-3.186	-2.185	0.7446	-8.22	-0.3711	-0.03906	-3.708	6.062	-2.979
1.500003211e12	4.261	4.414	-4.436	2.396	7.059	-3.918	6.615	-7.791	8.217
1.500003212e12	-9.966	8.395	2.39	-3.566	6.906	-8.701	-5.518	-4.657	0.8777
1.500003213e12	9.695	7.756	-4.314	-7.926	2.582	-7.084	9.425	1.96	1.881
1.500003214e12	-1.017	4.941	-3.257	3.005	3.761	3.748	-3.687	-5.767	6.
1.500003215e12	3.628	1.068	4.824	-0.8044	-4.85	-1.495	-1.865	6.079	9.347
1.500003216e12	-7.384	3.408	3.315	0.426	-0.968	7.816	-0.07935	9.11	6.742
1.500003217e12	3.143	-1.133	5.204	2.694	0.2014	9.684	-0.7019	-5.42	-2.928
1.500003218e12	7.737	-3.798	5.925	6.348	3.589	9.102	-9.094	-3.815	-9.299
1.500003219e12	-3.815	2.196	7.842	5.752	-5.771	-5.543	-9.662	6.339	-7.828
1.50000322e12	4.922	-5.381	0.06714	-0.8276	3.22	2.93	-8.635	0.7983	-1.195
1.500003221e12	1.971	7.129	-1.644	-5.564	-4.397	-7.892	-8.794	3.236	-4.545
1.500003222e12	9.584	-6.609	1.997	9.69	-0.7434	9.41	4.454	-8.207	4.497
1.500003223e12	-8.777	-0.5518	-1.503	7.732	5.007	3.	-5.658	-3.345	8.694
1.500003224e12	6.191	-5.834	1.78	-9.498	-4.764	-5.933	1.84	4.6	-4.569
1.500003225e12	9.541	-8.842	1.135	-6.005	8.264	0.9668	-2.192	9.174	-2.207
1.500003226e12	8.849	-1.261	-4.243	9.619	-6.835	4.659	-2.732	0	-9.028
1.500003227e12	-2.974	-5.891	-0.4553	-8.094	-0.6079	-8.927	-3.217	0.5286	6.614
1.500003228e12	-7.482	1.091	-7.684	9.232	2.219	-8.658	1.073	-9.956	9.664
1.500003229e12	7.738	-1.901	-7.749	-7.33	9.482	-6.831	5.045	-4.977	-1.943
1.50000323e12	9.706	2.849	-7.705	-3.483	-3.934	6.122	-2.522	-8.107	-5.642
1.500003231e12	-8.972	9.58	8.602	-6.201	0.9753	-2.904	4.425	-2.766	1.171
1.500003232e12	9.735	4.832	4.379	-6.952	7.068	0.304	8.778	7.589	-8.345
1.500003233e12	-4.458	9.585	7.391	-2.714	-1.543	8.947	-7.854	3.055	5.215
1.500003234e12	7.29	3.03	0.2539	-0.1099	0.7544	4.626	9.196	-3.739	1.212
1.500003235e12	9.376	-2.815	7.81	-3.259	4.183	8.363	-7.469	9.78	1.128
1.500003236e12	3.373	2.712	4.009	-2.216	-1.213	2.015	0.3552	-2.62	-7.067
1.500003237e12	-2.773	1.896	-9.203	-2.314	-8.644	0.1013	6.698	8.174	-4.432
1.500003238e12	1.431	-0.5151	8.903	0.5908	5.225	9.365	0.99	-3.201	-7.35
1.500003239e12	9.203	-0.02686	1.477	8.27	-6.439	-4.78	9.081	-2.413	-1.345
1.50000324e12	-9.272	6.895	7.814	-1.531	-8.107	0.199	-7.115	2.557	-5.846
1.500003241e12	8.87	4.944	0.7166	1.542	-4.583	1.101	9.905	-8.735	-6.906
1.500003242e12	4.891	5.939	-6.328	9.716	5.576	-9.111	1.427	3.339	0.7837
1.500003243e12	3.787	8.632	-8.522	5.826	-2.572	6.305	-9.067	-0.6982	6.91
1.500003244e12	-2.545	-5.692	-7.118	-8.555	7.444	-7.153	-7.33	-6.809	-3.677
1.500003245e12	3.456	4.358	2.695	-8.512	7.136	-1.797	1.031	0.2832	4.858
1.500003246e12	0.1917	3.361	9.701	8.889	5.496	-0.3821	-6.027	6.158	5.125
1.500003247e12	-6.074	2.302	5.099	-6.129	2.024	-1.328	5.474	5.741	4.099
1.500003248e12	8.483	1.433	-1.797	2.416	4.319	-5.366	-1.218	2.1	1.593
1.500003249e12	-8.845	9.558	1.493	6.896	1.471	-2.626	6.787	-7.803	-2.987
1.50000325e12	-0.7471	-4.509	-8.098	-2.706	-1.37	2.295	4.703	2.51	3.007
1.500003251e12	1.98	-3.435	-4.362	-2.245	6.925	6.086	-5.507	2.62	8.998
1.500003252e12	-7.616	2.832	0.6262	-4.763	3.768	-1.677	0.2795	3.662	-8.513
1.500003253e12	9.141	-5.474	8.951	9.192	2.168	-2.598	7.992	1.66	7.562
1.500003254e12	0.7874	-6.326	-0.6519	7.107	-4.357	-7.	5.05	-6.021	3.824
1.500003255e12	1.813	0.675	2.244	9.485	2.025	-3.372	7.827	1.219	-5.697
1.500003256e12	5.779	-2.502	-1.483	5.669	0.3381	2.449	-9.177	8.453	-8.215
1.500003257e12	-1.854	-6.519	5.63	2.728	-3.782	-2.744	-2.378	-0.1428	-0.2759
1.500003258e12	-6.931	-0.1733	-5.115	-2.419	9.209	-7.51	8.328	0.4944	-5.785
1.500003259e12	-8.558	-2.207	-1.263	-9.791	4.025	8.231	2.028	8.594	-7.662
1.50000326e12	4.766	6.915	-7.018	-0.6494	-6.091	-0.6897	-8.632	-0.3589	-9.209
1.500003261e12	8.661	-6.633	6.903	2.35	4.72	-6.498	-3.523	3.699	-2.007
1.500003262e12	-7.115	-4.844	-2.111	0.1074	-1.005	-1.45	9.601	-8.765	-3.907
1.500003263e12	9.725	3.82	-5.857	2.782	9.44	-1.46	2.49	-4.733	-2.957
1.500003264e12	8.901	-4.786	8.312	-0.9644	9.098	7.161	6.002	2.808	-2.92
1.500003265e12	-6.553	6.244	-0.5579	5.089	1.594	2.919	-3.069	2.841	2.386
1.500003266e12	-1.571	-4.673	7.44	-2.544	0.8081	-5.802	4.033	-6.919	-9.696
1.500003267e12	-0.7544	-3.	-1.055	1.555	0.2515	-7.506	4.617	-0.4419	-8.763
1.500003268e12	-1.19	-2.631	-8.595	7.35	3.82	6.844	2.667	5.778	0.47
1.500003269e12	1.869	-8.138	-9.446	-0.07446	-9.135	8.873	0.9924	-0.293	0.1685
1.50000327e12	-4.235	-0.957	-4.216	4.431	9.57	7.251	0.2942	7.809	5.443
1.500003271e12	7.181	-4.994	0.4004	-7.834	-6.53	-2.805	8.444	7.573	0.8386
1.500003272e12	1.573	9.283	4.557	-4.762	-8.416	0.5127	-0.8362	8.058	-4.459
1.500003273e12	-4.219	1.055	9.301	8.929	-8.075	7.961	3.483	-0.1465	-9.435
1.500003274e12	-0.2393	3.055	-6.14	-8.391	-1.787	9.415	9.414	6.089	8.612
1.500003275e12	-6.842	-2.294	5.591	9.832	-1.243	4.004	-0.21	-2.896	1.786
1.500003276e12	-6.432	-4.18	-6.362	3.396	-8.425	-7.299	3.673	7.642	1.935
1.500003277e12	-4.865	0.3772	-9.114	4.216	-9.791	-3.214	3.549	5.51	9.047
1.500003278e12	-1.321	1.085	0.2979	-6.843	7.477	-6.47	9.207	0.9692	-5.531
1.500003279e12	-7.394	5.425	5.84	0.07446	-1.613	-7.915	0.6189	-8.531	-1.555
1.50000328e12	-4.971	-5.469	-2.357	7.673	5.736	-0.2344	6.848	-4.806	-3.949
1.500003281e12	8.192	7.906	-9.803	5.975	1.573	-8.756	-6.508	0.5872	-7.45
1.500003282e12	-4.551	-5.531	3.32	4.907	6.702	-4.658	6.246	5.698	-0.5249
1.500003283e12	-0.6384	-7.483	-1.046	-6.057	7.113	-4.247	-9.889	-1.068	7.943
1.500003284e12	7.507	-1.661	-2.703	-4.559	8.474	-5.566	-3.225	-5.461	-8.331
1.500003285e12	-0.9937	-3.007	-2.015	3.125	-4.492	0.7129	-9.187	-0.2673	-4.938
1.500003286e12	-5.593	4.879	-7.627	-8.315	2.404	2.926	3.575	-6.611	8.257
1.500003287e12	-0.0708	-8.483	-2.953	1.324	-9.222	-9.042	0.6116	2.573	-5.453
1.500003288e12	-9.701	-8.889	9.11	-7.131	-8.597	2.382	5.084	4.874	1.26
1.500003289e12	-5.48	1.588	2.224	-0.8215	1.228	9.072	5.836	-1.522	-1.622
1.50000329e12	-6.813	5.074	5.444	-1.81	4.452	-4.264	2.96	7.136	-4.492
1.500003291e12	5.059	9.948	-0.4419	8.395	8.394	-0.708	5.681	-8.309	8.711
1.500003292e12	-7.238	-6.388	3.694	6.707	3.823	4.662	1.313	4.091	-9.084
1.500003293e12	-8.448	0.9192	-3.804	-5.792	-4.468	5.978	-2.34	2.527	-2.843
1.500003294e12	-4.436	-8.854	-4.508	-8.76	-7.05	-0.8777	-8.105	5.155	-5.026
1.500003295e12	-5.89	0.5347	0.282	7.661	-1.254	7.324	1.537	-6.428	7.213
1.500003296e12	3.657	-4.355	6.462	-1.96	-8.646	6.493	-2.069	6.825	-1.473
1.500003297e12	9.125	-9.684	-0.6921	-4.771	-7.035	-3.677	1.031	-4.346	-9.303
1.500003298e12	1.443	-0.9241	-9.786	3.578	-0.7324	-3.688	-2.17	1.018	-3.939
1.500003299e12	-2.014	-8.451	3.707	8.315	-6.259	1.431	-4.484	9.919	4.073
1.5000033e12	3.546	-0.7703	-1.313	-5.475	3.455	8.081	2.382	-1.344	-3.873
1.500003301e12	-9.119	-0.6641	2.964	1.027	2.444	9.817	-4.763	0.02808	-2.939
1.500003302e12	-8.883	8.655	-2.352	-8.434	1.318	5.106	4.49	2.072	-7.18
1.500003303e12	-8.514	-7.462	5.677	3.256	1.843	-9.836	-5.236	-5.01	4.611
1.500003304e12	9.072	5.952	0.5457	9.406	-2.153	-2.018	2.15	-9.419	-1.2
1.500003305e12	-2.156	-0.675	-0.1184	-4.121	-1.315	-4.871	-4.347	3.119	1.195
1.500003306e12	9.966	3.802	-9.249	-0.6909	-9.661	2.56	2.196	5.835	-1.367
1.500003307e12	-1.925	0.5566	2.787	5.475	7.913	-6.816	1.219	-1.26	-5.729
1.500003308e12	0.7385	6.953	9.746	-6.849	-4.435	-2.037	-2.825	1.644	1.097
1.500003309e12	8.029	-2.689	4.521	4.159	-9.691	-6.941	-4.921	0.8875	-8.901
1.50000331e12	6.772	6.792	7.385	-4.287	5.388	4.54	-0.8533	8.965	9.069
1.500003311e12	8.37	-8.872	-7.468	7.562	-0.99	2.897	-8.727	4.525	0.4138
1.500003312e12	2.086	-7.192	-9.006	-8.586	-2.375	5.598	2.517	0.9753	-7.383
1.500003313e12	3.491	-6.492	1.279	-4.656	-4.343	9.941	-0.885	9.358	0.9692
1.500003314e12	-8.586	-4.739	0.3516	-2.872	-9.067	8.578	-6.483	3.448	-6.642
1.500003315e12	2.743	6.089	-0.2441	-4.695	4.738	8.534	-3.77	-6.218	9.141
1.500003316e12	2.286	-7.957	8.083	-5.979	-1.962	-4.193	-0.2844	0.4468	-0.636
1.500003317e12	-8.547	-4.484	-2.524	-6.907	8.751	9.932	8.097	-4.398	7.295
1.500003318e12	-5.332	-5.516	6.19	7.296	4.884	-2.555	-9.608	-2.515	6.927
1.500003319e12	-9.684	-7.164	-3.749	2.029	-0.2063	-2.772	8.777	3.201	-9.409
1.50000332e12	-3.654	8.146	9.76	7.156	8.539	-6.522	3.387	3.45	-6.686
1.500003321e12	9.735	-0.5627	-0.6946	6.133	-6.443	-9.579	7.278	-3.445	1.602
1.500003322e12	-1.68	8.739	4.	5.715	7.728	-2.917	-2.953	-1.167	-2.621
1.500003323e12	-9.589	9.38	2.676	-0.1794	-6.051	-0.6128	1.514	9.001	6.185
1.500003324e12	-3.273	0.07446	-2.38	-4.249	0.3381	-5.181	-0.7495	-5.302	-3.466
1.500003325e12	4.829	-8.909	-0.1404	-6.278	-4.742	0.5286	2.15	5.817	8.617
1.500003326e12	-3.325	-0.4797	9.39	-8.153	-2.05	-6.254	-2.532	-1.532	-1.421
1.500003327e12	-1.803	-2.512	-5.607	8.965	7.869	1.439	-7.716	6.246	2.782
1.500003328e12	-2.479	-4.532	-4.796	-5.055	1.566	-7.825	-7.48	-5.983	-7.455
1.500003329e12	-6.01	-5.446	5.183	4.464	3.888	-7.283	3.489	2.504	-0.7104
1.50000333e12	4.896	5.918	7.352	7.189	-0.7385	4.454	3.612	-5.87	3.315
1.500003331e12	8.506	-8.707	-0.8032	-2.023	8.984	-0.6091	-8.743	-4.401	5.591
1.500003332e12	6.165	5.591	-0.6067	9.41	-5.459	-9.565	8.63	0.1599	-2.542
1.500003333e12	2.26	-4.701	-8.723	1.328	2.305	4.261	-9.056	0.6641	-2.744
1.500003334e12	-1.29	5.356	4.326	-0.105	1.316	4.915	4.814	-5.529	0.542
1.500003335e12	-9.164	-9.993	3.198	9.102	-2.944	-3.776	8.85	-2.738	-5.066
1.500003336e12	-9.446	7.092	-0.4993	-2.874	-9.183	2.449	9.751	-7.665	-9.003
1.500003337e12	1.259	-5.238	-7.77	0.7678	1.65	5.667	-8.225	-6.906	5.244
1.500003338e12	-1.1	9.297	-1.982	-0.5884	-4.744	-2.773	0.07568	-4.861	2.755
1.500003339e12	6.268	7.513	9.755	-5.602	-2.05	4.387	1.133	4.612	5.347
1.50000334e12	-4.633	3.01	-6.749	2.3	8.807	6.398	-4.303	2.617	5.739
1.500003341e12	-9.087	-1.624	-8.654	-4.603	3.021	-7.792	0.6897	6.871	7.559
1.500003342e12	4.796	8.881	-5.314	-5.262	-0.9802	6.671	1.016	1.465	5.04
1.500003343e12	-8.142	-5.237	5.037	1.538	-3.904	6.069	9.856	-9.937	1.577
1.500003344e12	-3.486	4.342	-8.682	-8.658	9.8	9.13	-1.588	5.931	9.459
1.500003345e12	-5.321	-9.818	8.871	-5.366	0.3564	7.529	6.558	4.163	5.803
1.500003346e12	-7.803	-0.1221	-0.8752	-9.911	9.529	-5.326	3.234	-9.913	-2.709
1.500003347e12	-3.59	-2.99	4.681	5.834	7.62	-4.847	-3.69	8.42	9.886
1.500003348e12	-9.293	9.489	7.102	6.046	-2.025	8.557	6.117	8.011	-0.5603
1.500003349e12	3.156	7.047	-9.694	-1.805	-2.423	-5.516	5.668	0.2625	-5.887
1.50000335e12	4.454	-5.691	9.364	6.884	0.01343	-8.119	-9.698	3.774	5.244
1.500003351e12	-8.396	-2.881	-2.7	-6.281	-8.597	-9.086	-6.296	4.093	-6.101
1.500003352e12	-9.331	2.305	-9.304	-3.364	5.004	0.05493	-2.494	-6.675	5.809
1.500003353e12	2.542	2.919	-6.671	-6.875	8.269	0.1135	5.175	8.215	2.382
1.500003354e12	-1.696	-1.183	6.965	9.531	1.877	-0.7397	2.795	-3.486	0.7715
1.500003355e12	-1.783	-3.59	0.2661	-9.204	7.512	5.26	-2.242	8.85	-9.158
1.500003356e12	1.178	7.844	5.389	6.547	-1.041	6.501	-3.662	-1.01	6.752
1.500003357e12	7.446	5.97	-4.337	-2.705	-2.485	-6.65	-2.74	4.514	2.075
1.500003358e12	0.7751	-5.012	3.334	-4.921	-9.91	4.233	-3.936	2.789	3.602
1.500003359e12	-1.049	-1.365	3.976	3.462	1.421	-6.505	-1.509	7.738	3.357
1.50000336e12	-9.166	-1.527	-1.438	-1.763	1.271	1.488	-4.956	-1.859	-8.759
1.500003361e12	-2.195	3.401	-0.1196	2.396	0.5505	-6.128	-9.305	3.403	-5.706
1.500003362e12	6.844	5.851	8.661	-0.7593	0.4834	-3.104	9.426	-2.843	4.098
1.500003363e12	5.908	8.622	1.09	-2.566	2.14	4.293	-7.993	6.758	7.455
1.500003364e12	-2.645	-1.528	6.434	4.196	-1.033	1.41	3.052	8.816	-4.63
1.500003365e12	-1.455	0.4236	-6.858	5.665	-7.528	-6.206	1.046	-5.547	-3.854
1.500003366e12	-4.148	-0.9851	5.978	-4.708	6.455	0.2771	-0.8606	7.701	-3.334
1.500003367e12	2.719	-4.48	8.674	5.497	-9.204	-9.719	8.273	2.848	-5.209
1.500003368e12	-9.729	6.091	-4.425	3.755	-3.91	8.829	3.793	5.028	-2.157
1.500003369e12	4.594	2.57	-1.239	-2.478	5.784	-8.612	-8.654	3.041	-7.729
1.50000337e12	5.898	2.383	3.173	6.548	-9.2	-0.3528	-0.7446	1.383	-3.003
1.500003371e12	-0.6335	6.141	-2.717	8.146	7.866	-0.8008	-6.349	5.321	-0.813
1.500003372e12	-1.177	-5.916	0.07812	-9.939	5.664	1.154	-6.095	1.115	0.1648
1.500003373e12	-2.533	-3.926	-3.595	7.668	-4.501	-6.836	4.989	-5.618	8.922
1.500003374e12	4.667	5.657	8.26	-6.897	3.977	4.252	4.554	-5.463	2.554
1.500003375e12	-5.649	7.351	7.156	4.883	2.583	7.482	-5.302	-6.571	-1.617
1.500003376e12	-9.125	-1.388	-2.694	5.502	-5.424	4.349	-3.04	-7.347	-9.335
1.500003377e12	9.169	-6.81	2.01	-7.838	-9.916	-7.418	7.919	-6.725	5.939
1.500003378e12	-6.414	5.314	6.191	-5.228	9.026	-8.413	-5.765	-6.313	7.543
1.500003379e12	1.62	3.064	9.091	-1.232	2.451	-2.655	-4.961	-5.669	3.591
1.50000338e12	-7.472	-9.333	-8.591	-0.6055	5.304	6.687	-0.7288	8.589	-6.664
1.500003381e12	5.594	5.707	2.493	9.193	8.352	-8.032	0.249	4.899	-2.186
1.500003382e12	-9.694	-4.594	1.892	4.106	-6.2	4.777	1.187	6.653	-4.969
1.500003383e12	-3.735	3.13	3.345	3.047	2.679	3.196	-7.91	3.372	3.751
1.500003384e12	-3.884	0.3894	3.093	2.283	6.111	-9.7	2.218	0.05249	-5.664
1.500003385e12	7.438	-5.153	-0.8496	-5.985	-8.003	9.711	-5.398	-8.701	-4.73
1.500003386e12	6.677	-4.644	4.165	9.148	3.286	-5.582	0.2075	9.7	-9.573
1.500003387e12	-4.875	-1.691	1.6	9.501	-3.712	8.74	-1.807	3.59	-3.97
1.500003388e12	3.45	4.156	-5.106	-9.194	4.818	-6.123	0.6616	1.276	-9.702
1.500003389e12	-5.817	-9.819	6.777	-3.641	8.26	-3.077	-2.274	-7.954	1.505
1.50000339e12	-8.356	6.135	4.562	7.368	-0.6824	-1.875	6.876	3.384	-1.151
1.500003391e12	7.839	-9.705	0.2466	-1.227	3.417	9.711	-7.845	6.467	5.71
1.500003392e12	-5.615	0.564	4.493	-5.98	-4.335	8.203	-2.344	-0.3711	3.431
1.500003393e12	1.604	4.028	-3.457	6.484	7.473	0.4077	4.926	6.539	6.768
1.500003394e12	-4.672	-0.2673	5.065	-1.351	9.825	4.963	9.944	-5.667	4.594
1.500003395e12	9.752	-3.784	-2.803	9.67	-1.323	-5.134	-6.493	-9.347	1.779
1.500003396e12	2.86	1.721	5.62	1.056	9.537	7.164	-0.1135	6.151	-4.126
1.500003397e12	-9.955	-5.945	5.553	-4.553	9.169	-0.08301	2.627	-0.7422	-9.172
1.500003398e12	-6.65	-0.957	-6.151	8.954	8.319	-3.848	-9.186	-7.451	-8.284
1.500003399e12	-1.434	-1.968	8.054	-5.768	-0.3418	5.465	6.808	7.581	-4.424
1.5000034e12	-7.997	5.236	2.606	-4.594	-1.116	6.429	7.933	-5.536	1.995
1.500003401e12	-1.708	-6.438	8.506	-2.397	9.747	1.14	-6.631	0.3223	-1.589
1.500003402e12	-5.779	-5.598	-9.811	6.464	-3.108	6.697	8.403	-1.956	-1.268
1.500003403e12	7.285	1.036	-1.818	5.985	-1.744	-0.6995	3.491	-8.309	7.616
1.500003404e12	8.263	2.545	-2.667	2.046	-7.485	-1.765	6.967	-7.494	4.587
1.500003405e12	8.582	5.363	1.144	3.295	-1.743	2.589	3.546	2.611	-1.375
1.500003406e12	7.317	6.117	0.3357	-2.812	5.214	5.237	3.275	1.578	3.232
1.500003407e12	-0.1697	-5.728	4.199	2.048	-2.439	5.831	-0.6873	0.3003	-5.291
1.500003408e12	5.425	-9.318	7.151	1.119	2.108	-6.697	7.625	2.667	-6.569
1.500003409e12	5.8	1.012	5.094	6.427	6.76	-3.55	9.911	2.811	4.497
1.50000341e12	2.991	5.801	-7.716	5.697	-6.765	4.972	-9.26	9.821	7.697
1.500003411e12	7.319	-1.643	5.669	-8.602	-1.594	0.9668	-6.471	9.543	6.123
1.500003412e12	-7.88	5.619	9.019	1.178	-5.166	8.999	-3.604	4.253	-1.545
1.500003413e12	3.267	-3.184	-4.735	-1.647	2.341	-2.494	4.347	8.762	5.836
1.500003414e12	3.816	-8.783	3.629	-8.229	4.28	-9.128	3.204	-1.193	-4.869
1.500003415e12	-2.196	6.635	1.359	-2.29	-3.641	-4.316	-6.748	-2.694	-1.221
1.500003416e12	3.702	0.6689	-7.574	-3.301	6.681	-4.183	1.615	1.936	8.73
1.500003417e12	-6.466	4.076	-9.204	-5.189	-4.027	0.3613	4.829	-0.1099	-5.164
1.500003418e12	-3.22	-4.397	-8.706	3.022	4.928	-7.372	-5.834	7.084	4.993
1.500003419e12	-5.637	8.799	-4.825	-4.645	-5.709	-6.993	-8.464	4.578	-9.258
1.50000342e12	5.886	-4.497	-3.455	2.976	-2.07	-7.349	-9.221	0.8179	-2.872
1.500003421e12	-4.979	-2.034	-8.416	8.513	3.003	-1.051	5.151	0.2283	0.4163
1.500003422e12	-7.981	-2.494	3.466	2.982	-6.859	1.15	-5.428	2.162	5.599
1.500003423e12	4.164	4.661	1.053	9.587	2.61	-4.076	-0.9119	-7.162	7.938
1.500003424e12	5.118	-1.123	2.849	-3.149	4.601	1.302	6.171	-8.356	4.318
1.500003425e12	-8.342	-3.673	-1.539	-3.203	5.962	-4.282	-4.467	2.915	9.479
1.500003426e12	1.792	0.4492	-4.739	-5.06	-2.367	7.499	3.029	-1.655	-2.501
1.500003427e12	-2.217	-5.905	-2.145	-9.265	6.373	8.625	4.06	-8.271	-5.959
1.500003428e12	-3.463	7.461	5.299	2.411	2.43	-8.186	8.248	4.174	-3.199
1.500003429e12	2.362	-9.115	1.32	5.833	1.838	-7.347	8.812	6.552	8.157
1.50000343e12	4.176	-6.124	-6.575	-6.129	7.875	-3.252	-3.447	-3.646	-3.37
1.500003431e12	0.874	1.786	-4.674	-1.465	-5.262	-3.761	5.582	-1.807	2.938
1.500003432e12	-3.044	-1.171	4.003	0.5811	-0.8301	-6.282	-1.073	9.978	1.357
1.500003433e12	7.661	6.724	6.45	9.106	-8.82	-4.952	-4.009	-1.35	5.428
1.500003434e12	-3.872	-9.851	-1.842	2.177	-7.716	4.193	8.618	3.929	-1.643
1.500003435e12	-7.582	-5.273	-9.474	-2.271	3.953	-6.255	-1.033	0.09766	9.374
1.500003436e12	-0.07812	7.213	-7.395	9.684	8.363	-7.677	9.541	-5.836	-2.106
1.500003437e12	-2.601	-9.59	9.016	8.539	-3.713	-5.505	5.631	-3.989	-7.843
1.500003438e12	-3.224	-4.976	-5.378	-1.4	7.385	-3.724	-9.862	1.515	-0.4126
1.500003439e12	3.102	1.752	8.513	-0.05615	-5.131	2.771	8.322	-5.479	-9.009
1.50000344e12	1.233	-1.105	9.799	7.659	-4.854	-1.912	-2.866	-9.613	-1.431
1.500003441e12	0.7043	-2.012	9.534	-0.7324	2.843	2.841	-1.316	-6.06	8.87
1.500003442e12	1.848	6.801	1.781	7.975	7.858	-8.923	1.095	5.653	9.303
1.500003443e12	-0.9863	3.3	-8.938	-1.926	5.867	-8.003	2.238	5.619	-4.31
1.500003444e12	-5.078	-5.571	6.858	2.135	-1.771	9.624	1.863	1.792	0.5017
1.500003445e12	-9.546	4.486	-1.713	-1.901	-7.299	-9.557	-2.04	-6.259	-5.518
1.500003446e12	-1.738	-2.034	9.852	6.475	-0.7971	7.809	-3.746	-4.019	-3.457
1.500003447e12	6.119	7.124	-4.412	-5.586	-6.129	-0.835	9.	-8.699	-8.999
1.500003448e12	3.202	-8.809	-3.97	2.755	-6.57	8.403	9.047	-6.702	8.999
1.500003449e12	-4.069	0.0415	8.417	-1.952	4.832	-1.24	1.521	6.205	9.547
1.50000345e12	-9.026	1.097	-6.104	-4.813	-5.266	9.32	3.73	5.88	-5.038
1.500003451e12	4.817	-1.581	1.178	-4.952	-1.902	-9.915	1.993	-2.886	6.779
1.500003452e12	2.351	2.67	2.024	4.331	7.861	-7.601	-7.112	-4.277	-3.063
1.500003453e12	9.271	3.027	9.886	-8.195	8.197	-5.631	2.555	3.326	1.442
1.500003454e12	-4.17	0.9839	4.814	8.093	-1.095	-7.783	7.046	6.176	-5.684
1.500003455e12	-7.094	5.269	-0.238	3.538	-8.546	-7.838	-8.528	-7.476	-6.964
1.500003456e12	4.667	-1.263	-7.853	-8.972	-1.416	-0.6384	-5.835	6.205	7.917
1.500003457e12	9.824	-4.829	-9.509	-0.9058	-5.582	8.967	8.031	6.425	-4.534
1.500003458e12	0.6299	-6.362	9.596	-3.59	-3.676	1.691	-5.029	-7.356	-4.198
1.500003459e12	5.073	3.212	-5.286	-8.654	-0.1587	-4.235	-4.215	8.892	2.782
1.50000346e12	-1.97	-2.388	-7.169	-9.562	-8.95	-4.878	9.377	6.53	3.258
1.500003461e12	5.405	3.193	3.845	-2.809	-6.345	3.882	-9.515	-9.31	-2.662
1.500003462e12	-6.365	-3.75	3.588	-6.301	9.429	-1.667	-5.712	0.7959	-2.522
1.500003463e12	-0.4468	-9.116	3.293	-2.888	4.797	-1.718	-5.723	7.231	-7.847
1.500003464e12	1.605	-6.991	5.413	6.305	-7.863	-1.62	3.097	6.002	-0.2063
1.500003465e12	9.656	0.1135	-1.239	8.37	-4.672	-1.801	-2.025	2.723	3.159
1.500003466e12	-0.4175	1.74	-2.954	-5.45	4.513	7.371	9.51	-6.549	-7.77
1.500003467e12	-8.058	7.097	6.349	-6.088	-2.905	0.73	-0.9229	3.129	3.348
1.500003468e12	8.558	-5.931	-0.5847	8.015	1.409	-5.991	9.907	-6.039	-5.996
1.500003469e12	-8.285	-9.943	0.4163	9.275	4.78	2.238	-6.829	-8.779	3.81
1.50000347e12	-7.469	5.537	2.177	-1.724	3.862	9.537	-5.045	-0.6519	2.041
1.500003471e12	3.26	3.794	1.104	9.503	-6.981	-4.329	-2.156	-8.799	8.774
1.500003472e12	-5.037	8.588	5.636	-0.6348	-0.03296	-4.324	-4.199	5.621	9.231
1.500003473e12	5.084	-7.227	-0.5566	3.282	4.552	-0.7397	-6.212	5.023	0.7996
1.500003474e12	3.882	4.832	-5.533	-0.6421	5.952	-3.634	9.698	-9.769	7.423
1.500003475e12	-5.083	-8.667	-5.839	5.414	3.19	1.573	-0.2087	1.597	8.612
1.500003476e12	1.643	-2.615	1.901	9.119	-5.963	1.652	9.598	-8.81	-7.736
1.500003477e12	1.407	7.332	-3.26	0.6665	9.691	9.346	9.58	9.684	-4.729
1.500003478e12	9.6	-6.97	-1.294	5.629	-7.156	4.46	4.845	-0.03418	-6.836
1.500003479e12	2.837	-9.774	7.854	0.1038	-2.069	3.94	9.259	-7.463	4.559
1.50000348e12	6.693	-3.01	-3.569	9.652	-4.633	7.657	2.673	-9.326	9.301
1.500003481e12	-6.747	-4.485	9.354	-6.527	0.5737	-9.908	3.654	-0.1611	5.415
1.500003482e12	-5.889	-0.2856	9.005	4.034	2.578	3.248	2.31	7.437	0.2747
1.500003483e12	-9.193	-7.809	5.753	-9.474	-2.023	3.842	0.1001	0.6458	4.943
1.500003484e12	5.781	-7.487	-2.296	-0.7825	-9.894	2.273	1.506	-5.698	5.576
1.500003485e12	-4.095	9.46	-8.103	-8.228	0.6592	-7.572	-8.43	-7.766	6.42
1.500003486e12	6.52	-8.309	3.979	-7.605	-7.617	-9.739	-2.007	2.357	2.959
1.500003487e12	-1.776	6.217	-6.277	-7.408	1.766	-3.726	1.307	0.3528	-3.242
1.500003488e12	-5.656	-1.266	8.644	-2.086	4.243	-2.692	-5.713	-6.361	3.326
1.500003489e12	-3.837	8.834	-1.615	-6.447	6.807	-6.238	7.439	-9.498	-1.478
1.50000349e12	0.5139	4.026	-0.9668	3.894	5.723	-9.927	-9.495	5.334	2.561
1.500003491e12	-2.882	4.521	-7.836	-4.811	-5.044	7.01	8.17	-7.902	-0.2771
1.500003492e12	9.009	-3.865	-4.951	4.551	-8.855	-4.521	-3.026	-9.733	4.48
1.500003493e12	-5.078	-5.143	0.2002	-3.228	-9.929	2.084	-4.663	-8.551	4.053
1.500003494e12	1.757	7.338	-3.369	5.757	-8.645	6.377	9.187	-6.31	3.84
1.500003495e12	1.837	-9.335	8.469	0.4456	5.994	3.033	4.698	3.328	-0.6555
1.500003496e12	-1.65	6.899	-4.703	9.872	5.691	-8.867	7.179	-4.095	-2.076
1.500003497e12	-3.938	-1.379	-4.817	-5.632	6.012	1.394	4.21	-6.425	-2.072
1.500003498e12	-1.489	-8.027	-4.321	-2.816	-1.404	-0.6494	6.7	-8.711	6.252
1.500003499e12	3.726	-8.252	-0.2637	9.169	2.732	2.036	8.307	3.789	2.065
1.5000035e12	5.092	9.165	-8.854	1.201	7.858	-8.519	0.9631	-9.221	0.07935
1.500003501e12	-1.066	9.996	-3.182	-4.583	-9.269	-5.144	-6.87	-9.631	8.431
1.500003502e12	4.381	1.661	-6.65	-7.393	-4.935	-0.4517	-4.541	8.818	-0.415
1.500003503e12	1.885	-7.866	-3.141	9.852	-2.302	-2.31	-2.347	-6.841	6.774
1.500003504e12	-4.749	4.926	9.534	8.904	-9.279	-5.071	9.474	-2.291	1.251
1.500003505e12	6.339	-6.113	-9.62	4.49	8.947	4.18	8.384	4.316	9.957
1.500003506e12	2.684	4.429	6.09	-2.264	9.071	3.583	-5.948	5.367	-8.302
1.500003507e12	7.166	3.145	-9.772	-0.9863	-6.04	7.023	0.8728	-4.529	-4.265
1.500003508e12	0.8569	-9.501	-9.78	-0.9314	2.063	-9.996	-2.214	-5.322	4.922
1.500003509e12	7.979	-6.665	5.332	-5.833	2.255	-0.9668	4.385	-2.737	5.99
1.50000351e12	-9.117	3.442	-4.575	7.092	4.299	-7.689	0.5176	7.745	-2.437
1.500003511e12	-1.647	5.001	-6.224	5.376	8.049	2.46	5.635	5.77	-7.966
1.500003512e12	8.427	8.374	6.986	-2.378	9.211	6.396	-7.1	8.584	-4.033
1.500003513e12	-8.763	-6.664	-7.435	7.463	-0.9985	0.001221	-7.493	9.296	7.281
1.500003514e12	5.424	9.349	4.023	-1.338	-9.99	1.705	6.727	-1.495	-1.835
1.500003515e12	6.165	-3.401	-0.07324	-6.924	1.624	-1.283	-9.709	6.205	6.287
1.500003516e12	-8.114	-9.393	5.784	-2.834	0.7422	7.958	5.837	3.325	-9.824
1.500003517e12	-0.8765	-6.91	-0.9277	9.27	1.154	5.474	6.249	1.515	2.697
1.500003518e12	-3.22	-6.377	-1.144	-2.45	-5.97	-1.633	6.803	-3.97	1.265
1.500003519e12	8.219	1.538	-7.108	-6.265	7.317	-7.177	1.289	4.546	4.99
1.50000352e12	0.1941	3.201	-1.163	-2.904	8.237	3.27	3.118	-4.668	-9.359
1.500003521e12	-4.592	9.174	-9.055	3.746	-0.7288	-1.277	-1.788	-4.318	6.833
1.500003522e12	9.358	8.362	-7.839	2.241	2.56	-3.818	-0.2087	-3.269	8.566
1.500003523e12	-7.347	-1.689	2.192	-0.8569	-7.482	6.301	-4.299	4.308	-2.426
1.500003524e12	5.071	-6.215	-2.344	6.938	-0.8752	-3.574	1.508	-5.294	-9.283
1.500003525e12	-6.233	-8.094	-6.444	1.841	-3.5	0.8313	-8.064	-6.036	0.6519
1.500003526e12	-7.826	8.419	0.9827	2.281	-4.73	5.653	-7.731	9.092	4.009
1.500003527e12	-6.888	9.263	-6.257	0.6873	-6.675	-5.886	-5.648	8.503	1.14
1.500003528e12	-0.2771	0.4175	-7.461	-2.81	5.653	9.836	4.679	1.833	-2.032
1.500003529e12	6.11	-9.149	1.733	-2.86	3.685	0.7227	-2.57	2.791	4.215
1.50000353e12	1.561	3.932	-3.831	7.959	1.221	3.782	-0.5225	2.841	7.793
1.500003531e12	0.6909	-0.9705	-8.499	-5.419	-0.7385	-6.283	-0.2576	3.19	-2.709
1.500003532e12	-9.105	0.8752	0.6311	-0.6274	-1.949	-5.348	-3.999	5.315	-0.6555
1.500003533e12	8.195	0.2417	-4.681	-7.736	-7.388	-7.896	5.333	-7.9	-1.554
1.500003534e12	2.759	-7.395	0.03418	2.545	-3.823	-5.47	-4.448	1.893	2.616
1.500003535e12	-3.584	2.794	6.666	0.4663	4.447	1.18	5.908	1.672	4.05
1.500003536e12	-2.416	-8.	3.182	5.52	2.256	0.02563	0.07202	6.498	-2.979
1.500003537e12	-6.091	9.268	2.842	9.603	2.906	-4.637	-1.938	1.912	-5.381
1.500003538e12	1.571	3.607	-2.826	8.002	-8.651	-7.452	2.972	-7.629	-8.246
1.500003539e12	-2.97	4.086	1.548	3.928	-4.867	-6.957	8.705	-7.467	1.039
1.50000354e12	2.592	-4.738	-7.528	-3.944	2.872	-3.325	1.714	-5.626	-1.702
1.500003541e12	9.128	-9.022	-7.268	4.133	4.899	6.98	7.004	-2.029	-4.493
1.500003542e12	6.942	9.535	4.478	-2.452	3.27	3.978	7.021	1.853	-1.537
1.500003543e12	3.839	-0.4163	6.123	6.16	1.923	8.279	-3.986	6.724	0.7666
1.500003544e12	-5.022	-5.179	-4.06	-6.088	-9.193	-2.159	-1.338	9.923	-5.094
1.500003545e12	-9.011	2.816	-7.463	6.606	8.585	-2.649	7.163	-7.504	-9.208
1.500003546e12	-0.1477	-8.066	3.73	-1.108	-2.021	5.403	0.6665	9.092	3.18
1.500003547e12	7.86	-0.1782	3.48	-7.147	7.249	6.267	1.918	8.269	8.999
1.500003548e12	5.795	2.513	3.477	1.292	8.363	0.3064	-6.331	-1.565	1.32
1.500003549e12	2.708	-1.052	-6.674	-4.169	2.166	4.698	9.071	1.454	-6.19
1.50000355e12	3.586	6.527	2.314	-5.612	-4.335	9.608	-8.285	2.745	6.221
1.500003551e12	7.196	-2.524	9.363	0.8618	1.226	4.336	3.101	7.096	-0.4614
1.500003552e12	1.887	8.329	6.486	-9.603	-8.997	-2.969	-6.388	5.085	-7.363
1.500003553e12	0.06836	7.795	-4.297	0.8118	-9.248	7.076	-5.696	-4.454	-8.022
1.500003554e12	-0.1636	3.994	-3.833	3.154	2.71	1.852	9.768	-9.757	-0.04761
1.500003555e12	8.701	3.38	0.9802	-4.81	-6.196	-1.113	1.064	-0.5762	3.829
1.500003556e12	9.927	3.647	-2.551	-3.636	-7.549	-2.668	8.301	2.819	0.3235
1.500003557e12	3.392	9.583	8.834	3.176	3.209	9.767	7.465	1.888	4.152
1.500003558e12	-0.5017	-5.229	-6.503	1.244	4.408	-9.871	6.868	8.3	5.249
1.500003559e12	-9.174	7.877	-3.525	-4.595	-0.02808	3.464	-6.104	-0.3748	9.952
1.50000356e12	4.795	3.004	-0.7959	0.4883	-9.508	4.376	-3.104	9.213	3.279
1.500003561e12	-4.906	2.681	9.277	7.849	-8.267	-8.25	9.417	-2.29	0.1868
1.500003562e12	-5.695	6.366	6.757	8.074	6.997	-7.042	4.497	8.943	-4.297
1.500003563e12	0.2856	9.779	2.687	1.844	-7.001	-9.398	-3.223	0.6067	4.95
1.500003564e12	-1.292	-8.619	8.318	1.093	3.025	6.802	6.969	8.74	7.797
1.500003565e12	-2.354	5.839	-3.628	6.356	-8.131	2.19	-3.883	-2.748	3.8
1.500003566e12	-1.825	-3.295	-2.084	3.019	-4.017	9.789	9.738	-6.785	4.313
1.500003567e12	-8.6	5.248	-2.244	0.5823	7.302	7.281	-1.091	-7.377	6.812
1.500003568e12	5.054	-3.307	4.531	5.681	7.151	2.15	6.381	-4.867	4.102
1.500003569e12	4.602	-0.8447	1.436	8.657	-8.689	7.139	-2.603	2.513	-5.458
1.50000357e12	8.698	8.84	2.363	-4.951	1.392	4.009	-8.357	-9.357	-7.069
1.500003571e12	1.694	-1.215	7.061	0.603	2.849	-3.37	7.555	-1.289	-5.658
1.500003572e12	-6.107	-9.174	-5.5	-9.955	3.632	-7.371	8.125	5.63	8.241
1.500003573e12	-4.922	-9.255	9.043	0.1489	-1.437	5.225	8.798	-7.319	1.122
1.500003574e12	-3.826	0.8997	5.626	7.626	-9.873	-2.662	-2.83	7.833	6.373
1.500003575e12	3.7	-5.929	-1.104	4.712	-9.014	8.872	6.567	8.793	-8.926
1.500003576e12	5.338	9.18	5.99	2.56	8.485	0.1843	-5.568	3.38	-5.739
1.500003577e12	-3.8	4.082	-9.862	9.117	-7.543	4.924	2.075	9.47	7.826
1.500003578e12	4.296	-9.958	-7.461	7.382	2.183	6.824	-5.906	9.543	-6.779
1.500003579e12	3.38	0.4419	7.581	1.816	0.78	5.276	7.124	-1.44	1.624
1.50000358e12	-4.707	-4.944	-8.411	-7.732	4.32	2.847	9.155	-9.657	-8.802
1.500003581e12	-0.3455	1.573	-2.758	-4.335	6.329	-6.252	0.6409	-5.04	9.253
1.500003582e12	-4.091	6.32	-0.1233	-1.421	0.7617	8.384	6.672	8.682	3.853
1.500003583e12	5.315	3.992	-3.55	7.412	-3.236	5.89	4.59	-5.77	0.769
1.500003584e12	0.04639	7.668	1.295	-0.946	-6.677	-7.223	5.902	3.217	-4.773
1.500003585e12	9.611	9.487	-6.581	8.396	-1.825	-1.152	-0.4224	-7.017	-4.751
1.500003586e12	4.835	5.615	-8.926	-5.076	5.513	-3.787	7.319	9.774	0.09644
1.500003587e12	6.661	-7.319	-4.053	3.665	2.131	-0.1306	8.862	5.635	6.531
1.500003588e12	-4.487	-6.406	5.599	-3.873	4.462	-9.403	-7.982	9.948	3.231
1.500003589e12	-0.5078	7.012	2.205	3.679	7.687	4.016	-4.448	-8.099	-2.347
1.50000359e12	2.921	8.018	3.215	-5.87	0.3003	-4.447	9.78	4.73	-9.819
1.500003591e12	6.346	-4.02	-6.271	-1.942	0.1782	4.858	-2.83	-2.771	-3.409
1.500003592e12	5.505	7.168	3.256	-4.138	4.202	-4.008	-7.953	4.895	-4.242
1.500003593e12	-6.49	-7.572	-9.509	4.009	-9.965	2.301	5.847	3.491	2.708
1.500003594e12	-7.073	-9.521	-4.897	-8.978	9.86	5.439	-0.1697	1.534	-1.884
1.500003595e12	-6.759	2.697	1.837	-9.594	3.507	8.827	8.586	-8.375	-8.557
1.500003596e12	-0.5713	8.663	1.313	1.67	-2.969	-2.432	2.585	-9.447	3.352
1.500003597e12	-0.3516	-7.689	9.144	-6.832	-1.904	4.962	-6.182	-2.046	-8.719
1.500003598e12	-3.186	3.428	1.3	-6.311	9.215	-4.161	4.023	2.123	9.567
1.500003599e12	-1.102	-5.133	-9.612	0.1782	-0.5359	-6.569	8.422	-5.438	-5.068
1.5000036e12	0.09399	6.071	-9.758	3.32	-0.4712	3.51	-4.592	1.823	1.98
1.500003601e12	-6.748	7.068	-1.276	-5.355	5.533	-9.539	-9.734	8.643	-8.373
1.500003602e12	-1.254	3.367	-8.546	6.241	-8.59	-4.661	-0.8191	-1.559	5.071
1.500003603e12	-2.653	3.514	-0.8374	-6.633	-7.971	8.44	-9.076	-7.656	7.048
1.500003604e12	-7.777	8.038	0.5603	4.878	-2.373	-5.833	7.708	6.36	5.845
1.500003605e12	-2.688	-6.772	-2.632	-1.152	-2.286	6.332	-1.337	5.295	5.442
1.500003606e12	-2.448	-6.91	1.182	-5.868	2.949	-9.624	-4.771	-9.944	4.021
1.500003607e12	-3.081	3.8	0.1697	-9.758	5.179	-1.008	-7.832	-5.189	-3.464
1.500003608e12	5.233	-4.342	-7.832	-5.084	-8.827	6.606	-6.665	-4.941	8.074
1.500003609e12	-0.6323	3.342	0.8228	1.361	0.003662	-8.308	0.8643	5.935	9.54
1.50000361e12	8.258	1.173	1.567	1.896	-6.385	-4.445	2.953	-4.655	-8.436
1.500003611e12	6.167	1.339	8.112	5.486	-7.852	5.374	6.282	-1.763	-5.298
1.500003612e12	8.654	-7.427	-1.914	-6.226	3.928	8.007	0.6519	-8.333	-9.612
1.500003613e12	6.715	-6.443	-3.334	0.05737	3.145	-5.013	4.778	-5.546	-2.555
1.500003614e12	3.708	3.088	-3.538	2.179	-8.442	-7.614	9.424	5.995	-6.241
1.500003615e12	-4.321	2.69	-9.801	1.149	-8.95	5.286	-3.778	6.377	-4.425
1.500003616e12	-7.432	-1.086	4.34	-6.941	-5.315	0.1355	-9.81	2.935	-0.1965
1.500003617e12	6.376	-6.755	9.338	-9.821	8.612	-6.736	4.128	-8.478	9.569
1.500003618e12	0.4102	-1.548	0.2673	-1.298	5.452	2.007	-4.476	7.954	-4.001
1.500003619e12	-5.631	-4.169	3.835	1.663	1.805	1.985	6.453	7.426	3.21
1.50000362e12	-8.149	-6.288	-4.877	-3.887	-1.647	-2.208	9.801	4.369	-6.816
1.500003621e12	-4.885	4.521	-4.639	-2.307	0.3979	-9.408	-0.6702	-0.2917	8.12
1.500003622e12	1.927	4.001	-4.674	-1.024	0.3564	6.661	-9.956	0.02197	-7.588
1.500003623e12	3.92	-7.5	-0.3589	-9.02	-6.593	4.789	6.846	-4.755	0.9985
1.500003624e12	-9.548	-6.965	0.2954	-5.231	7.833	1.567	6.274	5.104	-4.414
1.500003625e12	-7.284	3.73	-7.532	5.934	7.496	6.313	3.445	6.699	3.613
1.500003626e12	-0.5115	0.9631	-4.841	-9.85	3.407	-5.876	-8.818	4.792	-5.013
1.500003627e12	1.5	-0.7593	4.043	-3.516	5.63	-5.444	7.745	-3.185	6.088
1.500003628e12	-5.455	0.5249	1.021	4.806	0.3894	3.303	-1.379	7.319	-1.57
1.500003629e12	-3.025	-5.898	5.754	-5.836	8.042	-3.518	-8.615	5.27	2.698
1.50000363e12	9.736	-4.863	1.156	5.933	2.059	-7.754	5.858	-3.533	-7.08
1.500003631e12	-4.474	-6.086	-2.209	-6.459	-8.723	1.937	1.304	-1.904	-2.523
1.500003632e12	-2.93	4.744	-1.401	9.188	-1.759	2.379	-1.268	-6.368	-3.306
1.500003633e12	5.551	-0.2856	-8.751	2.789	3.373	-4.797	-6.125	5.253	-9.136
1.500003634e12	7.146	7.067	-8.141	2.521	-9.944	5.706	-7.159	0.1526	-4.279
1.500003635e12	-8.037	-7.25	-1.647	1.82	4.11	-3.394	-9.398	3.839	4.409
1.500003636e12	4.448	-1.51	6.648	2.269	-1.055	1.371	0.9668	3.788	-6.515
1.500003637e12	9.875	6.952	9.761	-5.364	-1.422	-4.194	-9.885	4.214	-6.089
1.500003638e12	-5.485	8.085	-9.279	2.231	3.3	-5.522	5.721	3.485	-1.201
1.500003639e12	1.909	1.483	3.32	4.099	8.573	0.21	-7.942	6.697	1.923
1.50000364e12	-5.22	-2.9	6.614	9.74	2.295	-4.463	8.167	8.202	1.954
1.500003641e12	-0.8167	3.323	8.916	-0.08911	-8.855	8.949	6.267	-3.262	-1.964
1.500003642e12	-7.74	-9.874	-7.952	-1.312	-0.6738	-6.722	-5.518	0.4785	0.9351
1.500003643e12	6.337	-2.863	-9.591	-4.178	-5.802	6.553	0.7666	8.967	6.859
1.500003644e12	9.941	-7.363	3.094	-5.704	7.506	-9.984	6.268	-9.662	7.837
1.500003645e12	-4.852	-1.871	3.282	4.246	-0.5249	-9.524	8.801	-2.823	7.581
1.500003646e12	-8.435	-3.485	7.769	-7.733	6.984	-7.443	8.54	8.948	-2.09
1.500003647e12	-6.707	2.521	1.831	-3.158	4.772	5.107	1.536	2.941	1.49
1.500003648e12	7.404	-3.511	4.347	-9.004	8.297	-5.542	-7.815	-6.278	-6.239
1.500003649e12	3.853	6.971	5.233	-5.321	-4.243	5.078	-9.452	-9.109	-5.189
1.50000365e12	4.968	-6.974	-6.938	-3.149	-8.86	-7.216	9.393	8.177	0.1233
1.500003651e12	2.384	-4.886	5.325	-7.4	-4.071	-8.647	0.5566	7.416	-6.989
1.500003652e12	-5.833	5.161	4.768	-2.314	-7.953	3.994	8.387	-9.889	-6.041
1.500003653e12	5.302	-0.0769	4.735	9.916	-1.47	3.619	3.152	5.325	-5.043
1.500003654e12	4.432	2.366	-1.577	4.243	-6.42	-1.232	7.091	2.567	-1.954
1.500003655e12	2.048	-7.521	-9.52	3.469	-0.3894	-0.7104	6.095	6.344	5.33
1.500003656e12	-1.666	-2.871	5.267	3.901	-0.4675	7.55	-6.847	-0.7971	5.793
1.500003657e12	4.851	8.862	-2.418	8.708	9.824	-6.249	-6.102	4.355	-7.125
1.500003658e12	-9.745	0.5005	3.113	6.732	-1.582	9.453	-2.562	0.1733	5.479
1.500003659e12	-1.996	-3.865	-9.369	1.447	6.154	-3.484	-9.845	0.7385	-8.84
1.50000366e12	-9.581	0.4883	-3.422	-3.516	8.425	-4.744	0.5176	-6.16	-4.724
1.500003661e12	-5.865	-7.302	8.126	9.985	4.949	-9.178	-9.691	-5.042	1.908
1.500003662e12	-8.561	8.108	7.555	-6.55	-7.109	-8.444	-5.219	-3.582	-8.081
1.500003663e12	5.984	1.989	-5.852	-9.318	8.247	1.897	2.965	-6.165	-7.418
1.500003664e12	8.491	5.297	-9.818	3.468	-9.315	-3.979	4.933	8.18	0.1221
1.500003665e12	-5.735	4.818	8.429	-5.453	-9.863	1.178	-7.62	-0.7568	-2.341
1.500003666e12	0.415	2.482	-7.8	-2.583	1.315	8.918	3.661	4.233	-5.269
1.500003667e12	1.21	-4.705	-9.583	-2.732	0	-5.875	9.9	3.549	-3.873
1.500003668e12	5.276	7.131	7.83	4.757	1.483	-2.053	8.395	7.772	6.411
1.500003669e12	8.402	4.89	-7.074	-9.323	-1.934	-6.471	-7.086	2.144	-7.838
1.50000367e12	-7.612	-5.872	-5.485	-3.805	-1.89	-7.958	-2.458	3.575	-3.345
1.500003671e12	9.878	-7.776	5.692	2.769	-8.796	-7.069	4.502	3.162	5.52
1.500003672e12	5.959	-0.9631	-5.771	-1.564	-6.117	9.326	3.652	-0.1624	-3.871
1.500003673e12	3.706	8.447	-2.22	-1.654	-4.708	-8.088	-9.534	-7.144	-3.568
1.500003674e12	1.523	-9.423	2.292	0.4663	2.93	5.17	-2.709	-1.768	-9.852
1.500003675e12	3.658	-7.722	-6.294	-2.284	0.3186	-3.755	-7.07	5.569	0.3577
1.500003676e12	-9.789	-9.973	-5.449	-2.507	-2.466	-5.173	4.751	-0.7605	1.292
1.500003677e12	-4.847	-1.818	-4.681	-4.844	3.228	8.839	6.378	7.445	7.52
1.500003678e12	-7.765	3.979	-2.324	-9.18	0.6445	5.641	-6.752	-6.791	9.459
1.500003679e12	-3.798	-5.116	2.7	2.603	-0.8997	-7.964	3.444	0.8533	7.927
1.50000368e12	5.244	0.7947	-3.031	8.468	3.92	-3.746	-1.971	-2.71	-5.356
1.500003681e12	0.5737	0.4272	-6.481	5.107	-5.107	-7.562	-9.363	9.459	-0.8911
1.500003682e12	3.494	9.962	-5.26	4.413	-7.587	-9.22	-0.003662	7.1	3.92
1.500003683e12	8.638	9.596	0.177	-4.896	3.148	-2.108	-4.482	9.376	3.448
1.500003684e12	2.518	-4.46	-8.582	2.808	-5.117	-4.969	-1.591	3.217	2.789
1.500003685e12	9.836	-6.029	7.299	-6.83	-0.5481	-0.7239	-3.496	-8.885	-3.013
1.500003686e12	6.454	0.8496	9.395	-7.24	-5.156	4.403	-5.706	5.383	-6.113
1.500003687e12	7.289	0.2332	8.027	5.962	5.421	8.196	-7.522	-5.227	5.382
1.500003688e12	7.174	-6.034	-3.116	-9.351	1.157	3.734	5.652	-3.954	-8.101
1.500003689e12	-2.244	-5.098	2.627	2.554	8.558	7.982	-3.883	6.611	-0.1392
1.50000369e12	-2.74	9.044	-7.029	-9.625	-5.654	-0.5835	9.838	-9.55	-1.395
1.500003691e12	7.605	-5.017	7.55	8.074	-6.676	9.253	-3.517	-6.852	-2.739
1.500003692e12	-2.976	-0.575	-3.982	4.446	-1.77	-5.547	-3.329	1.664	8.94
1.500003693e12	3.932	2.393	2.393	-2.626	-9.486	1.442	2.551	4.238	9.305
1.500003694e12	-9.753	-7.676	3.936	8.982	8.99	-5.732	-8.612	2.385	-3.624
1.500003695e12	-6.34	0.7751	7.003	7.249	1.952	-4.009	6.213	2.914	6.188
1.500003696e12	-6.642	7.052	-3.89	4.482	-6.842	-1.322	-2.388	-9.419	6.852
1.500003697e12	8.301	4.694	3.286	-7.115	-0.9155	0.9778	6.963	8.434	-6.682
1.500003698e12	-0.5432	0.2954	-7.247	-5.693	-1.613	3.912	-2.047	3.053	-7.75
1.500003699e12	-1.306	-8.47	-2.125	-3.579	6.593	-4.365	8.937	-1.853	5.168
1.5000037e12	2.462	-6.458	3.258	-8.752	4.238	-1.733	8.447	-8.326	3.671
1.500003701e12	-2.299	5.957	-6.957	4.901	0.7544	-3.579	6.848	-5.074	-8.423
1.500003702e12	-6.992	-3.657	6.387	9.454	-2.709	7.701	3.284	-9.047	6.189
1.500003703e12	-6.674	-3.315	1.805	-3.19	-7.356	-6.594	1.434	3.618	-6.124
1.500003704e12	6.278	-0.2307	-6.68	-2.103	5.979	6.355	-7.615	4.534	-2.239
1.500003705e12	6.718	-5.707	9.442	7.69	6.243	0.7068	1.25	-3.912	-8.605
1.500003706e12	-2.427	-4.658	1.783	-4.541	-5.193	-2.798	-0.4431	7.523	3.156
1.500003707e12	4.984	5.122	0.06348	3.035	-9.603	-0.6006	6.171	-7.876	-1.45
1.500003708e12	1.705	-0.04883	9.854	-1.216	5.19	5.166	7.41	-1.777	-1.753
1.500003709e12	-6.135	3.13	4.382	5.455	3.457	3.315	8.33	-3.268	-1.559
1.50000371e12	2.083	-9.685	-0.3906	1.606	7.656	-3.822	6.691	-4.569	-2.277
1.500003711e12	-6.217	0.6519	-7.104	0.6702	-7.848	9.716	2.134	-7.625	-7.567
1.500003712e12	6.456	-1.128	-6.593	0.7739	-4.7	9.391	-2.455	8.497	0.8984
1.500003713e12	8.918	-0.813	-6.25	5.3	6.195	-0.8289	0.8936	6.775	-5.469
1.500003714e12	-7.617	-6.838	4.695	2.186	8.787	-8.226	7.303	-1.967	1.093
1.500003715e12	2.312	-9.108	-6.51	8.575	-7.417	5.322	-1.604	-4.634	9.537
1.500003716e12	-9.299	5.323	3.989	-1.804	4.413	6.371	-9.187	3.354	6.155
1.500003717e12	8.021	-9.548	5.25	3.019	9.829	-8.329	1.313	8.002	8.068
1.500003718e12	-0.9509	-5.112	2.454	-6.737	-1.394	4.377	6.324	0.09644	-8.68
1.500003719e12	7.317	2.678	2.4	-2.833	-8.981	-7.034	9.518	9.321	8.369
1.50000372e12	-6.091	1.798	-1.91	4.868	8.759	-7.406	-5.464	9.68	-0.6897
1.500003721e12	-8.405	-5.237	9.967	-9.28	-9.014	9.22	-1.32	6.576	5.817
1.500003722e12	2.804	-9.957	-4.215	0.7349	-5.42	-3.785	-4.166	-9.352	6.298
1.500003723e12	-7.527	3.435	8.737	0.5518	-4.934	7.172	-9.421	-6.36	-6.033
1.500003724e12	-5.557	9.517	1.53	6.312	5.862	-7.402	-4.753	2.722	-7.585
1.500003725e12	-7.534	2.317	1.608	3.796	-2.902	4.276	5.83	0.1257	-3.783
1.500003726e12	8.66	5.438	9.447	5.542	7.186	7.056	-3.422	4.956	-5.403
1.500003727e12	-7.085	-4.822	-9.7	-5.706	7.219	2.66	8.091	6.077	-6.853
1.500003728e12	-5.16	7.164	6.521	2.43	-4.971	4.052	-6.538	4.086	-4.644
1.500003729e12	8.856	-0.8313	-0.9387	-9.418	3.099	7.472	-3.899	9.609	-0.9839
1.50000373e12	7.681	-1.613	5.443	1.567	-1.752	-3.876	-8.96	7.465	0.05615
1.500003731e12	6.693	1.093	-7.606	7.007	-6.503	-6.996	2.694	-7.078	-0.2979
1.500003732e12	-3.058	0.4858	-3.279	-2.812	-1.567	-6.659	4.991	6.222	6.484
1.500003733e12	-3.954	4.8	2.739	-2.69	-8.314	-3.944	-3.153	3.402	8.516
1.500003734e12	0.7812	-8.461	7.444	3.99	8.469	-5.604	3.568	7.77	-2.388
1.500003735e12	7.05	-3.059	-8.009	-5.038	9.938	4.869	-3.169	-0.8911	8.878
1.500003736e12	3.018	4.506	8.512	-0.8276	2.999	8.65	-5.018	9.199	8.469
1.500003737e12	6.759	7.218	7.382	7.836	8.129	-2.582	-6.985	9.72	0.2014
1.500003738e12	6.21	-9.081	-7.366	2.186	-1.912	0.2808	5.503	4.845	-9.407
1.500003739e12	-2.324	0.003662	1.783	-3.54	5.013	-8.739	-6.532	2.877	-1.317
1.50000374e12	3.168	3.131	6.666	-7.344	8.174	-7.332	-9.808	8.234	2.797
1.500003741e12	-8.622	5.078	8.247	0.1196	-8.381	5.386	6.797	-9.259	-8.18
1.500003742e12	2.194	0.05737	-7.56	4.194	-6.471	6.252	-0.6311	2.847	-4.065
1.500003743e12	-8.147	3.612	4.02	8.397	2.847	-5.432	-1.368	-5.05	-0.7666
1.500003744e12	7.38	-9.915	0.3345	9.785	0.002441	4.746	-6.58	-4.572	1.604
1.500003745e12	-1.202	-0.5969	3.369	3.309	2.318	0.6116	-9.497	-8.177	3.181
1.500003746e12	1.545	1.958	7.123	-4.888	2.369	5.765	-2.183	-9.121	8.186
1.500003747e12	-8.726	4.292	3.47	4.968	3.768	2.144	-2.777	0.03906	5.964
1.500003748e12	7.817	-5.322	-4.161	-9.128	4.835	-9.249	9.583	-3.213	-9.316
1.500003749e12	3.024	0.4504	-2.716	2.025	7.198	3.254	-0.3247	3.696	-7.905
1.50000375e12	3.241	-4.839	-8.088	-5.969	7.729	-4.949	8.922	-6.138	-4.532
1.500003751e12	-3.973	-8.766	-3.898	-2.8	2.971	7.92	-7.035	-8.007	8.264
1.500003752e12	-1.68	-3.879	-7.892	-7.134	-5.841	0.7788	-7.524	6.426	-1.245
1.500003753e12	-9.303	-0.1111	9.811	-6.061	-8.37	-4.854	-3.958	-2.491	8.282
1.500003754e12	-1.862	9.806	5.879	-4.601	6.67	-8.082	0.1843	9.934	8.962
1.500003755e12	-1.593	7.557	-5.883	1.107	5.77	0.6812	-4.746	8.009	1.908
1.500003756e12	-2.323	1.248	7.146	2.622	-2.427	6.483	-3.195	3.298	3.055
1.500003757e12	-8.765	7.983	-2.113	-8.052	-0.6506	6.492	5.089	3.313	9.675
1.500003758e12	4.598	-8.008	4.946	-4.12	-1.176	-5.752	1.98	-1.013	-9.083
1.500003759e12	6.475	0.6323	-1.602	-5.515	-8.008	1.09	-0.8069	4.437	4.025
1.50000376e12	-7.294	3.074	-7.853	-9.337	-2.864	0.2197	-4.264	2.974	-0.6482
1.500003761e12	1.703	-1.105	-9.291	-0.9766	8.291	-1.664	-6.726	3.398	-1.475
1.500003762e12	6.173	2.401	-9.041	8.799	3.591	4.257	9.955	0.4285	4.346
1.500003763e12	-2.065	4.924	-1.097	-5.231	-9.285	7.535	6.432	9.603	0.7129
1.500003764e12	7.521	4.048	-1.014	9.545	-5.352	-8.202	-4.225	-9.639	-9.408
1.500003765e12	4.213	-7.64	-9.236	9.745	-9.402	0.155	-1.047	6.438	-5.494
1.500003766e12	2.19	0.8594	-5.087	-2.017	6.93	6.387	-5.956	-1.653	2.001
1.500003767e12	1.713	-6.613	3.459	8.005	-8.258	5.19	0.5139	-3.153	-5.992
1.500003768e12	8.439	7.708	9.023	8.638	7.904	-6.667	-0.8154	2.268	-2.084
1.500003769e12	0.708	-2.968	1.146	-5.391	5.715	-2.959	7.506	6.221	5.001
1.50000377e12	-3.11	6.959	-7.773	-6.787	4.12	-2.034	2.263	-1.299	-4.659
1.500003771e12	9.235	8.208	6.014	8.214	7.69	-8.628	0.3723	-7.542	2.979
1.500003772e12	-1.145	-3.448	2.361	-2.306	-3.7	-5.408	6.604	9.363	-1.106
1.500003773e12	4.294	6.906	-6.36	-4.327	-2.638	1.484	0.7861	7.721	5.67
1.500003774e12	7.98	-5.487	-7.458	-9.075	8.601	2.516	3.511	-3.311	5.753
1.500003775e12	-7.041	3.329	-9.564	7.841	6.714	8.116	6.621	2.172	-2.097
1.500003776e12	7.271	1.94	7.656	-7.368	-4.115	-8.11	1.097	9.673	-2.196
1.500003777e12	-5.793	-5.481	5.042	2.9	1.696	9.731	6.868	3.959	7.682
1.500003778e12	2.233	-5.703	-8.934	-4.631	6.331	6.742	2.334	-2.438	-6.318
1.500003779e12	0.2368	1.541	7.422	0.3333	5.31	4.446	4.244	9.369	-3.328
1.50000378e12	1.775	9.252	-2.542	-0.6641	-8.945	8.131	3.586	2.228	0.1196
1.500003781e12	-3.804	-2.303	-3.325	-7.181	7.052	1.897	-8.961	1.805	-1.866
1.500003782e12	-0.3235	-6.826	-0.001221	-6.338	4.775	-0.929	5.767	-5.427	1.792
1.500003783e12	8.906	7.191	-9.557	4.679	4.979	0.1648	7.843	-7.998	-2.814
1.500003784e12	-9.119	8.107	9.463	3.91	0.09644	9.644	-9.132	0.5103	-9.21
1.500003785e12	-5.879	7.892	-5.564	-0.6433	0.26	-3.153	9.041	1.78	2.976
1.500003786e12	-0.8215	-1.251	-3.7	-5.14	-2.699	5.615	-5.468	-3.322	3.141
1.500003787e12	6.885	-7.346	-6.47	2.845	7.914	9.255	8.524	0.4358	2.898
1.500003788e12	-1.869	-9.778	1.819	-8.456	-3.358	-9.872	-8.341	9.716	6.962
1.500003789e12	8.641	-2.136	1.029	-1.796	7.523	-1.78	2.622	1.244	2.83
1.50000379e12	3.739	-4.222	-6.324	-1.655	9.244	8.168	3.086	5.779	8.113
1.500003791e12	7.466	7.239	4.475	-9.974	-3.56	-1.084	4.708	0.2173	1.685
1.500003792e12	-7.145	-7.407	-3.972	4.752	-6.255	-1.605	9.154	5.565	-3.677
1.500003793e12	8.038	0.3796	7.042	-5.919	-4.056	-4.847	1.206	-3.324	-8.383
1.500003794e12	5.89	-0.6531	-9.663	9.587	-7.747	1.597	7.316	5.074	-0.7544
1.500003795e12	-5.613	-1.562	-3.927	-8.822	-2.719	7.985	-6.931	2.502	-5.537
1.500003796e12	-9.963	3.101	7.317	2.137	9.907	7.347	7.151	4.575	7.582
1.500003797e12	4.194	-3.208	-2.162	8.033	9.64	-8.202	-7.068	-9.019	-9.413
1.500003798e12	5.93	-8.529	3.896	-2.85	4.733	-9.023	-1.7	2.974	1.406
1.500003799e12	-0.6165	6.292	3.068	-3.008	-5.56	7.861	5.695	3.51	-3.54
1.5000038e12	-2.719	8.082	-1.666	-8.467	-2.473	-7.185	7.	2.986	1.652
1.500003801e12	2.468	6.498	-2.714	-7.056	2.428	-0.9521	8.7	3.483	2.568
1.500003802e12	-0.06714	-5.566	5.417	3.995	2.054	-9.639	-4.669	6.986	0.8496
1.500003803e12	-0.9668	1.517	-6.395	1.531	3.558	9.783	-6.979	9.237	1.622
1.500003804e12	5.436	6.1	-9.548	6.44	-3.61	7.487	-1.624	4.248	-6.526
1.500003805e12	2.758	-9.282	3.118	-7.727	-4.994	4.929	-6.104	-9.415	8.644
1.500003806e12	-0.1782	-0.7251	9.266	2.673	1.764	6.156	3.63	1.808	2.612
1.500003807e12	-5.765	-0.9485	9.336	-5.382	-3.115	2.261	-1.321	-9.441	7.383
1.500003808e12	-4.795	2.441	8.213	8.226	0.1636	-3.494	-4.379	-0.1404	0.8081
1.500003809e12	-3.625	8.646	1.771	8.102	-7.278	9.366	8.998	6.672	-6.973
1.50000381e12	-9.457	3.339	4.923	-7.521	2.939	5.073	-8.45	7.109	8.287
1.500003811e12	-8.491	9.088	0.3027	-7.401	2.839	-7.981	-5.825	5.139	-4.026
1.500003812e12	9.651	4.777	-2.174	-6.587	7.178	1.91	9.041	0.2612	-6.171
1.500003813e12	-0.7458	2.81	4.829	1.178	-3.273	0.166	4.244	-1.271	4.127
1.500003814e12	9.421	-6.519	-4.396	7.195	-0.7935	-4.719	1.852	0.2539	4.193
1.500003815e12	-9.983	2.737	-9.363	-5.758	8.43	6.633	8.695	-0.907	5.54
1.500003816e12	-9.113	2.706	6.207	0.636	9.922	-3.588	8.693	-4.036	-0.293
1.500003817e12	0.5176	-5.066	2.299	-5.948	-7.754	8.748	-7.269	-5.078	-1.678
1.500003818e12	-7.26	-9.274	-1.222	-5.1	1.434	9.861	-3.291	3.021	-1.98
1.500003819e12	-5.376	3.313	6.234	0.7092	-6.696	5.249	3.959	3.59	9.16
1.50000382e12	2.893	-8.567	3.967	9.746	-9.503	-4.194	-5.867	9.124	-7.104
1.500003821e12	-7.693	-5.203	2.529	-6.685	1.805	4.137	-3.097	-7.129	2.048
1.500003822e12	0.3442	-6.515	-5.133	2.467	6.001	-1.678	6.385	-1.954	7.919
1.500003823e12	4.991	9.031	2.394	8.164	8.809	-8.853	-1.207	9.628	-2.096
1.500003824e12	-5.228	-2.993	-7.015	-1.567	-4.249	-9.21	9.713	3.059	5.413
1.500003825e12	2.599	-6.613	3.693	0.8984	2.172	-1.538	-1.708	-4.878	-0.7983
1.500003826e12	9.727	-2.751	-2.126	1.938	8.158	-7.565	4.181	-4.268	-0.3406
1.500003827e12	6.32	-5.4	-1.472	0.575	4.913	6.327	9.517	1.257	-6.835
1.500003828e12	5.625	-8.325	9.215	-2.269	-5.112	-0.7007	0.5383	7.877	-2.451
1.500003829e12	-0.542	9.099	4.912	-6.91	-0.6653	-4.856	-5.903	-7.111	-3.569
1.50000383e12	1.771	-5.336	-8.645	-3.005	9.932	1.987	-0.2148	-1.646	0.8667
1.500003831e12	3.124	-9.116	-3.163	7.159	9.338	-0.6909	-9.257	-3.868	-7.23
1.500003832e12	-4.625	7.667	1.804	-1.357	0.09766	-3.702	0.7581	-1.056	-6.885
1.500003833e12	6.448	-2.385	-3.09	3.347	-3.448	7.878	0.4187	1.211	-5.159
1.500003834e12	2.244	2.85	4.55	3.56	-0.459	5.303	-6.654	9.508	-2.839
1.500003835e12	-2.108	7.598	-6.289	2.311	1.76	3.77	-2.4	-6.254	4.493
1.500003836e12	-8.972	8.228	-1.298	3.361	-6.39	8.734	9.207	1.449	-9.399
1.500003837e12	7.78	-6.843	-1.052	5.907	6.627	0.885	1.73	-1.467	-8.055
1.500003838e12	3.328	9.722	3.119	1.758	5.935	-1.112	-5.858	7.802	4.771
1.500003839e12	-1.431	-8.656	5.032	7.904	-3.412	2.249	-1.877	0.4431	6.49
1.50000384e12	-9.919	5.089	-6.16	5.079	-6.865	5.685	2.374	-5.396	-9.375
1.500003841e12	-0.4041	2.745	3.132	-5.929	-7.983	-2.072	-8.663	1.852	7.134
1.500003842e12	6.44	8.188	6.697	-2.585	-9.095	-5.73	4.208	-7.223	7.985
1.500003843e12	0.9058	4.67	1.392	8.627	9.548	6.591	5.742	1.227	0.155
1.500003844e12	-1.594	-1.583	-4.841	4.95	-3.22	-4.727	2.194	-2.531	-3.665
1.500003845e12	-0.9924	-0.6445	5.767	2.423	9.532	7.349	-3.8	6.428	-3.179
1.500003846e12	8.995	9.515	-3.846	3.335	-7.965	9.473	6.984	-7.921	4.945
1.500003847e12	1.1	-4.602	9.707	2.512	9.181	0.2893	-8.168	3.175	-5.602
1.500003848e12	2.156	-5.718	1.836	9.05	4.486	2.675	-7.312	-3.492	-2.311
1.500003849e12	1.252	-0.6995	-6.552	-1.697	-2.356	-7.644	7.612	-6.614	2.241
1.50000385e12	6.501	1.337	-0.06104	0.3174	4.583	-3.386	-2.201	0.1355	-6.285
1.500003851e12	-0.4407	6.023	-4.601	2.555	6.625	5.435	5.183	1.87	-8.416
1.500003852e12	-9.658	9.333	8.19	0.9583	-2.479	-1.555	-3.872	1.501	-2.297
1.500003853e12	-0.6775	-8.208	7.688	-4.281	-3.768	9.971	9.613	-1.482	5.393
1.500003854e12	7.979	3.893	-5.367	-2.262	8.297	9.738	-6.357	-3.99	9.536
1.500003855e12	2.753	-6.154	4.675	0.8606	8.331	-9.598	8.804	8.326	-6.375
1.500003856e12	-5.043	-8.386	-6.835	-2.095	-4.834	6.095	0.4028	5.37	-5.532
1.500003857e12	-8.425	-6.443	-4.758	5.72	-0.5054	-0.9778	8.198	-8.442	3.384
1.500003858e12	-0.4028	-5.775	-3.43	3.021	8.7	-5.789	-7.791	7.212	-2.762
1.500003859e12	2.052	3.146	-6.169	8.291	4.296	7.249	4.664	3.051	3.883
1.50000386e12	-6.521	2.473	4.073	4.766	2.939	-2.119	8.615	-2.77	6.879
1.500003861e12	-2.347	-0.4883	9.785	8.641	9.603	7.926	-1.951	7.548	-0.9094
1.500003862e12	1.354	-9.928	4.264	-6.547	-0.7556	8.213	-4.352	-7.665	0.3931
1.500003863e12	-5.856	6.202	7.185	2.14	-3.074	-0.1379	-3.241	-6.306	-4.305
1.500003864e12	-1.614	9.133	-2.634	-6.42	3.193	-5.667	-7.369	-5.28	-2.781
1.500003865e12	-2.383	6.04	-5.499	-0.6958	-4.396	-8.296	6.541	-2.238	4.418
1.500003866e12	-3.256	1.516	-0.5847	-9.723	-1.389	-2.473	3.778	7.084	-2.059
1.500003867e12	7.429	-7.275	-2.924	-5.963	-0.8887	0.8923	0.7581	-5.157	-8.831
1.500003868e12	6.403	-8.484	8.639	-5.366	7.189	-1.432	-8.699	0.2258	6.024
1.500003869e12	-9.276	-5.364	-3.998	-1.315	-5.472	-2.432	-6.364	6.953	-9.904
1.50000387e12	2.634	4.388	-0.1343	-3.524	3.34	9.01	0.8777	-7.798	8.038
1.500003871e12	-2.997	8.102	-0.1782	4.108	-9.929	9.44	8.103	6.66	-7.43
1.500003872e12	-9.332	-7.775	5.778	-3.94	-7.382	6.698	7.356	0.1257	4.109
1.500003873e12	9.73	9.89	-3.809	3.309	3.859	2.648	4.237	-5.543	1.512
1.500003874e12	-3.781	-2.432	9.657	0.1489	6.666	-5.272	4.688	5.596	5.142
1.500003875e12	0.02686	-9.374	-3.319	-3.757	-0.02686	8.469	4.579	-8.708	-9.598
1.500003876e12	3.148	-8.777	-2.213	6.791	-2.705	3.14	-1.954	3.236	2.333
1.500003877e12	7.98	7.719	4.346	4.261	-1.682	1.372	-8.114	-2.633	8.63
1.500003878e12	-9.238	0.4004	0.5627	-3.566	-8.741	-6.007	-3.063	-8.092	-0.05859
1.500003879e12	-9.041	6.207	2.823	-6.848	4.314	4.778	-4.008	4.011	9.591
1.50000388e12	-8.511	2.169	-3.822	-7.379	9.224	-3.795	7.29	0.9021	5.513
1.500003881e12	-1.127	3.4	6.354	6.259	3.789	5.929	3.495	2.915	-5.425
1.500003882e12	6.771	-1.086	-0.2991	8.524	-4.797	-0.08911	-6.946	3.22	-3.759
1.500003883e12	0.7446	1.095	2.458	-9.741	8.888	-4.747	-3.458	-1.44	0.5408
1.500003884e12	-1.768	1.223	-9.343	-3.673	9.609	-4.237	-6.375	-0.769	8.184
1.500003885e12	-0.08057	-9.956	-7.523	8.844	6.245	0.9912	6.857	-1.809	-4.728
1.500003886e12	4.305	-7.129	-1.206	7.2	0.4126	-7.241	6.436	-9.132	3.486
1.500003887e12	0.4126	-3.381	-4.178	9.584	2.715	-6.366	-6.842	-2.816	5.225
1.500003888e12	-1.248	-3.843	-0.001221	6.538	-4.956	8.71	-2.03	-1.884	-7.312
1.500003889e12	-4.565	2.733	9.514	2.913	-9.69	-1.362	7.117	-2.625	5.579
1.50000389e12	2.483	-2.67	6.855	-7.163	5.016	-7.306	5.125	-0.9204	8.156
1.500003891e12	9.799	-4.07	-8.035	9.246	-2.269	-9.332	-2.883	-4.362	9.456
1.500003892e12	6.727	-9.559	6.572	9.462	-4.274	-0.6519	7.671	2.114	4.923
1.500003893e12	6.121	5.999	-2.982	-5.486	-8.759	-8.447	8.932	9.886	6.031
1.500003894e12	-8.666	-1.348	-7.142	6.512	-0.5176	5.692	4.11	7.776	-0.4541
1.500003895e12	9.059	6.716	-8.785	-7.646	-3.468	7.264	2.087	-6.049	5.621
1.500003896e12	-0.9717	7.083	2.633	-3.51	-7.758	1.948	-7.782	0.4211	1.033
1.500003897e12	-0.8423	-0.9912	1.079	8.059	-4.047	2.62	6.775	-4.875	7.184
1.500003898e12	8.901	4.958	0.1001	2.03	5.537	2.913	-5.403	-2.351	7.124
1.500003899e12	4.651	5.134	-8.573	-3.772	-6.758	-1.051	2.146	-4.943	2.701
1.5000039e12	6.88	8.921	-9.315	6.176	-7.85	-6.454	8.175	-8.153	3.225
1.500003901e12	-9.821	-6.132	0.166	3.361	-8.484	-0.7788	4.108	-1.864	-8.936
1.500003902e12	-8.831	8.829	8.188	-3.936	-2.751	8.501	-8.988	-5.107	-9.777
1.500003903e12	-1.481	-3.547	8.722	-9.171	3.903	-3.629	-9.982	-4.801	4.912
1.500003904e12	8.832	3.635	-3.372	-4.269	-4.618	-2.01	-0.06226	-2.067	-2.292
1.500003905e12	-4.836	5.251	-6.66	-4.351	4.041	-4.764	-4.894	5.851	8.916
1.500003906e12	4.02	-3.246	4.724	6.116	3.314	-7.312	6.165	-5.551	-9.225
1.500003907e12	-2.048	-9.059	3.22	-8.617	-1.514	-8.315	3.086	5.833	4.315
1.500003908e12	-5.021	-8.783	1.238	8.748	-4.971	-8.35	-7.795	-7.596	3.425
1.500003909e12	-9.659	4.244	-6.345	-8.868	6.337	6.997	-9.133	-6.841	5.98
1.50000391e12	-6.161	-4.495	-1.019	-3.339	7.485	7.229	-1.448	8.284	1.793
1.500003911e12	-5.536	2.828	-1.522	2.906	0.7507	-6.908	9.774	-1.526	-1.941
1.500003912e12	-3.485	5.57	2.288	4.274	-2.544	-3.038	-0.2991	3.716	5.669
1.500003913e12	1.15	5.648	4.716	-4.917	6.426	4.166	0.3577	5.829	-4.635
1.500003914e12	3.49	-4.143	4.418	3.281	-5.386	2.196	-7.81	9.589	-7.731
1.500003915e12	8.914	2.794	5.197	4.806	0.08423	1.447	8.175	-0.1099	8.438
1.500003916e12	-4.847	-0.437	7.4	-0.05981	2.5	-6.682	-6.547	-1.681	-7.035
1.500003917e12	-4.585	-3.654	8.879	3.422	-2.352	-8.138	4.227	-3.905	7.754
1.500003918e12	-0.5212	2.878	8.033	3.254	-9.2	-8.129	-6.98	9.663	0.9814
1.500003919e12	-4.16	5.278	-7.375	5.149	8.076	4.004	0.3503	2.316	4.313
1.50000392e12	-3.345	-8.025	-0.3564	-4.6	4.032	7.081	-2.891	-6.045	-3.835
1.500003921e12	5.111	-8.203	-1.686	-0.2161	3.192	-9.32	3.514	5.548	2.611
1.500003922e12	-4.215	3.502	8.525	-3.254	-2.524	-7.479	-5.186	-0.7031	-9.633
1.500003923e12	8.136	6.642	0.8704	-8.325	6.423	5.044	-9.451	-1.824	0.6567
1.500003924e12	-2.483	0.1599	-2.046	-1.803	4.266	5.704	-4.76	-1.504	5.773
1.500003925e12	5.902	2.501	-6.249	-5.857	-5.569	2.9	3.451	-5.002	-5.566
1.500003926e12	0.9924	-9.701	-8.328	4.7	-8.27	-6.79	-6.349	-4.575	7.08
1.500003927e12	2.869	-6.146	7.872	-3.73	6.76	-7.81	3.335	-9.429	5.84
1.500003928e12	9.719	-0.8447	-1.52	5.989	2.357	-4.255	-6.073	3.046	2.386
1.500003929e12	-3.903	-3.519	-0.3467	-4.645	-0.08179	-8.334	-4.801	5.559	-9.712
1.50000393e12	-0.3003	8.097	-4.65	6.708	-1.138	-4.42	-8.656	7.081	2.704
1.500003931e12	-8.627	-3.544	9.615	-2.766	0.0708	4.681	-3.188	-0.8057	6.079
1.500003932e12	6.531	0.2661	-0.8179	-5.328	6.504	1.027	-6.495	7.961	9.629
1.500003933e12	7.129	-3.16	9.32	7.976	0.08423	-1.274	8.969	0.03784	-7.053
1.500003934e12	-1.855	0.7153	-4.11	3.38	-6.038	-2.297	3.373	2.877	-5.872
1.500003935e12	-4.158	-7.065	9.095	4.998	1.888	-0.8704	1.75	-9.722	-1.614
1.500003936e12	0.7959	-6.866	-3.364	3.32	9.932	-0.8472	5.896	5.653	-9.504
1.500003937e12	9.814	4.648	-3.053	-5.109	9.257	-8.961	-4.352	-4.524	-3.757
1.500003938e12	8.562	6.885	-2.878	-4.526	9.121	-7.092	9.557	9.121	-4.603
1.500003939e12	2.13	3.694	8.499	-8.602	-7.321	8.505	9.69	-9.349	0.9656
1.50000394e12	-0.06226	2.778	8.615	-8.728	-9.279	-7.792	3.43	-2.889	-1.837
1.500003941e12	9.231	2.897	4.802	0.3015	1.577	-5.702	-9.529	-3.049	4.226
1.500003942e12	8.909	-1.697	9.388	-6.669	-7.319	-1.285	5.239	-3.363	2.765
1.500003943e12	3.412	-5.249	6.357	8.546	-7.727	5.468	6.381	-7.751	-2.454
1.500003944e12	-4.503	-0.007324	9.519	5.209	-1.752	-6.324	-9.879	-0.02563	3.
1.500003945e12	8.553	2.611	4.167	-1.539	2.07	-1.97	9.617	-1.217	-5.466
1.500003946e12	-1.307	3.914	7.665	1.598	3.236	-7.809	8.242	1.279	8.129
1.500003947e12	-2.234	-0.2588	-6.418	4.897	-0.02319	-3.424	4.98	2.39	7.368
1.500003948e12	-3.883	1.575	-6.759	-8.727	-0.99	-1.26	7.07	9.926	-5.839
1.500003949e12	5.052	3.14	-5.946	5.67	-8.601	-7.513	-5.068	9.232	-5.779
1.50000395e12	-0.09155	-2.651	9.916	-5.89	-7.229	-9.43	8.552	-7.236	-8.909
1.500003951e12	-7.681	1.36	1.425	-4.858	-9.908	4.733	6.038	-1.821	-5.371
1.500003952e12	4.015	-9.43	0.7861	-3.8	-0.9717	-8.707	-3.043	2.844	-9.329
1.500003953e12	-1.63	0.04028	-4.366	-5.862	5.774	0.8398	-1.875	3.505	1.534
1.500003954e12	-4.171	-8.131	-9.606	9.224	-8.083	2.073	6.78	-3.766	-0.06836
1.500003955e12	0.4675	6.05	-3.589	-1.597	7.424	3.224	-8.948	-0.3516	6.42
1.500003956e12	2.488	8.809	7.441	-3.127	5.112	3.961	7.628	-5.225	-5.819
1.500003957e12	5.942	1.394	-4.044	8.417	-1.031	-2.225	6.697	-2.22	9.918
1.500003958e12	-3.429	-5.19	-6.768	-3.754	2.56	6.342	-6.405	4.806	-5.238
1.500003959e12	5.054	-3.131	1.233	-7.66	-1.089	0.4919	-7.712	0.4419	-1.735
1.50000396e12	0.9277	2.96	6.002	7.531	3.337	-9.204	-0.575	7.76	-8.776
1.500003961e12	-8.396	7.438	-1.183	-8.468	-5.321	6.107	-6.741	-4.952	-9.794
1.500003962e12	6.257	9.324	1.522	-3.082	3.148	1.895	-9.669	9.076	-9.069
1.500003963e12	6.167	8.112	-4.852	9.889	5.427	-6.659	-9.656	-6.238	5.073
1.500003964e12	6.555	5.365	-0.7275	6.73	8.394	4.027	-9.728	-3.124	-2.384
1.500003965e12	2.517	-5.547	-5.906	8.218	4.084	8.219	-6.036	-3.589	7.267
1.500003966e12	-3.964	8.873	2.855	4.116	-3.198	-2.643	-2.964	-2.56	3.071
1.500003967e12	5.953	5.161	-0.07446	-5.348	2.098	-6.337	8.097	-0.1843	-4.733
1.500003968e12	-7.655	-1.906	8.345	-3.276	3.053	-7.296	9.932	8.755	-4.672
1.500003969e12	-3.568	-5.601	-8.995	3.5	6.368	-6.288	1.783	4.467	-8.243
1.50000397e12	-4.502	-9.248	2.925	3.19	1.315	-0.4431	-9.207	-8.999	4.076
1.500003971e12	4.478	6.432	3.03	-4.78	7.048	1.213	9.299	4.308	3.312
1.500003972e12	-2.028	2.711	-2.849	-9.727	-8.66	-5.299	5.807	-6.697	-5.63
1.500003973e12	9.984	-6.733	-4.167	0.4883	-2.551	-7.261	5.215	-3.062	-2.59
1.500003974e12	3.414	-7.33	3.781	-1.469	-9.758	-8.359	4.896	-1.587	6.102
1.500003975e12	-6.606	-9.523	7.146	5.144	3.63	-9.723	6.056	-7.234	-1.326
1.500003976e12	8.934	-2.236	1.943	-2.756	1.534	-5.428	3.755	-6.61	0.3003
1.500003977e12	-7.628	8.949	-0.9253	-8.546	-2.904	5.97	-8.45	-1.085	6.3
1.500003978e12	5.439	-3.625	-2.695	9.753	1.08	7.708	-6.166	7.157	4.454
1.500003979e12	-5.312	4.484	4.181	6.648	0.2576	8.448	2.224	0.304	5.452
1.50000398e12	6.238	-0.564	-3.302	-9.795	9.296	-0.5981	-6.53	2.305	-1.65
1.500003981e12	-5.337	-0.6006	-1.375	4.617	-2.583	-2.678	-6.545	-0.4163	9.624
1.500003982e12	-0.9778	-5.127	-7.491	0.4932	1.342	-2.722	0.3589	-4.906	-1.267
1.500003983e12	1.658	6.39	-7.83	3.094	8.619	-1.265	-4.238	9.351	-0.4517
1.500003984e12	8.64	-0.3821	9.473	1.086	4.639	7.893	-8.401	9.78	4.926
1.500003985e12	-5.007	-3.213	7.791	-2.815	-9.166	0.1135	-3.313	-7.192	-3.345
1.500003986e12	-1.659	4.222	9.281	5.677	-7.854	-8.525	7.361	1.92	-2.444
1.500003987e12	3.007	-9.318	9.764	8.96	-4.208	-7.681	-8.17	2.609	-4.332
1.500003988e12	2.255	-3.153	-1.185	3.613	4.808	-0.47	-8.538	-2.539	6.685
1.500003989e12	-0.06836	-4.686	-2.441	5.12	5.989	-1.962	-1.849	2.079	-0.5383
1.50000399e12	-2.736	-2.283	-2.889	7.239	1.486	4.606	-4.532	-7.416	-4.117
1.500003991e12	-7.633	-5.187	-0.01709	-4.446	7.795	3.943	-3.033	-3.297	3.599
1.500003992e12	4.673	-8.202	0.03784	2.963	-2.333	8.647	-4.332	-2.922	2.317
1.500003993e12	-5.774	-0.6946	1.46	-2.333	-1.417	6.251	7.266	-0.6702	-6.497
1.500003994e12	6.713	-7.915	4.895	4.681	8.317	-9.745	1.409	6.646	6.505
1.500003995e12	-1.959	7.25	-0.1111	8.726	9.344	-1.553	0.5798	9.88	-4.026
1.500003996e12	7.468	-5.831	6.102	-5.072	-4.644	-4.575	5.27	-6.84	-6.078
1.500003997e12	-9.114	-5.978	1.747	8.365	-8.494	3.934	-2.159	-3.274	8.174
1.500003998e12	5.255	-9.761	-9.863	8.35	8.722	-9.569	0.6848	-7.708	4.628
1.500003999e12	3.469	2.356	-7.41	-2.102	-9.883	-0.4553	-7.23	2.574	-1.366
1.500004e12	-0.4407	5.363	2.627	-7.889	-8.118	-1.595	1.047	-1.628	-1.652
1.500004001e12	-0.5347	-9.606	-2.021	-6.862	-8.729	2.028	8.236	-9.634	2.837
1.500004002e12	-6.508	8.823	-5.402	-7.483	8.868	2.311	3.004	-6.76	-7.009
1.500004003e12	7.435	-0.7178	-2.563	0.3918	-2.241	1.827	0.7043	2.506	-0.8081
1.500004004e12	2.726	-7.271	5.371	-2.744	9.042	1.915	-9.771	5.145	4.995
1.500004005e12	-5.642	-9.569	-2.581	4.812	-6.13	1.042	-3.159	-2.468	-1.68
1.500004006e12	-0.1855	9.333	-8.453	8.696	8.751	6.764	-9.641	-5.538	0.5859
1.500004007e12	5.116	9.33	-9.076	-4.148	-8.148	-1.284	4.048	3.792	-6.528
1.500004008e12	-4.806	-5.172	-4.442	-1.804	-9.034	6.018	-7.61	1.689	-7.202
1.500004009e12	-0.8984	-1.52	5.022	9.95	0.8936	-8.995	9.34	-2.971	-6.564
1.50000401e12	-3.293	-9.572	9.025	-9.62	2.244	1.266	3.84	-7.482	8.629
1.500004011e12	1.315	-1.15	6.567	-6.321	-8.324	-5.995	2.036	7.787	5.64
1.500004012e12	7.268	-1.547	-0.6323	3.964	-5.134	5.757	0.1697	2.844	8.881
1.500004013e12	0.52	2.152	-5.752	-7.9	7.882	7.158	1.298	-9.882	3.694
1.500004014e12	-7.117	-8.164	0.6836	6.821	-8.146	7.86	-5.441	-1.016	-2.655
1.500004015e12	2.334	-2.31	-4.596	-0.08423	7.6	0.8093	-5.034	3.409	4.327
1.500004016e12	-7.235	-8.253	-1.947	-8.679	5.399	-9.598	9.862	2.794	4.609
1.500004017e12	4.678	8.074	-9.207	3.829	2.202	-7.39	4.475	9.982	0.3992
1.500004018e12	9.716	-1.998	7.906	1.947	-9.268	-9.519	-3.09	9.766	6.039
1.500004019e12	7.749	-7.357	2.336	2.661	1.743	-8.739	5.232	2.576	4.612
1.50000402e12	-3.555	-4.094	1.526	4.603	-7.002	-2.015	-3.721	-5.043	0.5786
1.500004021e12	-7.75	4.916	1.104	1.956	-4.906	-4.694	-6.455	-8.177	6.481
1.500004022e12	-4.375	-0.4016	9.685	3.464	1.642	7.885	9.868	-1.191	-3.376
1.500004023e12	4.36	9.683	-4.681	1.123	6.917	-6.75	-2.645	-9.791	3.947
1.500004024e12	9.469	4.146	4.247	7.606	9.102	0.7275	-4.392	-1.277	4.553
1.500004025e12	-9.115	1.288	-0.8875	3.503	7.067	3.286	3.203	-9.13	9.443
1.500004026e12	2.82	1.619	6.334	-3.737	-7.43	7.283	8.174	-7.494	8.518
1.500004027e12	1.105	-2.858	9.445	5.975	7.644	-5.75	-7.445	-2.072	3.275
1.500004028e12	0.4236	-4.9	0.2234	5.01	-2.639	-4.96	1.903	1.49	-9.436
1.500004029e12	-6.72	2.23	-3.804	6.349	0.9265	4.353	-0.2283	-5.128	-0.7349
1.50000403e12	5.12	-9.415	-8.558	-6.987	-0.8752	6.271	9.532	0.7715	-9.778
1.500004031e12	-0.3186	8.835	2.526	-4.092	7.284	-0.4492	0.387	3.322	4.307
1.500004032e12	7.909	6.104	9.546	-6.51	8.879	4.633	-4.17	-1.007	5.92
1.500004033e12	0.2661	-2.335	3.208	8.588	-2.286	-3.583	9.596	-6.713	-3.392
1.500004034e12	-2.738	6.704	9.292	-1.124	-2.728	6.643	-3.562	-4.812	7.153
1.500004035e12	3.862	1.543	0.8948	-2.611	-3.086	-0.7214	-3.586	-2.717	-9.183
1.500004036e12	5.461	-9.897	5.801	8.116	-3.307	2.219	6.072	-0.2271	-5.168
1.500004037e12	2.976	-5.005	-5.15	8.484	-4.268	-8.872	-7.605	-3.68	4.307
1.500004038e12	8.951	7.098	8.694	-8.578	-4.095	-5.594	2.201	-5.913	2.788
1.500004039e12	-5.164	-8.597	-1.676	-2.089	-4.808	8.074	-6.655	7.798	5.635
1.50000404e12	-5.505	4.435	-5.131	8.737	-5.332	-3.119	8.984	-8.5	2.638
1.500004041e12	4.31	4.551	0.3235	3.615	7.827	3.921	-9.047	-9.415	-4.164
1.500004042e12	-7.321	-4.39	6.179	8.705	9.403	3.021	-4.886	6.136	0.9814
1.500004043e12	-9.767	-1.588	-2.024	7.804	-6.967	8.663	-2.527	-4.424	4.534
1.500004044e12	9.741	-6.433	0.2295	4.343	-1.072	-9.823	-1.278	-4.404	7.234
1.500004045e12	-7.161	-4.508	-0.0647	9.795	-7.261	8.822	-0.1013	-9.569	-4.775
1.500004046e12	3.8	-8.539	5.946	-4.836	0.3979	6.884	-7.942	8.376	-3.572
1.500004047e12	1.156	5.359	-5.829	6.329	3.708	-7.563	-9.923	-2.886	0.7471
1.500004048e12	-7.046	6.173	-1.401	-0.1904	-4.785	1.626	0.415	0.9192	-6.161
1.500004049e12	-3.228	1.873	9.072	9.578	-5.972	-9.156	7.799	-2.207	-3.976
1.50000405e12	8.456	6.101	-9.589	-7.434	-3.291	6.089	-1.149	-7.34	-7.596
1.500004051e12	4.664	0.8289	7.057	-5.024	9.502	-0.9949	0.448	-1.199	1.206
1.500004052e12	3.105	-4.635	0.5872	1.606	2.092	0.6055	1.642	3.11	3.86
1.500004053e12	5.386	-4.808	-5.869	-8.696	-5.807	8.883	1.195	8.184	-7.008
1.500004054e12	9.098	8.845	-5.122	-3.546	-4.532	-6.621	-9.081	-9.749	2.878
1.500004055e12	-8.967	-2.446	-9.515	-3.877	-4.067	-4.242	-1.445	6.801	6.971
1.500004056e12	-1.294	0.6824	0.3601	0.343	6.846	5.619	3.588	7.994	2.985
1.500004057e12	-8.687	-3.119	9.131	-6.222	8.501	-6.029	5.255	-8.831	4.084
1.500004058e12	3.065	-3.484	7.543	2.468	1.219	-2.659	0.6604	-9.102	9.563
1.500004059e12	-1.414	-6.259	-2.162	9.496	6.396	6.503	-7.239	-7.025	-5.105
1.50000406e12	-9.749	4.607	-8.772	8.411	9.653	8.342	-1.636	6.368	-3.48
1.500004061e12	3.59	4.948	0.5603	-4.968	-9.055	1.608	9.576	-1.614	2.07
1.500004062e12	2.621	-3.619	9.692	6.619	-8.043	7.509	-4.314	-5.577	3.596
1.500004063e12	2.635	-3.315	-8.923	-1.68	3.23	4.637	3.683	4.944	9.938
1.500004064e12	7.681	5.466	7.815	2.189	-2.854	-0.6177	-8.359	2.109	6.206
1.500004065e12	1.876	1.669	6.215	4.18	-4.426	-1.78	5.576	5.061	6.224
1.500004066e12	6.188	-7.88	4.847	2.33	9.492	5.331	-9.32	-6.117	2.028
1.500004067e12	7.242	2.328	2.424	-5.099	1.063	-6.508	-1.515	-9.589	-9.275
1.500004068e12	-2.346	6.195	-2.042	3.717	-5.293	-5.953	-3.982	-0.6506	7.648
1.500004069e12	9.266	5.929	-4.7	6.4	-9.247	-6.405	-6.515	3.51	-4.459
1.50000407e12	8.246	2.041	-5.991	-3.678	9.161	1.941	5.303	8.988	-3.815
1.500004071e12	9.46	7.117	8.318	-8.394	5.901	-6.024	9.246	-4.402	5.554
1.500004072e12	-9.043	2.061	1.75	-9.698	8.929	-6.141	6.776	7.582	6.3
1.500004073e12	7.	-5.868	9.208	5.425	1.101	2.229	-1.81	1.862	5.284
1.500004074e12	6.96	5.2	5.576	-5.68	9.343	-4.209	6.312	-2.325	-3.838
1.500004075e12	9.307	0.5396	7.533	9.336	-2.329	-3.271	-4.136	-3.973	1.483
1.500004076e12	-5.62	2.228	-8.219	6.404	7.727	1.143	-6.265	-7.126	7.892
1.500004077e12	-2.01	-6.5	5.615	-3.475	-4.031	2.705	3.176	-2.979	6.508
1.500004078e12	1.915	9.907	-1.464	-8.597	-7.972	3.73	9.425	9.174	-3.442
1.500004079e12	8.192	-7.755	4.164	-2.1	-1.53	9.148	7.31	8.856	-0.8313
1.50000408e12	3.142	-3.944	8.148	4.783	-7.55	4.182	-8.086	-8.597	8.093
1.500004081e12	-1.436	5.028	9.65	9.585	-8.103	4.164	9.553	2.047	7.443
1.500004082e12	-2.598	5.469	-1.268	0.3113	9.613	6.987	2.673	-4.562	-7.688
1.500004083e12	-5.155	-8.35	7.489	7.97	4.215	2.141	-3.558	6.134	0.1526
1.500004084e12	-1.764	-4.799	1.404	-5.231	3.17	-5.884	-8.402	3.937	-5.41
1.500004085e12	-5.089	-5.099	-1.487	-2.399	-4.879	-5.355	-8.54	2.953	-9.275
1.500004086e12	-1.919	-5.116	-9.98	8.656	2.493	5.033	-8.267	-6.1	-0.6372
1.500004087e12	5.787	-2.756	7.616	-0.7715	9.824	-1.888	-6.687	1.655	1.654
1.500004088e12	2.626	7.426	4.69	4.905	1.671	8.495	-3.16	-0.3101	-6.302
1.500004089e12	2.322	9.941	-3.359	8.325	0.4688	1.488	-2.644	8.347	-4.769
1.50000409e12	-6.232	-6.157	-6.533	-8.348	-9.205	-1.81	2.214	6.902	5.958
1.500004091e12	5.978	9.847	9.18	-2.338	4.758	3.405	5.801	0.7495	-3.39
1.500004092e12	5.695	-6.654	-4.812	-1.006	-9.659	9.305	9.663	-3.922	-1.888
1.500004093e12	2.142	1.638	7.515	3.441	-0.2954	-6.089	-0.2954	6.266	-1.79
1.500004094e12	-3.51	-5.41	-0.6665	9.241	8.923	4.65	-5.488	4.218	-1.046
1.500004095e12	0.06958	3.363	6.272	-1.008	-2.928	6.429	4.794	0.1123	9.082
1.500004096e12	-1.604	3.615	-5.765	0.9595	6.77	6.307	2.372	5.515	-5.186
1.500004097e12	0.7678	9.937	7.512	-2.311	6.852	0.3015	-4.34	-4.229	6.508
1.500004098e12	-7.595	-2.651	7.742	-9.884	-4.325	7.089	-4.316	0.752	-7.386
1.500004099e12	2.533	-9.561	8.557	-8.17	-2.67	-8.062	-3.424	-1.715	-5.57
1.5000041e12	9.819	6.815	-3.857	9.579	9.202	9.567	4.813	4.419	-2.852
1.500004101e12	8.424	9.084	-6.775	2.178	-3.875	0.6384	-6.849	4.298	-1.002
1.500004102e12	-2.872	6.919	-1.115	-1.482	6.592	5.203	-1.979	-1.327	-7.357
1.500004103e12	2.537	9.481	9.149	-1.08	3.357	-6.023	5.482	5.057	-4.924
1.500004104e12	9.974	4.868	-0.5896	-7.805	0.4565	9.327	4.088	3.363	1.211
1.500004105e12	-7.925	7.17	-1.075	7.07	6.946	7.712	-5.76	-2.419	6.836
1.500004106e12	-9.435	4.585	-6.962	5.28	6.382	-0.5725	-0.6812	1.685	-1.641
1.500004107e12	-2.751	-1.097	9.841	7.93	-8.556	8.883	-0.9033	8.95	-8.368
1.500004108e12	-8.873	-2.001	-1.426	7.587	-6.849	0.7532	-0.6738	0.7959	2.865
1.500004109e12	0.04517	-1.039	-2.264	4.286	-4.509	-6.089	-8.037	-8.59	5.226
1.50000411e12	3.89	-9.661	6.787	1.772	4.791	9.751	-8.206	4.657	4.038
1.500004111e12	-1.036	-7.977	3.256	0.8472	1.263	1.562	-4.449	-9.062	-6.134
1.500004112e12	7.262	8.156	-7.076	-4.401	0.4028	7.366	5.348	4.249	-6.432
1.500004113e12	-6.53	-0.1367	9.346	-6.766	9.041	1.55	-6.262	3.085	8.037
1.500004114e12	-1.86	-2.897	-4.437	5.144	-0.4102	1.62	8.674	-7.61	1.61
1.500004115e12	3.107	1.587	-1.051	-6.045	6.001	7.087	-4.641	0.1538	5.51
1.500004116e12	3.739	1.92	-8.479	-9.137	6.919	-2.368	5.592	9.701	9.086
1.500004117e12	7.301	-2.263	0.6189	-4.683	-3.99	1.55	-6.24	6.733	5.453
1.500004118e12	-2.949	4.95	8.704	0.7983	-2.756	-5.074	-8.286	-2.136	0.7581
1.500004119e12	7.509	9.408	-3.379	6.976	-6.412	5.385	-3.042	6.51	5.703
1.50000412e12	-1.195	8.032	-6.429	4.498	5.325	-4.893	-8.182	-4.791	-1.841
1.500004121e12	3.132	6.407	-6.675	-9.857	6.326	6.541	9.9	-7.947	6.189
1.500004122e12	2.46	-7.883	-9.63	-6.078	5.934	-0.9497	4.165	7.77	-8.96
1.500004123e12	-5.88	8.077	-4.099	-0.5981	5.446	-2.666	0.437	-8.91	-3.491
1.500004124e12	8.425	1.759	-1.957	-1.15	7.549	-7.244	-9.503	-6.201	-4.033
1.500004125e12	0.03418	3.522	8.756	2.522	-9.813	-7.355	-9.152	-1.708	5.57
1.500004126e12	0.4419	-7.839	8.392	-7.015	8.557	3.969	9.023	-8.676	2.136
1.500004127e12	-3.716	-7.468	4.507	-0.7129	-3.716	0.6189	9.092	-7.919	2.323
1.500004128e12	3.267	9.551	-5.507	4.736	-8.768	3.322	7.137	-3.331	1.62
1.500004129e12	2.164	-3.057	1.038	-3.104	-8.722	3.373	8.209	-4.319	0.9265
1.50000413e12	-8.528	-9.021	-3.406	2.902	-4.413	4.187	-1.292	7.941	9.208
1.500004131e12	4.545	8.665	2.22	-0.4797	-5.964	0.1025	-9.519	6.367	-9.88
1.500004132e12	-4.286	-2.023	-2.595	-6.674	6.205	6.638	9.705	9.753	-3.712
1.500004133e12	1.777	2.374	5.38	2.573	-9.16	-6.345	-5.088	-4.385	1.194
1.500004134e12	-2.573	4.545	-4.036	8.016	9.269	-5.819	-6.41	9.147	-1.224
1.500004135e12	7.765	6.97	-0.5786	-2.422	-6.219	-0.9875	-8.042	2.275	-7.335
1.500004136e12	5.723	8.42	-4.967	-9.219	-9.231	5.522	2.821	-0.7031	-2.937
1.500004137e12	9.011	-8.698	-4.054	-4.738	3.202	-5.253	4.003	9.103	-4.082
1.500004138e12	1.589	6.262	1.034	9.038	8.29	0.0415	7.256	3.495	-6.747
1.500004139e12	-5.608	-2.91	-4.905	8.146	-5.253	3.182	6.779	-9.091	1.656
1.50000414e12	-0.6421	0.4736	6.953	-8.307	3.656	4.435	4.038	1.947	6.298
1.500004141e12	7.985	9.194	2.876	9.414	-3.821	9.573	2.729	-6.503	-4.183
1.500004142e12	8.455	7.52	-3.806	1.355	-0.6885	5.361	-7.058	-3.369	-4.097
1.500004143e12	-4.469	-3.102	-4.872	-5.944	8.783	-2.33	-3.356	-1.044	-9.509
1.500004144e12	-2.8	-9.015	2.139	-4.501	-2.241	0.7043	1.897	-1.143	6.259
1.500004145e12	0.5066	4.083	6.973	3.688	-5.305	-0.9839	2.057	2.637	9.207
1.500004146e12	-2.509	-1.243	-9.934	1.545	-9.791	-9.093	-1.481	-4.561	-5.546
1.500004147e12	-0.9326	6.03	-4.601	-8.186	-8.419	6.379	-5.522	-2.323	-0.6165
1.500004148e12	2.45	7.816	5.14	-9.945	1.355	8.927	7.786	-7.39	2.045
1.500004149e12	6.727	9.944	-9.333	-4.375	-7.362	-9.353	-4.076	2.549	4.962
1.50000415e12	-3.871	0.5396	-0.144	6.693	3.867	-4.464	-9.325	5.594	9.362
1.500004151e12	-7.609	9.886	5.824	0.1868	-5.486	-9.249	2.053	0.8667	-5.726
1.500004152e12	-9.5	8.541	1.781	-6.823	8.428	1.577	1.923	4.512	-2.234
1.500004153e12	4.867	6.19	4.973	4.679	1.229	1.288	-5.553	1.345	2.861
1.500004154e12	-3.368	0.9802	-3.098	-0.7703	-4.156	8.503	4.99	6.58	9.294
1.500004155e12	6.122	6.3	4.973	-3.29	-5.891	2.126	-9.528	-6.067	-1.86
1.500004156e12	-7.712	1.039	-0.4944	2.236	8.195	2.507	1.14	7.8	-3.44
1.500004157e12	0.8667	-6.521	1.115	0.6238	-9.423	2.759	5.259	-2.54	6.1
1.500004158e12	-4.081	5.717	-5.088	-1.619	-2.533	9.354	4.541	-5.471	0.5798
1.500004159e12	3.625	-6.072	-4.225	-7.638	-5.649	6.952	-8.413	-6.732	0.3406
1.50000416e12	8.022	1.266	-4.099	9.163	-5.24	2.947	9.99	-8.218	-0.0293
1.500004161e12	-6.233	1.794	6.642	0.4529	8.273	0.2722	0.5334	-5.754	-9.989
1.500004162e12	-6.174	2.563	-0.9619	-3.007	-7.111	1.848	-5.472	6.6	5.717
1.500004163e12	5.918	8.868	-2.865	-1.345	2.738	-9.666	3.615	1.469	-9.813
1.500004164e12	4.971	-0.1318	1.228	0.2136	5.212	9.049	9.076	-1.578	-7.634
1.500004165e12	-1.075	3.654	5.994	-4.481	-9.674	1.4	-7.078	-8.101	-3.582
1.500004166e12	1.044	-1.925	-9.153	0.9692	-7.559	-7.473	4.849	6.787	6.392
1.500004167e12	7.042	-0.7263	3.671	5.697	0.9448	-2.964	3.914	8.435	-2.975
1.500004168e12	1.741	-5.464	-7.738	4.557	8.557	-4.351	0.2588	8.862	0.4907
1.500004169e12	-2.792	-8.527	-7.239	9.34	9.473	-7.555	6.986	-8.652	-7.092
1.50000417e12	-0.603	-5.879	-3.601	-6.222	-2.137	-7.836	6.854	-9.891	-2.479
1.500004171e12	7.025	6.349	-1.155	1.377	-9.617	5.349	-4.679	7.543	2.001
1.500004172e12	7.356	-9.966	9.374	-1.155	-6.365	-5.571	0.1917	7.251	3.889
1.500004173e12	5.415	9.446	8.319	-6.847	-1.01	-7.565	-4.701	-3.962	5.41
1.500004174e12	7.452	2.754	-0.127	-2.639	-1.732	6.373	1.281	8.595	7.44
1.500004175e12	-2.601	-1.407	1.034	-8.606	-6.495	1.667	1.399	-6.954	-8.965
1.500004176e12	-6.187	-5.439	0.7996	-4.991	9.379	2.778	-5.061	-9.572	8.658
1.500004177e12	-6.084	-7.83	-7.766	3.713	-3.564	-4.669	-6.917	9.18	4.344
1.500004178e12	-9.846	-2.782	-6.331	7.827	-5.891	-3.942	8.645	-5.765	4.052
1.500004179e12	9.482	-8.89	1.516	4.613	-0.4004	8.309	7.668	3.28	-4.418
1.50000418e12	7.472	2.417	5.983	-3.568	-6.946	-4.908	-2.115	-0.8838	8.665
1.500004181e12	-0.6042	-3.153	2.13	5.359	1.208	-6.232	4.114	-3.381	-3.911
1.500004182e12	-5.455	-5.978	5.471	9.69	4.484	-1.366	-0.3772	3.5	-9.349
1.500004183e12	4.144	-2.955	-9.442	2.17	-7.876	5.438	-1.365	-9.043	3.054
1.500004184e12	-8.124	9.618	6.678	4.795	-7.427	-6.086	-9.971	-3.59	6.078
1.500004185e12	9.408	7.832	5.1	-6.52	0.8264	3.002	-5.645	-3.708	8.37
1.500004186e12	-4.775	-5.819	-1.064	-1.616	2.302	2.616	-0.8801	2.948	2.803
1.500004187e12	-1.145	6.243	1.382	1.215	8.861	-0.9216	-9.504	8.68	7.522
1.500004188e12	-8.448	-0.4871	-0.4053	3.234	0.6763	-4.275	-5.314	9.741	2.332
1.500004189e12	0.5518	-4.054	5.123	-0.1355	-7.579	-3.373	-5.922	-2.079	-9.863
1.50000419e12	7.313	3.002	6.011	7.559	-0.9338	5.181	3.833	3.557	-5.515
1.500004191e12	-9.071	-6.392	8.269	8.021	2.211	-1.382	-3.788	4.072	-0.9729
1.500004192e12	1.871	5.065	-0.4126	-5.164	5.38	-6.062	7.317	6.327	9.045
1.500004193e12	8.279	-4.038	-5.068	7.341	-3.431	8.956	2.991	1.606	-9.617
1.500004194e12	4.989	-8.68	-2.837	-9.324	3.621	-0.5042	-3.961	0.7153	4.225
1.500004195e12	2.222	0.21	-0.105	-1.232	-6.117	3.488	4.117	-7.615	-6.788
1.500004196e12	1.107	-6.217	4.655	-5.011	2.703	0.9314	-9.669	1.2	3.438
1.500004197e12	7.74	-9.937	-0.5261	-3.474	9.586	6.018	7.172	9.855	0.1587
1.500004198e12	0.5408	-6.598	-0.1074	-5.171	-9.459	-2.294	9.756	5.132	-6.935
1.500004199e12	-5.504	8.149	-4.027	3.779	3.287	-4.338	4.39	-3.611	0.7349
1.5000042e12	-2.272	-8.524	-1.093	-7.115	-4.822	-3.689	0.5261	2.338	-8.198
1.500004201e12	9.315	-3.844	-0.5408	-8.368	-3.695	-1.42	-6.104	-2.2	6.226
1.500004202e12	6.63	0.3748	7.333	9.028	-6.865	5.023	-9.95	4.694	-0.9729
1.500004203e12	0.3491	6.417	-1.068	9.993	-1.223	1.538	3.258	4.723	-0.5798
1.500004204e12	-6.591	-0.5188	0.3674	9.449	2.764	-9.214	-7.534	0.9131	-7.2
1.500004205e12	1.752	0.1953	7.506	-4.048	9.003	-3.29	-1.361	9.02	8.696
1.500004206e12	2.523	-4.158	-9.154	-0.7104	-3.231	-8.688	-1.133	-9.967	-7.876
1.500004207e12	-0.08057	8.923	1.279	-7.181	2.675	3.867	6.322	0.5237	-6.475
1.500004208e12	4.062	9.368	-1.659	3.549	-2.599	-2.214	-2.244	-3.647	-5.021
1.500004209e12	-5.461	-7.975	5.977	-3.986	-4.799	6.765	-1.306	1.198	-0.3564
1.50000421e12	6.973	-6.128	1.324	4.838	2.246	4.24	-6.248	7.188	-4.962
1.500004211e12	-6.63	-0.3223	5.802	6.907	-0.7263	-2.322	-3.953	2.361	8.063
1.500004212e12	-4.664	0.2808	3.138	-4.401	-1.169	-3.367	-1.93	3.4	-3.169
1.500004213e12	-5.448	-2.068	-8.945	-8.177	-8.086	9.731	-9.746	1.345	-9.064
1.500004214e12	-8.855	-9.648	-9.083	-9.346	0.8008	-2.268	-6.832	1.345	5.259
1.500004215e12	3.831	9.548	4.617	-0.78	6.323	-0.7495	-1.727	9.282	4.33
1.500004216e12	0.2954	-9.933	0.3149	2.881	2.312	2.996	-3.959	-6.105	-8.795
1.500004217e12	9.44	4.125	-9.628	0.06348	-6.473	6.016	6.919	-5.796	6.154
1.500004218e12	7.773	-5.181	-1.265	-7.91	8.29	2.272	2.546	-5.459	-1.304
1.500004219e12	-0.3308	4.198	-9.098	-5.582	-4.755	1.466	8.735	-6.628	-5.884
1.50000422e12	4.883	0.4834	7.36	4.017	2.321	1.244	-2.936	6.678	4.838
1.500004221e12	-0.8118	8.06	5.312	-3.595	-8.849	0.1978	9.482	6.927	1.27
1.500004222e12	-1.997	5.654	-8.116	8.452	1.525	0.9058	-3.575	8.837	-2.556
1.500004223e12	-4.679	5.619	8.405	6.101	9.036	-4.442	-7.07	5.566	7.777
1.500004224e12	-9.104	4.075	5.784	3.817	2.963	-0.5359	4.211	-8.029	6.333
1.500004225e12	-7.76	9.293	-4.669	-9.22	-0.4517	-1.39	-9.099	-8.73	-6.631
1.500004226e12	8.071	2.399	4.858	0.8582	0.9741	5.431	1.984	8.232	-4.174
1.500004227e12	4.095	9.58	3.728	7.568	-0.8618	4.918	3.848	-3.259	-8.179
1.500004228e12	6.797	2.332	-7.665	-1.156	3.016	-5.659	5.211	6.217	-7.195
1.500004229e12	-2.208	7.985	-9.232	2.831	-3.312	2.098	-3.607	2.214	4.363
1.50000423e12	1.384	-6.487	4.089	-2.362	-1.494	0.8228	3.127	0.1587	-1.139
1.500004231e12	-0.52	-0.2417	-0.3113	-3.523	-6.943	-5.416	-1.158	4.758	-6.5
1.500004232e12	4.395	9.141	-1.698	-3.06	-5.549	-3.794	2.589	7.264	-9.838
1.500004233e12	3.221	1.812	6.52	-3.109	6.326	7.915	-9.364	-1.443	-6.144
1.500004234e12	0.9607	-9.62	0.5603	6.938	-9.456	0.332	8.391	-6.823	8.785
1.500004235e12	2.515	-1.31	6.703	6.655	-1.99	-0.6799	4.077	-1.444	0.636
1.500004236e12	-0.3015	-7.797	9.021	6.963	5.348	-6.201	0.437	7.51	-4.537
1.500004237e12	5.735	-1.665	-9.114	-4.001	-2.959	-5.726	-7.584	5.511	-8.987
1.500004238e12	-2.013	-6.877	-7.543	-7.357	3.994	7.	-9.81	1.292	9.521
1.500004239e12	-8.746	9.897	-3.127	-4.224	-8.986	3.26	1.003	2.642	6.263
1.50000424e12	-6.388	-6.301	4.735	6.304	-6.422	0.4199	-4.121	-9.432	-3.191
1.500004241e12	7.111	-9.156	-2.914	0.7227	9.43	9.688	9.612	1.318	0.6055
1.500004242e12	-6.721	-4.408	-5.178	6.042	-5.079	8.25	4.244	6.473	-7.312
1.500004243e12	-1.979	0.1501	-4.293	-6.982	-5.45	1.847	7.223	9.63	9.996
1.500004244e12	-3.127	9.845	-5.432	-4.746	5.961	-6.87	5.332	7.93	1.074
1.500004245e12	-1.384	-7.719	4.678	-2.648	-3.806	-5.928	5.283	-8.317	-5.267
1.500004246e12	6.381	-8.153	8.796	2.137	-3.551	-9.337	-9.211	0.4321	-8.218
1.500004247e12	-2.889	0.7996	-3.479	-5.829	7.286	7.035	-3.223	2.908	0.2905
1.500004248e12	3.401	-5.663	2.134	1.797	3.627	-6.221	-1.497	0.1624	8.558
1.500004249e12	4.225	-4.116	6.643	-3.319	-1.178	-8.9	4.143	4.98	3.564
1.50000425e12	3.33	-5.764	-6.74	1.445	7.688	9.562	-1.752	-1.738	3.513
1.500004251e12	-9.576	3.365	8.678	-6.366	6.329	-2.992	-2.916	7.849	-2.424
1.500004252e12	2.855	-5.348	7.102	-5.487	-1.709	-0.4773	3.018	0.4773	-5.812
1.500004253e12	-8.336	-8.867	-3.655	-4.862	5.465	3.105	-6.516	1.155	-0.1416
1.500004254e12	8.931	4.395	-0.1208	-8.214	5.817	5.974	9.64	-4.464	-5.084
1.500004255e12	9.258	-4.012	-7.676	-7.177	7.866	4.108	-5.624	-2.35	9.79
1.500004256e12	-4.08	8.165	7.878	0.9839	-5.797	1.141	-2.897	8.202	5.696
1.500004257e12	-3.755	-0.2161	0.4175	7.382	6.621	-4.847	9.481	4.675	3.419
1.500004258e12	-8.031	3.258	6.721	-4.634	7.44	-0.9827	-5.371	7.952	-7.816
1.500004259e12	5.846	-0.7178	-2.886	8.787	4.353	6.823	-2.599	-1.913	-1.268
1.50000426e12	-1.528	4.218	5.177	-2.456	7.764	-9.7	1.973	-5.353	-0.4382
1.500004261e12	-1.082	8.06	-5.968	-6.893	-6.156	-2.72	4.692	3.201	-2.346
1.500004262e12	2.224	0.8545	4.515	-8.541	3.214	-4.06	-5.541	6.649	6.162
1.500004263e12	2.675	3.605	9.738	7.137	5.187	-2.775	1.666	-4.045	-8.513
1.500004264e12	-2.909	8.164	5.463	9.988	-4.26	3.821	1.234	9.238	-2.134
1.500004265e12	-6.483	-7.727	-1.346	-2.288	-0.1306	2.985	5.428	-8.331	4.482
1.500004266e12	-8.951	-3.851	0.5737	8.062	0.9546	4.232	-6.4	-8.419	9.758
1.500004267e12	7.328	-2.317	7.395	2.81	-4.215	-3.982	1.948	-6.824	5.725
1.500004268e12	-7.897	-8.633	-5.577	0.09033	5.712	-5.188	-6.049	-2.891	-7.695
1.500004269e12	-6.559	2.648	-8.802	-4.779	-6.802	1.276	7.477	2.192	6.567
1.50000427e12	5.734	5.735	-6.459	-2.6	2.417	-9.822	5.715	-3.579	3.947
1.500004271e12	-0.6506	8.683	-7.146	5.663	-4.077	-4.188	-9.545	-4.327	-2.939
1.500004272e12	7.822	-0.979	1.346	-1.125	3.444	-7.864	-5.852	-8.842	1.583
1.500004273e12	-0.9155	-5.688	-2.732	-4.808	-5.269	-2.653	8.484	-9.24	7.563
1.500004274e12	9.285	6.635	-2.194	-8.564	5.022	-7.493	-8.698	-9.51	-5.778
1.500004275e12	-6.589	-6.184	7.505	8.572	3.831	-1.373	-6.24	-0.3271	-0.8545
1.500004276e12	0.625	4.376	-9.631	9.485	-8.434	0.1782	-4.829	5.316	-0.2808
1.500004277e12	6.21	0.5237	-1.5	-2.452	-3.07	-9.734	6.666	-9.349	6.355
1.500004278e12	7.44	-5.002	7.509	-5.072	-3.313	1.639	-0.9521	-9.229	7.494
1.500004279e12	3.851	-1.691	-8.333	-9.227	-7.709	1.011	3.066	1.815	-1.805
1.50000428e12	-4.043	-7.439	0.509	-6.405	-8.169	-9.85	7.139	-1.01	1.53
1.500004281e12	-4.602	-9.545	-6.117	4.325	-6.964	-3.661	2.504	-1.691	-1.122
1.500004282e12	6.997	6.887	4.374	5.197	0.3271	3.414	3.927	-7.424	1.223
1.500004283e12	-9.857	8.303	5.414	7.471	7.322	8.594	-2.319	-3.982	0.8533
1.500004284e12	6.992	-3.281	4.548	8.152	-7.319	1.852	-0.592	-7.498	-7.949
1.500004285e12	2.329	9.763	-6.975	-2.251	1.968	4.923	-9.028	3.041	-4.869
1.500004286e12	0.4565	-2.635	-1.882	5.067	-9.808	-2.559	-8.085	1.96	-5.76
1.500004287e12	-7.346	-5.582	-2.54	-8.436	-2.097	-6.426	7.832	-5.645	6.588
1.500004288e12	6.345	-2.465	-6.696	-1.482	-6.757	-2.614	-4.272	-9.686	6.405
1.500004289e12	-4.047	9.121	2.725	-8.788	8.994	0.3516	0.387	7.521	-5.474
1.50000429e12	-4.254	6.296	9.624	-0.6543	6.799	-1.115	-0.6226	5.164	6.642
1.500004291e12	0.9692	-7.345	-4.772	9.034	-7.194	6.432	9.204	8.303	9.296
1.500004292e12	-4.695	7.811	-4.546	-3.35	-3.336	2.793	-6.91	-8.741	-8.293
1.500004293e12	1.577	8.54	-5.343	4.889	3.496	-9.812	-8.71	-7.36	4.514
1.500004294e12	3.787	-6.201	-3.198	-3.164	0.3394	-9.688	4.708	-5.751	-8.373
1.500004295e12	9.124	5.15	-1.228	0.3345	-0.2368	5.219	-8.459	-8.676	0.4895
1.500004296e12	5.227	7.959	6.692	3.524	-9.47	6.016	2.595	-0.8032	-8.992
1.500004297e12	2.322	4.559	5.07	4.043	-4.515	-2.317	3.309	1.294	-1.785
1.500004298e12	-6.923	9.083	-2.272	5.314	6.965	-5.416	-5.217	-7.952	-8.737
1.500004299e12	5.939	-8.843	-7.551	-9.128	3.331	5.477	7.013	-9.124	0.2588
1.5000043e12	-0.1367	1.08	-2.341	-0.7715	3.577	-5.074	2.325	2.053	0.708
1.500004301e12	9.475	2.1	-7.793	6.051	0.1892	2.422	8.287	-3.671	3.148
1.500004302e12	-8.063	-6.821	-6.095	2.317	-5.66	8.225	4.056	-2.444	0.04761
1.500004303e12	-3.89	2.485	7.528	9.039	-9.847	-6.406	5.815	-3.663	6.752
1.500004304e12	-9.966	7.668	-5.417	3.995	-5.381	-9.639	7.869	-5.952	-3.3
1.500004305e12	1.827	0.9277	4.961	-2.19	0.4321	6.742	-9.362	9.724	0.3674
1.500004306e12	1.857	-8.168	-1.184	6.139	-4.69	-7.943	8.579	-0.5371	-3.374
1.500004307e12	0.7983	3.098	-3.004	-4.432	-3.627	-6.346	-6.917	-2.015	-0.7312
1.500004308e12	-0.4504	-2.993	-5.635	-1.798	1.946	9.742	3.093	-5.387	1.492
1.500004309e12	-3.527	3.113	-6.425	3.162	0.8582	8.81	8.326	-8.301	2.102
1.50000431e12	-9.949	-0.2271	-5.317	-8.638	-8.926	-7.418	-2.416	-0.8093	3.109
1.500004311e12	-7.253	-8.749	-6.005	-8.398	-1.541	6.919	-3.677	0.1514	-3.041
1.500004312e12	-8.669	-0.7458	-7.313	5.554	3.251	-4.12	4.346	-1.877	-3.403
1.500004313e12	8.793	-3.4	-5.117	2.05	4.048	-4.836	-8.055	5.779	-0.2319
1.500004314e12	5.956	-5.378	-5.767	3.613	8.032	-3.224	0.321	4.312	5.463
1.500004315e12	9.668	7.891	0.8423	1.987	5.84	1.501	-9.712	-7.227	5.745
1.500004316e12	-1.454	-8.865	-9.12	8.536	9.42	7.505	-9.438	3.018	9.089
1.500004317e12	-4.014	2.098	-2.628	-6.399	-9.287	-4.869	6.844	6.162	2.792
1.500004318e12	-7.399	8.451	-7.367	9.216	-4.771	-5.626	6.019	-4.265	6.055
1.500004319e12	2.776	0.7886	-5.115	4.404	-0.3882	-6.821	5.654	3.522	-6.578
1.50000432e12	-2.609	-2.141	-9.705	0.5554	-7.195	8.252	-5.398	5.688	-7.069
1.500004321e12	-3.562	-5.732	2.875	9.857	-6.211	-3.772	6.958	0.9131	1.641
1.500004322e12	-1.842	8.434	-5.034	4.098	-2.814	-0.6763	3.402	6.956	9.272
1.500004323e12	-3.741	0.06592	7.732	-9.17	6.699	9.208	4.003	9.127	5.137
1.500004324e12	-1.746	-7.736	8.635	4.508	3.479	2.192	-9.412	-2.644	-3.033
1.500004325e12	1.39	5.77	4.373	9.948	-0.6458	-4.51	7.217	-9.387	6.063
1.500004326e12	-9.458	-4.677	3.086	6.951	2.953	1.447	4.866	3.888	8.959
1.500004327e12	4.51	-2.034	8.43	-1.245	-4.25	9.244	4.558	9.98	-3.341
1.500004328e12	4.31	9.181	5.726	5.201	-2.142	3.71	9.661	1.333	-9.24
1.500004329e12	-2.742	-5.248	9.631	6.602	4.612	8.351	2.614	0.1257	3.458
1.50000433e12	-6.641	-8.058	-9.694	3.384	7.71	-9.032	-0.6335	7.217	8.773
1.500004331e12	-4.786	-9.861	-4.474	1.836	-6.615	-7.029	1.399	7.28	-0.9326
1.500004332e12	-6.207	-6.267	4.733	2.324	5.189	8.894	2.997	4.381	4.911
1.500004333e12	-1.108	-0.271	7.668	0.3442	-4.258	-3.293	-2.59	7.482	9.729
1.500004334e12	-7.705	4.913	-5.669	2.971	7.235	3.853	-1.919	6.853	-0.2637
1.500004335e12	2.139	-6.985	5.376	-4.274	-6.359	-1.555	6.019	-3.621	5.144
1.500004336e12	-9.366	7.841	3.483	0.7129	9.619	-8.385	7.533	5.643	8.339
1.500004337e12	8.284	-2.273	0.7874	-9.784	8.942	0.9521	1.826	-9.501	4.869
1.500004338e12	-4.213	-2.675	-9.769	-7.688	-1.382	1.437	-5.266	-5.671	-8.158
1.500004339e12	8.193	-3.496	-8.562	-6.222	-6.709	3.993	5.918	-9.38	-7.448
1.50000434e12	7.987	3.568	-9.	1.373	2.828	2.473	6.18	-1.421	-7.581
1.500004341e12	-0.6262	9.58	-1.309	5.56	-6.545	5.78	3.077	-3.945	-3.832
1.500004342e12	-8.651	-9.154	8.746	-5.084	5.695	-1.582	0.9509	3.405	-6.19
1.500004343e12	7.996	-6.078	-7.383	-5.045	-8.658	3.042	-6.597	4.845	9.016
1.500004344e12	9.811	-1.906	-7.85	1.986	5.52	-0.697	-4.705	-1.49	-9.064
1.500004345e12	-8.048	7.351	9.452	-1.165	2.079	-9.653	0.7434	8.821	-1.985
1.500004346e12	-6.418	5.769	-1.228	-3.085	-1.586	3.207	-9.851	1.622	9.272
1.500004347e12	3.359	8.433	-7.139	9.546	-8.973	-5.974	-7.046	1.649	1.313
1.500004348e12	1.703	9.67	4.68	1.763	1.707	2.025	4.076	8.206	-8.066
1.500004349e12	-0.9839	6.085	-6.685	6.517	6.58	9.067	0.7227	3.429	-1.195
1.50000435e12	-9.886	9.984	3.378	-4.814	-7.463	-9.916	-2.593	-9.956	-0.3455
1.500004351e12	-9.957	6.304	-5.479	2.936	-0.1501	-2.865	2.665	8.723	3.098
1.500004352e12	-9.03	1.53	-2.899	-9.674	3.89	5.699	-0.0708	9.753	8.073
1.500004353e12	6.567	-3.093	-5.149	-5.048	3.729	-8.555	-8.538	-0.2051	-8.619
1.500004354e12	-4.613	-3.705	6.573	5.251	7.501	9.829	-9.218	1.884	4.307
1.500004355e12	3.9	-9.41	-6.708	0.647	7.188	8.45	-2.754	-5.175	1.643
1.500004356e12	-6.44	-0.6152	-4.791	-3.894	-7.676	-1.459	-2.351	-1.989	5.132
1.500004357e12	0.6836	-6.135	-8.781	-4.462	0.2441	-3.56	5.875	9.937	-9.913
1.500004358e12	1.387	4.697	-0.7825	-7.189	-3.896	-0.6018	1.76	7.054	5.99
1.500004359e12	5.076	-5.198	9.993	7.341	7.853	6.549	-3.743	-2.977	-2.151
1.50000436e12	-4.302	-7.961	-4.435	8.372	4.781	-7.257	0.6885	-9.277	-1.281
1.500004361e12	1.837	-0.2039	-7.515	5.328	6.605	5.686	-7.131	1.073	7.537
1.500004362e12	5.199	-1.996	9.725	-9.364	5.967	-0.7959	9.918	1.61	5.209
1.500004363e12	-4.822	-2.285	5.824	6.349	-0.7678	8.328	-9.139	-9.098	-0.9937
1.500004364e12	-6.346	3.552	0.8362	-0.09766	-3.732	4.427	-3.489	9.79	8.04
1.500004365e12	-1.953	0.592	-9.883	2.585	2.242	2.708	2.449	0.2771	-2.448
1.500004366e12	-9.658	5.004	2.14	-6.35	7.767	-4.625	-4.856	-7.285	-2.87
1.500004367e12	-2.416	-1.488	5.302	-4.038	1.663	-3.64	-0.8789	5.704	4.307
1.500004368e12	-4.569	-8.118	-9.01	-0.8374	-4.401	-1.462	2.365	-8.553	-3.344
1.500004369e12	-1.125	-7.749	5.271	7.245	-3.406	9.755	-1.914	5.553	-8.143
1.50000437e12	8.82	-1.018	5.72	5.764	0.2014	6.658	-1.228	-5.017	-3.646
1.500004371e12	7.516	-2.81	-4.254	-8.195	-0.3381	-2.655	-0.387	4.008	-5.432
1.500004372e12	-3.191	-9.777	-4.655	0.7361	-6.609	-6.953	-3.669	9.32	-6.254
1.500004373e12	7.617	-9.978	-3.827	-3.323	1.165	-1.763	-7.084	-7.826	-5.438
1.500004374e12	-1.991	-2.947	-8.146	8.237	-9.924	-9.652	6.716	-4.917	8.303
1.500004375e12	-9.343	8.926	1.621	3.187	-0.1892	-5.625	-2.383	1.858	-7.213
1.500004376e12	4.231	-6.464	5.765	-3.242	-1.978	6.177	-2.496	-5.599	-9.768
1.500004377e12	6.857	-1.23	-2.12	-0.6128	-8.766	5.222	1.765	3.311	-0.3857
1.500004378e12	3.462	-6.248	-1.812	-2.095	-0.09277	-2.051	-1.699	-7.054	6.719
1.500004379e12	5.013	-6.281	2.668	-0.8264	-8.209	7.269	8.723	-5.864	9.655
1.50000438e12	-5.465	-1.135	-3.458	-3.436	-7.87	-8.136	-3.445	-5.941	7.112
1.500004381e12	6.978	-2.371	3.236	-1.505	-6.775	1.892	7.639	-2.615	3.35
1.500004382e12	6.777	-6.943	9.301	-0.9375	-6.951	9.946	4.097	8.127	-6.918
1.500004383e12	4.772	7.959	-4.514	-3.875	-4.723	-9.707	9.618	1.257	-5.331
1.500004384e12	8.872	6.686	3.525	-1.161	-6.15	-0.1929	-2.522	8.616	0.5396
1.500004385e12	-5.026	0.7214	8.728	-1.802	8.235	5.667	5.973	-5.765	-2.596
1.500004386e12	-9.353	-4.829	8.103	-6.326	-8.434	-7.805	-8.069	0.0415	-2.449
1.500004387e12	-2.421	-2.688	-3.031	3.938	5.059	-1.096	1.991	-9.607	9.531
1.500004388e12	5.601	1.899	3.334	8.17	9.706	-6.667	-0.7629	-3.657	-5.245
1.500004389e12	-0.2502	-2.877	5.2	1.404	7.551	9.423	-3.33	-7.333	4.187
1.50000439e12	-5.414	6.421	3.55	8.984	-0.004883	-3.048	2.003	7.227	-0.6763
1.500004391e12	-4.169	-6.173	-4.917	-3.507	5.159	-0.6726	-1.766	-8.574	-0.6653
1.500004392e12	2.086	-6.378	8.459	-1.709	-4.844	-5.508	1.016	5.906	2.825
1.500004393e12	9.48	9.06	-9.792	4.751	-8.627	-5.437	-6.089	1.973	-0.4932
1.500004394e12	8.151	-7.892	-5.306	0.0769	1.285	1.393	-1.683	-2.682	-6.39
1.500004395e12	4.814	-1.653	2.531	8.987	4.011	-4.576	-4.	9.791	2.988
1.500004396e12	-4.193	-8.003	-4.58	3.136	2.793	1.346	7.834	0.708	-3.425
1.500004397e12	7.344	-4.716	-0.1318	2.339	-6.311	1.981	9.216	-5.461	-9.988
1.500004398e12	4.408	4.421	-6.26	5.26	-4.948	1.221	-5.299	-3.981	-7.618
1.500004399e12	1.671	-7.543	8.899	-9.009	8.285	-6.465	0.3894	-8.601	-1.085
1.5000044e12	-0.2808	-3.125	-7.997	-6.793	6.616	-8.4	-5.667	-0.3149	1.943
1.500004401e12	4.88	-6.284	-3.612	-9.995	-3.48	-5.897	-2.987	-6.871	-8.195
1.500004402e12	9.819	-7.737	4.862	4.701	2.646	-5.646	0.4333	-8.157	-2.227
1.500004403e12	5.84	9.707	8.745	0.3699	4.225	4.012	3.414	-7.427	9.43
1.500004404e12	-4.598	1.566	8.68	-9.8	-9.889	-8.893	-2.972	-3.502	4.613
1.500004405e12	-0.6384	-8.944	2.347	8.212	6.608	-3.641	4.484	-6.057	3.711
1.500004406e12	5.917	7.867	-9.349	-7.449	3.798	-5.131	-6.735	-9.802	-5.563
1.500004407e12	4.275	0.282	2.122	-1.608	-1.27	7.847	-9.941	-0.8142	5.138
1.500004408e12	6.327	-9.674	9.525	-1.642	6.53	-6.497	8.573	-7.834	4.091
1.500004409e12	-3.312	8.809	3.033	5.532	7.694	4.484	-8.101	-9.58	-0.343
1.50000441e12	-7.632	7.502	0.7239	0.6213	8.777	3.082	-4.189	7.422	4.944
1.500004411e12	7.996	-1.254	-9.915	-7.637	-9.584	-7.557	1.394	9.868	-4.496
1.500004412e12	6.577	-4.907	2.057	-0.8679	-7.063	-8.669	3.212	-0.9619	-0.5017
1.500004413e12	-5.629	-8.193	-9.763	7.8	0.1489	-1.586	-0.6909	-1.896	-8.876
1.500004414e12	-6.906	-2.051	-1.21	5.726	7.711	5.455	-8.776	-7.493	-0.7849
1.500004415e12	-0.625	5.554	-7.596	-6.021	-2.999	1.75	-2.681	-9.88	-8.778
1.500004416e12	6.206	-7.456	-1.932	9.031	-7.498	-5.159	-8.063	-1.011	-8.269
1.500004417e12	-6.973	-6.013	4.196	2.408	-7.271	-1.589	7.976	4.119	5.63
1.500004418e12	-8.851	-0.2869	7.084	7.494	4.086	-3.939	0.1953	4.603	-4.366
1.500004419e12	-8.821	7.395	-3.594	5.707	-2.629	-0.968	6.429	6.346	-8.589
1.50000442e12	0.116	-6.285	2.311	3.499	0.3223	1.13	-9.685	5.892	6.034
1.500004421e12	4.352	-2.103	-9.329	3.973	-6.089	6.32	5.4	8.131	4.694
1.500004422e12	-9.515	4.13	6.67	-5.562	5.027	-0.1672	7.162	8.279	3.108
1.500004423e12	6.776	-0.7568	3.551	-4.835	0.1941	-7.03	-5.303	4.998	-2.017
1.500004424e12	3.42	-1.483	-3.091	-1.951	0.7446	-0.448	4.573	2.214	7.573
1.500004425e12	9.615	3.702	-3.837	4.139	0.2087	5.51	-1.681	6.846	-6.394
1.500004426e12	-7.085	-4.22	6.531	-0.3198	8.3	-4.305	8.296	2.224	-9.269
1.500004427e12	4.138	-7.365	9.574	-8.759	-5.345	-5.081	9.929	8.445	-6.816
1.500004428e12	-7.87	4.254	2.737	7.632	5.292	-2.703	-1.338	2.046	-0.9595
1.500004429e12	-6.32	-7.8	-1.887	1.674	-5.634	5.087	2.557	-2.821	-7.266
1.50000443e12	-0.4321	-4.496	3.5	7.563	4.357	-4.541	-9.579	3.108	3.551
1.500004431e12	9.807	4.662	-6.625	-5.143	-7.406	-6.433	8.053	-0.8496	-6.703
1.500004432e12	-8.055	-1.766	-0.4346	8.916	-8.873	8.507	0.7507	2.709	1.51
1.500004433e12	8.54	-0.5286	-3.925	3.937	2.795	-6.395	0.708	-9.746	-7.607
1.500004434e12	-3.107	-6.696	-7.313	-3.776	1.779	2.271	8.151	6.586	4.518
1.500004435e12	5.529	-4.434	0.5872	1.908	3.402	-0.4724	-3.792	-3.846	8.577
1.500004436e12	1.5	-3.951	-7.988	-4.041	-6.053	-5.381	5.272	-6.185	5.105
1.500004437e12	-1.617	-0.6567	-6.213	3.359	8.43	8.081	-7.411	-0.1758	-8.488
1.500004438e12	0.8862	-3.99	2.03	-3.035	3.357	-8.586	-8.835	-2.784	8.079
1.500004439e12	-2.831	-6.288	-8.676	-2.933	5.332	3.383	-6.534	0.7825	1.57
1.50000444e12	-3.949	1.337	4.784	2.211	6.262	1.281	0.7886	9.935	-5.405
1.500004441e12	-7.108	9.28	-5.392	-5.638	2.272	5.292	-6.663	-1.432	6.15
1.500004442e12	-2.821	-3.442	-0.708	-5.914	-9.557	8.127	7.982	0.885	4.901
1.500004443e12	-3.098	2.225	4.214	-3.473	9.869	-5.934	9.004	0.2686	4.696
1.500004444e12	-2.406	1.624	-7.194	-5.005	9.143	6.556	-9.9	-5.957	-8.74
1.500004445e12	4.618	-1.01	7.92	4.613	-9.744	-0.5005	-9.124	-9.21	4.918
1.500004446e12	-0.3674	-7.678	3.218	4.065	-3.778	7.839	-2.297	-5.801	5.188
1.500004447e12	0.3186	-9.399	1.248	3.995	-7.139	0.8313	1.184	-4.294	-4.802
1.500004448e12	-3.84	-8.73	-9.327	6.149	5.64	-9.64	-4.265	7.875	-5.883
1.500004449e12	3.948	-9.191	8.007	-1.575	-6.71	5.167	-6.549	5.841	-1.849
1.50000445e12	-7.13	-3.118	-2.875	9.85	8.804	-0.03784	0.2075	2.257	-2.836
1.500004451e12	0.01587	-0.9167	-1.168	-2.351	-3.601	-7.948	9.476	-9.847	3.772
1.500004452e12	-3.192	-8.925	-0.9155	2.273	-2.223	4.154	9.746	4.116	2.653
1.500004453e12	-5.234	-0.6714	0.4529	2.747	-0.3198	6.145	-7.24	7.119	0.675
1.500004454e12	7.336	-4.185	-2.799	-4.858	-7.938	-7.902	8.792	9.633	0.5469
1.500004455e12	-8.11	-4.271	-6.62	-7.223	5.848	4.266	9.122	-4.061	-0.3931
1.500004456e12	3.624	-1.112	-4.806	3.398	-1.229	1.641	4.292	-0.02686	-5.598
1.500004457e12	-3.177	5.173	1.36	2.356	3.507	3.666	3.783	0.2185	-9.326
1.500004458e12	7.831	8.759	3.505	9.377	-0.6836	-1.791	-4.147	9.751	3.713
1.500004459e12	-7.048	4.304	-8.466	2.181	-4.102	-9.242	9.788	3.846	0.332
1.50000446e12	-9.718	-7.917	9.744	4.631	-5.756	6.223	-7.518	3.717	-1.183
1.500004461e12	-6.602	2.032	-8.748	-0.2942	-9.738	-8.411	7.631	-1.088	3.318
1.500004462e12	7.522	-8.815	-1.869	5.354	3.085	-8.486	9.811	-0.0293	-4.327
1.500004463e12	3.634	6.405	6.387	-3.993	-8.817	3.806	1.174	-3.998	2.78
1.500004464e12	7.462	1.377	8.231	5.448	-1.837	6.893	-9.059	-7.545	-8.685
1.500004465e12	-9.53	-4.362	5.745	7.502	-2.157	-4.973	-8.304	5.599	-9.537
1.500004466e12	-4.321	-3.21	-2.462	-3.976	8.922	-0.8508	-7.587	3.611	-1.661
1.500004467e12	-8.793	-1.963	-3.302	-0.3467	3.589	2.609	-5.675	-1.057	1.659
1.500004468e12	-2.571	9.489	-9.176	-0.7629	0.05737	-0.02441	6.332	-1.23	-6.675
1.500004469e12	-7.02	-7.384	-5.447	-5.43	5.983	-9.41	-2.399	-1.937	1.747
1.50000447e12	-8.01	2.75	6.514	-3.347	-4.543	-7.334	5.935	-3.215	-5.137
1.500004471e12	-3.58	1.738	-1.886	2.349	2.817	5.448	7.919	-6.945	-8.048
1.500004472e12	5.459	8.893	9.772	5.603	-4.607	-7.083	8.405	-8.351	1.964
1.500004473e12	-8.771	-9.65	9.602	-5.049	-2.709	3.224	9.197	1.459	3.435
1.500004474e12	-3.503	1.815	-8.372	-9.573	1.99	6.075	8.809	-9.955	9.115
1.500004475e12	3.867	8.711	-4.177	4.669	-7.181	0.3577	-1.246	7.31	-3.959
1.500004476e12	8.118	4.332	6.899	-7.833	5.671	-9.535	1.227	2.175	6.57
1.500004477e12	-7.279	-6.913	-0.78	2.751	-7.721	-6.24	-4.543	-1.193	-0.8667
1.500004478e12	-3.119	-5.219	-1.265	-9.631	7.161	9.164	1.405	3.141	2.581
1.500004479e12	-0.3882	-1.638	-8.45	-0.05127	-4.192	-7.583	3.174	-0.8411	-4.891
1.50000448e12	-7.971	7.34	-5.648	0.3284	4.908	3.574	2.246	-9.032	6.123
1.500004481e12	-9.419	1.957	-0.5359	-0.8789	-0.8044	-0.293	8.633	3.708	-1.069
1.500004482e12	-5.211	5.183	-0.4858	-7.242	5.944	-3.369	2.111	-2.834	1.859
1.500004483e12	-3.956	-4.927	-6.265	-9.529	-8.789	-4.316	0.2356	-2.064	-4.718
1.500004484e12	-2.784	-7.85	-7.317	6.956	9.33	-1.81	5.077	-2.025	3.728
1.500004485e12	-7.576	8.811	-7.976	-8.206	-0.4431	-8.975	0.8411	9.105	-7.881
1.500004486e12	-6.188	-0.0354	5.215	-3.241	8.606	0.4749	-1.531	-9.241	5.063
1.500004487e12	0.7324	1.708	5.387	1.483	2.733	6.888	5.217	-8.992	-6.948
1.500004488e12	2.012	-4.689	-3.341	2.07	6.129	-8.444	-0.3528	-8.812	-1.002
1.500004489e12	-8.052	6.746	-5.245	3.148	-2.133	6.996	8.029	-4.254	7.117
1.50000449e12	2.596	-4.769	-6.577	-3.793	-6.947	-9.832	-7.987	-7.047	6.135
1.500004491e12	2.982	-3.596	-3.171	-8.749	-1.257	-2.778	0.4077	9.84	2.871
1.500004492e12	-8.063	-7.799	2.051	-6.062	7.301	6.213	8.256	-3.599	-4.64
1.500004493e12	4.264	7.448	-2.633	-9.318	-3.036	-9.781	4.867	6.514	2.12
1.500004494e12	8.289	-8.197	6.344	9.59	-0.4968	-0.5652	-2.831	-1.29	6.414
1.500004495e12	-3.331	1.643	-6.165	6.692	-7.783	-3.947	-4.777	-0.7349	-1.766
1.500004496e12	-8.209	9.575	-3.009	5.594	-7.961	3.241	-2.131	5.204	1.989
1.500004497e12	-7.693	-4.926	5.596	-1.469	-5.295	5.769	-5.334	-0.426	0.8032
1.500004498e12	0.9692	-1.749	2.542	-8.82	-6.476	-1.136	1.667	-7.319	0.7739
1.500004499e12	-2.686	1.639	5.297	-9.41	6.106	-7.068	-9.843	-8.462	7.5
1.5000045e12	8.903	-4.185	0.5896	7.676	6.941	-0.7874	-1.705	-0.4004	-2.83
1.500004501e12	-5.497	6.609	1.321	2.605	6.963	-9.397	-7.401	1.464	7.079
1.500004502e12	-8.528	3.431	-9.126	4.806	-6.902	-6.82	-5.388	-0.05981	-2.902
1.500004503e12	-7.371	-6.309	-4.198	-7.975	-8.032	-4.137	2.231	1.714	8.947
1.500004504e12	3.477	-3.911	-4.52	-8.687	5.857	-7.281	7.142	7.444	-8.201
1.500004505e12	9.694	-1.039	-1.674	-3.773	-3.998	8.163	3.174	6.605	4.172
1.500004506e12	2.643	-4.763	4.28	-1.353	-8.247	0.1416	8.827	8.259	-8.602
1.500004507e12	4.847	-8.571	-8.501	-4.279	-3.081	-3.601	2.848	-2.875	-9.07
1.500004508e12	8.895	0.4639	6.642	3.903	2.9	-1.268	9.348	-4.562	8.007
1.500004509e12	-0.3711	-0.7019	1.185	-6.946	9.247	7.227	1.093	-9.512	8.114
1.50000451e12	2.771	-7.688	4.456	3.149	0.2832	-2.598	-1.548	2.461	-3.547
1.500004511e12	8.019	5.662	-5.536	-8.501	4.875	0.2563	-5.631	-6.343	-6.702
1.500004512e12	-6.587	6.556	2.228	-5.77	2.784	9.974	-8.788	-5.599	8.064
1.500004513e12	-7.88	-3.921	-2.932	-6.237	-7.257	9.432	6.737	6.794	-1.832
1.500004514e12	9.291	-8.773	6.587	7.427	7.081	4.469	7.745	4.392	-4.023
1.500004515e12	2.576	-6.3	2.068	-2.122	0.1807	-2.612	6.166	2.654	1.459
1.500004516e12	-4.233	7.129	-9.727	7.64	-8.96	3.507	-0.9875	-4.418	4.478
1.500004517e12	-7.828	-1.775	2.858	2.404	-8.826	-8.271	5.25	-9.745	9.9
1.500004518e12	-6.226	0.271	2.805	-8.55	-4.174	0.6934	9.268	-7.214	-4.72
1.500004519e12	-3.634	-5.813	-4.867	1.65	5.684	-3.58	-4.554	-9.816	1.538
1.50000452e12	-4.47	-9.694	5.353	2.424	1.78	-5.653	8.328	7.474	-6.282
1.500004521e12	-8.829	8.168	7.274	-5.405	6.79	5.306	-0.1562	-7.413	4.048
1.500004522e12	0.9753	-4.657	6.364	-0.6091	6.918	-7.423	9.331	9.166	5.454
1.500004523e12	5.787	9.752	-9.077	2.363	5.762	0.8667	2.096	-7.699	-5.746
1.500004524e12	-0.5847	7.826	-0.7019	-6.481	-4.973	0.1294	9.041	7.224	1.932
1.500004525e12	6.395	-6.765	3.744	4.774	-2.355	-2.635	7.666	6.156	8.718
1.500004526e12	2.416	-7.305	-0.7471	2.734	-0.9863	4.688	-7.986	-3.143	-4.413
1.500004527e12	-3.54	4.63	-9.659	9.382	3.4	-5.537	3.33	-2.008	7.02
1.500004528e12	-4.443	1.81	8.102	1.422	-8.608	9.1	3.766	-9.896	5.304
1.500004529e12	-7.211	-0.7593	8.546	-7.623	-4.559	1.375	7.847	5.924	-5.847
1.50000453e12	-7.396	-1.249	1.628	9.316	7.98	2.555	4.341	-1.434	0.6482
1.500004531e12	7.861	7.2	1.687	-9.552	-4.481	8.099	-3.397	-6.755	-1.312
1.500004532e12	-9.631	-6.429	6.903	3.608	-8.939	-8.455	0.5139	3.428	-1.212
1.500004533e12	9.165	6.5	1.875	-3.757	5.388	-0.6299	1.342	7.158	-6.133
1.500004534e12	9.946	8.016	-7.965	-6.913	2.606	-0.6775	0.7947	5.864	-3.291
1.500004535e12	-5.054	0.4602	-5.741	7.996	-4.294	-9.23	-0.2612	-6.332	4.525
1.500004536e12	6.569	0.7776	3.79	-5.284	8.926	1.116	7.756	-0.5737	7.535
1.500004537e12	0.4126	0.6604	-2.952	3.942	-2.845	2.942	1.073	2.012	-1.976
1.500004538e12	-1.608	-2.144	2.594	6.235	-0.2441	-6.523	2.957	-7.565	-0.2673
1.500004539e12	-8.97	-6.396	-9.952	-2.175	8.483	2.596	-3.722	-7.021	7.023
1.50000454e12	5.609	5.007	-9.243	-8.378	-7.163	7.344	2.538	-3.784	-7.164
1.500004541e12	2.709	-2.823	-3.927	8.625	-4.419	2.87	-4.99	6.415	5.724
1.500004542e12	-2.842	-0.3674	-0.2283	-5.001	-7.635	0.6616	-1.141	-7.826	2.197
1.500004543e12	-9.202	2.419	0.7312	-2.767	-8.073	8.678	6.356	-0.4077	0.9302
1.500004544e12	7.161	9.998	-3.999	2.018	-8.14	-1.801	8.674	9.807	-8.549
1.500004545e12	6.161	-7.631	6.501	3.741	3.041	2.039	-5.239	2.013	5.97
1.500004546e12	-0.6531	-2.488	-6.324	5.74	-1.458	-0.0769	-3.458	-3.394	-7.4
1.500004547e12	3.661	9.376	9.579	6.885	0.9607	5.933	-6.61	9.193	-0.1282
1.500004548e12	-7.12	-7.452	7.446	5.42	1.229	-8.102	-7.083	4.001	-9.127
1.500004549e12	9.896	5.005	4.513	0.9644	-6.885	6.779	-9.349	6.328	-9.337
1.50000455e12	-9.342	7.046	7.892	4.432	-2.271	2.046	-3.685	-3.417	2.296
1.500004551e12	-9.513	-7.245	-4.589	7.942	3.837	1.301	6.971	5.389	-7.018
1.500004552e12	9.539	8.834	4.757	6.465	-6.436	-5.099	5.935	-4.954	4.06
1.500004553e12	-6.875	-4.57	7.904	-5.658	-1.567	4.204	-5.896	-6.635	4.474
1.500004554e12	-5.291	-1.755	-7.577	3.298	-1.134	-5.269	-8.076	-1.16	1.554
1.500004555e12	-2.847	-8.94	-4.332	3.341	3.511	2.128	6.964	-4.303	8.444
1.500004556e12	-5.995	-8.927	1.105	4.755	8.352	4.117	-5.481	-5.918	-2.612
1.500004557e12	-9.72	-6.239	8.866	-6.041	2.958	-9.941	0.6738	9.474	1.562
1.500004558e12	-6.072	-6.016	-3.835	6.022	3.037	-5.653	1.329	9.43	-9.763
1.500004559e12	-2.246	6.912	-1.967	-1.565	3.938	8.953	0.4224	4.352	-1.937
1.50000456e12	-6.035	-1.367	9.337	-8.611	-6.833	-5.916	-0.8264	0.8533	-6.731
1.500004561e12	-7.823	-0.04028	8.055	6.047	6.396	-1.737	-6.814	-1.566	-0.9009
1.500004562e12	7.091	7.434	-6.484	3.806	-1.368	-8.132	8.069	-5.618	-6.912
1.500004563e12	3.392	6.293	-1.179	0.5432	-1.421	7.836	-4.893	-0.4016	6.962
1.500004564e12	-3.937	4.127	-9.698	6.042	3.217	7.856	-2.231	-9.701	-8.86
1.500004565e12	-8.49	-1.72	-4.891	9.431	-4.993	-9.653	9.436	0.5493	-3.258
1.500004566e12	8.707	-8.48	3.674	5.786	0.9033	-3.597	7.668	-7.531	9.603
1.500004567e12	-7.704	4.99	-9.147	1.251	8.483	1.359	-9.005	2.478	7.412
1.500004568e12	2.195	1.975	-4.072	9.709	1.571	0.05127	2.091	9.069	2.068
1.500004569e12	-2.375	5.039	4.049	-7.646	1.261	-6.271	-8.948	9.352	5.437
1.50000457e12	1.462	-2.446	0.9802	-7.711	9.668	-1.29	-4.259	-3.773	8.436
1.500004571e12	4.446	4.031	6.908	-0.8411	-9.551	-2.449	4.493	-8.575	-1.356
1.500004572e12	5.511	-6.038	6.958	3.105	-5.287	-0.2917	-2.626	3.986	-4.132
1.500004573e12	-0.4663	-8.484	0.6812	5.121	-4.386	1.143	4.413	-0.05493	0.01587
1.500004574e12	-2.402	4.448	-2.716	8.838	3.239	5.793	-7.288	1.382	-5.526
1.500004575e12	3.903	0.6543	-2.567	-9.321	-3.663	1.519	-9.166	-5.049	8.153
1.500004576e12	8.582	1.434	2.872	-6.439	-5.973	8.669	6.93	-8.367	2.427
1.500004577e12	5.339	-4.736	-9.755	-5.22	-5.302	2.29	-6.13	8.173	2.782
1.500004578e12	4.226	-4.755	6.984	-0.769	-0.3882	-3.563	0.5823	8.818	7.474
1.500004579e12	-1.702	6.57	-9.078	-6.293	3.005	0.1697	4.426	-7.052	9.115
1.50000458e12	-7.073	6.395	2.021	0.3442	-8.708	2.942	-7.853	0.4456	0.1416
1.500004581e12	-5.875	2.484	-6.145	1.259	7.512	8.062	-0.5151	1.219	-0.07812
1.500004582e12	8.287	-8.151	-1.392	-0.02075	5.599	-7.069	3.867	0.9814	-1.053
1.500004583e12	-0.7642	-4.886	6.49	-3.25	8.982	-9.622	-7.15	0.8582	-0.8862
1.500004584e12	-0.542	0.4248	-3.082	-9.651	2.731	7.86	-0.5591	1.913	-2.009
1.500004585e12	8.822	5.605	8.553	3.402	-0.4871	-4.341	-8.901	-2.167	5.365
1.500004586e12	9.37	2.959	6.921	-7.52	-6.31	6.134	-2.01	-1.205	6.133
1.500004587e12	0.1392	2.253	4.384	5.265	9.194	4.705	-1.395	3.811	8.481
1.500004588e12	9.661	-5.112	-5.84	0.8899	-3.336	-6.824	9.17	6.689	6.669
1.500004589e12	-3.728	1.082	-3.412	-3.66	5.681	-7.283	6.879	-6.119	5.642
1.50000459e12	7.386	-2.649	2.821	0.6555	2.108	5.708	9.069	0.8533	5.476
1.500004591e12	7.867	-1.094	-3.154	5.679	-2.998	-4.326	-0.9558	-4.17	-5.234
1.500004592e12	1.155	-8.546	-6.257	5.497	-4.921	6.421	-0.1367	-1.941	-6.823
1.500004593e12	1.115	-3.724	-2.975	-4.076	1.855	-0.116	-3.445	0.7935	5.68
1.500004594e12	-4.207	-2.88	1.893	2.185	6.908	-1.187	-4.977	-6.661	3.163
1.500004595e12	-8.3	6.997	0.9363	5.57	-6.056	8.809	-2.091	-4.675	0.2576
1.500004596e12	-6.948	-7.798	0.249	3.25	3.696	4.18	-1.569	7.04	-7.329
1.500004597e12	5.671	9.29	1.5	0.1709	-8.903	1.937	-1.527	-3.066	-2.85
1.500004598e12	4.17	1.262	-3.807	-9.594	-9.944	4.146	-4.183	8.876	9.768
1.500004599e12	1.389	2.26	-7.957	-5.836	6.61	-7.861	2.557	-8.021	0.3125
1.5000046e12	7.363	-9.674	6.74	-7.235	9.987	-8.676	-2.081	9.158	4.587
1.500004601e12	9.379	7.206	6.384	-8.494	-1.829	0.02808	5.43	-7.263	2.163
1.500004602e12	1.388	-3.478	1.569	-9.037	7.805	-6.825	-4.15	-5.399	-0.802
1.500004603e12	9.381	-0.542	-2.632	-3.776	5.396	4.097	7.955	-9.879	5.844
1.500004604e12	-0.2649	1.421	-3.26	-1.836	-8.54	-6.576	-4.611	4.844	3.793
1.500004605e12	-2.51	-1.93	-9.172	-7.465	0.1062	-4.634	-1.36	-10.	2.797
1.500004606e12	2.92	-5.092	-2.012	2.504	7.639	-9.257	6.296	-1.089	-9.001
1.500004607e12	-3.9	-1.849	0.5591	-6.028	7.227	9.341	-0.7202	6.821	-7.675
1.500004608e12	-8.635	-6.663	-8.507	4.399	9.395	6.383	-3.61	-0.4468	-6.273
1.500004609e12	-7.212	8.925	-1.729	-1.243	4.64	-6.97	-7.357	-2.102	4.218
1.50000461e12	6.39	-1.027	6.654	-0.6763	3.411	-6.006	8.372	4.897	-0.3723
1.500004611e12	-5.287	-4.064	4.271	4.606	-8.009	4.238	-3.383	-3.164	8.381
1.500004612e12	-2.935	-4.512	7.643	5.977	-0.304	9.221	4.941	2.343	3.948
1.500004613e12	-6.965	4.055	4.629	1.925	-9.99	-0.1025	-2.67	-9.539	4.203
1.500004614e12	5.342	4.139	-8.408	-4.573	-4.581	-5.223	-3.615	0.9363	-8.922
1.500004615e12	-6.754	-6.144	-0.09033	0.9338	-9.648	-5.088	4.149	-7.579	-7.893
1.500004616e12	4.681	5.037	4.963	5.715	8.37	-2.867	-9.019	-7.465	-2.958
1.500004617e12	3.497	4.756	9.238	-6.234	-3.589	3.314	1.35	-0.8936	-3.083
1.500004618e12	3.329	-6.112	-2.72	-3.802	-6.707	-6.555	9.833	-3.647	2.92
1.500004619e12	8.308	-0.05981	-7.572	6.171	-6.52	-8.336	5.615	3.55	5.604
1.50000462e12	-8.723	-5.471	-3.756	-3.656	2.734	0.7166	-0.5334	-4.96	7.87
1.500004621e12	5.792	-2.101	9.786	2.729	-2.238	-4.751	-3.899	4.88	-6.675
1.500004622e12	-7.85	0.885	1.582	-3.329	4.175	7.965	-7.041	5.662	2.484
1.500004623e12	-4.128	-8.625	-4.498	0.8826	7.562	-2.894	6.403	-0.001221	2.26
1.500004624e12	5.112	-1.697	6.289	-4.666	-6.193	7.601	-2.047	-4.53	-0.2905
1.500004625e12	8.663	-7.236	8.704	-8.759	-5.089	-3.345	-6.345	0.09277	8.687
1.500004626e12	-2.765	-2.288	-2.162	1.81	4.758	3.49	-5.746	-9.435	6.545
1.500004627e12	1.343	-4.685	2.109	4.05	7.67	1.774	-0.7642	-8.218	-2.975
1.500004628e12	-6.7	7.3	7.145	8.469	0.6006	-6.555	-6.753	-5.653	4.724
1.500004629e12	-6.49	-5.479	-5.647	7.278	3.049	-2.931	6.04	0.4639	-0.5371
1.50000463e12	7.134	8.77	3.938	-5.964	-7.649	6.337	-7.323	6.259	2.12
1.500004631e12	-5.16	-0.7922	-0.5798	3.944	8.616	-7.587	-4.57	0.426	-8.395
1.500004632e12	8.877	6.925	-1.118	-6.177	5.72	6.001	8.533	-4.645	2.239
1.500004633e12	1.738	3.849	2.688	-3.701	7.811	9.243	-6.937	-2.059	9.218
1.500004634e12	3.945	4.236	-5.179	4.381	0.1147	-1.273	7.523	-0.2625	-6.724
1.500004635e12	2.688	9.778	7.311	5.892	2.258	0.3479	7.004	5.444	4.753
1.500004636e12	-2.874	6.829	-2.952	-2.219	-3.389	9.331	5.256	1.892	-2.047
1.500004637e12	0.2136	6.66	-1.149	0.2319	4.482	-3.972	9.376	-6.921	-6.586
1.500004638e12	6.028	-9.338	9.012	0.4138	4.513	9.694	-7.841	-8.752	-3.214
1.500004639e12	-1.16	4.033	4.746	-5.393	0.1147	-0.8154	-3.236	5.587	-8.386
1.50000464e12	2.775	-0.5847	-7.29	-7.377	-2.712	-3.45	7.283	-3.185	-9.784
1.500004641e12	1.6	9.944	6.091	6.512	0.802	4.563	4.065	-2.725	8.967
1.500004642e12	2.217	-1.492	5.314	4.904	-9.626	1.309	-7.867	-7.155	-6.49
1.500004643e12	-2.634	1.697	-4.709	-4.612	5.393	-3.12	-8.317	9.628	1.278
1.500004644e12	-6.576	-2.761	-4.508	2.661	5.95	3.695	-2.83	9.854	-8.118
1.500004645e12	-1.924	-4.717	3.522	5.198	-3.986	-2.402	-1.156	5.383	-5.538
1.500004646e12	2.507	9.843	-8.12	-4.385	-5.695	-7.037	7.528	8.945	-1.255
1.500004647e12	1.746	-7.798	-0.3357	0.2478	-1.18	8.939	-6.902	-4.171	-5.381
1.500004648e12	5.408	-1.742	2.404	-0.3516	2.479	-9.813	6.307	-3.992	-8.424
1.500004649e12	-4.1	-1.776	-7.174	-1.869	-4.915	2.844	7.196	1.559	-7.788
1.50000465e12	1.232	-6.495	-3.91	3.921	-8.317	2.181	0.5835	9.414	4.948
1.500004651e12	9.762	-5.591	-7.5	7.245	7.643	7.891	5.758	-6.909	9.958
1.500004652e12	9.203	-5.693	4.077	-1.221	4.749	-0.719	8.959	8.212	-0.4614
1.500004653e12	3.934	-1.827	3.517	0.6689	0.6165	4.762	-3.375	-1.251	1.006
1.500004654e12	0.3333	-6.736	2.44	-0.5164	9.304	-2.599	-3.186	-2.759	-2.585
1.500004655e12	5.851	6.176	3.773	-3.032	0.3467	0.6677	-7.638	-8.208	1.571
1.500004656e12	-0.6958	0.3943	1.649	-0.5396	3.704	0.8789	8.445	-3.672	-0.4614
1.500004657e12	-5.648	9.	7.96	-6.843	8.574	8.627	2.25	-4.13	0.4749
1.500004658e12	-3.867	9.573	4.099	-0.7483	6.071	-9.208	-5.529	6.439	1.185
1.500004659e12	6.725	-6.094	-1.783	0.2356	9.146	2.123	-2.323	-3.961	-7.593
1.50000466e12	-8.918	-0.6335	-0.8862	7.33	5.599	-2.288	-9.028	2.593	2.592
1.500004661e12	1.292	-0.8008	-2.217	6.156	5.66	6.302	-2.687	-1.927	-9.749
1.500004662e12	-6.826	9.784	-4.885	1.155	-1.549	4.742	-6.996	-9.484	2.559
1.500004663e12	1.788	4.866	7.335	2.622	8.114	6.704	-1.636	7.605	0.3918
1.500004664e12	9.147	0.5908	-3.651	-9.321	-3.242	-6.598	8.416	6.122	6.364
1.500004665e12	0.4541	1.674	8.656	-4.417	-9.03	0.7776	3.802	1.699	8.04
1.500004666e12	6.514	-1.385	8.673	6.466	-0.1172	-8.459	8.624	-3.871	9.677
1.500004667e12	5.261	4.119	1.168	4.454	-5.449	6.732	4.169	-9.609	-5.455
1.500004668e12	-7.614	-5.414	4.241	-8.475	4.108	6.31	3.534	0.9155	1.115
1.500004669e12	9.873	1.796	-4.939	1.774	-3.285	-5.217	6.233	6.343	-3.204
1.50000467e12	-9.064	-8.14	4.998	-1.899	-7.548	7.279	-8.61	-6.331	-5.541
1.500004671e12	7.675	4.735	4.688	9.039	0.3625	-5.319	3.633	-4.086	2.759
1.500004672e12	-7.988	3.506	-7.327	4.216	-3.32	8.558	-6.333	3.499	-7.18
1.500004673e12	-3.868	4.617	-6.372	7.783	-4.827	-1.602	-4.819	9.912	7.299
1.500004674e12	-6.639	-4.692	-2.224	4.988	-8.992	3.627	-2.632	6.327	-2.042
1.500004675e12	-4.436	8.25	2.421	1.085	-6.624	3.232	-0.4541	6.792	2.816
1.500004676e12	-3.376	-8.11	1.942	0.7312	-5.33	-3.761	-3.677	2.976	4.265
1.500004677e12	-7.654	-2.505	0.4822	3.356	-8.479	-6.273	2.065	3.683	7.911
1.500004678e12	-4.475	5.575	-1.483	4.69	-9.515	-2.715	7.939	4.951	1.505
1.500004679e12	-6.528	-3.387	4.05	3.12	8.47	0.06958	6.719	8.929	5.607
1.50000468e12	7.837	-1.516	9.835	-1.588	2.408	7.36	3.312	4.362	6.172
1.500004681e12	-2.461	-7.355	1.848	5.165	-8.236	-7.983	-0.7471	-2.333	5.828
1.500004682e12	1.26	9.934	-1.774	7.919	-6.868	3.586	6.339	-2.878	-5.879
1.500004683e12	-2.472	5.471	1.694	8.048	-9.739	4.156	-6.854	0.6104	8.966
1.500004684e12	-5.75	-2.743	8.716	-3.3	-3.793	-2.632	-6.39	6.208	3.944
1.500004685e12	-5.273	-5.948	-0.5298	-0.4919	-7.191	-8.285	-9.473	-9.764	5.714
1.500004686e12	5.273	-3.479	-4.935	-8.751	-7.437	4.74	9.739	4.166	3.984
1.500004687e12	1.705	-0.01221	2.821	7.75	-9.492	1.503	-2.719	-0.5139	-8.032
1.500004688e12	7.542	-9.688	8.073	1.614	6.772	1.146	2.108	-9.681	-7.26
1.500004689e12	-6.207	9.286	-9.469	5.458	2.407	4.79	-7.303	4.677	-7.671
1.50000469e12	-0.9058	5.334	-3.804	9.513	1.361	6.94	-3.893	0.9399	2.754
1.500004691e12	0.02686	7.726	-1.683	-2.448	8.302	1.21	8.499	-8.79	-2.982
1.500004692e12	-6.322	-7.263	-6.837	-1.81	9.927	9.814	8.629	9.139	-2.255
1.500004693e12	2.709	-8.423	0.1245	7.54	-1.65	5.776	8.141	-7.418	2.56
1.500004694e12	-1.094	-9.519	-0.5237	4.48	0.3748	-0.1355	0.6738	-5.679	7.196
1.500004695e12	-6.055	2.418	-7.408	-0.9277	-4.321	3.737	6.338	1.36	2.979
1.500004696e12	6.746	-0.3845	7.04	-1.461	-4.673	5.238	-0.5347	-8.193	-4.067
1.500004697e12	-5.336	-7.712	9.691	-9.121	-3.043	-6.846	2.823	0.4932	7.156
1.500004698e12	-4.382	6.775	-0.1392	-4.613	-6.7	9.164	-2.86	-2.617	-0.06958
1.500004699e12	-8.633	0.1343	-8.844	1.045	7.55	-5.835	-7.043	-8.625	-1.382
1.5000047e12	-7.295	6.525	4.254	1.022	-2.847	-9.357	-9.548	9.15	-1.705
1.500004701e12	8.318	1.077	5.303	-8.027	0.4236	7.09	-3.772	2.565	6.187
1.500004702e12	6.848	9.594	-0.2954	-2.627	-3.325	-2.224	-3.406	8.641	8.64
1.500004703e12	1.465	-5.471	-0.08789	-0.5493	5.098	6.489	-1.614	-8.254	-1.991
1.500004704e12	2.517	3.333	-3.949	-9.377	-3.933	3.628	-6.071	3.413	-1.016
1.500004705e12	3.484	5.449	3.11	-6.244	-4.707	-0.3589	-0.3284	-3.311	-9.213
1.500004706e12	-6.511	-9.166	3.978	2.925	-6.451	1.443	-3.839	-5.63	-7.517
1.500004707e12	-2.365	1.952	-5.251	-5.576	1.019	-8.386	-5.782	-5.78	-4.69
1.500004708e12	-1.302	2.92	5.896	1.582	-4.659	-3.667	3.132	-7.54	0.7507
1.500004709e12	7.004	0.1624	-1.75	-5.823	3.04	-9.386	-1.124	-8.635	-8.765
1.50000471e12	-5.518	0.1868	4.706	-9.435	-4.41	-1.519	-1.846	2.234	-4.418
1.500004711e12	-8.74	8.71	-3.235	-6.437	9.513	7.407	7.023	4.406	1.882
1.500004712e12	-9.696	-4.323	8.866	2.445	-2.832	8.429	-1.282	-7.484	8.339
1.500004713e12	7.605	-5.426	7.635	-9.791	1.72	-8.386	-0.1538	-9.338	6.246
1.500004714e12	-5.583	-8.262	0.9814	9.436	9.424	-7.825	-5.135	2.633	9.139
1.500004715e12	-5.071	-1.985	8.093	-3.777	-5.775	-4.716	2.412	1.3	6.46
1.500004716e12	-9.838	8.649	2.981	3.037	5.039	-7.909	-8.826	-8.597	-6.53
1.500004717e12	4.674	-7.734	-7.085	-4.762	4.252	3.03	1.396	4.982	-5.648
1.500004718e12	4.37	7.91	0.9094	-4.124	8.005	7.214	3.861	-5.563	8.624
1.500004719e12	1.249	-1.074	3.416	-7.089	-9.832	4.474	-4.218	-6.299	1.213
1.50000472e12	-2.391	-7.5	2.777	-0.4456	8.444	-8.032	-6.41	5.704	4.642
1.500004721e12	1.754	-4.056	2.642	-0.4089	7.717	-1.797	7.795	-4.96	0.1636
1.500004722e12	2.019	3.899	7.975	1.885	-4.663	7.904	3.558	1.875	7.198
1.500004723e12	7.422	-5.957	7.74	-3.425	5.013	5.026	5.341	3.91	-4.803
1.500004724e12	-5.145	-6.091	3.008	-2.783	0.01709	-1.614	8.766	-0.3076	-5.732
1.500004725e12	8.496	-6.938	4.153	-8.086	4.144	-2.355	-6.388	-9.092	5.537
1.500004726e12	3.584	-5.291	-3.301	7.819	-5.494	-3.95	-0.614	-8.717	-8.5
1.500004727e12	-7.535	-1.703	4.507	-7.256	4.833	-8.381	7.791	9.767	8.914
1.500004728e12	0.2966	0.7727	2.062	-0.1636	2.122	5.397	4.486	-6.223	-0.1062
1.500004729e12	8.547	-4.888	1.47	4.059	-0.9827	0.09521	7.034	6.204	3.331
1.50000473e12	4.722	9.33	-3.127	2.729	-7.061	-6.874	-4.893	6.792	-9.204
1.500004731e12	-6.653	-9.794	2.357	-1.385	7.362	-1.615	-9.424	2.206	9.598
1.500004732e12	2.673	1.332	8.307	6.438	4.929	-2.832	1.844	6.498	6.481
1.500004733e12	-2.845	9.294	-5.056	-1.156	5.461	-7.164	-6.395	7.369	-7.944
1.500004734e12	-7.61	2.03	-1.183	1.257	7.318	-5.586	6.859	9.974	3.927
1.500004735e12	-6.497	-9.767	-9.551	3.11	9.016	1.482	-0.6689	3.643	-8.053
1.500004736e12	-8.909	-4.359	0.603	3.369	9.771	-8.533	-6.487	7.207	-8.165
1.500004737e12	-8.314	-7.483	3.414	8.383	-4.008	7.498	5.72	-4.51	8.091
1.500004738e12	-0.5872	0.9595	-9.388	-1.51	-2.48	-1.112	-6.216	-3.795	-0.4578
1.500004739e12	6.144	-2.252	0.7019	-8.965	9.182	-8.489	-7.512	-8.763	1.766
1.50000474e12	1.169	-1.365	2.715	-5.59	-3.794	1.272	1.252	-6.088	3.65
1.500004741e12	7.179	-0.04028	-5.103	-9.904	-4.629	8.499	2.858	6.233	-4.958
1.500004742e12	9.811	5.524	7.349	7.278	-6.591	3.27	7.236	9.329	-0.4102
1.500004743e12	2.777	-6.254	-7.498	-8.051	-9.937	-5.703	-0.5481	3.08	-3.961
1.500004744e12	-7.561	0.5212	1.633	5.234	7.783	5.189	9.994	-8.466	5.984
1.500004745e12	6.891	-4.539	-5.049	0.354	-1.041	0.1062	-6.158	-6.782	1.665
1.500004746e12	1.959	7.18	-7.03	5.503	4.596	-1.237	9.504	-7.635	-7.404
1.500004747e12	-0.6226	0.5701	-9.602	3.408	-2.915	-0.9912	-5.939	6.433	7.921
1.500004748e12	4.009	-1.163	6.163	-6.558	-3.17	6.075	7.772	-9.546	-9.595
1.500004749e12	8.292	-3.496	-8.143	-5.548	6.484	0.9155	-7.603	-3.872	-3.408
1.50000475e12	8.594	4.524	-5.659	8.905	3.859	-2.997	-1.505	-7.965	-6.884
1.500004751e12	7.938	-6.802	0.1416	8.368	-4.889	-0.8569	9.077	8.33	-0.9155
1.500004752e12	9.923	5.258	-4.62	-9.891	1.44	-8.872	-9.808	-2.09	-2.982
1.500004753e12	-2.358	-2.186	7.185	2.072	1.619	-9.492	7.472	8.453	-9.211
1.500004754e12	2.982	-7.117	-6.3	-7.942	-4.132	-3.463	-8.083	-2.747	8.783
1.500004755e12	3.97	-6.16	5.558	8.472	2.394	-7.686	0.4431	-7.289	-7.955
1.500004756e12	-5.004	2.273	-6.844	2.377	3.857	-6.771	1.158	6.96	-1.223
1.500004757e12	9.167	6.196	-8.16	6.27	-7.59	7.13	-9.945	-3.54	7.816
1.500004758e12	5.32	-0.3064	-2.152	3.9	3.73	5.664	-8.052	-7.323	-2.334
1.500004759e12	1.838	6.482	0.3467	3.033	3.018	-9.976	-8.708	-8.76	7.777
1.50000476e12	8.403	-6.781	-0.5786	3.219	0.387	-7.128	-6.503	5.392	-0.9412
1.500004761e12	3.843	-2.555	-1.996	0.6848	1.392	2.316	-2.169	0.3125	-7.225
1.500004762e12	-3.213	-7.639	5.018	8.557	-7.72	-8.391	-8.89	-6.708	9.078
1.500004763e12	4.473	-5.703	-1.91	6.174	7.782	3.235	9.862	8.368	6.035
1.500004764e12	-6.644	-6.252	-9.227	8.383	2.693	7.797	-2.882	-1.892	8.159
1.500004765e12	5.427	8.499	4.734	4.696	-5.112	7.738	-0.8936	4.944	-6.852
1.500004766e12	1.578	-0.05127	2.039	-8.828	8.198	-3.11	7.694	-8.433	6.096
1.500004767e12	8.185	-3.513	-1.23	-9.089	7.323	-4.668	-3.926	-9.152	-8.853
1.500004768e12	6.455	-2.971	1.946	1.545	8.071	0.2515	9.839	-2.684	-1.438
1.500004769e12	6.038	8.06	-0.4639	3.314	-9.672	-1.63	3.586	2.98	-4.282
1.50000477e12	-7.909	-5.758	4.961	6.257	-0.3516	-1.919	3.56	9.139	-4.905
1.500004771e12	-8.721	-6.829	-9.851	6.05	4.363	-7.444	5.477	0.4639	3.427
1.500004772e12	3.322	4.022	4.652	-5.709	-0.7214	1.251	4.335	-3.705	3.412
1.500004773e12	-4.508	6.451	-7.352	-5.126	-9.486	-2.975	-7.007	-5.696	-6.981
1.500004774e12	-1.372	-2.065	6.364	-1.394	-7.026	-5.54	4.658	7.552	-3.917
1.500004775e12	9.688	-4.852	2.183	-1.68	-9.127	3.311	7.456	-2.587	-1.558
1.500004776e12	-1.058	-2.635	-9.417	4.604	-1.014	-4.966	-6.676	1.167	6.875
1.500004777e12	-5.41	2.726	-3.467	7.107	5.366	-3.929	7.791	6.609	9.55
1.500004778e12	-2.928	-4.418	5.355	-6.387	6.649	7.548	-2.747	-4.023	3.716
1.500004779e12	1.328	6.256	4.248	2.982	-8.336	-6.298	4.31	8.329	-6.282
1.50000478e12	3.069	5.204	-3.405	-0.1318	-8.381	2.147	5.19	7.614	0.4065
1.500004781e12	-0.3467	-8.209	-5.623	4.287	-3.469	-5.179	-0.5151	1.689	-8.403
1.500004782e12	-2.948	8.585	-8.474	-2.329	-6.071	1.812	5.525	-0.9253	-9.709
1.500004783e12	8.899	5.824	8.691	-7.478	7.649	1.913	6.281	-7.828	2.461
1.500004784e12	2.8	0.2051	-1.426	3.13	-4.414	7.449	1.469	-2.9	0.4871
1.500004785e12	7.88	-4.948	-0.2136	3.771	2.233	-7.441	1.449	7.521	-9.517
1.500004786e12	-0.3076	3.473	4.95	8.434	-9.763	-6.176	-2.999	6.03	-1.63
1.500004787e12	-5.826	8.298	-5.502	-4.105	1.89	7.117	0.2124	-5.58	5.785
1.500004788e12	-2.369	4.586	3.24	-5.106	6.741	-1.328	1.696	-0.4553	3.545
1.500004789e12	-1.958	9.824	-7.804	5.675	-5.414	-5.487	2.611	9.689	-6.102
1.50000479e12	-4.568	3.34	-1.718	9.935	8.802	8.667	0.675	-7.99	0.06958
1.500004791e12	-3.003	1.963	7.273	-5.199	3.306	-8.755	-6.87	-7.963	-4.642
1.500004792e12	7.739	9.047	-0.9363	-1.893	1.566	-2.815	-2.881	8.088	-8.621
1.500004793e12	-0.8264	6.941	4.993	5.034	4.027	-8.788	-8.484	8.926	-3.221
1.500004794e12	8.195	3.973	2.643	-0.5176	1.035	-7.621	-0.04761	-6.409	8.173
1.500004795e12	3.91	-1.852	2.682	4.1	-0.6555	-5.889	1.296	-2.681	-4.899
1.500004796e12	-2.33	-2.08	-2.33	2.717	6.603	-3.525	-0.6567	-5.179	5.846
1.500004797e12	-2.046	8.87	-5.	9.684	0.09277	3.401	0.1233	-5.951	6.442
1.500004798e12	8.018	2.467	-9.175	0.09277	9.489	-0.7324	5.398	-2.809	-3.274
1.500004799e12	8.245	4.794	-6.531	-5.97	1.033	0.9534	6.381	-8.428	0.1025
1.5000048e12	2.827	3.672	-0.7397	-3.32	-0.1233	0.6836	-1.063	-9.985	3.156
1.500004801e12	-7.175	5.903	8.412	0.7581	-9.216	-1.909	8.08	-7.562	-2.583
1.500004802e12	-0.5176	-1.947	-2.167	6.287	8.761	9.988	-9.943	-3.832	5.094
1.500004803e12	5.53	-0.9521	6.989	-2.712	3.815	0.5444	4.076	-1.641	-7.719
1.500004804e12	-7.332	-9.644	7.14	-7.267	-8.633	-5.022	-2.389	-4.662	4.237
1.500004805e12	4.398	9.015	4.512	-8.257	-2.695	-0.7288	4.222	4.76	6.785
1.500004806e12	-9.271	-3.45	7.661	-0.8459	-4.454	-1.334	5.844	0.7166	1.128
1.500004807e12	-3.517	-5.341	0.5566	-2.456	9.783	6.337	8.521	2.303	6.803
1.500004808e12	-2.739	1.891	-6.808	-4.991	-4.038	-8.845	-5.848	5.38	-9.886
1.500004809e12	-8.69	-8.666	-9.093	0.2124	-5.05	5.524	3.672	-8.344	7.178
1.50000481e12	-9.178	-4.06	-6.492	5.97	-0.8545	2.43	-5.601	-5.067	0.6567
1.500004811e12	-9.049	9.504	-6.807	2.903	-0.6458	-6.246	5.251	7.99	6.699
1.500004812e12	2.041	1.556	-0.4041	7.281	-9.99	8.226	2.736	-0.4224	-3.556
1.500004813e12	2.14	9.528	-6.545	7.9	-4.076	8.357	-6.195	6.08	3.169
1.500004814e12	-4.374	7.773	-4.116	-9.633	-6.611	-6.945	-1.313	9.928	7.139
1.500004815e12	3.743	7.135	2.491	6.118	0.802	-9.167	-1.869	-0.8984	9.635
1.500004816e12	0.6836	9.702	-7.166	-6.821	4.601	9.413	-4.058	0.8606	-6.501
1.500004817e12	2.832	1.913	1.587	-4.604	9.98	-5.367	8.871	2.764	3.284
1.500004818e12	-0.647	1.757	3.448	-7.721	1.678	8.909	-0.2625	0.8618	0.6494
1.500004819e12	6.816	3.824	-6.954	6.399	3.242	5.236	-3.361	-5.049	-0.9399
1.50000482e12	4.445	-7.158	5.374	5.265	4.344	6.598	-1.825	7.755	0.6812
1.500004821e12	7.314	-6.516	9.357	-7.319	-1.714	9.762	5.857	7.324	6.082
1.500004822e12	-1.655	3.796	3.096	-3.949	-0.4846	4.539	6.636	-6.912	7.581
1.500004823e12	0.2344	-5.577	-3.491	0.9473	-3.64	-9.601	-8.958	-9.082	-6.216
1.500004824e12	8.303	9.637	-5.248	-9.626	-0.1062	0.8765	9.694	-0.7568	-5.865
1.500004825e12	-0.09399	-9.731	-7.925	7.347	9.375	-4.928	-1.974	-1.141	-9.935
1.500004826e12	3.617	-3.13	3.14	2.83	-3.237	8.096	3.582	-5.964	-0.004883
1.500004827e12	6.387	8.047	6.641	-2.821	-3.533	-8.688	2.402	8.945	-2.329
1.500004828e12	-8.579	4.828	-9.297	6.947	-8.303	8.077	4.573	-3.973	-1.926
1.500004829e12	-3.552	9.47	-7.402	5.817	0.3723	1.08	8.878	6.475	8.154
1.50000483e12	-8.103	-5.498	-8.442	-9.421	-5.829	-2.007	8.342	4.268	-3.232
1.500004831e12	-9.432	8.793	5.874	-6.899	5.543	8.295	-6.553	3.291	-8.418
1.500004832e12	-8.577	7.305	4.31	-1.385	9.983	-9.557	4.871	5.41	-3.215
1.500004833e12	8.585	-5.105	2.631	4.371	-5.847	-4.07	-6.903	-3.497	3.17
1.500004834e12	4.53	9.591	5.692	-5.875	-1.859	3.015	-0.7666	8.436	6.455
1.500004835e12	3.077	5.48	4.415	-5.078	-3.185	-4.894	-8.174	0.9875	-6.868
1.500004836e12	-2.74	5.889	9.288	3.704	2.3	1.559	5.029	-4.799	7.44
1.500004837e12	2.202	5.099	-6.288	8.92	2.095	-6.121	9.078	9.501	-4.927
1.500004838e12	-3.428	7.209	7.861	-5.946	3.328	0.166	-0.2039	-0.3918	-9.155
1.500004839e12	4.403	4.996	-9.565	-6.194	-1.571	7.904	5.848	-4.359	8.739
1.50000484e12	-9.988	-8.524	6.431	-4.888	-4.689	9.055	-0.5798	5.483	2.284
1.500004841e12	3.304	4.628	-5.05	-5.695	1.949	-8.701	9.573	1.646	-3.889
1.500004842e12	4.875	9.559	-0.6714	-8.632	-1.936	-0.2466	4.897	-7.513	-9.865
1.500004843e12	-0.4248	-0.686	9.548	7.345	8.999	-6.15	-1.367	5.707	6.918
1.500004844e12	5.825	-3.153	-9.468	5.806	-2.192	4.806	4.764	-5.212	-8.347
1.500004845e12	-3.035	6.519	0.5676	-9.744	5.844	-9.955	-4.591	-7.251	-7.084
1.500004846e12	-2.682	-2.592	4.684	7.318	-7.731	6.92	-2.379	-3.748	-3.633
1.500004847e12	5.343	9.319	-2.212	-1.461	-9.473	2.155	3.878	-0.1685	5.97
1.500004848e12	-1.831	6.671	9.508	3.691	7.582	-8.149	7.059	-0.7007	2.894
1.500004849e12	0.7654	3.713	5.453	-4.442	-9.548	2.393	8.582	-2.804	3.251
1.50000485e12	-9.34	-7.295	7.93	-4.476	2.189	-8.853	9.374	0.7568	-8.618
1.500004851e12	9.838	5.475	5.099	0.5029	-9.065	6.154	-4.769	1.136	7.551
1.500004852e12	4.288	-8.65	-5.427	-4.865	-5.646	-6.226	-7.903	0.5688	0.1782
1.500004853e12	-4.149	-4.429	4.054	-4.034	-2.345	-0.6067	-8.779	0.8765	9.639
1.500004854e12	7.206	1.029	9.078	1.768	4.309	-4.001	4.033	-5.341	3.284
1.500004855e12	-3.298	3.005	-1.55	-0.3784	-1.349	-1.04	-1.587	-9.038	0.8362
1.500004856e12	9.908	-9.064	-3.213	-8.397	-1.047	9.425	-2.268	-1.179	2.158
1.500004857e12	1.373	2.437	9.197	-3.315	3.727	8.389	5.088	9.692	-6.622
1.500004858e12	-4.893	-7.46	3.711	9.851	4.891	-6.036	-9.803	9.143	-9.777
1.500004859e12	8.135	-0.2563	5.454	-2.725	-9.902	3.738	-4.966	-0.07568	1.836
1.50000486e12	4.475	2.688	9.146	-9.586	-1.624	4.53	6.526	1.542	8.071
1.500004861e12	-2.428	4.023	5.304	-1.625	5.892	-3.007	8.795	5.072	-5.243
1.500004862e12	-2.299	3.56	9.373	1.068	4.653	8.093	-4.307	-3.308	-8.021
1.500004863e12	-5.387	-7.123	6.519	-0.9778	-7.727	-7.802	-6.245	-9.536	-9.539
1.500004864e12	6.093	-7.92	-5.707	-4.701	-5.115	-3.074	-0.813	-5.663	6.602
1.500004865e12	0.6445	9.423	9.258	0.979	3.341	-6.609	-8.793	2.017	-3.359
1.500004866e12	-1.664	7.233	3.811	-4.733	-6.968	2.871	4.711	-7.771	-0.7715
1.500004867e12	-6.837	9.862	3.594	2.504	-3.578	7.294	-0.09399	-6.743	6.874
1.500004868e12	6.334	-0.4565	-4.716	-8.054	3.961	-6.55	3.271	4.314	9.539
1.500004869e12	-5.189	2.04	-5.121	9.657	9.513	-1.973	-7.97	5.84	-5.979
1.50000487e12	4.062	-3.596	-6.201	9.167	-8.673	-7.875	2.729	6.146	9.274
1.500004871e12	-3.452	1.776	-5.955	8.483	-2.34	-5.786	2.524	5.129	0.1184
1.500004872e12	6.646	-8.683	8.759	-8.988	0.7166	2.753	2.336	-9.653	7.25
1.500004873e12	7.189	-2.516	3.993	9.941	3.48	-1.815	8.093	-0.6067	4.944
1.500004874e12	3.528	2.009	3.87	-0.7117	4.625	3.037	8.131	-0.004883	1.948
1.500004875e12	-0.004883	-4.756	-0.5322	1.217	6.542	7.061	1.094	9.113	7.33
1.500004876e12	-3.123	8.68	1.165	9.75	-4.384	2.953	6.232	9.701	5.226
1.500004877e12	-9.983	5.579	7.765	-2.734	-3.278	-7.198	-7.743	3.369	1.613
1.500004878e12	3.605	9.948	-4.44	1.562	0.686	-3.257	6.499	-4.563	3.333
1.500004879e12	-7.	-4.685	-4.032	-4.614	6.893	5.101	4.572	3.964	-4.065
1.50000488e12	5.027	-4.248	5.718	5.961	-5.118	-3.248	0.6836	-7.975	-5.095
1.500004881e12	3.431	-0.7349	1.453	3.322	-2.141	1.881	-7.157	-1.245	0.6641
1.500004882e12	0.2148	-5.164	-4.169	4.365	-2.617	-1.375	4.781	2.231	-2.71
1.500004883e12	2.745	4.564	-4.579	-7.396	7.855	-7.018	8.73	-7.025	7.559
1.500004884e12	-0.3857	9.152	1.514	-6.992	6.997	-2.064	-6.619	-2.318	4.939
1.500004885e12	5.247	-0.7739	2.061	-9.489	-4.857	8.832	-0.8179	7.889	-9.662
1.500004886e12	-3.375	-4.033	-2.003	-6.448	1.838	7.664	3.927	0.376	2.616
1.500004887e12	3.534	8.556	2.434	6.519	-5.494	-7.185	2.711	7.322	-2.62
1.500004888e12	-0.99	1.088	-5.392	6.625	0.2698	-7.509	-6.772	-6.892	2.242
1.500004889e12	4.47	0.5383	-8.385	1.335	2.28	-5.98	4.744	-9.399	4.133
1.50000489e12	8.757	8.391	-5.612	8.118	-4.	4.98	4.741	5.09	0.7239
1.500004891e12	7.524	-5.98	1.368	-0.9143	8.829	2.014	-7.126	-0.9534	9.116
1.500004892e12	7.863	-1.637	-0.8533	-5.725	4.631	4.463	-1.578	2.936	7.056
1.500004893e12	-1.176	8.092	-2.778	8.436	-2.908	3.477	-6.454	0.008545	4.324
1.500004894e12	0.3687	7.704	-9.158	6.428	-4.766	-9.07	-3.202	8.937	9.877
1.500004895e12	-6.193	1.974	-0.2917	7.732	7.152	-8.051	-0.9485	2.892	-2.771
1.500004896e12	2.668	3.533	5.031	-2.39	9.615	-2.411	-1.76	9.459	-2.883
1.500004897e12	3.624	9.546	0.4968	6.578	9.5	-5.095	8.356	-8.397	-2.551
1.500004898e12	-5.414	-1.088	-2.795	2.224	-6.63	7.522	-1.725	5.291	9.808
1.500004899e12	-6.101	-0.8374	8.621	7.983	5.764	-5.966	5.355	9.058	-5.897
1.5000049e12	-1.178	8.772	4.948	-4.832	-6.248	-8.077	9.608	1.986	3.163
1.500004901e12	0.2429	0.5383	-6.074	9.052	6.479	2.985	6.533	3.386	-7.406
1.500004902e12	-8.254	-2.416	5.587	-4.159	-5.023	-9.869	6.621	1.968	-8.231
1.500004903e12	-9.102	0.4724	-7.572	-7.314	9.661	-0.6482	-7.114	-3.77	-6.825
1.500004904e12	0.05005	-2.319	-3.785	-1.715	7.133	0.9204	-2.242	-0.4321	3.497
1.500004905e12	-9.16	7.334	-6.65	4.744	-0.8997	0.006104	-4.075	8.727	-9.487
1.500004906e12	-7.999	4.344	-7.961	-1.155	-0.07935	9.257	-7.144	-4.29	5.076
1.500004907e12	8.628	-7.258	-0.4431	6.667	5.598	6.108	-8.44	-2.834	8.733
1.500004908e12	-0.4443	-3.728	-5.292	1.422	-8.253	6.913	5.533	-7.716	-0.6738
1.500004909e12	-2.642	4.381	-0.7251	1.605	9.595	-8.433	1.415	0.3833	-3.99
1.50000491e12	-4.614	1.595	-8.304	-4.301	8.645	-4.739	1.785	-8.49	-8.738
1.500004911e12	3.348	-1.046	-8.013	-4.746	6.466	-2.096	5.593	-5.022	2.466
1.500004912e12	3.201	3.545	-7.584	-2.428	-2.997	-6.539	-4.847	-5.588	6.862
1.500004913e12	8.831	-4.873	-7.958	4.391	4.509	6.921	-8.409	-6.604	8.002
1.500004914e12	-5.471	-9.556	6.415	-2.483	0.426	3.608	-1.876	9.729	6.847
1.500004915e12	6.046	-9.255	-2.321	-2.725	7.216	9.539	2.825	7.484	-8.787
1.500004916e12	-4.397	4.397	-0.8264	-3.678	6.438	9.352	8.928	6.21	2.898
1.500004917e12	-9.196	-5.658	-7.375	-7.108	1.79	-4.277	9.634	-9.744	4.747
1.500004918e12	5.468	0.2356	-2.521	7.671	8.137	0.02808	-9.545	-4.797	-3.271
1.500004919e12	-6.183	8.34	6.993	-1.465	9.921	6.191	-0.4663	0.21	-6.664
1.50000492e12	-5.342	-3.08	-0.07568	-0.1855	-0.7898	7.098	-0.437	6.903	9.001
1.500004921e12	6.836	-6.65	1.354	3.096	-8.934	-3.495	-7.023	-5.035	6.155
1.500004922e12	-8.32	-0.9485	-3.221	4.89	3.462	-8.04	6.166	-7.368	1.709
1.500004923e12	-6.017	0.6384	-2.845	5.11	-1.119	-5.601	2.852	0.08423	-8.119
1.500004924e12	-2.076	-1.78	9.812	-8.645	4.471	5.254	-2.703	-7.532	9.331
1.500004925e12	0.06958	-6.422	-2.207	3.866	-7.562	5.615	2.748	-0.1782	-4.114
1.500004926e12	-1.052	1.453	-4.628	-6.587	9.241	2.251	-9.342	-6.105	7.29
1.500004927e12	6.848	-3.638	-3.712	1.87	-9.567	5.886	-0.06836	2.574	0.719
1.500004928e12	-9.767	6.971	9.886	-0.6885	-6.566	-6.53	3.083	6.699	-6.024
1.500004929e12	4.623	9.672	-2.089	-4.274	-7.052	-4.78	-2.323	0.4187	-9.253
1.50000493e12	0.9082	-0.1624	5.16	-1.859	6.252	-2.889	5.546	-7.717	7.758
1.500004931e12	0.5518	1.378	6.591	9.318	-6.044	-2.325	7.791	-6.045	-1.512
1.500004932e12	6.427	-5.669	6.387	6.685	-9.929	-3.341	8.136	-6.116	-4.316
1.500004933e12	-5.84	4.073	-4.441	-2.988	1.472	-5.669	-1.487	-3.098	3.044
1.500004934e12	0.5212	-6.924	-6.407	5.336	-5.417	-2.859	-7.539	0.04517	8.008
1.500004935e12	5.978	0.1672	-6.887	6.517	-6.149	6.757	-4.199	7.253	3.217
1.500004936e12	-7.22	-6.349	-4.663	-6.398	-5.409	1.887	-0.3345	-3.737	-7.692
1.500004937e12	9.117	8.842	-6.907	-1.101	-8.232	-5.967	-9.023	6.075	3.395
1.500004938e12	-5.575	-9.498	9.171	-8.247	-2.175	5.677	-7.073	-0.2454	1.656
1.500004939e12	-7.124	8.154	9.424	4.038	8.969	3.938	9.172	1.213	2.362
1.50000494e12	-3.612	7.023	5.016	-7.246	2.069	4.072	-8.683	-4.626	1.256
1.500004941e12	-8.579	2.701	-4.69	0.4602	-3.304	9.51	-0.2832	-5.499	0.6006
1.500004942e12	-5.789	7.799	8.295	5.638	-9.034	7.216	7.229	-0.4248	2.103
1.500004943e12	-7.056	-3.215	-3.052	2.493	1.948	0.8374	-7.456	1.14	-9.762
1.500004944e12	-7.141	9.705	7.308	-6.461	6.302	-0.2759	8.51	4.524	2.618
1.500004945e12	-3.472	-2.031	-4.955	-2.471	-0.2808	-3.236	1.666	8.163	-9.036
1.500004946e12	2.954	4.956	7.032	-6.854	0.9485	-4.778	4.037	-7.34	2.698
1.500004947e12	1.741	1.637	-0.2686	3.09	6.708	-3.35	4.219	-4.863	3.264
1.500004948e12	3.663	-1.307	9.03	-4.211	-3.613	-6.123	1.478	-6.031	0.6494
1.500004949e12	-8.68	5.026	7.229	-5.579	5.642	3.839	4.841	9.738	-6.62
1.50000495e12	8.273	4.253	1.938	7.703	-2.097	-1.483	5.342	-3.412	-9.292
1.500004951e12	5.211	-8.795	-2.129	7.67	-5.958	-8.647	9.957	9.594	8.84
1.500004952e12	4.418	1.611	-8.065	-3.475	4.705	-6.53	0.5432	9.045	-0.3271
1.500004953e12	-3.545	9.028	-0.8325	-6.088	2.876	3.698	5.181	-5.071	4.233
1.500004954e12	-8.699	-1.827	8.607	0.04761	-8.237	-4.463	2.955	7.7	-1.534
1.500004955e12	-8.247	4.836	8.168	9.752	-0.5615	0.4419	-9.113	-7.048	4.128
1.500004956e12	-0.6384	-8.398	4.518	1.729	-0.4932	-7.397	-4.159	6.505	1.826
1.500004957e12	-5.602	0.3003	2.516	5.189	8.984	-1.573	-9.833	-1.104	5.525
1.500004958e12	-9.081	-6.116	0.9265	-9.258	0.5872	-6.022	-9.561	8.999	2.455
1.500004959e12	-2.639	7.308	-1.449	6.868	-8.964	1.039	-0.896	-2.897	1.816
1.50000496e12	-0.1501	-7.256	-5.076	-0.3589	-1.611	4.374	-3.604	-2.285	-1.259
1.500004961e12	1.733	-5.543	5.359	6.431	-8.229	-8.503	-3.002	2.784	-8.738
1.500004962e12	9.211	7.654	4.314	4.841	7.754	5.143	1.461	4.987	1.826
1.500004963e12	-4.761	1.906	-0.07446	7.806	3.639	0.7507	6.96	1.656	-0.1294
1.500004964e12	-6.404	7.334	-1.471	6.35	-3.938	1.948	-0.26	-4.526	9.257
1.500004965e12	-7.802	1.042	4.821	8.931	0.0293	2.795	1.854	-4.669	-8.337
1.500004966e12	3.131	9.474	-7.3	-6.414	-7.021	0.5115	2.318	7.865	-5.04
1.500004967e12	-3.408	-1.191	8.529	0.1794	7.085	1.171	-5.266	2.02	8.647
1.500004968e12	3.521	9.694	-7.791	6.459	-5.068	8.026	5.931	7.621	7.96
1.500004969e12	-7.325	-0.2405	9.258	-7.323	5.785	2.622	1.766	9.678	3.215
1.50000497e12	-5.53	-9.402	-4.807	2.831	2.705	-5.712	8.584	-3.541	9.099
1.500004971e12	-6.714	-8.191	6.422	0.2258	1.125	-4.67	8.423	-9.95	2.943
1.500004972e12	-7.162	7.684	-9.928	-4.097	6.149	-8.492	1.593	-7.068	3.91
1.500004973e12	-2.567	-0.6409	-6.55	-5.956	6.29	-3.253	-7.761	-0.01099	-1.791
1.500004974e12	-0.8777	4.89	1.562	-5.518	-2.235	4.973	-2.656	4.912	2.426
1.500004975e12	7.756	-7.031	2.262	-5.8	-9.047	-1.765	1.085	9.777	-0.4639
1.500004976e12	-7.976	1.992	-4.205	1.76	-5.135	1.052	-5.38	-8.306	5.791
1.500004977e12	-7.263	-3.098	8.459	-5.686	-6.354	-4.321	0.6628	8.918	-2.747
1.500004978e12	-9.442	5.209	-8.529	2.019	7.361	8.022	0.4175	-0.9937	-3.162
1.500004979e12	8.782	1.112	-2.574	-0.918	-0.5933	-4.237	-5.469	1.705	3.374
1.50000498e12	-1.332	3.35	-0.4309	8.507	4.506	-0.741	-2.891	7.943	-6.571
1.500004981e12	-8.513	-2.844	4.955	-2.974	8.256	-8.63	5.22	1.08	4.613
1.500004982e12	7.863	3.119	9.91	1.613	-6.44	-7.477	-9.561	-2.352	-2.694
1.500004983e12	-2.123	5.621	0.9851	3.191	-2.255	-9.492	-2.709	-3.862	-3.682
1.500004984e12	9.928	-8.195	3.915	-2.02	-9.554	-2.511	-5.685	6.459	-5.032
1.500004985e12	-4.453	-9.227	-0.3882	-4.584	9.713	-7.222	8.843	-5.507	-3.212
1.500004986e12	-1.816	7.574	-7.393	4.635	6.752	5.872	0.4407	-6.002	-6.071
1.500004987e12	2.601	-3.683	-2.657	1.155	3.68	2.202	-7.271	5.275	2.562
1.500004988e12	-7.86	4.257	9.067	1.447	8.633	4.886	6.198	3.567	2.144
1.500004989e12	4.166	7.941	-5.359	9.863	-6.167	7.523	1.676	4.188	7.705
1.50000499e12	1.555	9.1	2.075	3.336	2.542	5.551	-9.431	0.4028	-1.073
1.500004991e12	8.696	-2.098	-9.691	-7.36	3.834	-8.195	-7.889	-2.751	5.947
1.500004992e12	4.436	8.206	8.934	-9.425	9.76	9.156	-2.722	-0.9412	-8.005
1.500004993e12	7.659	2.612	-1.047	-4.473	-4.469	1.65	-3.839	-1.189	-0.7471
1.500004994e12	-6.78	-2.712	-7.186	8.11	-4.966	6.991	-6.665	-3.87	2.798
1.500004995e12	-0.8911	7.172	-5.656	0.5542	-8.539	3.895	-3.539	-7.386	-3.862
1.500004996e12	-7.489	7.212	-7.762	4.254	8.674	6.249	1.104	-8.784	-7.655
1.500004997e12	8.027	-4.733	1.099	2.299	-0.01343	7.783	4.639	-0.1208	-6.514
1.500004998e12	3.784	8.7	1.683	-2.949	5.07	-5.862	-1.617	-0.8484	-3.994
1.500004999e12	4.961	-0.5139	5.975	8.328	-1.656	4.462	9.586	0.9802	1.949
1.500005e12	-3.851	4.772	-1.705	-5.247	7.994	7.939	4.893	-7.529	-2.401
1.500005001e12	4.012	3.652	4.012	-1.284	0.8911	-9.612	-9.053	3.195	-6.025
1.500005002e12	9.387	-1.394	8.91	1.859	8.954	-5.344	6.168	5.447	7.351
1.500005003e12	3.663	3.8	-9.818	4.939	8.887	-1.941	-7.942	-0.7678	-5.342
1.500005004e12	-0.9583	-4.159	-3.367	0.3308	-0.8545	7.573	-5.328	-1.145	-1.578
1.500005005e12	-3.181	6.847	-0.863	-4.712	2.368	1.571	5.834	-6.24	4.363
1.500005006e12	1.533	-4.343	0.592	5.848	-7.834	3.542	-0.8386	-1.304	4.922
1.500005007e12	-1.332	3.936	-7.673	2.146	-2.068	-4.395	-3.871	5.707	-1.606
1.500005008e12	4.623	-1.931	-2.919	-0.9473	7.46	-6.787	8.917	9.772	-4.054
1.500005009e12	8.395	1.918	-3.884	-6.069	2.894	7.681	8.126	5.822	-0.4004
1.50000501e12	3.894	5.717	-0.7446	-2.361	-6.985	4.904	-0.7275	1.76	4.259
1.500005011e12	-4.121	-5.1	-6.165	-3.361	-2.611	7.155	-1.942	5.259	-7.603
1.500005012e12	-9.263	-9.744	3.477	3.422	6.686	9.681	6.091	3.512	-7.114
1.500005013e12	2.107	8.103	-9.668	0.7629	-7.476	4.767	9.663	6.462	-5.287
1.500005014e12	-3.534	7.371	-4.496	0.1636	0.03174	-4.717	-9.368	-0.437	8.303
1.500005015e12	-9.653	-2.601	7.031	-3.143	-3.226	0.2502	-6.721	5.269	1.407
1.500005016e12	2.267	-2.82	-0.5994	0.4602	-0.09766	-3.517	-0.1135	6.062	-4.071
1.500005017e12	-2.52	7.234	6.978	3.228	5.3	-1.145	1.738	-4.463	-7.869
1.500005018e12	4.753	-7.119	0.448	0.2917	2.742	-7.139	8.743	6.688	-2.233
1.500005019e12	-9.664	-6.416	-4.435	9.974	5.28	0.5298	8.038	-9.014	5.337
1.50000502e12	-6.469	4.722	-0.6824	5.791	4.526	5.166	2.809	-3.875	-8.531
1.500005021e12	8.396	4.211	-1.584	-9.823	0.8594	0.2258	6.654	-0.5286	3.009
1.500005022e12	4.167	-6.539	6.381	-0.1086	6.512	3.907	-0.3064	-7.412	3.82
1.500005023e12	1.989	8.225	4.678	-4.27	9.364	-3.362	-2.899	-9.973	-9.38
1.500005024e12	-5.48	3.875	-9.763	-4.767	6.32	8.323	-2.751	-0.6189	9.747
1.500005025e12	-7.126	4.827	-9.792	-1.024	9.156	1.456	8.56	-4.105	-5.33
1.500005026e12	-6.893	4.816	-2.662	5.613	-0.8142	-5.112	2.15	7.061	0.9863
1.500005027e12	5.801	-1.675	-5.936	4.843	7.731	-5.427	-6.451	-1.199	0.6616
1.500005028e12	-0.5078	-1.763	-2.411	3.627	-0.2539	3.494	6.163	8.114	8.39
1.500005029e12	6.688	1.719	0.4761	8.816	0.4028	-1.65	3.232	7.207	6.26
1.50000503e12	3.175	-0.9668	-7.781	7.444	4.265	-6.888	-3.311	5.988	8.868
1.500005031e12	-2.81	-5.905	7.911	7.949	-5.522	-2.46	7.437	6.686	-7.545
1.500005032e12	-0.5786	3.297	1.03	-1.829	-7.863	-9.194	1.544	-0.5554	4.874
1.500005033e12	8.536	4.686	3.679	-4.287	-3.901	9.146	-9.172	9.836	-7.194
1.500005034e12	-6.589	8.359	7.899	-5.776	-1.614	8.627	9.68	0.4614	-2.892
1.500005035e12	5.033	5.328	-5.566	-9.924	-4.443	-1.265	1.719	-8.086	-3.879
1.500005036e12	-7.944	-8.463	8.074	-6.733	3.073	1.119	4.266	-0.752	7.683
1.500005037e12	-0.9875	-0.3491	4.745	-3.398	-0.7324	-3.588	-1.082	-8.346	-8.492
1.500005038e12	-9.392	-7.864	7.056	-9.093	-6.316	0.5615	2.756	2.909	3.704
1.500005039e12	2.183	-6.887	6.814	6.727	-6.849	-7.627	-5.228	-5.771	5.281
1.50000504e12	-8.231	-7.917	-9.629	-9.124	4.646	6.084	3.893	1.902	3.835
1.500005041e12	-4.854	-4.736	-8.568	7.894	4.22	-3.594	-4.489	-1.504	8.682
1.500005042e12	-1.932	7.195	3.457	-5.514	9.237	0.7263	-8.516	-0.5615	-0.564
1.500005043e12	6.174	9.34	-1.975	-3.674	8.091	7.139	4.626	-8.43	8.186
1.500005044e12	-3.555	-3.834	-7.955	-6.03	4.766	4.95	0.7825	-8.165	-6.608
1.500005045e12	-2.	-7.629	0.2881	9.102	-1.968	6.138	-6.105	-2.194	-4.176
1.500005046e12	-2.587	-5.907	8.94	7.931	0.8411	-4.874	3.654	0.1172	0.8337
1.500005047e12	-4.38	-7.604	-3.568	-1.279	7.41	-5.684	-8.11	-2.252	-5.737
1.500005048e12	-3.013	-7.74	-2.795	-2.328	7.04	4.96	-2.776	8.531	-9.657
1.500005049e12	0.542	8.639	0.376	8.68	3.13	0.5786	2.317	-5.686	-1.669
1.50000505e12	-9.27	-6.083	1.227	-7.267	6.067	-4.933	6.094	-3.861	1.031
1.500005051e12	2.092	-1.279	-9.231	-2.242	1.287	-4.688	-9.844	3.794	8.456
1.500005052e12	-0.3467	-5.771	8.062	4.049	-6.697	-2.719	-1.296	-8.54	-4.049
1.500005053e12	-5.36	7.731	6.154	0.5359	-1.97	-4.072	-5.193	3.611	-6.467
1.500005054e12	5.885	-0.4883	-3.467	-1.984	-6.061	9.675	-4.939	0.282	7.979
1.500005055e12	-3.101	-6.799	-9.185	0.4102	-8.951	0.9485	5.48	4.585	-5.455
1.500005056e12	3.987	-4.757	-1.063	7.853	3.384	0.4248	8.005	0.7727	-2.91
1.500005057e12	-1.544	-9.498	6.093	-1.492	-2.205	-7.3	-6.68	4.894	6.764
1.500005058e12	-5.229	-5.331	-0.01099	-2.548	5.709	-2.155	-6.974	6.329	-6.182
1.500005059e12	-7.444	8.387	-9.324	-8.947	6.516	0.1794	3.271	1.256	3.077
1.50000506e12	2.137	-5.914	-9.917	3.65	7.441	-6.898	-1.57	6.833	-0.07935
1.500005061e12	2.56	-7.22	9.232	-5.47	-7.734	1.047	3.732	0.7251	-2.31
1.500005062e12	7.916	3.715	9.529	-0.5579	-2.36	2.858	-9.596	4.512	-2.413
1.500005063e12	-2.874	3.199	3.722	-0.4736	-5.179	2.539	-1.167	-1.387	-7.894
1.500005064e12	4.508	-7.446	3.208	4.586	-3.333	-1.639	9.694	3.61	1.302
1.500005065e12	9.073	-0.6958	8.254	-8.781	0.4785	-6.694	-0.4492	1.647	0.6299
1.500005066e12	-3.447	-2.976	-5.343	-7.958	-9.994	-5.996	-6.078	3.76	-1.663
1.500005067e12	2.341	-5.548	9.205	-4.751	5.693	4.697	-4.261	-7.727	-2.024
1.500005068e12	7.444	1.873	-0.4077	4.922	-4.343	-0.05737	-2.319	3.448	-0.9094
1.500005069e12	4.417	-9.877	-4.192	1.298	-7.208	-3.462	-1.068	-3.036	-8.651
1.50000507e12	6.102	-7.518	-8.306	-5.515	8.49	8.146	-6.259	-0.1074	-3.768
1.500005071e12	-1.338	-7.885	-3.94	-5.643	-1.095	6.606	-1.156	-9.448	-2.888
1.500005072e12	8.544	-7.499	-4.166	8.658	6.128	8.705	-2.064	9.377	-5.903
1.500005073e12	7.728	0.6885	6.564	7.694	8.242	-5.492	0.3113	-8.756	-2.146
1.500005074e12	0.5103	1.133	-7.271	-0.1196	-1.426	5.862	-9.78	-3.97	3.06
1.500005075e12	1.802	0.5579	4.039	8.74	-0.7739	4.534	5.233	0.2271	3.579
1.500005076e12	-2.985	-2.397	5.112	1.495	4.22	-3.363	-2.428	-5.682	1.26
1.500005077e12	6.15	8.318	8.63	-3.721	8.878	0.5859	-6.201	1.284	-1.604
1.500005078e12	-8.97	-6.476	1.216	-7.358	-9.871	-1.902	-6.21	-4.257	-9.9
1.500005079e12	-1.703	4.318	-3.116	-8.739	2.474	-5.883	-9.858	1.774	-9.125
1.50000508e12	-3.102	-8.945	5.856	5.516	1.639	9.897	5.341	-0.2881	-8.484
1.500005081e12	-8.385	-4.171	5.619	-1.925	2.133	9.104	4.94	2.181	3.281
1.500005082e12	6.584	7.471	-6.179	-7.65	9.406	1.235	1.709	5.784	8.204
1.500005083e12	0.08545	8.197	9.188	1.859	-2.274	0.6921	2.837	3.13	3.68
1.500005084e12	-0.6201	4.041	-8.694	6.036	-3.375	-9.315	6.812	-7.589	2.295
1.500005085e12	6.77	-6.165	-6.011	-8.015	-8.651	8.866	-7.694	9.22	-3.749
1.500005086e12	3.993	-7.097	7.957	2.81	9.335	-4.009	-3.777	-5.834	-0.4858
1.500005087e12	-6.686	1.741	7.859	7.257	-7.992	4.897	-2.317	-3.446	-3.387
1.500005088e12	-0.02686	8.878	2.627	0.4407	4.825	-3.588	6.158	0.481	-2.679
1.500005089e12	-7.053	3.036	7.578	1.099	5.425	2.13	-7.966	-6.984	1.804
1.50000509e12	-5.776	6.068	-2.601	7.063	3.127	-3.212	-9.718	1.117	1.555
1.500005091e12	7.604	-9.166	8.773	-1.385	1.859	-7.687	1.083	-0.7239	-0.05737
1.500005092e12	-5.465	9.049	-9.41	-4.602	3.734	4.89	3.567	0.5151	-8.61
1.500005093e12	5.603	9.403	-5.07	0.05371	0.5237	-9.348	-2.832	4.113	-5.123
1.500005094e12	-5.707	-5.364	9.373	7.135	6.942	-5.	-2.169	-5.969	8.5
1.500005095e12	-1.593	-8.788	-6.957	-0.4431	-3.552	-2.198	-7.74	2.452	5.167
1.500005096e12	2.429	1.857	-1.539	0.1013	9.117	1.14	3.868	0.8105	-4.392
1.500005097e12	-1.664	9.126	4.757	-3.188	-4.808	7.153	3.442	-5.758	-3.14
1.500005098e12	9.296	5.795	-1.868	6.901	9.712	-4.928	2.781	8.711	5.767
1.500005099e12	5.372	8.723	6.506	4.786	-7.05	0.7837	8.804	-4.485	4.677
1.5000051e12	-0.8521	1.428	-8.662	6.857	9.839	6.445	-8.495	-9.436	5.996
1.500005101e12	6.201	-1.18	9.484	-2.474	1.228	3.237	-2.979	-5.361	8.505
1.500005102e12	3.016	5.989	-8.036	0.08545	-3.975	-0.7251	-4.75	-0.4565	-7.736
1.500005103e12	8.716	-1.365	-6.022	-0.979	-3.551	9.557	-8.918	4.519	3.715
1.500005104e12	4.309	-4.326	4.722	2.224	0.4663	-4.487	-0.2783	0.752	-5.553
1.500005105e12	-9.442	3.792	-0.2185	-2.646	-3.87	8.953	-0.09888	-1.056	2.974
1.500005106e12	4.403	7.338	0.9961	-4.08	9.613	8.821	4.731	-5.116	5.856
1.500005107e12	-6.023	-0.1843	-7.222	-5.582	-2.023	-2.413	-4.148	-9.706	6.179
1.500005108e12	7.576	5.084	-3.103	0.9985	-7.621	-8.733	6.873	8.973	-2.767
1.500005109e12	-3.56	-8.796	5.985	-6.227	-3.335	8.599	-2.023	0.5481	9.857
1.50000511e12	4.209	9.893	-1.692	-8.042	2.129	-6.304	-7.52	6.771	1.863
1.500005111e12	-3.293	-8.632	-8.711	0.2612	-8.987	-8.25	-7.094	1.323	9.886
1.500005112e12	-4.199	7.594	9.781	7.698	-0.1843	8.586	-1.235	-6.401	2.712
1.500005113e12	-1.65	-2.297	-8.436	7.36	1.678	0.6177	-7.886	-7.119	-0.4724
1.500005114e12	6.212	5.756	9.545	4.971	-0.2393	-1.627	2.688	1.418	9.935
1.500005115e12	-8.979	-5.308	-3.849	-2.959	2.938	-8.077	4.576	5.712	-6.41
1.500005116e12	-5.806	4.617	3.435	1.532	-4.575	2.098	-5.354	-9.781	-4.978
1.500005117e12	5.105	-9.761	8.052	8.333	8.024	5.525	2.557	2.606	4.926
1.500005118e12	7.653	1.681	-3.854	-1.908	-8.252	6.729	-1.146	5.592	0.2197
1.500005119e12	-9.121	-2.532	-7.074	-9.279	-8.042	1.283	-1.547	-6.624	7.427
1.50000512e12	-7.911	7.019	-6.255	-6.483	8.014	-3.014	1.709	0.2051	5.021
1.500005121e12	-4.579	-4.473	1.969	6.445	1.593	0.3455	-0.874	8.752	5.82
1.500005122e12	9.657	-5.256	-0.542	-3.521	-5.333	-0.9326	5.68	-3.26	2.365
1.500005123e12	0.2478	-6.675	-7.998	1.594	-6.671	-2.991	-5.837	8.657	1.969
1.500005124e12	-7.798	8.746	5.681	4.604	-3.956	3.854	-0.1196	1.725	-8.134
1.500005125e12	-0.481	1.888	8.82	8.716	1.292	-6.084	-5.913	-7.145	-1.249
1.500005126e12	5.264	-9.155	-7.83	2.477	-8.004	-5.255	-0.7275	-4.088	-1.51
1.500005127e12	-6.992	1.033	-3.19	-0.01099	2.592	1.339	-8.193	-7.306	4.348
1.500005128e12	-5.255	1.967	-1.414	5.801	5.914	5.076	3.032	-8.679	8.983
1.500005129e12	7.938	-4.973	5.323	6.044	-9.833	1.146	-7.114	-8.057	5.446
1.50000513e12	-6.107	2.	-7.123	2.953	-9.07	1.893	-7.827	-7.777	-0.9741
1.500005131e12	-0.7031	-4.141	3.518	9.541	-4.635	6.708	6.403	-5.98	8.927
1.500005132e12	8.807	-7.111	9.229	-5.181	-0.7947	1.127	-7.191	-0.4773	0.7397
1.500005133e12	-8.563	-8.702	0.4187	-2.206	-2.728	7.087	1.892	-9.688	5.796
1.500005134e12	8.788	9.99	-1.644	-6.775	-4.058	5.829	5.638	8.365	-5.282
1.500005135e12	0.4541	-2.806	8.176	9.529	-9.67	-5.175	4.617	1.725	-4.548
1.500005136e12	-8.365	7.291	2.731	-7.345	-3.01	4.945	8.757	9.861	6.243
1.500005137e12	7.23	-5.625	-3.572	5.924	-1.241	-1.819	9.478	-6.304	3.158
1.500005138e12	-5.601	-5.084	-4.753	1.511	2.671	0.9521	-8.058	-6.711	6.736
1.500005139e12	2.646	3.171	-0.3845	-5.386	8.201	1.788	-0.7507	0.8447	7.709
1.50000514e12	-5.765	5.293	9.348	9.769	-7.936	-1.323	-4.518	3.158	-8.706
1.500005141e12	8.561	5.045	2.919	-6.942	1.934	7.986	-6.111	4.431	6.545
1.500005142e12	-7.216	6.345	-7.543	-8.983	-6.292	5.114	-0.04395	-5.464	1.029
1.500005143e12	-8.481	2.369	5.175	-4.015	5.093	9.465	5.687	8.472	1.799
1.500005144e12	-4.865	6.335	9.125	3.351	-4.498	-8.706	8.088	-4.849	7.478
1.500005145e12	4.2	-4.94	-4.579	-7.938	-3.032	1.888	4.711	-2.817	-9.855
1.500005146e12	-0.9705	-3.597	-6.254	-4.192	2.489	-5.619	-7.616	-2.194	-5.682
1.500005147e12	5.282	2.628	1.218	5.337	-7.01	-2.203	0.105	-3.129	1.564
1.500005148e12	3.145	-0.2002	-1.334	4.766	7.845	7.635	4.482	-1.271	-2.484
1.500005149e12	6.799	7.048	2.48	-1.827	-8.39	-0.8667	-2.759	-2.48	-0.4138
1.50000515e12	6.821	-3.185	9.126	8.846	-5.146	-9.131	3.901	-8.175	2.343
1.500005151e12	-5.369	0.8887	9.141	-7.235	3.628	6.346	-5.131	5.49	1.315
1.500005152e12	8.815	-4.679	7.662	3.923	-9.329	-1.179	3.555	8.809	6.083
1.500005153e12	-8.619	7.036	-0.1355	-3.359	-7.457	4.065	-0.7983	-9.044	0.3687
1.500005154e12	-1.296	-2.019	3.298	8.109	-4.454	6.123	-8.923	1.086	0.2856
1.500005155e12	7.7	-6.294	0.9668	8.253	-9.233	8.39	-8.026	-3.408	-9.303
1.500005156e12	-6.88	-2.856	-9.432	-3.63	-0.4419	-7.786	0.1807	-0.813	-4.727
1.500005157e12	9.802	-2.634	-5.913	-6.602	1.586	-2.98	4.012	9.086	-1.672
1.500005158e12	4.534	3.995	2.709	-8.91	-2.2	6.105	8.468	-8.866	-8.905
1.500005159e12	1.196	8.469	-5.239	-0.4138	0.9937	3.273	-8.557	-9.614	-0.8728
1.50000516e12	2.498	-2.191	3.13	5.586	3.39	-2.751	7.214	-6.583	-2.872
1.500005161e12	0.9009	8.475	-9.314	5.261	9.248	4.574	6.224	0.9399	4.575
1.500005162e12	-3.846	-0.1416	-4.263	3.588	3.241	-2.653	7.107	-6.733	-3.035
1.500005163e12	-4.467	-9.547	-1.597	7.648	0.8789	1.765	5.725	4.445	-4.302
1.500005164e12	5.168	5.26	-1.521	4.618	0.7336	-3.564	9.688	7.975	-6.547
1.500005165e12	-1.559	-4.788	1.619	7.39	-2.596	-0.896	9.347	3.367	1.232
1.500005166e12	8.564	1.776	0.4346	-9.166	2.855	3.313	-9.097	-8.461	-2.576
1.500005167e12	-7.899	-6.888	-1.914	0.509	3.755	-1.816	-9.38	-5.105	-9.762
1.500005168e12	-9.364	6.406	-0.6201	-8.735	3.372	-7.712	-2.303	9.979	-3.6
1.500005169e12	-3.021	5.554	4.967	0.03418	-6.622	-1.11	2.926	3.748	9.065
1.50000517e12	0.2295	9.481	-2.693	0.769	3.287	2.872	8.54	-4.207	2.224
1.500005171e12	6.586	-6.92	-6.842	-1.056	-7.979	3.235	0.9863	8.948	8.751
1.500005172e12	9.119	0.9619	-2.029	-0.07446	0.1953	5.947	-0.5457	-3.422	8.533
1.500005173e12	-9.799	-0.5005	-4.427	-6.932	-2.119	-5.273	-0.07446	-0.1221	0.3882
1.500005174e12	7.386	9.824	8.958	-6.251	-0.4932	4.301	7.9	1.815	8.141
1.500005175e12	-6.697	-0.7092	-9.814	-7.748	1.733	-4.242	-5.789	8.4	4.348
1.500005176e12	-5.338	1.775	3.367	4.619	-5.686	2.639	-0.2734	-5.267	-5.375
1.500005177e12	9.34	6.573	-9.738	-9.155	-4.841	7.081	-4.115	5.913	-4.44
1.500005178e12	-9.576	1.509	-7.584	-0.3101	-3.445	9.246	0.3296	2.124	-5.9
1.500005179e12	8.829	3.82	3.289	-1.503	5.505	-7.832	-9.369	4.329	4.532
1.50000518e12	-2.878	-1.064	-9.219	-1.434	1.163	-1.233	-8.586	-1.436	-3.932
1.500005181e12	3.671	-1.16	-5.986	-1.707	8.372	7.603	1.434	5.74	3.025
1.500005182e12	1.471	-6.08	-9.545	9.951	2.467	7.687	3.052	-7.83	4.757
1.500005183e12	-0.7397	-0.8948	-5.511	-3.885	5.389	8.917	2.516	-8.865	-2.657
1.500005184e12	-7.274	4.973	-9.952	-3.601	-4.835	1.306	5.515	2.656	8.331
1.500005185e12	7.137	4.552	-1.957	4.351	-4.868	-4.604	-9.609	-6.625	-4.431
1.500005186e12	-3.951	-3.568	4.447	-9.498	-6.296	4.542	9.305	-1.51	-6.812
1.500005187e12	0.8411	-5.865	4.677	2.587	7.139	-6.587	9.149	-4.387	3.555
1.500005188e12	2.468	3.186	3.53	-6.613	5.315	4.626	-4.199	5.359	4.194
1.500005189e12	-9.686	3.807	2.462	-4.628	-3.575	-9.808	5.327	-9.369	5.962
1.50000519e12	8.323	-0.3638	4.569	-4.373	-9.974	-7.015	4.594	-3.61	1.366
1.500005191e12	-5.027	-9.946	-8.253	8.364	-7.593	3.55	-2.452	2.676	-1.077
1.500005192e12	-9.72	-9.308	1.893	4.6	7.266	-8.881	7.808	6.08	4.36
1.500005193e12	0.6384	-6.493	-7.881	-2.393	4.272	7.559	-5.275	5.365	-0.4077
1.500005194e12	-9.824	1.758	-4.926	-3.003	5.714	-7.502	2.177	-3.281	6.555
1.500005195e12	-4.396	-5.082	-4.912	3.073	8.618	3.876	5.165	-1.354	7.402
1.500005196e12	2.914	-5.369	3.502	4.049	9.221	3.884	4.153	-7.426	-7.74
1.500005197e12	0.3296	5.529	-7.279	2.493	6.608	1.345	-0.1331	-6.547	-8.801
1.500005198e12	2.506	-2.335	-6.224	-0.9424	0.2905	4.52	-4.647	4.243	-3.159
1.500005199e12	-9.055	-0.06714	-1.902	2.44	-2.979	0.3723	7.272	1.704	-9.163
1.5000052e12	-0.3015	-0.8459	-1.345	9.591	-0.0415	1.689	1.138	-7.366	0.9302
1.500005201e12	2.776	3.381	1.558	5.403	8.48	9.678	-3.81	0.6799	-6.873
1.500005202e12	-7.211	6.61	-4.022	7.272	-6.823	-6.14	1.531	-9.884	-6.265
1.500005203e12	-2.501	-9.55	-1.722	3.088	-5.564	0.8008	4.658	2.892	1.646
1.500005204e12	3.535	4.774	1.069	2.653	-9.384	6.023	-4.744	0.177	-0.6067
1.500005205e12	3.247	-0.6262	-3.589	6.473	5.608	4.487	-2.422	-3.967	-2.26
1.500005206e12	-4.2	-3.843	7.362	-8.462	-0.6335	-5.319	8.647	8.699	8.003
1.500005207e12	-8.729	-7.852	-1.664	-5.172	1.482	9.645	-1.071	8.417	7.225
1.500005208e12	-1.361	3.247	6.87	2.655	7.838	0.1538	-0.07568	6.569	2.833
1.500005209e12	-5.662	3.573	8.649	-9.288	8.824	-6.779	2.063	8.229	-7.33
1.50000521e12	4.722	-2.389	-2.742	6.852	3.325	-0.8569	-9.805	4.503	0.8728
1.500005211e12	-5.074	5.227	6.737	5.342	-0.9314	-2.679	-7.139	-7.657	-3.401
1.500005212e12	-9.663	-1.539	-5.326	9.746	-6.578	8.701	4.137	-6.506	7.189
1.500005213e12	-3.539	1.427	-7.48	-1.541	-2.832	9.355	6.924	1.528	0.8447
1.500005214e12	1.929	-4.93	-6.803	-9.714	-8.313	2.273	2.526	-4.204	-2.583
1.500005215e12	-0.4895	-0.1978	-2.244	-8.063	-4.802	1.428	9.535	0.1184	9.097
1.500005216e12	5.487	5.186	-8.666	-5.483	8.982	4.663	2.421	-3.716	-8.352
1.500005217e12	-8.13	3.918	-2.157	3.533	-2.228	-0.52	3.181	-2.13	3.245
1.500005218e12	3.84	6.821	0.1001	-9.59	-8.972	2.314	-7.935	-6.755	7.908
1.500005219e12	4.836	8.669	6.15	3.969	-6.608	-1.228	7.598	-5.922	4.183
1.50000522e12	-9.779	7.731	9.108	-7.563	2.675	9.235	2.896	6.025	9.175
1.500005221e12	-9.082	-1.915	-3.412	4.093	2.62	-5.452	3.693	9.011	9.053
1.500005222e12	-6.648	-5.027	-7.03	-2.838	0.1819	-6.217	3.079	-0.1025	-1.794
1.500005223e12	-3.611	-4.233	-4.169	8.824	1.83	6.096	-1.974	1.978	-6.121
1.500005224e12	-4.921	-8.6	-0.5493	4.958	-6.851	-0.05249	-2.361	-0.3833	7.865
1.500005225e12	-3.639	1.443	-1.293	3.018	2.083	0.5273	7.301	2.55	-7.885
1.500005226e12	-5.68	-3.624	-8.717	-4.03	-3.408	2.382	-0.4919	-0.4553	4.84
1.500005227e12	-1.285	0.5005	0.3931	-5.923	6.737	5.304	3.605	0.9021	9.124
1.500005228e12	2.207	0.4358	5.897	-0.1868	1.998	-1.918	-2.067	-3.297	9.828
1.500005229e12	9.333	1.034	-0.7019	-6.332	-9.569	-4.611	-1.198	7.036	8.542
1.50000523e12	-2.441	8.484	0.9521	-8.049	-0.3955	-1.414	-0.5444	-7.169	4.716
1.500005231e12	-2.931	-6.672	0.7849	0.3711	-9.697	5.16	-0.4822	-0.1245	-5.951
1.500005232e12	-5.858	8.749	0.4395	4.017	5.109	4.171	-3.547	9.116	-1.561
1.500005233e12	-9.51	-2.639	-2.965	7.534	-5.853	6.172	-1.943	6.702	7.534
1.500005234e12	-4.813	-4.121	8.889	-7.869	5.242	-1.185	0.3125	-8.857	-2.81
1.500005235e12	-6.791	1.589	3.66	-4.686	-7.981	1.594	6.124	-6.434	6.318
1.500005236e12	-2.871	-7.833	-8.171	-8.92	-1.416	6.376	-9.64	-2.893	0.1733
1.500005237e12	6.305	-1.335	8.573	2.944	-8.042	-1.493	3.123	-1.438	-5.555
1.500005238e12	3.81	3.302	-1.221	-6.211	-6.672	-5.93	-5.056	-4.866	-3.091
1.500005239e12	1.055	-2.733	4.532	-0.09033	-2.44	8.761	-6.935	-3.812	6.979
1.50000524e12	-2.452	2.49	2.365	3.048	-4.683	0.321	-9.031	-8.783	5.992
1.500005241e12	-8.914	-2.618	-9.739	4.561	-7.532	8.994	2.214	-1.594	6.038
1.500005242e12	-8.002	-2.751	6.874	3.5	2.971	-6.125	2.427	-6.681	5.349
1.500005243e12	-7.101	-6.421	-0.2258	-9.452	-6.211	-3.81	-0.7361	9.242	3.959
1.500005244e12	-1.27	8.665	6.62	5.806	6.808	-2.217	-1.674	9.918	-4.558
1.500005245e12	-8.453	-0.7642	-1.742	5.648	-6.117	6.707	-4.076	-9.884	-6.09
1.500005246e12	4.026	5.165	8.923	5.903	1.62	-8.467	3.479	-0.8179	8.13
1.500005247e12	6.604	9.944	8.138	-5.747	-8.875	0.4346	-6.675	2.493	-7.168
1.500005248e12	5.963	-9.065	4.944	1.215	5.867	-8.395	9.846	0.5225	-6.837
1.500005249e12	3.441	5.211	9.485	-4.119	8.092	6.838	0.004883	3.837	1.289
1.50000525e12	4.198	-8.534	-5.076	-3.752	-4.305	5.182	4.225	7.937	-9.045
1.500005251e12	-2.877	2.273	7.939	4.258	-6.866	-2.974	-6.418	4.323	-7.085
1.500005252e12	6.25	9.348	-9.952	6.676	4.768	6.288	6.724	3.646	-9.219
1.500005253e12	6.005	-6.05	2.404	3.676	8.016	9.132	6.476	0.02441	5.142
1.500005254e12	1.556	0.8374	2.687	7.592	-5.725	4.272	9.94	9.148	-1.93
1.500005255e12	4.581	-7.914	-8.657	0.8142	-2.346	-1.572	-4.57	-4.198	-9.219
1.500005256e12	4.583	-0.9521	-6.83	3.008	-9.52	3.821	0.4431	-2.504	2.72
1.500005257e12	0.6201	-9.161	0.03052	-7.416	-6.581	-8.868	1.666	-8.015	2.242
1.500005258e12	5.414	5.131	-1.418	-3.453	4.305	1.49	-6.309	9.683	4.733
1.500005259e12	-1.642	-2.174	1.61	-8.051	0.6799	-7.992	-9.258	-4.332	-1.884
1.50000526e12	-0.8752	5.691	8.459	-5.3	-0.553	-0.675	7.963	-4.23	-3.208
1.500005261e12	6.761	-2.496	-1.096	0.7581	5.482	-0.9912	1.108	4.329	1.338
1.500005262e12	3.519	-2.721	4.349	-1.926	3.105	4.546	3.241	-4.937	0.5127
1.500005263e12	-7.513	8.169	3.301	-6.835	-7.773	0.1172	-0.1062	-2.136	8.621
1.500005264e12	-8.547	-5.72	-6.075	-3.409	0.1562	-7.837	3.282	-4.875	5.548
1.500005265e12	3.685	-4.108	-1.102	3.311	-6.838	-5.214	7.482	9.136	0.9558
1.500005266e12	1.294	0.769	-7.346	-1.373	-8.824	-4.382	1.702	-1.331	8.563
1.500005267e12	5.026	9.596	-0.9546	4.452	7.694	6.74	-3.285	-8.104	7.607
1.500005268e12	6.108	-4.081	-6.362	-2.688	7.3	-4.868	-2.582	-8.018	-6.388
1.500005269e12	-9.885	-4.204	-8.457	-0.1245	7.179	-6.375	5.859	0.8105	-3.853
1.50000527e12	-3.049	9.213	3.173	-9.886	-7.526	0.929	2.592	-9.855	8.273
1.500005271e12	5.848	1.877	4.446	4.924	8.922	0.7776	-5.397	4.401	4.047
1.500005272e12	-5.602	6.049	9.879	-9.518	3.45	-6.992	7.911	-9.147	8.514
1.500005273e12	-3.109	-5.951	-6.813	-1.632	-0.1367	1.288	-5.92	-7.704	-2.688
1.500005274e12	4.106	-8.77	-5.032	-2.532	3.81	-9.235	9.612	-9.858	-3.093
1.500005275e12	0.7532	7.058	-7.548	-7.281	6.947	-7.753	-4.017	-3.411	4.581
1.500005276e12	3.694	-2.159	-6.83	-3.678	7.234	-7.506	-9.823	4.065	6.368
1.500005277e12	-2.661	-9.424	-0.885	-6.823	9.387	9.391	-1.678	-5.945	-4.716
1.500005278e12	8.013	-5.27	4.796	-4.481	3.6	-0.9436	8.115	9.822	7.203
1.500005279e12	-6.324	-5.587	-0.675	-2.166	-0.1367	-4.141	-7.535	-4.097	2.693
1.50000528e12	5.919	8.711	4.109	-9.633	-7.999	2.194	0.1575	-7.156	-9.594
1.500005281e12	6.327	3.759	4.585	0.5322	-5.762	9.667	-4.036	-4.318	-8.523
1.500005282e12	8.218	-3.778	2.189	-4.354	3.81	-3.049	9.54	5.901	2.55
1.500005283e12	-7.548	-7.438	-2.466	-6.741	3.177	-1.093	-0.874	-1.398	1.632
1.500005284e12	-7.699	-8.302	8.893	1.251	9.379	6.953	5.934	-9.402	-8.73
1.500005285e12	-1.223	6.979	-9.427	-8.806	-4.587	-1.208	2.39	2.538	-3.236
1.500005286e12	4.937	-0.3674	-9.67	-3.092	6.035	-6.675	-5.752	8.704	7.417
1.500005287e12	6.443	2.561	2.228	-1.046	-3.853	-9.934	3.325	-6.273	2.711
1.500005288e12	-8.981	8.162	2.483	-0.9717	-5.844	-1.107	0.9119	-1.018	1.879
1.500005289e12	9.958	-3.135	-1.633	6.39	4.314	-0.2649	-9.741	-9.735	9.419
1.50000529e12	-2.529	2.191	-3.911	7.443	-6.085	6.284	-4.352	1.73	-0.7312
1.500005291e12	4.789	3.031	3.838	-3.384	7.572	5.537	-3.127	-0.7068	0.4797
1.500005292e12	5.31	9.299	5.271	0.293	1.232	6.454	9.78	8.674	-3.031
1.500005293e12	-6.708	-8.114	2.015	0.6592	7.556	-6.191	5.909	-2.411	9.443
1.500005294e12	6.428	4.679	-8.729	-5.118	3.623	0.2502	9.784	-3.794	-5.253
1.500005295e12	6.365	-2.017	-2.444	-1.316	-5.836	-0.387	9.681	2.141	-1.816
1.500005296e12	-7.616	6.949	0.001221	-3.439	6.223	4.375	2.941	-7.817	-9.159
1.500005297e12	3.705	-9.141	-8.346	-2.007	-7.654	-6.071	-0.2295	9.854	3.054
1.500005298e12	0.1013	5.679	4.65	5.212	3.754	9.871	-5.607	-9.359	-5.328
1.500005299e12	-3.765	-0.8215	7.054	-2.957	5.735	5.657	8.319	7.814	4.756
1.5000053e12	2.655	9.65	8.757	0.144	-3.033	-7.399	7.825	-3.14	1.083
1.500005301e12	-5.238	9.408	-0.7849	3.789	-1.014	-1.074	-6.63	4.476	0.9729
1.500005302e12	-8.414	-5.891	-5.032	-1.747	2.791	-0.1953	-1.298	4.68	2.616
1.500005303e12	-6.068	-3.358	-7.174	9.545	-5.533	9.154	9.265	-3.257	0.5579
1.500005304e12	-7.99	8.835	-1.201	-0.4248	-5.049	-3.589	3.287	7.661	9.124
1.500005305e12	-6.444	-8.478	-7.764	-8.431	-1.824	4.624	0.6543	-2.551	-8.015
1.500005306e12	8.265	6.752	1.813	8.357	7.122	-9.604	4.098	4.01	0.2271
1.500005307e12	6.317	-5.952	9.592	0.675	-5.509	-1.991	-2.167	-8.969	1.49
1.500005308e12	7.799	-0.05371	-8.17	9.722	-1.115	-9.159	-0.4944	-9.222	0.5603
1.500005309e12	-9.674	3.4	-5.53	9.453	7.161	-5.21	6.571	-0.3333	-9.448
1.50000531e12	-4.995	1.729	-0.1917	9.948	-1.781	-4.506	5.166	-2.898	0.8704
1.500005311e12	8.647	-1.508	1.277	6.329	5.59	3.872	-1.199	5.436	9.624
1.500005312e12	6.255	-5.291	-3.265	-9.403	-9.099	7.336	-9.81	-8.518	7.604
1.500005313e12	-7.058	-4.901	-4.152	8.533	-8.188	-6.836	7.212	-4.332	-7.499
1.500005314e12	-4.307	7.19	0.6665	0.8008	1.371	1.768	-8.115	7.789	2.164
1.500005315e12	-4.092	-4.208	4.695	-9.022	6.134	3.699	-1.819	-0.1111	1.735
1.500005316e12	8.114	8.295	-9.532	-6.81	-6.798	-6.613	-6.293	-2.386	6.147
1.500005317e12	-8.771	-7.153	6.552	5.431	-3.6	7.362	-6.174	5.129	9.963
1.500005318e12	9.796	-1.418	-9.963	-6.626	7.784	-1.582	7.976	2.098	8.798
1.500005319e12	-1.761	-9.908	-7.603	-7.231	-1.763	3.778	-5.308	-0.9253	7.582
1.50000532e12	-8.079	2.892	5.765	-0.6543	8.552	9.57	-6.896	4.331	-6.102
1.500005321e12	-0.6409	-6.639	-2.555	4.854	-0.7556	4.567	5.258	5.895	-1.223
1.500005322e12	-4.823	-2.59	-0.7288	8.6	-8.092	5.737	-6.965	-3.478	-1.799
1.500005323e12	6.246	7.999	2.764	9.131	-7.133	6.382	2.212	-6.534	4.265
1.500005324e12	1.908	-1.377	-1.764	-4.409	5.614	-7.462	9.476	2.466	-6.703
1.500005325e12	-5.516	6.763	-2.627	-0.7678	-0.2417	-2.629	-3.163	7.675	1.992
1.500005326e12	-4.858	0.03906	2.538	5.754	8.944	-9.16	3.82	-4.232	5.62
1.500005327e12	-0.7507	-1.841	2.001	1.973	-3.936	-2.725	-4.987	-8.793	-7.566
1.500005328e12	4.758	-7.44	-7.346	-1.241	-5.573	-2.815	-8.575	-1.882	-6.732
1.500005329e12	-3.722	-8.624	5.088	8.186	4.199	3.519	7.397	1.492	-0.3601
1.50000533e12	3.662	-8.376	4.736	7.706	-7.548	3.279	3.663	5.038	-2.321
1.500005331e12	8.713	2.975	0.614	-4.353	0.4858	9.498	2.192	8.369	-5.217
1.500005332e12	1.205	-8.542	4.524	6.703	0.6921	-1.046	4.659	9.353	2.015
1.500005333e12	5.583	9.209	5.059	-1.527	5.675	-3.82	-0.2869	-0.8081	-1.113
1.500005334e12	7.93	6.764	2.053	6.72	-0.5579	7.87	-8.466	-1.877	0.9583
1.500005335e12	5.356	-9.333	-3.91	-7.56	-9.156	4.681	-0.1697	2.802	-3.03
1.500005336e12	0.8447	6.628	-1.421	5.967	6.582	0.625	8.729	-9.515	-3.45
1.500005337e12	-4.148	-5.696	-5.601	-8.749	-8.328	7.915	-1.155	-2.083	1.569
1.500005338e12	-8.551	8.854	3.043	-5.713	9.866	0.3955	4.705	-7.729	-3.235
1.500005339e12	-6.34	-9.713	5.221	7.54	7.993	-7.802	-0.4333	-2.806	2.212
1.50000534e12	6.195	-5.319	3.696	-9.712	6.615	-5.717	-6.172	2.788	0.2026
1.500005341e12	3.793	6.42	6.293	1.726	7.748	-6.331	4.686	-2.761	-6.318
1.500005342e12	-5.303	-3.882	2.126	4.779	-7.562	-3.969	-7.174	-0.06348	1.466
1.500005343e12	-0.9521	2.443	-1.725	-1.339	1.367	-5.699	7.041	9.088	-7.22
1.500005344e12	5.125	-9.254	7.003	8.843	-4.039	-2.306	-1.912	3.789	-2.178
1.500005345e12	3.676	6.083	0.5811	5.886	0.3076	6.373	3.406	-8.557	-6.775
1.500005346e12	-9.287	7.517	-2.218	-2.563	-2.513	-2.854	8.906	-4.724	-0.6567
1.500005347e12	4.084	7.869	-8.491	-9.24	5.759	-4.424	7.045	-0.5273	-0.4724
1.500005348e12	1.497	4.027	2.78	9.724	2.777	-4.967	-2.83	8.003	-0.6531
1.500005349e12	-8.542	5.82	-6.987	-7.335	-8.601	0.8411	1.317	-0.8765	-2.999
1.50000535e12	-2.384	-1.99	-0.5798	9.1	-5.066	9.677	-4.163	-6.635	-5.105
1.500005351e12	-5.583	4.27	-3.907	-9.601	-0.5823	-1.949	-4.893	-3.969	7.748
1.500005352e12	9.657	2.819	5.897	-3.507	1.438	-3.43	-0.7385	0.5005	-6.267
1.500005353e12	-3.186	8.875	6.466	8.119	-3.09	-9.398	8.168	-4.24	8.837
1.500005354e12	7.949	9.814	7.521	3.101	-2.113	-1.185	6.464	-8.926	-5.569
1.500005355e12	4.703	9.497	-8.182	9.941	-5.626	-5.051	-0.2832	-8.264	-2.609
1.500005356e12	-2.617	5.756	1.947	-7.314	7.836	1.792	3.646	3.879	-4.885
1.500005357e12	-4.9	-7.465	-1.357	-0.2332	3.767	2.421	2.584	-3.486	6.16
1.500005358e12	0.6812	-6.106	-3.18	5.837	-6.748	-8.153	-0.7373	9.945	3.135
1.500005359e12	-9.268	9.63	-3.766	-2.891	-9.02	-5.159	-6.063	-7.91	-5.941
1.50000536e12	8.232	8.098	8.033	-6.344	7.131	7.584	-1.825	-8.479	-7.943
1.500005361e12	-4.338	2.874	3.796	-0.6909	3.983	8.223	8.203	-6.531	7.242
1.500005362e12	0.5652	-5.575	-2.035	-9.69	3.422	4.468	7.644	-1.178	1.207
1.500005363e12	-8.28	-0.6702	4.29	4.919	5.212	-6.361	3.334	4.854	5.21
1.500005364e12	-1.4	9.102	4.459	2.14	-9.443	-8.51	6.597	-3.584	3.226
1.500005365e12	-6.886	6.111	-2.341	-7.065	9.225	9.365	-4.121	-7.166	5.238
1.500005366e12	-9.535	1.01	-9.515	-5.797	-2.688	-8.92	2.356	3.011	8.268
1.500005367e12	-6.847	6.467	-6.254	3.329	-6.436	5.498	1.486	7.954	-1.444
1.500005368e12	-4.006	-3.086	9.779	-8.945	-3.313	4.983	-4.182	6.46	2.363
1.500005369e12	-0.6177	7.515	8.986	2.675	9.071	3.322	-3.892	8.564	6.965
1.50000537e12	-1.298	-8.704	2.932	-9.247	-9.828	9.579	4.042	0.1855	-7.908
1.500005371e12	-7.247	2.986	-2.93	9.032	7.052	-9.191	-3.578	-9.48	3.126
1.500005372e12	5.615	7.349	8.323	-2.034	7.798	-8.877	9.684	9.536	7.007
1.500005373e12	1.16	4.041	4.727	2.234	5.206	-9.796	1.971	-5.015	-2.693
1.500005374e12	-4.893	-5.121	-4.801	-4.221	3.065	1.106	-7.866	-9.171	-1.169
1.500005375e12	0.9546	-4.923	-3.193	6.907	-1.124	-1.067	4.907	9.124	-8.49
1.500005376e12	9.993	-6.019	1.235	2.987	-6.992	-2.852	-3.853	-1.523	-3.627
1.500005377e12	-2.676	4.655	-8.036	-9.707	9.225	8.019	-1.875	-6.881	-3.89
1.500005378e12	8.831	3.412	9.03	9.956	3.239	5.446	-1.552	9.091	8.945
1.500005379e12	-7.571	8.613	5.436	-2.893	6.666	1.852	-8.608	-1.107	0.8875
1.50000538e12	-9.335	-4.608	3.326	-0.6824	9.65	0.5566	0.01709	-1.803	-3.286
1.500005381e12	2.533	2.748	0.7446	2.638	-5.718	7.842	-4.711	4.856	-9.586
1.500005382e12	8.772	5.712	-8.044	-8.789	-6.517	7.614	9.089	-5.726	8.115
1.500005383e12	5.779	-3.893	-3.689	-9.777	5.122	-5.743	4.524	1.337	-1.335
1.500005384e12	-9.246	9.41	-5.731	-7.064	-8.947	-4.567	9.29	2.263	-1.195
1.500005385e12	-5.432	9.312	-2.91	0.7397	-5.084	7.487	9.153	-5.88	-5.468
1.500005386e12	-5.521	8.292	3.806	8.737	4.808	7.194	6.53	-7.528	5.104
1.500005387e12	7.95	4.373	-0.6274	4.336	3.503	6.654	8.744	6.974	-5.771
1.500005388e12	4.519	1.219	-0.4895	1.99	0.5676	4.342	6.401	3.82	1.523
1.500005389e12	-2.991	4.232	1.539	1.791	-3.873	7.389	-4.707	-4.462	-7.548
1.50000539e12	-5.906	7.394	4.626	8.71	5.165	5.172	-4.055	2.158	0.177
1.500005391e12	6.527	3.811	3.822	7.079	6.726	-8.085	-4.475	-8.367	2.393
1.500005392e12	5.386	-3.175	0.7275	3.729	-5.441	7.715	-8.092	-7.22	-6.412
1.500005393e12	8.102	-6.543	-3.208	5.629	-2.3	6.393	6.089	2.593	8.777
1.500005394e12	-8.44	7.632	7.252	7.321	-7.85	2.781	3.335	6.906	-9.901
1.500005395e12	-5.327	5.328	6.764	6.837	-1.199	2.297	7.493	-2.078	9.508
1.500005396e12	-8.994	-1.971	6.284	2.17	0.05249	-2.278	2.908	4.377	9.607
1.500005397e12	-9.706	1.343	-7.809	0.9448	-0.6873	0.5261	2.81	-0.3943	-2.592
1.500005398e12	8.138	3.048	-4.911	5.881	4.835	2.369	3.369	3.943	-5.563
1.500005399e12	2.552	7.161	-5.61	6.172	3.77	-3.655	6.809	-3.401	6.672
1.5000054e12	-7.628	-7.084	-0.4895	3.619	-1.874	-9.006	-8.544	-3.187	-1.392
1.500005401e12	6.251	3.497	-7.964	1.465	-2.273	5.446	-4.735	4.513	9.785
1.500005402e12	-9.852	8.378	9.541	-3.345	-7.225	7.081	7.91	-3.771	1.989
1.500005403e12	-4.202	-3.838	-0.3833	3.429	-4.816	6.089	-6.801	-1.442	2.306
1.500005404e12	-5.74	-9.872	-3.12	-0.7751	9.999	8.929	5.708	8.391	-7.838
1.500005405e12	0.2124	9.515	-8.654	-3.868	-2.969	-9.304	7.758	4.741	5.31
1.500005406e12	6.104	-1.394	-9.045	-6.633	-6.631	-7.781	8.13	3.552	3.352
1.500005407e12	0.6201	-7.596	3.177	-0.7471	2.66	7.272	6.212	2.452	3.612
1.500005408e12	3.8	-6.553	-2.585	-3.378	2.695	7.394	-7.965	8.24	-8.989
1.500005409e12	0.4102	-8.954	-4.237	2.072	-8.932	8.402	-3.624	9.368	-3.962
1.50000541e12	1.772	3.833	0.9705	8.147	-5.737	2.296	2.397	-6.116	6.095
1.500005411e12	-9.888	-3.586	-4.088	-1.244	2.765	2.754	-1.243	2.928	0.03418
1.500005412e12	9.694	-5.251	-0.6982	3.816	-4.197	-4.731	8.337	-2.982	-2.537
1.500005413e12	6.412	0.1453	3.293	0.9326	3.949	-1.625	-1.045	-2.347	1.945
1.500005414e12	-2.333	-4.597	-7.589	2.404	-2.279	0.5298	-8.688	2.223	-0.05859
1.500005415e12	-6.002	-4.343	-6.398	-4.069	-1.879	5.905	-6.825	2.283	1.333
1.500005416e12	-9.357	-7.167	-6.321	-0.5078	-9.022	-4.858	-4.476	-3.146	8.342
1.500005417e12	-3.667	-8.945	6.038	4.718	-2.4	-6.335	0.2771	-0.05737	-0.918
1.500005418e12	-6.833	2.621	8.929	9.801	-4.354	-9.799	3.016	-1.622	7.1
1.500005419e12	-6.263	2.66	-9.904	-1.093	-0.3479	2.357	-6.993	7.422	8.761
1.50000542e12	-7.529	-9.839	-9.502	7.092	5.405	-3.496	5.409	-0.7043	4.78
1.500005421e12	0.3931	-4.429	2.367	-2.773	-1.71	-7.256	6.373	-8.193	0.06836
1.500005422e12	-6.93	1.384	-7.112	-6.572	-8.639	8.256	-5.193	9.526	-2.661
1.500005423e12	6.038	-3.142	9.72	7.386	6.041	-5.161	-5.637	-5.276	7.389
1.500005424e12	-1.603	-5.227	7.039	2.539	1.425	1.735	7.665	-6.075	9.406
1.500005425e12	-2.764	8.749	8.524	-6.621	-1.88	9.501	6.466	9.18	8.75
1.500005426e12	-2.295	0.2722	2.275	0.4639	-7.032	0.896	7.689	3.934	7.09
1.500005427e12	-0.2966	4.595	-1.869	0.4602	2.885	0.9827	4.98	-9.662	9.655
1.500005428e12	3.708	-6.405	-8.473	-2.454	-2.806	-7.014	-4.496	-5.348	-6.838
1.500005429e12	-3.932	-6.851	-9.462	6.938	-2.462	-7.767	0.1453	6.989	-6.32
1.50000543e12	-9.6	8.337	-5.745	-9.418	3.899	9.16	-2.145	-5.925	-4.705
1.500005431e12	-9.126	-3.101	5.774	8.962	-3.265	-9.502	-7.107	7.605	9.049
1.500005432e12	8.663	-7.898	1.204	-0.1453	0.9412	-3.679	0.8606	1.548	-0.2405
1.500005433e12	1.377	-6.798	1.093	6.47	-7.069	1.354	2.72	-7.039	1.373
1.500005434e12	-0.7666	5.676	3.884	-6.069	-0.4333	2.036	-9.257	-5.831	5.734
1.500005435e12	9.352	-6.37	4.669	7.108	5.995	-4.344	8.004	-9.613	-0.9436
1.500005436e12	0.5969	4.192	-1.26	1.918	6.274	-2.302	2.144	-7.559	5.544
1.500005437e12	-3.076	-0.968	3.525	7.368	-2.44	8.844	7.411	-6.517	6.39
1.500005438e12	4.979	-9.241	9.456	-9.117	-3.177	8.986	-7.483	-2.416	-7.672
1.500005439e12	-4.37	-0.6702	5.195	-0.1514	-9.855	-7.571	5.613	-5.51	4.482
1.50000544e12	-5.881	6.533	-6.735	3.604	4.498	0.2026	-5.393	-2.378	0.2332
1.500005441e12	-9.163	-6.42	-2.556	1.355	9.093	0.752	2.891	-7.452	-9.673
1.500005442e12	-2.314	4.962	3.628	5.952	-9.083	-0.09644	-0.6445	-4.609	2.096
1.500005443e12	6.168	6.138	-3.435	0.3491	-4.81	2.703	-0.004883	7.511	-6.492
1.500005444e12	-7.812	7.471	3.861	-8.721	6.11	7.191	5.863	-5.762	-7.163
1.500005445e12	5.641	0.9473	-1.309	-6.555	5.096	9.305	0.6445	4.036	-1.871
1.500005446e12	7.843	-6.57	-7.526	9.924	-5.099	-0.9253	-3.698	9.553	-3.364
1.500005447e12	-8.135	4.501	-0.4089	5.924	0.004883	-6.969	-7.069	-4.53	0.509
1.500005448e12	-3.268	4.465	-0.6653	3.977	-1.144	-6.805	2.921	9.781	5.684
1.500005449e12	-8.5	5.156	-6.453	-3.28	8.341	-9.933	-2.782	-4.207	7.257
1.50000545e12	0.9497	-0.1074	-7.128	4.512	-2.777	-1.982	-0.5603	-1.954	5.503
1.500005451e12	3.563	0.6506	-5.325	-4.327	-7.698	3.124	-4.551	4.618	-9.248
1.500005452e12	2.683	-5.76	-1.312	-1.254	8.186	1.279	8.859	7.323	5.012
1.500005453e12	-1.826	4.1	-0.1282	-7.637	-5.377	6.682	-3.187	9.238	-8.583
1.500005454e12	7.802	8.914	1.315	0.06226	5.214	5.89	-5.028	-6.73	-3.307
1.500005455e12	1.135	-7.573	8.038	0.05005	4.49	8.182	3.478	0.907	7.26
1.500005456e12	9.592	-0.5103	0.1697	6.238	0.3796	4.9	1.401	8.44	-1.199
1.500005457e12	5.92	-3.033	2.201	4.005	4.681	-9.958	-0.05493	-9.362	2.074
1.500005458e12	-8.242	-9.478	-6.72	2.808	6.515	-1.769	-6.281	-7.534	6.821
1.500005459e12	4.17	1.964	-5.394	-3.224	7.35	-6.517	-7.08	-8.948	8.705
1.50000546e12	-6.981	4.662	8.698	-8.052	-8.92	-7.509	-3.391	-7.709	9.075
1.500005461e12	0.1611	-0.4944	-4.979	3.362	-8.384	6.412	-4.894	5.63	5.95
1.500005462e12	7.311	1.985	5.433	-2.777	-3.323	-1.396	-4.825	-3.413	4.283
1.500005463e12	-3.945	-5.121	2.812	-2.177	-1.245	9.375	9.943	8.477	9.257
1.500005464e12	5.245	-3.771	-3.363	-3.04	-3.693	-0.8386	4.377	-9.573	6.167
1.500005465e12	7.434	5.393	9.701	-2.074	-3.365	4.219	-8.982	-6.874	4.236
1.500005466e12	9.789	-4.767	7.576	-9.1	-6.564	-1.21	4.158	2.335	-5.089
1.500005467e12	4.785	6.678	9.688	1.338	1.609	0.155	1.571	1.49	-5.804
1.500005468e12	4.358	-7.008	-6.737	1.742	-8.28	1.681	1.274	-5.673	-9.207
1.500005469e12	-1.013	-8.142	-6.062	4.976	-0.3052	8.284	8.396	9.963	3.556
1.50000547e12	6.609	-6.343	-5.36	-2.039	-1.033	-9.698	4.955	-4.224	1.593
1.500005471e12	-2.855	7.089	-6.542	0.006104	-5.223	-4.966	0.8386	9.434	6.942
1.500005472e12	5.992	5.703	3.669	-8.695	2.407	-6.472	-7.875	-8.042	0.9302
1.500005473e12	-6.783	-3.237	-0.8606	8.855	3.342	-6.948	8.276	-2.39	6.65
1.500005474e12	-7.457	-2.864	7.167	6.362	1.88	8.876	3.406	3.195	-1.406
1.500005475e12	9.578	-7.029	3.076	4.882	-7.38	1.294	-7.465	-5.836	-9.327
1.500005476e12	-9.233	-1.963	2.815	-2.543	4.161	-5.726	0.8936	-4.438	1.173
1.500005477e12	6.469	-3.567	9.333	8.262	2.687	-3.69	8.66	2.831	-8.392
1.500005478e12	-0.4492	-9.468	-4.933	-9.38	7.99	-4.76	-5.164	-4.73	7.295
1.500005479e12	-9.065	-0.4333	1.586	-7.062	2.012	-3.39	-6.379	-7.808	-9.315
1.50000548e12	2.654	-3.693	-1.066	-0.2942	-0.9473	-5.472	-2.385	-6.437	3.044
1.500005481e12	-8.396	0.1001	2.061	-6.597	-0.4321	6.912	-0.04272	7.032	6.443
1.500005482e12	-0.9351	7.25	-7.025	-2.084	-4.629	0.02808	1.733	0.99	9.648
1.500005483e12	-8.381	3.394	2.02	-9.315	-4.669	-3.03	-1.627	7.955	5.675
1.500005484e12	4.299	-1.614	0.8606	7.13	2.347	9.762	-5.396	-5.385	-6.019
1.500005485e12	-0.08423	5.085	9.829	7.332	8.555	-4.258	8.309	-4.608	6.32
1.500005486e12	-5.475	-5.542	-1.436	-7.65	7.393	-4.196	0.2734	2.006	7.843
1.500005487e12	9.764	-4.093	-3.145	8.088	-5.499	5.525	-1.167	9.296	-2.072
1.500005488e12	8.112	-2.748	-9.921	1.284	-1.141	-2.501	-6.157	-0.5481	5.333
1.500005489e12	8.193	4.628	-8.728	7.205	-2.915	9.595	-6.544	-2.041	-3.414
1.50000549e12	5.126	-9.12	6.113	-8.224	6.45	7.177	-9.612	3.544	-4.066
1.500005491e12	-0.9363	-5.688	9.731	9.185	1.842	4.181	2.607	5.728	-5.178
1.500005492e12	-9.543	-8.68	0.6775	-7.677	3.586	6.147	-0.9827	-4.232	6.741
1.500005493e12	-6.799	-1.211	-9.854	7.822	-3.3	-8.021	-4.338	-3.203	8.539
1.500005494e12	-3.309	-6.554	8.95	3.785	9.747	-2.815	-1.365	4.755	2.125
1.500005495e12	4.767	6.265	3.135	-2.367	5.822	-7.875	3.696	-3.705	8.384
1.500005496e12	-6.069	0.9338	-2.198	1.891	1.925	-5.751	8.752	8.652	0.3552
1.500005497e12	6.965	-7.455	-1.525	-6.353	4.226	-6.39	9.99	-9.294	6.201
1.500005498e12	-8.406	-7.128	8.75	-7.759	-5.021	-6.757	-9.823	0.8948	1.232
1.500005499e12	2.979	4.521	6.674	-0.7605	8.289	-6.161	-3.982	-1.361	-6.041
1.5000055e12	-5.737	8.821	-2.615	7.831	-5.46	6.869	-1.869	-6.134	-2.67
1.500005501e12	-0.7458	0.3662	-8.298	0.4614	-1.757	3.682	-9.176	-1.122	-9.866
1.500005502e12	-0.2271	6.558	1.572	-3.488	-9.778	-2.761	0.1685	3.142	-2.761
1.500005503e12	5.785	8.013	9.358	0.2063	-1.577	-8.795	-4.276	-1.399	7.593
1.500005504e12	2.111	4.307	-5.833	-0.4785	9.692	2.024	-6.637	5.67	-9.457
1.500005505e12	8.475	4.199	6.885	0.8887	-8.251	-0.6458	9.653	-8.857	-7.954
1.500005506e12	-7.964	-2.555	5.051	-8.175	1.976	-9.916	3.341	9.08	4.692
1.500005507e12	9.092	2.817	-8.394	0.3625	-1.952	6.166	3.555	9.972	-4.856
1.500005508e12	-3.955	0.7959	0.437	-7.905	3.674	-2.688	-6.029	-6.554	-0.8972
1.500005509e12	-4.022	-6.945	0.2734	9.713	-7.599	0.2588	5.227	3.693	5.537
1.50000551e12	-2.136	3.917	4.236	0.3455	4.186	6.25	2.705	-2.865	-5.61
1.500005511e12	-5.795	2.371	5.502	-8.318	-7.084	6.973	-1.852	0.7178	-2.125
1.500005512e12	-8.337	-1.047	5.406	-5.095	-5.574	2.123	-7.169	-7.124	4.905
1.500005513e12	7.465	4.752	-9.315	2.073	-1.813	-6.904	6.844	-3.888	-7.379
1.500005514e12	7.902	6.779	-1.425	-9.855	-9.647	0.4565	4.836	-6.367	9.373
1.500005515e12	0.1697	1.132	-3.667	-4.801	1.899	1.294	9.242	3.627	-6.414
1.500005516e12	9.215	6.976	-8.756	6.678	4.301	7.227	-0.7422	-1.622	2.136
1.500005517e12	9.875	-4.845	0.8423	-5.406	8.756	3.892	-9.596	5.848	-9.948
1.500005518e12	-6.19	4.919	8.23	-3.02	-6.359	3.07	6.82	3.499	-0.4993
1.500005519e12	9.653	4.57	5.364	-7.85	8.43	-9.393	-0.4443	-3.411	-3.624
1.50000552e12	6.385	4.653	-5.446	6.481	1.493	8.354	3.499	6.677	-4.275
1.500005521e12	-5.009	3.707	-4.691	6.75	4.763	2.303	-3.794	9.764	-4.954
1.500005522e12	0.7947	0.1294	-8.207	3.885	1.614	1.689	6.266	3.162	2.311
1.500005523e12	5.923	6.871	-5.463	-5.184	-9.57	-3.571	7.977	-4.181	2.584
1.500005524e12	-8.755	-1.168	4.33	-9.313	1.707	-1.672	9.563	5.059	4.468
1.500005525e12	-3.939	9.355	0.7568	-2.489	-7.66	0.1917	6.243	6.073	1.935
1.500005526e12	-9.46	6.685	8.381	-0.2393	-0.575	-0.9082	4.514	-3.761	6.548
1.500005527e12	4.998	-0.9326	-6.473	-3.864	-4.95	-4.808	-4.468	6.361	6.073
1.500005528e12	0.0708	7.156	9.202	-0.9363	7.34	3.406	-1.041	3.552	-6.246
1.500005529e12	3.831	-1.201	2.483	-4.258	-8.694	-9.519	9.152	-4.425	-6.356
1.50000553e12	-0.7812	-7.479	-9.095	8.894	-2.384	8.363	-8.099	9.109	7.434
1.500005531e12	7.88	-3.708	-0.8887	8.774	7.587	-8.043	4.044	0.3992	-9.515
1.500005532e12	7.296	1.151	2.455	6.111	-3.048	-0.907	-8.365	4.061	-0.2917
1.500005533e12	-5.902	1.075	3.481	3.209	-6.376	-1.644	0.9045	8.252	5.164
1.500005534e12	-1.263	5.533	-5.167	-7.053	-8.391	7.394	-1.956	-7.589	-7.472
1.500005535e12	5.652	2.46	-7.75	-8.817	-6.484	-8.99	5.282	6.165	5.292
1.500005536e12	9.578	-6.082	-0.4553	0.6335	4.945	-5.035	-7.57	8.994	-4.608
1.500005537e12	0.9595	-2.955	0.02563	-4.215	9.141	-2.434	0.6201	4.873	-7.737
1.500005538e12	-6.642	4.663	2.009	-4.236	0.7349	0.5151	8.958	9.962	3.549
1.500005539e12	7.137	4.905	-4.79	-9.875	2.047	-4.524	-1.495	9.895	4.121
1.50000554e12	7.537	6.375	-4.48	0.7507	6.018	8.499	-5.773	-1.758	-4.659
1.500005541e12	-8.448	-7.706	-4.536	-8.436	-1.89	2.682	8.179	5.452	-7.38
1.500005542e12	-7.697	7.102	4.117	-1.512	-9.182	-8.225	1.15	-0.7068	-4.478
1.500005543e12	-4.546	8.12	1.897	-8.213	6.045	-7.698	-1.896	3.246	-3.323
1.500005544e12	5.581	-4.454	-8.851	-8.792	4.518	-7.9	2.832	5.355	7.931
1.500005545e12	-1.802	-7.374	8.842	4.127	2.137	5.555	-7.505	-1.528	-1.456
1.500005546e12	8.071	-2.55	4.58	-2.209	-7.894	-0.03784	1.81	5.758	-0.4724
1.500005547e12	-3.229	-4.429	8.129	4.347	6.309	6.458	-6.866	-7.137	-1.002
1.500005548e12	0.2429	2.487	7.24	8.567	4.716	-0.5078	-5.217	5.291	-8.947
1.500005549e12	-5.394	2.405	8.073	-6.124	1.267	-7.844	0.3711	0.4846	4.557
1.50000555e12	-1.454	-5.223	-2.49	-9.689	-2.87	-0.01465	-8.6	-7.573	-9.559
1.500005551e12	8.075	4.574	1.356	-2.759	-1.736	-5.436	-6.05	-9.302	7.448
1.500005552e12	2.979	5.854	-4.648	1.735	-0.5774	-8.901	8.409	-0.09766	-2.729
1.500005553e12	4.427	4.205	1.298	7.949	2.983	6.851	8.354	7.673	-4.216
1.500005554e12	9.894	-5.648	4.625	3.574	8.013	7.091	1.201	-8.422	-5.243
1.500005555e12	4.402	7.604	-1.469	-1.998	-2.461	-7.671	0.1099	-5.852	-2.872
1.500005556e12	7.743	4.194	8.016	4.884	-8.24	-9.449	-6.843	6.433	-8.892
1.500005557e12	4.407	-3.734	-2.12	-8.74	-0.6287	7.902	-1.084	3.503	9.894
1.500005558e12	0.3613	0.1367	7.64	-6.277	6.244	-7.41	-0.6848	-9.698	5.575
1.500005559e12	5.016	-8.391	1.173	-5.198	-0.6079	-4.816	2.157	-7.094	-1.152
1.50000556e12	-3.959	4.294	8.221	-8.663	0.8337	-8.842	1.926	-8.739	6.19
1.500005561e12	-2.43	0.2246	-9.745	-0.8081	-9.381	4.156	7.495	9.967	3.682
1.500005562e12	1.901	1.921	7.538	2.556	-6.66	-6.351	-5.757	-9.375	6.639
1.500005563e12	0.1782	6.99	-3.641	-2.246	-5.15	-4.836	0.6848	3.53	-5.802
1.500005564e12	0.437	-4.86	-9.585	2.767	5.989	0.6714	-2.531	6.842	-3.109
1.500005565e12	-9.084	1.343	5.828	-2.701	1.655	8.459	6.327	-3.379	3.296
1.500005566e12	-3.81	1.792	1.448	3.365	2.693	4.617	0.636	0.7544	2.653
1.500005567e12	8.201	7.725	-9.6	-0.3882	-7.898	4.789	-3.486	3.672	9.482
1.500005568e12	-6.172	-3.302	-5.771	-6.749	9.76	-4.808	4.41	-0.9778	-2.671
1.500005569e12	2.131	-4.506	1.627	-4.905	-9.897	7.928	-3.361	-4.933	-2.749
1.50000557e12	9.746	-3.651	-2.477	2.983	-4.802	8.556	9.594	0.1917	-1.206
1.500005571e12	-3.475	4.24	-2.939	-3.136	5.011	-4.72	-3.448	7.394	-6.572
1.500005572e12	-1.565	3.507	0.26	-8.027	7.717	-6.891	8.733	-7.999	3.536
1.500005573e12	-2.356	4.792	7.189	-7.858	-9.556	-8.163	-7.09	-4.572	-4.569
1.500005574e12	-4.673	-3.372	2.826	2.511	-1.532	8.148	7.407	-2.734	9.83
1.500005575e12	-5.468	7.775	2.853	0.1819	-1.602	-3.005	-2.424	3.987	-8.064
1.500005576e12	3.613	1.952	3.145	3.306	-6.965	-6.631	-1.705	6.141	0.1367
1.500005577e12	3.228	4.814	9.956	8.823	6.454	5.999	-5.651	-3.633	-4.749
1.500005578e12	-4.863	6.714	5.698	0.06836	4.757	0.5823	-8.635	-9.379	-2.931
1.500005579e12	0.6494	8.501	2.423	9.531	-0.4834	7.517	9.052	-9.368	-3.832
1.50000558e12	-8.147	8.245	-4.021	7.601	5.3	4.608	-8.735	-2.036	8.916
1.500005581e12	1.973	-2.351	-0.2112	-0.8081	7.218	-9.08	-6.337	8.865	1.312
1.500005582e12	1.571	3.337	-2.118	-7.805	-6.724	-7.972	-8.728	-9.664	-4.95
1.500005583e12	-5.751	-0.3711	9.207	6.482	-7.62	1.582	-7.618	-0.2075	-1.515
1.500005584e12	9.836	2.968	-9.336	6.835	-2.788	4.12	4.321	9.872	-0.542
1.500005585e12	0.6714	-3.701	-3.413	-6.127	0.6738	-5.337	-9.125	3.766	4.301
1.500005586e12	-3.344	7.175	-3.38	-7.484	-9.318	0.8557	2.239	-3.385	-1.979
1.500005587e12	-0.4553	-3.505	1.034	9.625	-8.777	7.025	4.396	3.872	-2.601
1.500005588e12	9.667	-2.93	-8.027	-4.728	-2.324	-6.453	9.094	-1.666	-5.981
1.500005589e12	-6.857	-2.502	8.198	-3.397	-7.968	2.527	-9.053	-4.421	5.459
1.50000559e12	-7.944	7.025	-7.157	3.969	8.826	2.948	-1.106	-1.505	9.673
1.500005591e12	6.975	-5.45	6.84	-7.329	9.373	-9.332	4.052	-2.942	4.452
1.500005592e12	-6.808	7.412	4.38	9.994	-7.683	-5.486	9.762	-2.294	-1.385
1.500005593e12	-4.109	-1.172	5.706	4.368	-5.795	0.5383	-1.324	-8.479	6.985
1.500005594e12	-5.088	8.671	-6.565	-8.918	8.73	8.019	0.4553	8.64	-6.282
1.500005595e12	7.507	6.169	-9.332	8.264	-6.335	-7.515	-9.476	-6.812	0.4639
1.500005596e12	-0.5237	-3.624	-9.661	-4.406	-0.5188	-9.501	-2.948	1.73	-3.391
1.500005597e12	-4.054	-1.34	-7.321	-4.42	-9.604	-2.062	-6.951	-5.142	-8.945
1.500005598e12	-4.623	1.658	2.136	0.5542	5.146	-2.29	1.035	-8.997	-2.191
1.500005599e12	8.64	6.514	4.891	0.01465	-8.667	-1.613	4.67	5.994	-0.4761
1.5000056e12	-6.407	8.613	7.527	1.876	5.687	5.103	4.961	-9.642	3.248
1.500005601e12	-5.012	5.352	4.64	-9.352	-6.287	-8.989	1.768	-3.379	-3.831
1.500005602e12	7.345	-7.511	-5.093	-6.113	-5.392	4.915	5.708	-2.723	2.719
1.500005603e12	1.376	1.823	-8.97	-3.224	-5.53	2.902	7.429	3.658	5.236
1.500005604e12	-7.19	5.645	5.812	-3.215	-8.843	5.782	-7.354	-4.198	3.413
1.500005605e12	6.505	-8.534	-7.375	3.719	8.062	-3.45	-6.296	-0.2771	1.582
1.500005606e12	5.117	-8.483	4.795	2.144	-0.8887	-9.657	-9.731	9.825	-3.627
1.500005607e12	-2.7	-8.712	5.88	4.415	-4.343	3.311	0.5786	8.931	6.338
1.500005608e12	0.5823	-2.103	-9.197	2.793	3.386	-1.913	-5.265	-0.4529	-6.945
1.500005609e12	4.17	0.9534	-6.229	3.834	2.581	3.398	-6.965	9.102	6.141
1.50000561e12	8.873	-3.796	-2.075	2.898	-8.447	-7.963	-3.744	6.792	5.78
1.500005611e12	7.77	7.531	-0.2039	2.548	-0.6299	2.538	9.861	-3.983	4.301
1.500005612e12	6.36	1.226	-8.373	-1.646	-3.939	-5.747	-0.8704	8.638	-5.198
1.500005613e12	7.207	-0.07324	1.244	3.546	-8.054	8.019	-6.477	-6.501	-9.203
1.500005614e12	-0.1196	4.503	5.4	8.749	-9.392	0.9094	-9.977	7.478	-2.584
1.500005615e12	-2.521	-4.878	-5.181	-8.175	-1.011	-5.662	9.078	2.234	5.199
1.500005616e12	0.08667	-4.181	6.348	-1.666	-3.435	9.47	-7.927	1.504	-7.144
1.500005617e12	-7.709	-9.561	9.919	2.024	3.687	-5.162	-9.28	-2.095	1.069
1.500005618e12	1.531	2.299	9.467	-9.886	-6.309	3.722	2.332	4.722	-8.407
1.500005619e12	-8.589	-2.457	-4.938	-6.976	2.426	3.502	7.465	5.74	2.335
1.50000562e12	1.244	1.074	7.668	-7.473	-6.561	-1.919	-0.8264	3.889	4.072
1.500005621e12	1.907	-7.675	-7.994	1.782	1.067	-6.83	1.808	1.716	4.678
1.500005622e12	1.217	-5.447	-7.133	9.764	-2.108	-2.721	7.25	-4.471	-6.272
1.500005623e12	0.9106	-0.3149	4.287	-9.836	1.547	-0.3394	-4.437	-0.592	4.989
1.500005624e12	-3.262	-2.122	4.142	-3.208	-8.873	2.03	-2.574	-1.862	-1.146
1.500005625e12	2.642	9.862	-9.598	-4.685	7.595	-7.997	9.497	6.469	-9.705
1.500005626e12	8.87	-4.905	-5.41	8.088	-4.408	-6.305	-2.002	-5.804	-4.354
1.500005627e12	5.758	8.242	-7.202	6.829	7.314	3.541	0.03662	-4.259	8.751
1.500005628e12	-6.689	-7.219	1.405	3.043	9.867	8.204	-8.293	7.839	3.782
1.500005629e12	-6.429	-1.484	-3.326	0.1379	-0.5249	8.169	9.46	4.13	-0.4211
1.50000563e12	-7.456	-9.509	-9.398	5.314	-4.54	7.65	-6.243	6.438	3.267
1.500005631e12	4.575	0.4956	6.919	1.243	-0.1697	7.76	-9.913	-5.958	8.962
1.500005632e12	-2.012	9.182	1.744	1.985	-1.029	-6.516	-8.593	5.115	-2.77
1.500005633e12	3.047	-6.514	-6.591	-0.7458	-9.535	9.871	-8.082	2.413	-2.618
1.500005634e12	-9.442	3.922	-8.469	-3.595	2.849	-1.591	-9.634	-0.2258	-3.878
1.500005635e12	0.07324	7.611	-3.209	7.655	-9.318	-4.824	1.566	-8.662	8.064
1.500005636e12	-3.157	-3.39	-6.567	-0.8008	2.196	-0.1135	-4.951	2.759	-1.321
1.500005637e12	-2.03	5.121	-1.992	-1.332	-6.467	3.901	-7.688	2.51	5.785
1.500005638e12	5.63	0.5017	2.346	-9.572	-6.021	-3.684	-7.683	-5.471	-4.852
1.500005639e12	-2.01	2.889	-6.187	-6.155	6.42	-3.666	7.528	-6.537	5.367
1.50000564e12	-5.409	2.119	-7.023	-9.574	-8.846	2.452	-8.813	-1.172	4.348
1.500005641e12	6.345	-8.523	4.326	0.5127	5.487	-3.784	6.21	-7.777	-4.347
1.500005642e12	5.181	3.118	-1.891	7.2	-6.611	-5.48	9.662	-0.2026	-5.15
1.500005643e12	8.596	3.599	9.137	3.855	2.118	-0.8533	-8.501	1.543	-2.043
1.500005644e12	-9.996	1.88	-8.829	0.4846	5.447	-0.6531	-6.908	-5.012	-2.75
1.500005645e12	-8.903	9.523	-9.584	9.032	-7.842	-6.564	-3.291	-1.489	7.369
1.500005646e12	-2.379	2.521	6.451	-8.101	-9.174	-2.106	7.324	-1.912	8.074
1.500005647e12	-9.728	-6.729	7.513	1.99	-6.61	0.9351	-2.203	-1.285	4.824
1.500005648e12	-9.398	9.082	-9.753	2.845	9.833	8.223	-1.177	5.437	-1.519
1.500005649e12	3.87	-8.485	1.167	7.556	0.9692	5.959	-2.67	-3.789	0.105
1.50000565e12	-1.32	-0.1575	6.586	0.08301	-4.6	9.528	5.186	3.735	0.06226
1.500005651e12	6.887	7.511	6.121	-3.691	-3.854	9.757	5.157	-4.307	8.302
1.500005652e12	1.025	8.235	-8.772	-2.218	6.853	7.12	6.832	-4.508	0.4089
1.500005653e12	8.496	-8.784	7.775	-8.58	5.851	-6.387	2.865	9.518	-8.948
1.500005654e12	-9.327	8.375	8.579	-3.513	-5.432	-7.402	1.46	2.04	4.377
1.500005655e12	4.779	5.129	-0.9106	-8.766	4.8	-1.727	1.061	-4.171	8.652
1.500005656e12	4.969	4.698	7.113	-9.451	2.694	-1.432	0.04761	-6.228	0.007324
1.500005657e12	5.337	5.245	8.936	-9.698	1.447	-6.245	0.04517	-7.474	-8.309
1.500005658e12	-5.057	-0.4968	-5.931	0.4468	2.666	1.115	3.833	-2.805	0.0708
1.500005659e12	8.879	6.982	-6.965	-0.9521	-8.831	7.855	7.863	7.054	-8.834
1.50000566e12	7.428	4.46	-3.928	9.825	8.501	-6.53	-9.421	3.926	-3.422
1.500005661e12	3.956	-8.512	3.118	-2.927	8.898	-4.413	-6.675	6.359	5.439
1.500005662e12	9.908	-2.654	-0.4358	-8.352	4.694	-5.988	-5.565	4.491	-3.889
1.500005663e12	7.463	8.745	-5.712	5.64	-6.555	-1.056	0.8911	-6.809	8.889
1.500005664e12	-2.19	3.799	-9.663	-7.261	0.6201	-0.0415	-3.221	-1.617	9.15
1.500005665e12	4.766	2.806	-7.292	-8.942	9.896	8.857	3.208	1.774	-0.9424
1.500005666e12	-1.556	2.122	-0.2234	-8.949	-1.772	-7.75	-8.877	-3.856	-7.811
1.500005667e12	1.125	-8.245	-8.386	-9.484	-4.696	5.11	5.896	2.689	4.884
1.500005668e12	9.019	0.5798	-7.971	1.01	-0.6018	-2.62	7.491	-8.564	6.929
1.500005669e12	7.34	5.208	-9.198	5.394	-0.8142	8.022	-0.5298	7.629	1.376
1.50000567e12	4.279	0.3687	4.644	-2.963	-4.631	-8.568	3.289	5.21	3.978
1.500005671e12	9.663	0.4517	5.035	-2.605	-4.476	-1.228	-8.568	-6.914	-3.889
1.500005672e12	-8.17	-5.935	-9.756	-4.464	-8.03	3.624	8.191	2.526	-9.403
1.500005673e12	-9.711	9.624	-4.191	-3.279	3.311	-3.589	4.796	1.741	4.833
1.500005674e12	-8.199	9.263	4.747	-8.427	-9.425	5.37	-0.426	0.3455	5.109
1.500005675e12	4.373	6.705	-7.561	-0.3967	9.91	3.789	-7.399	3.119	6.641
1.500005676e12	-7.463	-0.6104	-7.102	-0.4138	-8.529	-8.859	9.884	3.246	-9.664
1.500005677e12	6.469	-8.32	-7.683	-7.771	-6.782	-7.474	0.05127	-5.404	5.64
1.500005678e12	-2.673	-5.009	8.468	-2.762	-5.366	8.809	-4.395	-4.369	8.362
1.500005679e12	-1.958	8.584	3.749	3.606	-8.077	6.471	-2.189	3.376	-5.446
1.50000568e12	-0.6274	3.835	9.592	6.935	5.038	8.019	4.426	4.775	7.522
1.500005681e12	-7.617	-1.481	-1.482	-6.216	3.683	5.258	-0.7458	-4.727	3.76
1.500005682e12	-8.827	-1.641	-7.598	-7.432	2.747	7.889	-9.707	-4.851	7.159
1.500005683e12	-5.347	-6.373	2.435	-1.339	-9.993	-1.572	0.6921	-9.912	-2.577
1.500005684e12	-5.963	-3.28	4.819	9.327	4.905	-5.389	-1.375	1.808	1.036
1.500005685e12	-5.796	2.181	5.369	6.768	2.634	-3.053	-8.149	7.524	6.888
1.500005686e12	3.921	5.558	-8.904	-0.02808	-2.716	0.6384	-1.932	7.583	-0.3552
1.500005687e12	-9.939	-0.6531	-3.525	-2.209	5.145	-2.463	2.844	-8.015	-4.492
1.500005688e12	-9.398	5.64	-8.499	0.9314	-4.073	6.464	-9.424	-8.13	5.938
1.500005689e12	-2.25	-4.2	0.8716	-2.411	2.009	4.615	-1.432	8.717	-5.101
1.50000569e12	-7.759	-2.644	-7.073	-4.489	6.661	5.386	-4.181	3.938	-1.744
1.500005691e12	-2.96	0.5127	-6.001	-2.357	5.627	8.555	-7.737	3.745	3.027
1.500005692e12	-9.25	7.898	6.2	8.811	7.343	-8.241	5.165	4.958	-2.301
1.500005693e12	2.937	-7.782	1.786	-8.451	3.804	7.012	7.1	-3.119	9.606
1.500005694e12	0.8508	1.089	5.812	0.4651	-6.729	-9.725	6.41	9.847	-4.242
1.500005695e12	-0.2881	4.211	8.175	-6.709	7.378	-7.69	6.44	1.808	3.848
1.500005696e12	-2.902	9.974	-2.424	-6.98	-9.872	-1.738	-4.954	3.488	-2.614
1.500005697e12	-5.94	-5.853	0.2832	7.147	7.577	3.165	6.583	-0.7422	-8.552
1.500005698e12	7.186	-0.625	-2.827	0.4846	0.7129	-4.657	-7.092	8.899	-9.523
1.500005699e12	9.723	6.193	6.979	7.701	-9.066	-2.584	8.667	-7.561	-4.512
1.5000057e12	-0.9106	0.08179	-6.372	8.451	8.013	-6.045	-4.03	0.02319	-9.451
1.500005701e12	-5.	-8.555	-4.604	-1.24	2.334	4.338	6.077	0.3992	-0.002441
1.500005702e12	4.224	7.642	-4.962	-1.846	8.856	3.79	4.208	-5.168	8.855
1.500005703e12	3.303	2.385	-2.474	8.864	4.769	7.935	3.279	-6.127	-0.8044
1.500005704e12	9.362	3.032	0.885	-7.738	-6.213	3.049	-5.197	-6.72	2.1
1.500005705e12	-8.859	3.099	3.628	0.4431	-5.2	1.823	-9.376	-6.914	9.454
1.500005706e12	-3.932	0.2222	2.024	4.108	-4.652	3.439	-6.781	-5.927	1.685
1.500005707e12	8.286	-0.4175	4.005	0.3894	4.434	-9.854	-8.91	2.106	3.584
1.500005708e12	5.751	-3.835	5.242	2.385	-3.949	2.202	4.513	-5.652	-2.855
1.500005709e12	0.2612	-3.663	9.285	4.41	5.542	-7.039	-2.704	0.9106	9.304
1.50000571e12	3.077	-6.453	3.181	6.285	-5.673	-1.61	-8.776	-3.892	-9.182
1.500005711e12	8.739	9.083	-2.755	-0.9155	-6.046	8.768	-2.626	-9.099	2.563
1.500005712e12	-4.127	-7.056	-2.791	5.713	2.031	0.8081	-8.656	1.24	2.731
1.500005713e12	4.669	6.87	-4.572	8.181	-7.5	5.701	6.667	0.5786	0.21
1.500005714e12	-8.558	-1.387	-9.075	1.346	0.2771	-3.29	9.275	-0.4089	4.686
1.500005715e12	4.504	-7.201	1.493	2.048	2.188	3.988	-7.972	1.163	-6.434
1.500005716e12	6.544	7.727	-3.805	4.624	-8.431	-3.359	5.795	1.205	-0.2893
1.500005717e12	4.852	5.353	3.888	4.821	-3.834	0.0769	-1.333	-2.607	0.2258
1.500005718e12	-9.604	-3.773	0.2051	5.636	0.6555	6.307	-0.437	-8.909	3.883
1.500005719e12	-8.418	4.353	-0.5786	-9.031	-9.579	2.755	-9.158	4.019	4.408
1.50000572e12	-8.344	2.256	3.79	-0.918	-8.491	9.602	-9.233	-0.0769	6.124
1.500005721e12	1.899	1.639	-3.817	3.086	-1.337	-5.9	-1.456	7.892	8.972
1.500005722e12	-3.11	6.331	-3.826	6.71	2.249	-5.22	-5.479	9.683	2.847
1.500005723e12	2.095	-3.777	-3.74	-8.702	1.022	8.687	5.135	3.801	8.508
1.500005724e12	7.386	-7.938	-3.751	7.008	-5.087	8.51	-8.551	5.433	-1.683
1.500005725e12	-0.9509	-2.109	-0.7654	6.127	-4.437	-4.856	2.679	-3.561	-6.001
1.500005726e12	-5.243	0.3088	-6.222	-9.819	9.866	-1.934	-8.943	-6.536	8.291
1.500005727e12	7.496	4.165	1.038	-2.819	-8.225	0.9839	4.607	-4.552	8.721
1.500005728e12	7.219	-6.803	4.293	-7.377	-9.44	-5.748	-5.862	2.767	4.656
1.500005729e12	2.675	4.36	0.08423	5.616	7.434	-7.616	-5.85	3.909	-9.039
1.50000573e12	4.166	-5.784	-2.178	-6.364	8.594	6.517	-4.553	8.44	3.71
1.500005731e12	-9.429	-7.773	-7.161	4.536	-2.225	8.856	2.711	-0.6238	0.2112
1.500005732e12	7.224	0.5701	5.186	0.968	-8.485	-8.09	6.693	-6.453	-4.01
1.500005733e12	-7.527	4.189	6.417	-4.794	7.241	8.813	-1.318	-4.288	-9.424
1.500005734e12	-7.43	-1.222	3.317	-2.05	-7.635	7.821	1.846	1.321	-7.595
1.500005735e12	-2.759	8.39	-8.551	-2.147	-9.938	6.237	-3.38	-0.8972	4.812
1.500005736e12	4.447	8.118	9.148	1.276	0.9473	-6.409	-4.373	1.558	-2.908
1.500005737e12	7.854	0.3137	-8.361	-7.206	-6.012	9.932	-5.355	-8.271	4.719
1.500005738e12	2.552	-9.821	-5.601	4.6	5.659	-9.575	3.788	-1.973	-1.407
1.500005739e12	6.88	2.103	-0.127	5.46	1.804	-9.835	3.03	8.414	-0.426
1.50000574e12	1.051	6.768	0.4089	3.627	-8.204	-2.576	-4.449	5.988	-4.657
1.500005741e12	-8.953	2.932	-5.037	-5.621	-2.728	-8.839	2.625	9.391	-1.87
1.500005742e12	8.329	2.645	7.073	7.87	5.686	-9.783	5.26	0.1807	-5.088
1.500005743e12	9.304	9.114	2.032	9.865	-0.647	9.298	-1.317	-1.215	-6.982
1.500005744e12	8.525	-5.601	-1.987	-9.807	-0.2356	3.915	-4.058	-3.921	8.137
1.500005745e12	-7.701	1.125	3.737	2.581	3.982	1.814	9.43	8.711	-1.732
1.500005746e12	9.972	0.3772	-8.524	-0.9387	0.2991	7.876	4.65	1.677	-8.22
1.500005747e12	4.376	3.414	7.474	-3.317	-6.167	0.5701	9.008	-3.016	-4.694
1.500005748e12	1.832	6.06	-2.914	8.698	4.509	-5.751	-5.25	7.523	-7.554
1.500005749e12	3.401	5.996	-2.091	-9.315	-9.818	-8.639	-1.467	-2.118	-6.274
1.50000575e12	7.423	-9.056	0.04395	4.047	-5.913	-2.432	2.057	-4.985	3.02
1.500005751e12	-0.4846	-1.733	5.046	-6.022	-4.96	0.4773	-4.009	7.177	-0.6128
1.500005752e12	-0.6042	9.353	-0.9106	-7.834	-6.536	-9.557	4.493	-8.972	7.329
1.500005753e12	4.525	-6.398	-8.014	6.407	8.737	-9.897	-8.458	-0.6189	8.208
1.500005754e12	-6.835	1.626	0.09155	-7.488	-0.3601	-5.872	-1.366	-1.222	-4.491
1.500005755e12	-3.463	0.6763	-4.341	9.343	-5.461	-7.393	5.059	-0.1477	-2.959
1.500005756e12	4.606	-8.872	3.514	-9.401	1.129	2.885	9.515	-4.135	3.325
1.500005757e12	-9.745	-5.587	-7.808	9.207	-8.479	-4.207	5.424	-5.381	1.704
1.500005758e12	1.885	-0.6628	-2.075	6.039	-9.291	8.549	4.955	1.34	8.3
1.500005759e12	-9.702	-8.379	8.575	-2.874	-4.099	8.147	5.482	9.902	6.139
1.50000576e12	-5.24	6.929	2.133	-5.913	5.796	-0.1245	-3.722	-8.716	-0.5774
1.500005761e12	2.125	-1.591	-2.456	-6.307	3.859	4.409	0.7922	-3.601	8.738
1.500005762e12	1.921	-0.8887	6.654	-5.93	-9.265	-6.881	3.082	1.52	8.481
1.500005763e12	8.849	-7.853	-9.534	-3.3	-1.47	6.71	3.807	-7.76	-5.951
1.500005764e12	-5.713	-4.79	9.474	8.871	-3.5	9.541	-1.709	5.519	-6.134
1.500005765e12	-1.129	1.938	-7.314	8.545	5.707	2.542	-1.017	0.09521	3.741
1.500005766e12	-3.124	2.461	5.261	5.753	3.751	0.1025	-2.982	-2.433	-1.21
1.500005767e12	2.039	-0.791	2.54	-7.081	-1.14	3.053	4.611	-4.077	-8.723
1.500005768e12	5.953	-1.631	-5.848	-7.532	7.568	2.817	6.674	5.575	-7.845
1.500005769e12	7.92	3.844	-8.918	-4.67	4.481	3.467	6.691	9.402	-6.057
1.50000577e12	3.439	4.867	-1.193	3.702	2.415	-5.341	-7.639	0.6763	0.6995
1.500005771e12	-1.967	5.292	7.778	-7.833	-3.367	6.599	2.261	-1.737	-2.241
1.500005772e12	-1.321	-8.717	7.695	0.3833	4.729	-4.301	-0.5957	6.436	-6.685
1.500005773e12	0.6445	-7.638	4.685	-2.806	5.918	2.716	7.625	-8.892	7.996
1.500005774e12	0.3735	5.648	8.036	-4.537	5.068	0.9827	-7.356	-3.744	-9.802
1.500005775e12	-0.4968	-8.884	-7.521	-8.175	6.165	4.517	1.752	-4.894	-2.878
1.500005776e12	8.789	3.724	0.1807	-2.673	-1.544	-7.231	5.674	0.4932	-9.459
1.500005777e12	-7.778	-9.534	2.729	-9.714	0.9888	2.922	4.326	5.637	1.189
1.500005778e12	9.846	-0.553	1.323	-2.812	-3.282	-6.307	3.08	-5.798	-7.324
1.500005779e12	8.727	-9.335	-8.387	5.175	7.994	7.369	3.271	3.811	-2.308
1.50000578e12	4.672	-0.5762	0.8411	-0.3528	-4.596	-1.396	3.365	7.924	5.962
1.500005781e12	-0.9082	-4.905	-1.965	4.104	8.165	4.172	0.7068	-5.431	3.424
1.500005782e12	-8.727	1.802	8.152	-2.312	1.495	6.149	-7.345	-4.487	8.666
1.500005783e12	-7.993	-0.1257	-5.056	-7.579	-7.181	0.9973	-3.948	-4.855	4.291
1.500005784e12	4.53	-3.37	8.104	8.146	3.468	2.202	-5.044	0.1074	3.464
1.500005785e12	-0.5164	3.096	0.5164	3.702	3.534	3.32	-6.19	2.783	-6.553
1.500005786e12	4.901	-1.046	1.416	-5.295	-8.291	-1.722	2.396	8.236	-8.047
1.500005787e12	9.006	-3.553	-4.269	9.29	2.523	7.968	8.154	-8.584	7.308
1.500005788e12	-5.005	0.8032	-0.6091	-3.416	3.981	-1.913	9.563	8.931	-2.775
1.500005789e12	-4.347	-0.2173	7.643	-6.105	4.032	7.423	0.21	-3.342	-1.11
1.50000579e12	-2.118	-8.535	-2.19	-4.172	1.991	-5.258	8.131	8.142	-0.05859
1.500005791e12	-2.745	-5.248	-1.774	2.621	-1.127	2.677	8.727	-7.737	8.821
1.500005792e12	2.394	2.41	1.688	7.17	-1.635	-5.604	2.965	9.319	-5.695
1.500005793e12	3.89	-7.589	2.268	-7.231	-0.5286	5.455	-5.972	9.668	6.898
1.500005794e12	1.382	-4.222	4.885	2.498	6.082	8.81	-1.785	-7.656	-7.817
1.500005795e12	-4.661	4.271	-1.545	0.9021	4.468	-3.135	-9.075	-3.79	4.786
1.500005796e12	-0.2307	-2.095	6.748	-1.934	-0.7422	-3.601	3.882	7.864	2.487
1.500005797e12	8.169	-2.786	1.533	-8.021	2.86	-6.316	3.052	6.206	2.178
1.500005798e12	3.459	4.493	7.123	1.907	-3.519	1.46	7.944	5.543	7.164
1.500005799e12	1.868	-1.661	-2.913	3.009	-1.533	-5.328	-1.858	8.269	-1.438
1.5000058e12	1.136	2.064	-7.661	0.7288	-8.765	-4.543	0.509	8.455	6.562
1.500005801e12	4.275	1.277	-2.651	1.669	-4.5	-3.413	-6.111	0.5078	1.251
1.500005802e12	-9.282	-9.795	-3.826	4.769	8.641	5.751	-1.339	5.884	6.903
1.500005803e12	9.071	9.529	-4.285	2.572	1.014	4.183	-5.652	7.151	2.693
1.500005804e12	-5.214	-8.066	-1.141	-1.682	-6.748	8.82	-0.1965	3.412	-5.316
1.500005805e12	7.799	2.421	-1.503	4.485	-5.87	7.845	3.534	-7.738	-7.106
1.500005806e12	5.043	2.278	-0.05615	-4.348	-9.253	6.52	9.736	-3.48	4.467
1.500005807e12	2.356	3.96	-5.479	8.756	9.803	1.94	4.453	5.92	4.619
1.500005808e12	0.4529	-6.442	6.162	-6.704	5.321	6.348	4.946	3.904	2.64
1.500005809e12	-7.726	7.214	-5.475	8.735	-4.53	9.374	-2.001	4.636	9.559
1.50000581e12	-6.478	0.1184	-6.873	-1.558	0.05493	2.506	-9.442	8.915	7.678
1.500005811e12	3.574	-5.392	-4.293	-5.42	-3.318	-6.062	3.524	4.74	-1.108
1.500005812e12	-1.03	-8.406	3.616	1.259	5.15	-6.989	1.084	6.077	8.99
1.500005813e12	1.814	-3.508	-1.984	-9.712	-0.1709	3.638	-6.746	7.504	8.397
1.500005814e12	9.001	-4.417	8.003	-4.121	0.2625	5.284	5.862	5.461	4.265
1.500005815e12	-8.962	-7.444	-0.2173	1.837	3.817	2.451	3.501	-7.902	-2.721
1.500005816e12	5.072	2.471	-3.317	4.667	4.774	6.029	-8.259	-5.068	8.463
1.500005817e12	-9.342	-5.892	9.668	-0.1843	3.149	7.235	-1.228	3.005	-4.34
1.500005818e12	-6.732	-3.611	-8.665	-0.5774	-3.344	-1.145	-1.136	-0.3308	-7.709
1.500005819e12	3.107	6.157	-2.209	-4.952	-0.7312	-5.199	3.643	-6.447	3.656
1.50000582e12	-6.377	-9.552	-5.566	0.0293	-1.241	-7.668	-2.179	2.3	-0.2734
1.500005821e12	-9.852	6.028	-5.485	-1.102	2.509	3.123	3.215	-5.476	1.343
1.500005822e12	-0.7849	3.048	-0.5078	3.087	4.879	2.631	8.522	-7.665	-6.859
1.500005823e12	7.111	8.224	-5.701	-4.932	-7.028	7.114	0.5054	5.865	-0.2502
1.500005824e12	8.031	-5.552	5.476	-3.17	6.996	-9.713	5.623	8.666	-4.695
1.500005825e12	-7.476	0.7825	0.3564	4.821	9.238	4.218	-6.565	6.553	-9.052
1.500005826e12	-8.442	-8.071	-6.143	5.496	-4.701	5.885	4.388	-0.5151	4.152
1.500005827e12	-6.971	2.479	-2.418	1.019	2.957	3.112	5.533	-0.5371	6.899
1.500005828e12	-3.866	-9.529	2.611	-0.4871	7.249	-0.6067	-1.757	0.459	3.792
1.500005829e12	-1.233	-0.9009	3.293	1.974	4.092	-9.518	-3.085	-6.552	-1.67
1.50000583e12	3.925	-1.902	0.9424	9.42	2.175	4.918	7.549	-7.665	3.491
1.500005831e12	7.731	6.39	0.7751	-0.741	8.282	-6.017	-8.506	-1.16	-7.679
1.500005832e12	1.443	3.153	-5.325	-9.686	-0.7153	-5.374	0.4761	-8.308	-3.14
1.500005833e12	-3.801	2.953	7.437	-3.575	5.681	7.145	1.136	-2.668	-1.959
1.500005834e12	4.517	-2.715	6.704	-4.871	-5.748	-0.3149	-8.186	-0.5237	6.52
1.500005835e12	-1.143	-3.611	-7.671	-7.109	9.381	3.547	-3.363	-0.8899	8.75
1.500005836e12	2.576	-6.285	8.84	3.186	8.916	4.867	-1.353	-0.1904	-8.634
1.500005837e12	-4.906	-4.844	-3.481	-7.509	4.07	1.16	2.698	-6.129	-6.49
1.500005838e12	-5.645	-3.845	-5.354	2.86	1.094	6.407	1.76	-5.829	-8.016
1.500005839e12	-1.006	-7.383	9.911	-8.949	-5.496	5.251	-6.53	8.325	3.91
1.50000584e12	-9.143	8.624	-4.496	-0.1013	3.54	5.288	6.426	5.663	-1.975
1.500005841e12	-1.963	8.53	-4.016	7.81	7.471	8.502	3.324	-3.896	6.438
1.500005842e12	-5.895	0.5432	-2.433	-2.616	-5.785	4.663	-1.375	-1.029	5.374
1.500005843e12	1.307	-4.688	-1.77	8.755	-5.286	-5.631	-3.904	6.329	-3.472
1.500005844e12	-7.46	6.698	2.637	6.801	-6.305	1.095	-6.919	3.519	-5.933
1.500005845e12	8.347	-9.463	-9.266	-9.377	6.986	-6.093	-6.572	5.809	-4.736
1.500005846e12	-1.023	9.352	1.23	0.5981	3.293	-5.885	4.984	2.966	-1.868
1.500005847e12	-4.054	-1.655	8.765	-3.396	-9.899	3.06	-2.855	0.4065	3.853
1.500005848e12	2.963	1.45	7.136	-5.083	5.521	3.583	-9.305	-5.514	-3.623
1.500005849e12	-0.6689	-6.05	1.034	-2.883	-3.904	-1.66	-9.547	4.52	9.609
1.50000585e12	-9.575	7.979	-4.633	3.445	4.971	-9.464	9.976	0.8252	1.31
1.500005851e12	9.939	-0.1648	-6.881	7.795	7.932	3.219	1.262	-8.21	0.8154
1.500005852e12	-7.831	8.157	-5.155	3.156	-4.392	-9.563	2.936	-7.179	-3.961
1.500005853e12	-7.561	-1.642	8.351	-7.526	-1.227	3.098	-2.562	-7.061	-1.945
1.500005854e12	-3.899	-3.276	3.949	-4.93	-8.6	5.09	-1.683	3.206	3.693
1.500005855e12	-2.533	0.7275	8.392	7.642	-0.9033	-0.459	-2.028	-9.849	9.697
1.500005856e12	-2.344	-8.534	5.669	8.342	8.629	4.88	0.6006	9.973	6.533
1.500005857e12	-5.58	-8.433	2.709	-6.626	4.771	4.675	4.136	5.104	7.928
1.500005858e12	0.01953	-2.673	-5.004	7.341	-8.428	-0.1477	8.512	2.986	-7.299
1.500005859e12	9.402	8.63	-9.287	-6.768	-4.342	5.114	4.943	3.342	7.749
1.50000586e12	-3.362	-9.268	-4.531	9.565	8.302	7.865	-5.045	-6.375	2.927
1.500005861e12	-3.363	-2.928	0.2087	8.916	-2.048	3.406	-8.657	5.927	-1.829
1.500005862e12	2.303	6.637	3.876	-2.445	2.721	-5.181	-7.355	-7.484	-0.7715
1.500005863e12	3.278	-9.528	3.287	-5.598	-5.593	-3.539	-2.094	-7.439	0.1355
1.500005864e12	5.549	-2.404	-6.592	1.389	-1.515	-6.637	9.314	-1.602	3.359
1.500005865e12	-0.03784	-4.735	9.137	1.235	-6.923	2.296	-6.94	0.8386	-5.612
1.500005866e12	-2.056	7.312	1.362	-3.927	7.476	-6.469	9.824	-6.511	-8.956
1.500005867e12	9.496	0.8032	3.867	-6.812	0.7043	-9.044	-0.3223	-4.012	6.196
1.500005868e12	8.322	-4.366	-8.956	-7.864	9.813	0.7605	-4.889	5.745	0.199
1.500005869e12	7.527	-6.328	8.552	-3.821	1.74	1.631	-4.413	0.5481	6.42
1.50000587e12	-7.694	9.915	0.7617	0.5798	-0.3845	6.599	8.843	7.172	-0.02319
1.500005871e12	5.276	-5.162	-2.91	4.812	-9.988	4.72	6.71	5.699	3.66
1.500005872e12	-0.9241	9.055	0.5664	5.361	4.261	8.942	5.017	2.538	-3.689
1.500005873e12	-2.919	-5.706	0.5066	8.162	-1.545	-6.523	-0.4626	-2.545	-8.824
1.500005874e12	7.583	1.528	9.758	-9.231	1.237	0.3284	4.476	-2.917	-4.949
1.500005875e12	8.135	2.867	8.245	2.677	-8.213	-3.214	-5.334	0.6433	5.267
1.500005876e12	6.395	-8.488	9.434	5.704	6.521	-9.34	6.997	-3.466	-4.282
1.500005877e12	7.351	-1.168	-3.109	8.069	7.231	-5.031	-2.968	-0.3491	-2.253
1.500005878e12	4.668	2.411	-9.917	-2.751	-7.314	-6.178	-9.495	-2.288	0.7935
1.500005879e12	1.027	7.838	-7.039	-7.509	-3.505	-2.206	2.263	6.558	2.328
1.50000588e12	8.141	-0.5969	-1.903	-2.462	-8.875	8.492	6.279	-6.411	1.229
1.500005881e12	-6.095	1.979	-7.339	-9.076	9.75	5.422	0.3796	-1.462	6.962
1.500005882e12	-5.314	3.285	9.521	3.634	-6.116	1.798	-2.01	7.477	5.753
1.500005883e12	-7.225	8.073	5.653	9.94	-6.04	-6.674	3.258	7.786	1.482
1.500005884e12	-8.987	-3.655	5.842	-5.214	0.09766	-9.039	8.779	-4.052	2.798
1.500005885e12	-5.677	-7.714	-0.9192	0.658	8.311	-6.324	4.387	-2.606	0.8252
1.500005886e12	-3.712	-1.664	5.953	-5.151	-2.123	1.689	-7.106	-0.1001	8.605
1.500005887e12	-9.958	9.501	7.189	8.667	-4.155	-2.261	6.302	4.131	-8.774
1.500005888e12	7.314	1.101	3.806	-2.096	6.017	-6.101	-9.169	3.917	4.186
1.500005889e12	9.779	-7.313	0.3101	-9.169	2.93	4.379	-0.3369	-1.99	4.934
1.50000589e12	-5.89	-2.009	2.412	-3.606	9.432	4.523	5.24	6.433	-4.917
1.500005891e12	3.583	-9.556	-4.907	7.277	2.496	9.832	-1.516	-3.315	9.379
1.500005892e12	-0.5188	-4.177	4.955	-1.273	-5.321	-8.65	-3.296	3.186	-9.183
1.500005893e12	2.561	8.282	-8.278	-0.2087	5.869	1.997	8.748	2.72	6.691
1.500005894e12	-0.5664	-6.638	-5.419	6.842	3.906	-2.96	1.987	-9.053	-4.707
1.500005895e12	-7.488	-1.608	8.121	-8.796	7.681	8.794	9.084	-1.87	5.435
1.500005896e12	6.19	3.776	-0.6213	9.293	6.284	-1.033	4.636	-9.59	-8.994
1.500005897e12	2.488	8.398	-0.5151	-2.208	7.262	0.1208	-8.011	1.151	1.229
1.500005898e12	0.7141	-5.3	-6.843	6.062	4.633	-8.594	-8.679	2.296	5.134
1.500005899e12	3.923	-8.455	8.23	8.118	1.272	2.139	-6.23	7.596	7.283
1.5000059e12	-5.337	-8.624	-9.658	7.078	-5.576	1.959	8.354	-3.362	-5.579
1.500005901e12	-0.6226	-9.767	-6.912	-8.676	3.474	-9.846	8.142	3.138	-4.241
1.500005902e12	2.847	-9.937	-2.783	9.149	3.177	-3.138	-6.387	4.542	9.799
1.500005903e12	-8.176	6.342	-6.211	-5.358	-6.189	-8.516	-8.215	3.308	-5.483
1.500005904e12	8.64	8.167	1.718	3.832	3.191	-1.503	-2.881	-3.669	0.09399
1.500005905e12	-2.02	2.083	-9.845	-0.7678	-4.641	-3.583	2.694	-1.77	2.568
1.500005906e12	-6.111	8.479	7.035	2.079	1.011	4.633	-0.4565	3.739	3.945
1.500005907e12	-6.216	6.98	-0.2954	-0.5786	0.4102	8.921	8.593	4.658	-1.033
1.500005908e12	-4.767	-9.025	-2.438	7.097	6.396	3.146	9.633	-7.339	2.548
1.500005909e12	-1.067	5.507	8.105	-6.566	6.506	-9.39	-7.266	3.969	3.525
1.50000591e12	-5.962	-7.837	-6.803	-4.512	9.709	-7.155	5.125	-3.845	-9.515
1.500005911e12	-9.51	3.007	1.124	-1.401	0.3296	6.771	2.639	-6.318	3.705
1.500005912e12	7.76	-6.672	-5.957	7.405	9.009	5.771	-8.035	1.866	4.883
1.500005913e12	-1.798	-2.159	-2.339	2.882	-5.326	6.42	6.156	6.251	-1.372
1.500005914e12	-6.853	-6.283	2.954	-9.194	-7.804	0.3125	1.212	9.811	-4.491
1.500005915e12	-5.242	-9.482	2.527	-4.702	2.732	-7.418	-7.992	7.645	3.154
1.500005916e12	-9.841	3.976	0.9314	6.313	2.052	-1.353	-6.012	1.61	4.171
1.500005917e12	9.631	0.4297	0.9851	-1.747	-9.745	0.3625	-2.413	0.1172	-7.927
1.500005918e12	1.514	5.015	4.9	-8.267	-3.572	-7.256	1.79	9.467	2.246
1.500005919e12	-0.2808	-9.509	5.919	5.433	-6.339	5.242	-0.3003	-6.438	-3.958
1.50000592e12	-4.818	2.206	-5.45	-4.579	-3.657	-4.585	-7.566	-4.966	3.977
1.500005921e12	-5.587	2.13	2.704	3.562	7.329	2.947	-3.494	-1.339	-0.09644
1.500005922e12	0.07202	-9.723	-1.045	-7.284	-4.706	-6.895	-5.485	-3.795	3.49
1.500005923e12	5.444	-8.641	-6.57	1.566	1.262	3.18	-6.34	9.028	1.61
1.500005924e12	-0.6897	3.353	-4.7	4.203	3.879	7.443	-1.536	-7.882	-4.943
1.500005925e12	2.914	-1.154	3.855	-9.42	-7.648	-9.794	-0.293	-4.285	-8.916
1.500005926e12	-9.214	-9.042	-3.994	-8.375	5.302	-2.375	6.034	-8.835	-7.393
1.500005927e12	7.616	2.411	4.197	1.249	-6.57	1.191	-0.09888	-6.737	-0.3992
1.500005928e12	3.624	-7.329	-4.012	-4.406	-2.343	8.339	7.469	7.758	7.736
1.500005929e12	4.045	1.25	-0.4175	9.631	1.329	-9.924	8.898	2.615	5.129
1.50000593e12	-1.252	-3.19	5.663	5.947	-8.86	-1.488	6.401	-2.128	-4.513
1.500005931e12	-3.619	-4.565	0.813	6.642	-4.618	-5.575	-9.96	-5.729	2.329
1.500005932e12	0.6665	-1.411	-7.917	3.411	2.426	-3.369	2.258	4.955	-4.861
1.500005933e12	2.28	-0.9924	-6.814	-8.167	8.728	8.876	-8.767	5.128	4.545
1.500005934e12	-8.319	-9.806	7.278	-2.958	1.118	-4.1	6.754	8.173	3.347
1.500005935e12	7.717	-3.51	-2.737	2.466	-2.446	-8.364	-0.6555	5.642	-9.928
1.500005936e12	7.585	-1.445	-6.519	2.535	-6.437	6.807	-4.071	3.239	6.263
1.500005937e12	-9.077	3.181	-8.35	-1.672	-0.8423	-9.525	-3.102	-9.843	-2.219
1.500005938e12	-7.812	-6.899	-7.336	-7.206	3.944	7.179	-5.992	3.921	1.047
1.500005939e12	2.219	7.444	-7.477	-5.673	2.948	7.505	-0.498	3.965	-3.955
1.50000594e12	6.329	2.024	-3.312	-9.352	7.948	-7.822	-4.172	-2.618	4.264
1.500005941e12	-1.44	5.251	-2.78	-2.426	6.46	-6.349	9.431	-9.716	6.622
1.500005942e12	-0.1892	2.466	-7.581	0.8228	-0.7288	-8.601	1.765	-6.45	4.761
1.500005943e12	-6.301	-7.191	-6.639	7.64	2.102	1.853	3.058	-8.951	-1.707
1.500005944e12	-1.65	6.201	7.104	7.589	-8.165	-0.1343	8.308	-8.325	9.904
1.500005945e12	-1.274	1.351	-8.955	2.87	-9.642	8.54	8.49	4.595	-3.228
1.500005946e12	2.642	4.41	-1.86	7.81	6.27	-1.66	-0.8459	5.457	-0.3979
1.500005947e12	8.625	8.567	-5.498	-1.169	-6.232	-2.766	-5.405	2.815	6.339
1.500005948e12	-9.552	6.527	9.568	5.74	1.75	5.237	7.534	8.705	-9.404
1.500005949e12	3.669	-1.652	-1.509	-5.928	-7.406	-7.333	-8.962	-5.129	-2.264
1.50000595e12	-7.948	-0.2686	5.714	-8.925	-3.412	3.779	-5.303	-2.976	9.761
1.500005951e12	-7.505	1.52	-4.501	2.423	-4.004	9.908	-0.2759	3.615	1.699
1.500005952e12	-7.345	-8.07	-1.581	-1.229	-7.108	7.185	-1.415	-2.698	-6.345
1.500005953e12	-6.46	3.607	6.632	0.1221	3.156	-9.434	-5.336	6.814	0.9497
1.500005954e12	2.908	4.189	-7.478	1.096	0.7141	1.989	-2.214	-4.995	7.863
1.500005955e12	-5.713	2.051	-6.758	-1.072	-3.105	9.469	-9.565	-1.122	-9.167
1.500005956e12	-7.231	-9.679	-0.01953	1.853	-4.994	9.775	-2.262	-7.096	1.902
1.500005957e12	8.862	9.835	-1.935	3.085	8.728	-0.6421	8.024	4.875	-5.4
1.500005958e12	1.385	6.198	1.677	-8.38	-3.706	1.904	5.935	7.397	4.96
1.500005959e12	3.577	8.414	-5.518	5.955	-4.141	6.583	7.017	-4.205	-0.293
1.50000596e12	7.957	8.033	1.765	9.985	-0.21	-4.325	-3.033	6.982	3.657
1.500005961e12	0.4639	1.552	-8.254	7.848	-2.004	2.455	-2.498	9.321	-9.38
1.500005962e12	9.526	1.257	6.245	-1.008	3.207	9.407	-4.718	8.42	6.129
1.500005963e12	3.304	9.727	5.327	-0.6287	-3.947	8.301	6.698	1.442	0.8179
1.500005964e12	6.786	4.236	-3.379	-8.617	6.333	4.958	3.01	9.355	-2.942
1.500005965e12	-2.031	-5.143	2.819	8.669	-1.055	-9.436	-4.923	-9.22	7.872
1.500005966e12	2.043	-4.822	5.275	7.633	0.8472	-9.02	-7.324	1.399	-6.387
1.500005967e12	-6.671	-6.802	3.721	7.363	9.358	-8.262	3.091	4.086	-3.998
1.500005968e12	-1.724	-9.888	-3.741	-9.429	6.542	2.753	2.499	-5.883	-1.892
1.500005969e12	7.579	-5.829	-5.458	2.372	-0.1819	6.57	4.392	3.354	5.157
1.50000597e12	6.758	-6.576	-8.693	-6.267	1.057	-7.939	4.242	9.423	3.837
1.500005971e12	3.375	-2.814	-1.292	-8.717	-7.799	-0.1575	-7.113	-1.641	8.092
1.500005972e12	9.928	-1.273	-1.793	-0.1453	9.656	0.6458	-3.601	-3.245	8.74
1.500005973e12	-8.604	-1.484	-8.053	0.1819	5.586	-5.314	-1.926	7.627	3.224
1.500005974e12	-7.113	4.318	-5.471	-9.298	-5.219	2.977	-2.213	-8.18	5.082
1.500005975e12	-8.87	-9.332	0.7422	-8.234	-2.716	0.03784	1.959	-7.637	6.484
1.500005976e12	-9.597	-6.252	-5.98	-6.803	-8.405	-5.378	-5.701	8.715	4.159
1.500005977e12	-1.025	3.472	-0.6531	9.806	6.644	-5.73	-7.148	1.835	8.284
1.500005978e12	3.271	-2.861	-7.399	6.012	-6.792	-2.915	3.428	-5.503	6.484
1.500005979e12	-4.133	1.4	-4.85	7.594	3.119	-0.7397	9.771	-1.528	3.07
1.50000598e12	-0.4651	-3.527	-3.766	5.172	-1.344	1.034	7.548	3.998	3.347
1.500005981e12	-0.4443	9.177	-1.378	5.227	1.952	1.218	1.349	6.936	4.021
1.500005982e12	-5.66	-1.981	-4.427	-6.239	-6.494	-2.467	5.618	-0.9814	-2.614
1.500005983e12	-9.854	-9.374	0.9192	-7.38	9.924	9.954	-8.073	-2.954	8.87
1.500005984e12	6.226	8.101	-5.785	8.252	4.543	1.509	-8.174	6.205	2.411
1.500005985e12	0.78	5.962	-2.932	7.344	-9.445	2.432	-7.913	-7.789	-6.938
1.500005986e12	4.717	-4.592	-4.722	-3.44	-4.006	-3.754	-7.458	-8.773	5.527
1.500005987e12	-5.952	-9.238	-7.911	-0.2478	-4.553	-2.289	9.96	-9.799	-5.397
1.500005988e12	7.96	3.143	3.168	4.032	-6.432	-0.791	-2.993	-2.786	-0.835
1.500005989e12	-8.521	0.04883	-8.597	-3.928	2.612	9.498	0.6018	6.227	-5.524
1.50000599e12	-9.163	0.1123	8.517	4.611	-2.156	2.802	-5.109	-2.867	5.276
1.500005991e12	-1.368	-0.7495	-1.646	-7.723	9.778	1.91	-6.176	3.735	-0.2161
1.500005992e12	-6.409	7.09	-6.45	-7.214	-1.08	-1.871	-9.481	-9.949	-2.986
1.500005993e12	-7.058	-0.4724	-5.01	-4.249	-1.467	-3.586	7.283	-6.792	-0.9717
1.500005994e12	3.556	-1.294	-2.82	3.867	2.295	-0.9924	-2.377	-3.125	7.931
1.500005995e12	8.008	6.945	-2.665	-6.776	7.758	7.805	9.26	2.467	2.931
1.500005996e12	-3.383	2.059	-8.519	-6.564	-3.193	9.473	-1.797	-8.623	9.868
1.500005997e12	-3.639	1.212	5.78	-7.343	-6.943	0.4736	4.734	3.646	1.444
1.500005998e12	-9.961	7.191	-5.896	8.981	-5.431	-0.4199	0.835	0.8069	4.752
1.500005999e12	1.294	-9.115	6.368	-0.4968	6.281	8.765	9.662	2.112	7.882
1.500006e12	8.704	5.007	4.418	8.599	4.47	1.703	9.827	-9.552	7.328
1.500006001e12	7.303	-8.033	-4.026	-2.311	8.617	2.585	7.159	-6.65	-8.013
1.500006002e12	-8.839	-5.414	4.731	1.514	1.57	-5.507	8.694	-7.948	-5.984
1.500006003e12	5.874	-7.04	-3.694	0.7751	0.824	1.473	4.154	-0.6421	-6.703
1.500006004e12	9.204	-1.946	-0.8875	8.12	5.765	-9.255	-6.643	-1.196	-1.542
1.500006005e12	-8.085	-7.256	-1.713	9.401	-1.552	0.376	3.789	-7.819	6.05
1.500006006e12	2.356	6.421	2.056	-7.206	0.592	-6.19	-3.248	-0.3442	5.602
1.500006007e12	-1.201	-3.04	-7.073	1.407	7.828	-7.499	0.001221	-1.106	5.946
1.500006008e12	9.583	5.845	-7.152	-5.742	-3.778	-4.078	-9.943	0.8142	3.158
1.500006009e12	5.817	9.164	-2.762	-8.63	7.509	-0.7434	1.617	6.591	-8.687
1.50000601e12	-3.68	2.544	1.409	-8.391	-5.536	-3.014	-6.547	-0.3699	7.417
1.500006011e12	-7.874	-6.259	-0.7092	-1.161	-5.859	6.592	-7.662	6.963	9.657
1.500006012e12	-7.5	-0.2148	-4.913	8.433	4.053	2.817	7.1	7.572	-4.692
1.500006013e12	5.237	-3.864	8.984	-5.287	-0.8765	-6.964	-3.358	0.8936	4.274
1.500006014e12	9.159	0.01709	-6.907	0.8252	-1.462	2.993	9.514	-0.2051	9.491
1.500006015e12	-0.1038	3.369	2.512	-2.085	7.777	-5.096	-1.094	-3.368	-2.039
1.500006016e12	9.683	4.521	6.272	2.679	5.675	9.614	3.481	-2.22	5.122
1.500006017e12	-4.429	-6.802	1.649	-7.094	-4.692	9.093	2.646	9.105	6.44
1.500006018e12	-4.755	7.698	-1.116	-6.376	-9.556	9.76	-7.335	1.787	1.459
1.500006019e12	5.128	2.162	3.607	-2.596	7.823	-2.341	1.851	-4.968	9.513
1.50000602e12	-2.579	9.923	-2.518	-1.487	-2.733	7.928	0.1929	-2.183	-9.34
1.500006021e12	-8.341	-7.325	-8.939	-0.9753	-0.5908	2.649	-5.848	2.185	7.56
1.500006022e12	-7.263	0.4333	-8.607	-7.617	1.715	5.067	1.422	3.472	-1.888
1.500006023e12	-6.583	-6.566	-3.301	9.998	4.276	-8.671	6.665	-9.412	-4.76
1.500006024e12	-7.971	-2.101	6.442	8.195	-8.407	-2.491	1.755	-6.726	0.9412
1.500006025e12	9.23	-0.5237	5.087	-4.198	5.201	-8.282	9.891	8.152	5.225
1.500006026e12	3.362	3.442	5.649	9.188	-6.851	2.194	-6.292	-3.474	0.4382
1.500006027e12	-8.545	4.285	-6.405	4.193	-9.282	1.149	3.748	9.79	7.385
1.500006028e12	-3.829	-3.616	-9.083	-2.478	-5.739	9.441	9.039	4.695	-7.561
1.500006029e12	7.069	-9.053	-7.194	7.549	-9.276	-6.708	-7.004	0.08423	-8.662
1.50000603e12	2.368	7.367	9.294	9.034	8.431	-7.368	-2.225	5.026	-5.256
1.500006031e12	-6.726	-0.1331	-6.848	-5.135	-1.27	9.53	1.807	-7.887	5.104
1.500006032e12	5.386	4.703	-3.519	-1.022	0.8655	-5.3	6.776	1.302	-5.599
1.500006033e12	-9.479	5.123	0.0647	-7.039	6.135	-6.522	4.492	-7.913	-4.415
1.500006034e12	8.583	-9.741	-6.584	5.64	-8.212	7.529	-6.172	-3.38	0.3833
1.500006035e12	-1.921	8.182	7.393	4.993	-4.362	-0.5396	-1.252	8.379	-4.647
1.500006036e12	1.244	7.723	9.513	5.396	4.519	-9.635	7.633	0.2527	-7.01
1.500006037e12	7.826	-1.996	-0.6763	-5.25	8.263	1.98	-7.504	-5.314	2.191
1.500006038e12	3.771	-2.432	1.852	2.092	-8.234	-9.866	-8.81	-1.598	-4.546
1.500006039e12	3.811	-1.227	-3.226	0.8374	2.782	-4.757	8.588	0.9888	7.352
1.50000604e12	0.1782	6.482	-7.468	-2.755	-2.136	1.439	-7.552	-8.993	2.772
1.500006041e12	8.872	0.8459	5.148	-7.5	-6.731	-5.422	-0.4016	-8.708	9.259
1.500006042e12	-3.998	6.735	6.155	2.439	4.218	-8.27	-7.546	3.596	-7.921
1.500006043e12	1.344	-6.621	2.515	-4.541	9.407	8.702	9.802	-1.486	-9.075
1.500006044e12	-3.016	9.427	7.566	0.5701	-9.182	2.09	-1.299	-5.266	-8.298
1.500006045e12	-3.152	-4.645	9.647	-3.026	-9.351	-5.917	9.775	5.267	0.5127
1.500006046e12	-2.505	0.1196	3.838	0.4285	-1.134	-4.833	5.06	-3.439	-5.974
1.500006047e12	-0.1099	9.401	1.51	-1.863	-5.925	-3.844	9.12	3.804	-4.335
1.500006048e12	0.415	-2.062	-4.808	-6.36	2.753	-3.48	2.362	4.192	8.754
1.500006049e12	4.507	-1.771	-7.998	-9.29	8.03	-9.58	5.551	-6.198	-7.589
1.50000605e12	-4.878	-0.08545	-2.863	-2.048	6.079	8.201	6.494	2.24	3.347
1.500006051e12	-6.326	2.526	5.133	0.199	-2.863	-5.49	2.992	0.9253	-7.177
1.500006052e12	-8.033	4.187	1.595	3.881	-2.212	3.926	6.324	-1.896	3.411
1.500006053e12	-9.694	2.39	-3.989	8.364	-0.9326	1.859	-2.997	-7.38	3.691
1.500006054e12	6.625	8.203	4.109	-2.125	6.189	-4.833	9.412	9.181	2.933
1.500006055e12	3.177	-2.675	6.157	-0.4175	-8.827	-4.115	-6.39	-7.163	5.173
1.500006056e12	-9.026	-3.577	-0.01953	-7.505	9.417	-2.097	5.494	8.218	4.141
1.500006057e12	-3.843	4.142	-7.567	0.3259	6.328	1.807	2.001	-4.865	9.678
1.500006058e12	-0.6799	1.752	-8.346	-5.485	-2.992	-5.427	7.439	5.157	-9.794
1.500006059e12	-2.594	-5.331	6.147	-4.346	3.525	-7.114	2.281	-4.606	-5.288
1.50000606e12	3.607	9.27	2.217	0.9753	3.525	9.414	-1.802	5.394	-2.598
1.500006061e12	-2.209	-6.678	-5.469	2.81	-0.1123	-3.34	7.723	5.101	4.969
1.500006062e12	5.906	-3.958	5.352	2.311	7.365	-3.629	-1.829	-2.158	-3.877
1.500006063e12	2.693	6.532	2.246	6.208	9.474	4.104	-3.182	-1.335	9.991
1.500006064e12	5.77	6.487	3.528	4.121	-8.971	-8.301	6.18	-7.93	3.225
1.500006065e12	8.843	-5.319	-9.414	-6.586	4.21	-1.453	2.321	-3.091	-5.61
1.500006066e12	0.4077	-6.227	-4.659	1.508	2.539	-2.894	-5.988	-8.242	9.595
1.500006067e12	-0.3076	6.959	-9.603	5.488	7.024	7.574	-8.375	0.9717	0.7166
1.500006068e12	-0.4346	-8.663	-4.958	7.333	4.668	6.931	1.505	2.948	-2.952
1.500006069e12	-8.782	-0.4028	-4.083	1.171	9.037	-1.289	9.875	-1.504	2.118
1.50000607e12	-9.252	-0.2563	-5.571	4.236	7.821	2.791	3.448	-1.005	1.45
1.500006071e12	0.5774	7.783	3.998	5.145	-0.8069	8.004	6.608	4.264	-1.94
1.500006072e12	-8.339	3.127	-0.2222	1.986	-4.521	2.046	-1.825	-8.58	-5.557
1.500006073e12	-1.755	2.397	4.637	-4.556	0.08057	2.345	-7.706	-9.641	-1.245
1.500006074e12	6.949	6.455	1.58	-9.214	5.538	-5.029	0.07935	-4.357	4.291
1.500006075e12	-5.615	-1.044	-3.777	-1.117	5.547	2.631	5.183	-0.2991	2.311
1.500006076e12	9.292	-0.6677	-3.141	-2.074	6.627	-7.537	-7.258	-3.073	-9.382
1.500006077e12	-7.698	-4.528	-9.199	5.712	-3.022	8.019	-6.814	-4.764	-4.362
1.500006078e12	-7.241	0.3625	-4.958	-3.545	3.492	-0.007324	-4.447	-0.3955	-7.48
1.500006079e12	-7.935	3.374	6.216	-2.137	8.163	-0.3662	-0.8264	8.209	-0.343
1.50000608e12	6.661	3.379	-9.257	9.507	-2.904	0.5103	0.2539	2.151	0.3699
1.500006081e12	-4.072	-4.825	3.811	9.695	9.432	-8.142	0.007324	2.169	6.232
1.500006082e12	9.124	4.962	-4.243	-1.044	-4.78	7.622	7.507	9.736	7.419
1.500006083e12	-3.093	-0.7898	1.647	-6.61	-5.966	-4.919	-9.563	-8.016	5.742
1.500006084e12	1.328	3.502	-1.102	6.174	-2.515	2.04	-8.74	2.811	-9.718
1.500006085e12	-9.777	3.893	-5.535	7.13	-8.549	1.849	-9.805	5.679	9.165
1.500006086e12	4.233	-0.7385	-9.398	5.43	-6.913	6.997	8.961	4.579	5.109
1.500006087e12	-5.97	5.903	-7.891	5.126	4.432	2.113	-6.288	8.296	9.277
1.500006088e12	-0.7385	-7.717	-5.699	-1.46	9.668	-7.33	-6.743	8.304	-1.567
1.500006089e12	9.838	2.029	5.802	1.234	-8.574	6.62	9.587	-8.602	-7.601
1.50000609e12	-8.813	-4.274	8.855	-1.462	5.77	-0.3552	4.052	4.238	6.183
1.500006091e12	2.188	-3.947	-1.097	2.334	-9.766	-6.748	-1.97	-8.005	6.84
1.500006092e12	-7.158	8.022	-9.148	-8.328	-2.625	9.696	6.573	-7.159	9.745
1.500006093e12	5.137	2.847	8.055	5.449	0.3687	-9.645	4.033	-1.334	-3.929
1.500006094e12	-8.094	8.766	-6.321	-9.314	-1.332	-0.5798	-6.891	-4.493	-6.974
1.500006095e12	9.1	8.982	-3.7	-1.604	-0.7056	-8.541	-5.752	7.773	-1.571
1.500006096e12	4.122	9.028	-1.318	-4.049	6.438	0.1624	9.604	-5.378	-4.705
1.500006097e12	-1.086	-9.02	-9.153	4.457	9.026	-0.8911	-2.151	5.165	-6.597
1.500006098e12	2.557	0.2625	2.227	-2.598	-3.053	8.989	9.556	0.6653	-1.774
1.500006099e12	-2.434	-7.109	-6.051	-1.685	8.3	8.639	1.187	3.336	-3.687
1.5000061e12	3.071	6.514	-2.101	1.038	5.104	-8.695	3.48	3.522	3.616
1.500006101e12	1.182	-5.853	4.962	3.014	8.152	7.563	-2.598	9.796	-1.818
1.500006102e12	-3.108	-4.054	6.129	1.245	-0.01831	-3.779	9.933	6.301	-4.869
1.500006103e12	-4.814	-5.331	9.131	3.527	-1.501	-0.3687	-1.642	7.828	-6.237
1.500006104e12	1.685	-9.667	9.702	9.034	3.751	1.252	6.522	-0.5798	4.149
1.500006105e12	6.094	-2.435	-0.3882	-5.312	-8.402	9.102	-3.353	7.629	7.168
1.500006106e12	0.5237	-2.469	-7.487	-6.296	-9.153	0.8044	4.244	-3.722	-7.816
1.500006107e12	-7.673	-3.198	2.72	-1.602	5.974	-9.796	-9.832	-3.636	1.448
1.500006108e12	-4.275	9.921	8.871	-7.822	7.947	2.673	1.543	-5.204	-8.306
1.500006109e12	9.491	-4.113	1.333	6.122	-5.594	3.665	2.444	-3.888	-1.444
1.50000611e12	-3.394	-5.145	-7.405	5.481	-3.394	1.882	2.845	-8.89	-0.9827
1.500006111e12	-0.6079	-4.957	9.235	9.003	8.473	-3.86	0.9888	8.423	0.5884
1.500006112e12	0.9106	2.557	-1.534	-7.421	-7.809	9.084	1.21	2.231	-5.504
1.500006113e12	2.478	6.404	8.28	1.292	7.749	-1.438	1.226	-1.665	-4.476
1.500006114e12	-3.945	-8.232	1.841	0.3198	6.824	8.241	-7.351	0.02563	-2.197
1.500006115e12	8.861	2.681	-0.6104	8.745	1.631	-4.816	-3.267	-0.4675	-4.904
1.500006116e12	-2.136	6.52	-5.647	-1.619	-2.386	1.005	0.7837	-3.895	9.253
1.500006117e12	-7.142	-3.252	-8.824	7.996	2.102	8.849	-7.572	1.455	-8.606
1.500006118e12	-5.494	-7.131	1.281	-2.032	7.969	-5.725	-9.598	2.922	-2.605
1.500006119e12	-8.331	-1.335	1.311	6.597	-7.136	8.95	2.676	-7.842	-8.212
1.50000612e12	1.229	5.906	3.594	-1.356	-1.221	8.02	-1.228	9.969	2.236
1.500006121e12	9.559	4.575	-8.004	1.198	-4.517	-5.995	6.003	-9.646	5.016
1.500006122e12	-3.612	-3.48	4.102	1.73	9.742	-8.773	-6.804	-7.029	-1.256
1.500006123e12	-5.436	-0.8557	5.269	-1.943	-4.359	-4.31	0.8899	-9.347	4.401
1.500006124e12	3.718	-8.906	-7.465	1.783	-1.879	9.043	-1.407	-3.329	6.056
1.500006125e12	-0.8594	-3.376	2.373	-0.6213	1.106	9.227	4.16	9.05	-4.735
1.500006126e12	9.349	8.037	-0.7776	7.756	-5.986	-3.854	-2.131	-2.92	8.828
1.500006127e12	7.012	-6.809	6.365	-2.219	-3.296	-9.161	-7.941	9.329	-3.065
1.500006128e12	5.795	6.057	-1.879	1.104	7.81	7.439	7.71	-1.132	8.284
1.500006129e12	7.565	-3.041	6.886	-8.049	-9.524	1.05	4.432	-0.177	-9.8
1.50000613e12	2.687	-8.003	1.317	1.316	0.3748	5.413	1.813	6.438	-8.466
1.500006131e12	6.049	-6.085	-6.466	0.5615	-9.761	3.601	-9.495	6.155	-5.237
1.500006132e12	9.333	4.124	7.264	0.4895	8.013	-2.373	-4.813	0.2612	6.969
1.500006133e12	5.995	-1.211	8.569	-4.359	5.754	6.62	5.389	9.443	-6.711
1.500006134e12	-7.054	1.683	-7.439	7.085	3.318	7.128	-4.281	-7.211	-0.1953
1.500006135e12	7.516	2.849	-4.008	-3.341	8.381	-7.467	-4.539	-7.847	3.209
1.500006136e12	3.304	5.723	-3.335	2.662	4.681	-3.993	-9.722	3.486	-4.5
1.500006137e12	-9.629	9.795	2.781	9.863	6.482	-3.132	0	2.646	4.528
1.500006138e12	2.603	3.922	-7.574	-7.012	-8.	-8.063	1.821	5.291	8.417
1.500006139e12	5.616	-1.433	3.159	9.537	5.641	6.907	6.965	8.883	-8.356
1.50000614e12	4.672	1.722	-8.82	-0.6348	6.492	9.81	-4.403	3.203	-2.346
1.500006141e12	5.382	7.074	-7.841	9.087	3.027	5.187	3.527	4.159	8.737
1.500006142e12	-3.92	9.255	1.609	8.547	3.291	-0.7581	5.303	-6.461	-7.031
1.500006143e12	-2.158	4.581	-8.229	-4.85	-5.525	1.611	-4.186	9.238	-8.65
1.500006144e12	-4.465	-6.37	8.899	3.987	-0.9375	3.301	-7.128	-8.743	-5.421
1.500006145e12	-8.525	-8.317	9.314	-2.523	-6.647	0.3064	-3.157	-9.174	-2.391
1.500006146e12	9.557	5.415	-5.304	-9.757	-2.897	-1.237	3.901	0.7507	-4.689
1.500006147e12	-1.698	-1.431	-8.733	4.359	-5.802	-0.5188	-2.41	0.6189	-4.739
1.500006148e12	7.858	-0.9387	-1.295	2.249	-6.516	-8.546	-6.328	0.4114	5.195
1.500006149e12	-6.865	-5.974	-8.827	6.603	9.026	-8.741	0.6787	-1.321	-2.633
1.50000615e12	8.907	-7.073	3.462	6.74	-5.026	4.225	1.459	-5.759	-7.999
1.500006151e12	-3.97	-1.394	0.06836	-2.297	-6.493	0.9204	5.657	9.11	-0.332
1.500006152e12	6.781	7.538	-5.692	5.216	8.125	9.009	-5.635	1.642	-2.834
1.500006153e12	-4.004	-9.136	5.884	9.668	8.712	-1.774	4.137	6.326	-6.899
1.500006154e12	3.488	-0.7397	-0.7471	-8.845	9.595	-4.321	-8.69	-3.799	0.365
1.500006155e12	-2.493	-0.7336	-9.678	-2.622	-5.653	-1.202	0.2625	9.302	-5.09
1.500006156e12	-2.533	-6.621	0.5481	2.55	6.033	0.8582	4.458	-3.101	8.145
1.500006157e12	-4.733	-6.313	-6.362	-6.589	-5.079	-8.794	-1.117	-7.834	-9.492
1.500006158e12	-3.391	7.633	-9.29	5.845	7.179	-5.134	9.872	1.145	1.906
1.500006159e12	-3.542	-3.573	4.445	2.163	-0.8459	-4.786	8.389	2.643	-8.403
1.50000616e12	-0.3845	-5.026	7.687	-0.4077	3.739	-4.91	3.282	-3.442	-2.008
1.500006161e12	-4.174	-7.472	-5.422	4.368	4.695	-5.197	-5.944	3.044	-7.689
1.500006162e12	6.833	2.71	7.798	-1.459	-5.223	2.878	7.708	-1.541	1.331
1.500006163e12	-2.297	-5.499	9.225	-4.708	-8.94	6.121	8.39	4.819	8.959
1.500006164e12	-2.308	1.383	0.4858	8.456	-9.352	9.44	7.272	-5.557	-2.614
1.500006165e12	9.878	1.825	3.849	2.49	-3.541	3.219	-9.652	6.454	-5.483
1.500006166e12	5.378	-5.221	5.238	-7.477	-9.59	-1.084	9.822	-4.821	4.895
1.500006167e12	-4.534	-7.694	-9.042	7.814	2.357	-8.918	5.032	9.097	1.868
1.500006168e12	8.914	-2.468	6.04	-0.2917	9.613	1.318	-4.456	3.513	6.552
1.500006169e12	-8.424	-8.226	6.881	-0.9583	-2.211	2.455	-9.065	-2.343	-6.752
1.50000617e12	3.341	2.273	3.843	-7.083	1.023	3.936	7.897	-3.433	1.741
1.500006171e12	3.466	-5.576	2.668	-3.501	9.038	-2.133	3.566	-0.5261	-9.402
1.500006172e12	1.98	8.972	-0.5969	-0.01343	-9.861	6.733	-3.497	1.58	-5.585
1.500006173e12	6.237	9.182	-9.741	7.679	-5.787	9.438	8.567	7.599	-5.505
1.500006174e12	5.485	-2.936	2.374	-3.044	-7.227	-4.554	4.863	2.266	6.874
1.500006175e12	-7.777	5.952	-8.593	9.692	7.108	-0.3003	-1.467	8.91	7.26
1.500006176e12	-5.748	-9.005	1.986	-4.203	0.8264	2.014	2.155	-9.62	6.68
1.500006177e12	7.551	-5.746	5.718	-7.712	-5.546	7.324	-2.878	-6.011	-4.561
1.500006178e12	9.237	9.641	4.918	-2.538	3.964	3.352	-0.6396	1.857	6.919
1.500006179e12	0.387	3.129	-1.135	0.7495	9.023	-3.329	-1.432	0.07446	-8.511
1.50000618e12	9.847	-8.879	1.648	4.834	-0.3235	8.519	-9.	-8.872	-7.664
1.500006181e12	6.605	8.174	-4.747	-5.565	-9.385	-3.435	7.104	4.902	9.514
1.500006182e12	6.963	7.067	-1.149	-3.422	7.968	-9.254	9.44	-0.47	-3.27
1.500006183e12	-2.688	3.899	-6.396	-3.209	-1.149	3.549	-6.493	-4.154	2.251
1.500006184e12	5.819	-3.666	2.704	-0.1331	9.131	8.284	1.364	5.083	8.365
1.500006185e12	-4.725	5.748	1.75	1.797	6.169	-3.994	8.802	-0.5762	0.6042
1.500006186e12	0.6567	-3.625	8.164	-6.428	-4.695	-9.332	8.567	3.218	1.52
1.500006187e12	-6.299	-4.29	-3.749	-5.507	-2.385	6.3	-8.903	-5.488	-8.182
1.500006188e12	2.777	2.877	9.489	8.887	3.861	8.763	-1.885	9.077	0.6042
1.500006189e12	-5.699	0.2783	6.639	-3.733	-9.172	6.312	2.377	-3.848	2.129
1.50000619e12	9.714	6.454	0.3577	2.311	4.447	-4.329	-4.066	-6.017	-6.973
1.500006191e12	7.218	-5.166	0.365	-3.928	-2.183	0.8337	7.711	4.07	-0.3223
1.500006192e12	8.538	4.449	8.23	5.591	-8.147	-2.911	-6.887	8.153	-1.449
1.500006193e12	-1.829	9.355	-5.416	3.142	-2.107	-9.537	7.975	-2.33	-4.904
1.500006194e12	1.218	-5.006	2.166	-8.877	-7.029	3.483	9.935	-9.958	-8.38
1.500006195e12	-4.938	1.057	4.919	-8.088	0.1196	9.579	-9.844	-4.408	-9.928
1.500006196e12	9.198	-5.159	-5.793	-2.07	-2.352	-3.513	-5.884	6.199	-4.901
1.500006197e12	-7.405	7.933	-3.293	-2.316	3.727	7.45	7.433	-9.752	7.963
1.500006198e12	-2.046	-8.035	-6.245	4.445	4.536	6.185	-4.635	3.297	-5.394
1.500006199e12	-4.476	4.767	-6.329	0.2441	-1.023	7.511	6.765	-2.659	-2.056
1.5000062e12	-5.797	9.03	6.881	9.449	1.147	-8.839	5.999	3.472	-2.703
1.500006201e12	-1.445	5.37	-7.209	0.6079	-0.1978	5.009	-4.427	-4.993	7.49
1.500006202e12	8.973	-0.4028	6.467	2.382	-0.6348	-8.35	5.901	-4.497	-3.666
1.500006203e12	-9.791	5.41	-8.402	-6.636	7.126	8.062	-6.83	-4.602	-4.531
1.500006204e12	-5.493	0.03784	3.756	-4.448	-3.961	-9.988	-3.727	-1.494	-1.265
1.500006205e12	-6.51	-5.334	3.901	-7.87	-4.193	-7.496	-0.9204	-2.578	-7.448
1.500006206e12	-4.205	-3.354	1.006	5.696	0.5737	-7.643	-0.3564	9.244	0.21
1.500006207e12	-4.12	-9.316	-5.75	-7.26	7.186	-1.637	-1.661	5.822	-2.983
1.500006208e12	5.825	3.905	7.732	-5.474	-5.667	1.812	-5.444	-7.079	-0.7092
1.500006209e12	-4.381	3.766	0.7312	-9.628	-8.013	-1.52	-1.754	8.105	-9.688
1.50000621e12	0.719	-9.868	-2.523	8.584	0.7361	-5.594	-6.14	9.227	-1.366
1.500006211e12	-1.398	-6.819	2.057	-7.069	-0.06226	-8.015	1.726	4.53	-6.409
1.500006212e12	2.819	-8.845	-3.625	0.7031	-8.062	8.928	6.871	5.583	4.014
1.500006213e12	-9.215	6.201	9.254	-4.141	-6.876	-5.957	3.124	8.129	9.438
1.500006214e12	7.288	-0.09888	8.918	4.427	2.555	-6.21	-0.5176	0.9424	0.2698
1.500006215e12	5.493	0.3284	8.374	-8.646	3.94	3.601	3.27	1.619	5.175
1.500006216e12	9.871	-5.819	8.746	5.936	-5.018	3.596	3.271	0.01831	-3.253
1.500006217e12	-5.206	4.781	-9.471	-0.6958	1.741	0.7568	-4.408	-3.994	-0.2332
1.500006218e12	7.357	-0.7495	-0.6567	-1.725	-4.479	7.327	-8.776	1.499	8.738
1.500006219e12	8.688	6.46	-4.65	-0.5591	-3.242	-2.861	6.24	-2.821	4.73
1.50000622e12	1.556	0.459	-9.835	-9.807	2.197	8.7	-9.459	-0.874	4.583
1.500006221e12	-6.406	7.529	-8.036	-4.733	-7.767	7.623	2.556	-7.329	2.969
1.500006222e12	-4.639	7.886	-5.568	2.051	5.49	-2.893	-1.399	-4.336	4.13
1.500006223e12	-9.728	-6.469	8.225	-1.812	-6.522	9.419	-2.061	-2.554	2.069
1.500006224e12	6.093	3.601	-1.431	1.088	-3.3	-8.754	1.158	6.166	6.505
1.500006225e12	8.068	-8.159	8.357	9.813	-3.818	-9.707	-5.59	-5.05	1.685
1.500006226e12	-3.204	-4.596	-2.272	1.271	2.473	7.994	1.327	-9.574	-3.063
1.500006227e12	-2.908	-2.166	-7.365	-5.833	5.452	3.673	-8.477	1.478	6.095
1.500006228e12	8.583	-0.2014	-7.	-3.28	-8.281	-9.531	-5.696	-4.744	-2.546
1.500006229e12	2.677	-1.458	-2.555	5.12	9.84	-1.832	1.869	-8.345	-4.786
1.50000623e12	5.558	2.812	-5.098	0.5225	-3.674	-5.841	-7.827	4.084	5.038
1.500006231e12	-4.674	1.211	5.197	-0.3845	5.587	-4.288	-5.349	6.827	3.843
1.500006232e12	-5.879	-7.365	0.293	0.3967	-9.001	-3.296	1.357	-2.612	-1.366
1.500006233e12	9.949	-2.601	-6.631	-4.562	2.178	9.889	-1.331	6.155	-5.837
1.500006234e12	8.326	-5.803	5.985	-2.2	-4.609	9.799	9.026	-4.543	-7.292
1.500006235e12	0.8472	2.341	1.874	5.366	9.84	8.06	6.676	1.858	-1.375
1.500006236e12	-3.136	-3.258	-2.119	-6.217	2.677	3.934	-7.115	-4.821	-2.78
1.500006237e12	-2.036	3.063	5.12	6.906	0.885	1.608	-1.836	0.1782	3.057
1.500006238e12	-7.638	9.408	-3.489	-4.222	-0.8643	-7.645	-3.038	-3.936	3.488
1.500006239e12	-4.452	-6.913	1.809	0.3882	5.199	0.9521	2.151	7.012	2.471
1.50000624e12	-0.2002	-1.819	-2.318	7.626	-6.565	-7.499	8.579	-8.408	-4.581
1.500006241e12	1.881	-6.301	5.629	-7.914	2.788	-5.341	-0.6506	-7.052	-9.104
1.500006242e12	1.963	8.856	4.547	7.635	-4.18	6.726	5.107	-4.576	-3.136
1.500006243e12	6.477	-7.802	-4.845	2.378	-3.309	7.092	7.469	-7.487	-3.486
1.500006244e12	3.723	-1.593	-3.271	-1.859	7.471	-3.566	9.963	-5.919	8.179
1.500006245e12	1.106	-2.539	2.832	7.856	-2.576	-7.789	-9.587	7.869	1.143
1.500006246e12	-7.39	-7.23	-5.775	9.141	-1.484	9.915	-4.198	-2.964	-9.7
1.500006247e12	2.458	-4.642	-6.599	-1.226	4.146	-7.478	-9.971	-2.014	-1.461
1.500006248e12	-6.765	4.482	-2.649	-2.172	-1.024	3.508	4.861	-0.2502	8.474
1.500006249e12	-9.846	-1.124	-8.491	-6.283	5.576	0.9729	-3.107	0.238	-8.464
1.50000625e12	-6.277	-3.759	2.134	-7.8	-7.572	7.947	7.068	0.863	-8.051
1.500006251e12	-6.716	-3.107	1.683	1.891	2.096	-6.978	6.34	6.199	-2.213
1.500006252e12	-1.407	-7.961	9.957	-3.215	0.3589	-5.875	2.617	0.7275	8.781
1.500006253e12	-7.297	-6.873	8.331	7.766	6.384	0.08179	2.701	-5.763	3.561
1.500006254e12	-8.275	5.752	-1.87	3.663	2.588	3.738	5.083	-2.627	-9.316
1.500006255e12	4.963	-1.616	0.1685	-5.831	0.2441	7.91	-2.72	-4.055	-4.606
1.500006256e12	-3.495	2.91	-3.452	3.007	9.03	9.645	0.5786	7.039	0.5457
1.500006257e12	5.101	-3.979	3.181	-9.897	-4.783	-8.822	0.4578	-9.457	-5.095
1.500006258e12	-6.877	-8.254	-3.667	-3.328	2.386	2.634	3.069	-2.565	3.235
1.500006259e12	-3.782	-5.562	-5.756	3.005	7.662	5.4	9.933	-5.161	9.841
1.50000626e12	5.701	-2.874	-6.644	6.216	2.864	-0.2795	-5.85	5.468	2.787
1.500006261e12	4.689	-3.041	-3.949	-0.47	4.933	-4.707	1.493	-7.52	-4.537
1.500006262e12	1.097	8.627	-2.288	1.084	9.214	-2.013	-2.539	-0.8765	-5.063
1.500006263e12	-0.3015	-1.038	7.155	-1.241	-7.54	-7.987	-8.315	-3.344	-4.48
1.500006264e12	-5.367	1.556	-6.318	3.08	-1.532	7.926	3.223	6.094	-4.13
1.500006265e12	-1.754	-8.507	-7.124	-2.966	6.327	9.087	0.6995	7.512	2.616
1.500006266e12	9.149	4.188	7.091	7.043	-2.678	9.354	3.12	1.135	7.494
1.500006267e12	1.855	-5.253	2.681	8.995	6.987	9.866	-8.306	-5.365	-3.918
1.500006268e12	7.958	2.968	1.592	4.315	-9.753	-0.2368	-0.09644	-7.532	-8.767
1.500006269e12	-0.332	-3.599	8.452	-2.377	8.997	-8.303	-7.343	-8.804	1.783
1.50000627e12	-6.458	-3.767	3.651	1.825	7.231	4.814	1.622	0.1514	7.689
1.500006271e12	-8.782	-8.524	1.517	5.406	8.458	7.668	-4.878	8.417	-1.584
1.500006272e12	-3.818	9.426	8.276	-8.165	-3.16	8.439	-0.3149	-7.234	9.983
1.500006273e12	-8.622	2.867	7.982	-4.299	-3.51	-4.587	4.29	-7.086	-6.786
1.500006274e12	3.711	9.008	2.765	3.51	1.387	-7.466	3.271	-5.111	-8.092
1.500006275e12	-4.594	5.154	-8.267	-0.9192	4.982	-0.437	6.272	-6.521	-5.374
1.500006276e12	2.455	-8.456	6.01	4.188	-5.098	-2.49	-9.913	-4.381	6.671
1.500006277e12	-3.041	-3.361	0.9387	2.545	-7.19	8.84	6.991	-8.027	-0.3882
1.500006278e12	-1.136	-0.7129	2.219	-6.15	-5.442	2.136	-0.1636	5.526	-0.2747
1.500006279e12	0.1819	-6.969	0.2686	-9.678	0.7678	7.438	4.843	-6.848	-9.432
1.50000628e12	-4.362	4.995	2.291	-4.341	5.687	6.285	-0.9973	-9.083	-6.532
1.500006281e12	-1.395	-4.476	-6.245	5.284	3.246	4.038	-9.878	-4.316	6.222
1.500006282e12	-4.241	8.065	8.428	-3.38	-2.644	2.144	9.675	7.29	1.068
1.500006283e12	-2.791	-7.064	-3.512	6.611	2.649	-1.091	9.048	6.826	-1.58
1.500006284e12	-6.648	1.361	-5.624	-0.4504	9.108	-8.401	0.8167	6.085	8.07
1.500006285e12	4.602	0.9229	-3.86	-8.656	5.619	-2.781	-7.266	4.01	-7.582
1.500006286e12	5.122	-8.513	8.013	1.299	-3.197	8.051	8.157	2.954	-6.482
1.500006287e12	8.627	-1.351	-0.603	4.392	-7.468	1.644	1.676	7.583	-4.523
1.500006288e12	-5.37	-9.219	-9.448	-0.4285	-9.866	5.356	-5.	-8.002	5.105
1.500006289e12	4.551	-6.591	5.841	5.664	-2.347	3.523	-6.948	5.482	-3.997
1.50000629e12	-6.456	6.241	3.743	7.23	1.508	9.561	6.423	6.091	-6.93
1.500006291e12	-1.512	6.742	9.325	-7.157	0.2625	-8.853	5.549	3.853	-9.563
1.500006292e12	9.559	0.9106	1.261	7.631	-9.808	-1.737	6.411	0.8484	-9.261
1.500006293e12	-7.383	9.767	-8.407	-2.769	6.305	-2.721	5.586	-9.391	7.251
1.500006294e12	-0.1611	-3.962	1.049	3.441	3.961	-5.112	-7.271	0.4993	-0.05005
1.500006295e12	-8.175	-9.691	-4.155	-5.032	-8.121	1.465	-3.623	8.864	7.118
1.500006296e12	-8.86	9.344	-8.064	1.803	9.032	3.738	-2.289	1.263	-7.924
1.500006297e12	-0.2246	3.596	7.096	-2.856	-2.385	8.824	1.974	0.8105	-9.004
1.500006298e12	1.296	-1.509	-2.09	-3.64	-2.666	2.413	-1.492	7.235	8.422
1.500006299e12	-8.047	-9.359	-2.334	3.17	-7.606	9.661	9.352	-1.002	0.2576
1.5000063e12	6.721	-3.745	-5.708	4.633	3.215	1.193	0.6616	1.132	-1.65
1.500006301e12	-0.448	6.759	6.55	-7.679	2.545	-5.546	9.076	0.592	-4.777
1.500006302e12	-5.587	-1.21	3.225	3.717	-1.865	3.959	2.69	2.534	6.257
1.500006303e12	-1.333	6.479	2.704	-3.59	4.219	9.111	-8.403	-3.712	-7.711
1.500006304e12	-9.993	0.2881	-6.199	5.912	-0.5103	-0.2991	5.338	-4.934	-4.83
1.500006305e12	-2.935	-5.496	-6.504	5.98	9.557	3.5	-8.052	-5.437	2.804
1.500006306e12	-5.602	-7.589	-1.841	0.4919	5.601	3.478	-2.673	3.89	6.549
1.500006307e12	-9.799	-6.639	-1.021	3.228	1.732	-1.195	-6.273	-0.8472	8.11
1.500006308e12	8.405	8.683	6.576	-9.043	9.222	9.521	-1.218	5.206	-3.383
1.500006309e12	9.825	7.827	1.53	-0.6543	-3.446	4.81	-9.755	1.447	-6.615
1.50000631e12	-8.474	-3.865	2.827	6.217	-9.564	-3.848	9.144	-4.231	9.827
1.500006311e12	-3.556	-8.502	7.6	2.683	-5.664	2.303	-3.357	9.427	-5.465
1.500006312e12	5.137	3.025	2.539	6.816	8.45	7.311	1.737	-8.165	3.74
1.500006313e12	-9.237	8.436	-0.1318	2.998	-8.875	2.389	-9.012	3.898	1.432
1.500006314e12	2.974	-6.774	-2.917	3.74	-7.737	7.86	-1.506	5.547	6.793
1.500006315e12	-2.997	5.677	5.303	9.635	-1.08	9.384	-3.269	3.372	-1.187
1.500006316e12	4.551	-7.383	6.542	3.755	-9.388	-2.117	-1.876	-6.815	-2.533
1.500006317e12	-2.828	-7.563	-1.232	1.443	-0.3674	-5.178	1.6	7.686	3.114
1.500006318e12	6.075	-1.439	2.344	-3.168	-3.772	9.91	-2.1	-4.196	7.877
1.500006319e12	3.168	-6.66	3.81	-5.806	6.931	-3.365	9.558	6.583	-6.627
1.50000632e12	-1.732	7.015	-6.187	6.803	6.987	4.68	6.26	5.896	-9.785
1.500006321e12	4.003	6.445	7.791	9.515	6.548	1.907	-6.583	-3.616	-7.177
1.500006322e12	-9.719	7.34	3.567	-9.844	-5.58	3.19	-7.377	-8.724	-6.398
1.500006323e12	1.03	-5.876	9.62	-8.805	-3.577	-9.644	-1.932	2.275	2.041
1.500006324e12	4.602	6.484	9.18	6.903	3.474	9.069	3.948	-1.608	-7.694
1.500006325e12	7.476	-2.074	-3.087	8.264	3.108	8.7	2.167	8.893	2.626
1.500006326e12	2.22	-8.544	3.977	0.3015	8.145	-6.353	-1.575	1.417	9.053
1.500006327e12	-0.2051	1.454	1.172	-1.88	-0.3674	-2.151	-9.48	2.878	-5.959
1.500006328e12	-7.146	4.266	7.722	9.6	-4.058	4.817	5.757	2.206	4.152
1.500006329e12	-9.866	4.658	9.036	7.365	-2.035	-3.475	2.924	-8.687	-3.203
1.50000633e12	-1.987	1.107	6.627	-1.187	5.653	-5.05	4.922	9.226	0.1611
1.500006331e12	-6.708	8.395	5.212	9.271	1.127	-2.589	-6.082	-9.492	3.539
1.500006332e12	4.161	-8.191	1.107	-0.06958	8.949	1.128	4.062	7.75	-8.578
1.500006333e12	-9.814	-2.927	6.81	-4.104	2.009	2.755	1.317	9.855	8.541
1.500006334e12	7.782	-9.884	-7.029	5.973	-5.426	7.169	0.4187	6.688	-5.273
1.500006335e12	6.581	8.767	8.457	7.543	-6.311	1.545	3.615	9.841	6.108
1.500006336e12	-9.066	-9.087	-7.111	3.33	-9.159	-5.637	9.41	2.712	-8.292
1.500006337e12	7.107	8.39	8.519	9.72	1.94	1.772	1.383	8.268	-4.821
1.500006338e12	6.407	9.526	0.9973	-0.006104	-2.719	0.1929	4.33	-3.781	9.365
1.500006339e12	-4.878	-2.944	-1.219	-7.964	-8.94	-3.69	0.2649	0.09155	-1.508
1.50000634e12	6.014	7.184	7.552	3.457	-7.614	0.8899	-9.839	8.367	-6.81
1.500006341e12	7.233	4.368	-1.755	0.6726	5.511	5.261	4.43	-0.3552	2.783
1.500006342e12	8.837	7.373	-3.866	2.172	-1.997	8.76	-6.019	2.82	-3.562
1.500006343e12	-9.542	-4.236	7.017	-0.9045	7.089	-2.542	2.767	-0.8191	3.341
1.500006344e12	-2.186	5.825	-4.623	7.251	-5.811	2.821	-1.913	2.019	1.359
1.500006345e12	9.915	-1.521	-1.763	-8.123	-3.19	-6.433	-8.704	5.498	-5.016
1.500006346e12	-8.112	2.632	-8.779	-9.502	-7.76	1.665	6.36	4.797	5.844
1.500006347e12	-9.586	-0.6836	2.933	9.082	-6.768	-8.103	-7.805	-1.332	-5.081
1.500006348e12	8.51	4.985	4.941	6.96	-0.1611	9.099	1.707	0.1294	9.457
1.500006349e12	8.365	2.733	9.388	-5.162	-4.767	-9.729	-3.634	-1.361	2.454
1.50000635e12	9.337	7.054	-6.401	7.358	9.22	-4.657	-6.965	3.87	1.281
1.500006351e12	-0.1196	2.384	-2.959	8.419	-1.451	-9.062	6.382	8.566	7.898
1.500006352e12	4.653	-5.564	-5.297	-7.418	4.323	-3.472	-8.298	-6.76	-1.957
1.500006353e12	7.903	-8.562	-4.993	-4.603	-5.328	0.3137	-1.927	-2.668	-6.545
1.500006354e12	6.097	-2.698	2.722	1.316	-3.03	7.749	-8.693	-1.099	7.535
1.500006355e12	-3.134	0.4016	1.202	5.889	-5.22	2.314	-5.198	6.512	2.921
1.500006356e12	1.896	-5.3	2.498	5.71	-8.386	4.015	-0.8899	2.415	2.698
1.500006357e12	2.205	4.221	-7.172	-8.599	-3.756	4.972	1.066	5.657	9.163
1.500006358e12	0.9082	5.895	-1.917	8.658	1.443	1.505	-4.85	8.174	9.213
1.500006359e12	-6.221	3.026	-2.225	-9.9	-9.805	-0.9131	-7.49	9.834	-5.342
1.50000636e12	-2.452	9.449	8.184	1.091	-4.268	-9.644	-6.237	-5.743	-7.488
1.500006361e12	2.073	6.414	-4.048	0.7788	7.233	-1.58	-3.992	5.741	8.014
1.500006362e12	-2.786	-7.535	0.437	-3.716	-2.139	-5.215	-1.212	-3.942	2.253
1.500006363e12	-9.611	-1.901	8.284	7.365	-3.868	-1.812	-2.112	-6.592	-1.766
1.500006364e12	5.447	-4.773	-9.954	-3.689	-5.492	7.445	-7.373	6.047	-8.173
1.500006365e12	0.6604	-7.849	3.325	-3.777	-3.97	-6.548	2.75	-7.279	6.268
1.500006366e12	4.222	-5.728	-5.58	-4.619	7.241	-5.182	-2.148	-5.063	1.475
1.500006367e12	-6.028	3.727	2.74	-7.482	-8.026	4.302	4.94	3.387	0.7837
1.500006368e12	-6.031	-2.006	2.393	-4.543	-7.047	-7.782	-4.459	0.5627	6.139
1.500006369e12	7.546	0.4749	8.513	-2.228	-7.976	-8.857	-7.377	-5.57	1.921
1.50000637e12	3.68	2.706	-5.868	-8.314	-8.326	4.596	7.178	1.152	-6.377
1.500006371e12	1.135	-7.867	6.344	8.95	0.3516	3.097	1.547	3.861	8.475
1.500006372e12	-2.346	5.151	7.684	5.775	9.869	0.5957	6.752	-1.974	-1.224
1.500006373e12	-0.8838	-5.031	0.6555	-3.505	2.163	2.12	-8.289	1.51	-8.38
1.500006374e12	1.655	6.298	-7.875	-2.268	2.688	-6.893	-6.327	-6.171	4.51
1.500006375e12	7.04	0.4956	-1.455	-9.808	-5.743	1.224	5.868	-2.136	1.156
1.500006376e12	0.8679	-9.861	-7.31	5.585	-4.111	-2.209	8.583	-0.8704	-2.513
1.500006377e12	8.381	-1.816	7.46	-6.108	-5.919	3.566	-2.223	-6.147	-6.047
1.500006378e12	8.849	7.771	1.024	-8.307	2.291	5.603	-2.472	-2.12	-8.777
1.500006379e12	-3.739	9.452	3.015	3.722	-0.8398	3.143	-0.8069	-6.936	-3.184
1.50000638e12	-5.17	-6.611	-1.339	-9.988	8.252	8.953	1.112	9.486	3.674
1.500006381e12	-9.967	-0.7629	-8.209	3.994	5.382	1.825	0.4443	-1.438	-9.167
1.500006382e12	-3.911	9.236	-6.348	-8.91	-6.157	5.996	0.7751	-8.827	-8.466
1.500006383e12	3.059	-3.477	1.355	-1.655	-5.557	-8.535	-5.375	-8.749	0.8606
1.500006384e12	3.379	-9.956	-2.454	8.37	1.278	-9.57	4.318	-8.917	-2.592
1.500006385e12	4.988	3.512	-6.993	4.677	5.569	-1.345	-7.9	-0.6604	1.007
1.500006386e12	5.468	4.449	-6.503	7.856	3.95	-4.886	-9.355	5.308	1.278
1.500006387e12	-5.107	5.437	-5.498	-4.904	6.036	-3.086	8.895	-9.186	-1.921
1.500006388e12	-9.542	3.273	-6.816	-6.331	3.743	-0.3967	8.284	1.718	-7.416
1.500006389e12	2.189	4.357	7.255	6.329	2.805	5.375	-1.205	0.686	-2.068
1.50000639e12	7.684	-8.3	4.139	9.899	6.464	-7.795	1.196	2.964	-7.319
1.500006391e12	7.405	-3.383	-3.198	-4.229	-8.236	-1.372	-3.763	5.059	-8.068
1.500006392e12	-5.497	-8.807	-7.54	1.897	0.2734	-8.459	1.943	7.146	-5.427
1.500006393e12	7.694	-4.12	6.003	7.579	5.233	9.613	1.152	-4.729	-4.706
1.500006394e12	6.436	-4.716	-8.214	-8.036	2.211	7.261	3.633	5.83	3.717
1.500006395e12	-0.9229	-0.8582	8.506	8.701	5.895	-1.241	-8.887	-2.814	-8.597
1.500006396e12	-1.058	8.156	-3.6	-2.023	-1.55	-7.968	-6.252	-4.877	4.719
1.500006397e12	-2.706	8.61	-8.868	5.198	-4.106	2.675	4.463	4.752	-2.651
1.500006398e12	6.55	-1.622	-6.071	-5.421	-0.3101	0.1794	2.415	4.341	-2.925
1.500006399e12	-4.421	6.223	6.115	-0.6995	-9.85	-1.55	0.6287	-4.175	-3.9
1.5000064e12	5.098	-9.117	6.738	-9.507	-4.102	-2.031	4.76	1.871	5.531
1.500006401e12	-0.4736	-0.907	9.056	6.619	-5.388	8.17	-9.8	8.912	2.988
1.500006402e12	-2.916	-8.748	4.486	-2.994	5.641	2.477	-0.6311	1.98	6.226
1.500006403e12	-0.2563	-0.4138	9.777	-6.061	2.339	2.747	-0.5066	-0.3589	-9.508
1.500006404e12	2.554	-8.485	3.77	-9.587	-6.066	-2.09	-6.481	-3.406	9.008
1.500006405e12	-2.272	-5.56	-4.438	5.381	1.377	-0.8521	5.154	1.749	1.885
1.500006406e12	-8.933	-6.237	8.191	5.555	-4.15	-3.701	-7.783	6.322	0.459
1.500006407e12	6.675	0.1807	-0.7837	1.112	6.694	-6.04	-9.093	-4.967	-2.526
1.500006408e12	-1.454	7.614	7.644	-5.327	9.562	-2.167	-2.587	-2.883	3.188
1.500006409e12	-8.865	-6.896	0.6226	9.749	1.154	-0.006104	1.593	6.27	8.992
1.50000641e12	3.077	4.718	-2.538	7.712	-7.219	-4.937	5.559	-6.675	-7.247
1.500006411e12	-3.634	-7.131	4.686	-5.854	-4.307	-5.597	-1.652	-0.7959	7.614
1.500006412e12	5.623	-9.379	6.427	4.756	9.72	1.115	2.854	5.122	9.601
1.500006413e12	-1.191	-3.279	5.931	-5.304	6.715	-9.067	2.834	-2.145	-2.161
1.500006414e12	6.615	3.727	4.181	-8.151	-2.819	6.041	-7.654	6.915	-9.467
1.500006415e12	1.32	3.531	-0.7336	7.876	4.866	2.544	-2.097	-0.3711	4.
1.500006416e12	8.597	0.5273	2.968	7.501	1.699	6.08	-1.815	-7.4	-0.9839
1.500006417e12	4.331	-0.73	-7.307	-6.973	-0.4614	4.447	-3.97	6.785	6.503
1.500006418e12	-8.473	-3.66	1.976	3.767	-2.198	-4.352	3.877	-8.209	-3.595
1.500006419e12	9.05	-0.8032	-1.794	6.158	-4.543	-3.09	-9.148	-3.132	-0.4468
1.50000642e12	4.001	-9.838	-8.003	8.145	8.168	-3.555	-4.323	-6.669	-7.56
1.500006421e12	-8.386	0.6262	-5.214	-3.555	4.204	-8.926	0.01343	9.902	7.297
1.500006422e12	0.08667	-7.366	-7.382	8.708	-5.619	-7.616	-9.189	4.81	-6.135
1.500006423e12	-8.89	0.4187	7.788	3.949	-9.177	8.088	-4.332	-5.267	-6.521
1.500006424e12	1.569	1.295	-3.854	-2.853	-4.879	-2.266	-1.484	-9.117	-5.096
1.500006425e12	0.0415	-5.853	-9.429	-8.184	-6.733	2.653	-7.927	-9.89	-9.229
1.500006426e12	2.587	2.024	3.604	4.888	9.13	-5.923	2.697	-1.799	3.11
1.500006427e12	7.671	5.773	-8.508	-0.1538	-6.978	-1.696	9.131	-6.353	-5.072
1.500006428e12	-8.641	3.159	-0.7019	-6.552	-7.635	-7.338	1.493	0.02197	-4.29
1.500006429e12	0.437	-9.96	7.637	8.228	-4.536	-2.667	2.784	-2.863	4.609
1.50000643e12	-1.234	6.945	9.98	-3.789	1.582	-2.534	-3.604	8.18	-1.29
1.500006431e12	2.595	3.052	3.126	0.5945	-0.7214	-1.888	-5.115	-5.627	-4.15
1.500006432e12	4.902	-3.156	4.512	4.698	9.518	-2.853	0.7349	-2.02	-3.928
1.500006433e12	0.08667	0.6091	-6.267	0.1709	-7.223	-2.834	6.215	8.317	0.5811
1.500006434e12	2.25	2.731	-0.0647	4.001	-8.635	-8.712	7.379	5.975	-2.911
1.500006435e12	2.986	7.881	8.826	8.141	-5.192	-8.705	0.7275	-6.478	2.983
1.500006436e12	7.882	-0.564	1.989	0.3406	1.152	-9.738	-8.63	-1.681	8.597
1.500006437e12	-8.362	6.577	-3.708	-2.646	5.547	6.261	6.549	-1.219	-4.907
1.500006438e12	-8.665	-2.021	3.359	-4.362	5.232	-2.965	-0.4883	2.004	-0.1697
1.500006439e12	-3.033	5.471	7.596	3.346	7.1	8.718	9.502	-6.553	6.63
1.50000644e12	-3.94	-0.6311	-0.8191	-7.631	8.486	4.652	-7.351	4.756	-5.238
1.500006441e12	-1.556	-2.101	2.611	0.09033	4.976	-1.968	3.143	7.371	-8.457
1.500006442e12	0.3442	-3.987	1.311	-9.507	-5.251	-3.906	-3.101	-0.1062	2.18
1.500006443e12	-4.906	-4.11	-3.086	8.077	-7.811	-6.906	1.865	1.338	4.043
1.500006444e12	3.264	9.521	-1.063	9.99	-7.744	-1.434	2.957	2.334	-4.259
1.500006445e12	1.979	5.322	-5.374	-8.416	-5.116	8.507	4.746	4.85	5.764
1.500006446e12	-5.684	-0.2002	1.172	-7.793	-8.184	-7.234	-1.665	-3.206	4.083
1.500006447e12	3.995	-7.744	9.489	4.817	-7.583	7.861	-6.821	6.416	-3.064
1.500006448e12	-4.618	6.246	-8.28	-6.254	-9.708	-1.072	-0.4785	8.368	4.115
1.500006449e12	0.4456	0.3247	-9.436	4.567	7.616	-8.542	7.845	5.695	0.6885
1.50000645e12	-4.791	-5.692	-6.368	3.676	-1.552	9.661	5.344	-7.877	3.568
1.500006451e12	5.061	-5.72	0.7068	-1.957	-4.73	4.481	9.185	5.625	-8.973
1.500006452e12	0.5005	4.371	9.086	-2.09	6.106	4.06	-7.847	0.6689	3.807
1.500006453e12	5.277	-7.441	-4.833	8.574	1.569	8.983	3.149	-3.91	8.075
1.500006454e12	-0.7812	7.31	-3.044	3.948	7.211	-5.933	-1.342	8.759	8.799
1.500006455e12	-3.779	6.666	1.888	-0.8667	-8.842	-3.47	-4.067	-1.149	-9.685
1.500006456e12	-1.189	0.7593	-0.47	8.469	3.17	-9.679	-1.599	-6.974	2.872
1.500006457e12	1.508	-5.018	-0.1611	-7.279	9.615	-5.417	9.79	5.453	2.903
1.500006458e12	3.884	8.79	0.9912	6.819	-4.25	-4.25	-1.031	5.428	8.434
1.500006459e12	-7.462	8.538	0.9326	1.349	1.993	9.021	3.945	7.99	-3.197
1.50000646e12	4.062	-6.343	-3.373	-4.117	6.932	-2.142	-9.32	7.186	9.882
1.500006461e12	6.853	7.54	1.903	4.717	1.586	3.561	5.836	-7.438	-8.047
1.500006462e12	-8.944	5.574	-4.333	-6.852	-9.139	2.324	0.791	2.727	1.556
1.500006463e12	-8.735	-8.148	-6.88	0.03784	1.312	-9.136	2.661	-5.823	-5.122
1.500006464e12	9.355	-8.718	-2.751	-8.779	5.238	6.954	0.8313	2.216	6.08
1.500006465e12	2.555	-7.341	-6.942	8.129	1.969	4.109	9.991	2.283	-7.725
1.500006466e12	-3.696	5.139	0.3577	2.914	-5.308	-0.4382	-3.217	6.564	4.805
1.500006467e12	-8.666	-2.181	6.757	7.09	-9.539	-6.593	5.485	-8.4	-6.477
1.500006468e12	5.507	-9.971	9.865	9.915	-3.368	3.041	-1.697	-5.897	5.291
1.500006469e12	1.556	5.189	3.071	0.0769	6.964	-9.47	6.899	-9.702	9.094
1.50000647e12	-4.194	3.759	5.049	-6.434	7.19	-2.576	-4.647	-1.488	1.677
1.500006471e12	-6.603	4.33	1.472	5.885	0.02075	-1.337	0.3601	-7.498	-7.95
1.500006472e12	8.452	4.343	-4.74	6.406	-4.431	2.042	-1.704	0.3723	1.859
1.500006473e12	-2.159	8.605	-0.2637	0.2979	9.827	3.578	5.701	-9.713	6.686
1.500006474e12	2.15	2.99	-9.034	1.271	5.392	-4.127	8.521	1.654	9.601
1.500006475e12	-8.876	8.234	-0.127	-3.77	-4.523	3.182	-4.91	9.735	7.484
1.500006476e12	5.691	6.804	-0.4614	7.55	6.801	-6.166	5.439	-7.853	2.651
1.500006477e12	7.373	-7.36	5.49	4.318	-2.291	6.924	8.486	-3.126	3.032
1.500006478e12	-9.669	-5.884	3.719	-9.744	4.048	5.356	0.5554	5.079	1.001
1.500006479e12	2.531	4.453	-7.632	-6.108	4.271	8.138	-1.7	-0.8154	7.891
1.50000648e12	0.9216	2.089	1.252	-3.186	-8.809	-3.855	-4.364	-8.051	-2.2
1.500006481e12	5.892	2.096	-9.401	0.6616	2.828	7.753	-3.707	-5.479	8.444
1.500006482e12	-9.834	1.58	5.483	2.891	9.459	-7.48	8.247	-7.648	7.808
1.500006483e12	0.02808	4.169	7.999	8.446	-1.101	8.564	8.662	2.032	-8.625
1.500006484e12	0.9314	-1.045	-3.434	2.421	6.411	2.783	3.89	8.052	-5.63
1.500006485e12	5.02	-5.238	8.395	-4.512	5.829	5.061	-4.21	-0.1257	-5.811
1.500006486e12	-2.714	7.469	5.583	-1.802	5.138	7.753	-3.809	-3.884	-9.146
1.500006487e12	-2.731	2.633	9.117	-1.731	5.117	-8.6	3.484	-2.59	7.452
1.500006488e12	-8.715	-8.008	3.782	3.873	-2.396	1.555	-0.3894	6.018	6.793
1.500006489e12	-8.059	0.5835	3.246	9.995	-2.408	-8.766	3.601	-6.753	6.781
1.50000649e12	2.274	0.5322	6.19	-5.889	-4.23	2.015	7.786	-9.149	1.597
1.500006491e12	3.553	-6.304	0.5457	-9.934	-2.657	-6.428	5.11	1.018	-9.546
1.500006492e12	4.114	-6.571	-3.047	3.621	-7.71	4.318	-9.612	-4.677	8.252
1.500006493e12	-2.701	9.508	4.949	1.975	-5.858	8.848	8.905	8.658	7.838
1.500006494e12	0.4102	-6.404	-5.898	3.811	-5.878	6.194	1.804	1.658	5.974
1.500006495e12	-0.5115	4.5	-6.56	-0.7178	-9.087	3.346	-5.353	8.307	8.679
1.500006496e12	-8.862	-3.925	-8.821	3.112	-0.2698	-2.067	7.8	0.2856	-5.643
1.500006497e12	0.2893	7.782	-4.723	8.79	3.361	6.696	-4.751	9.308	-2.013
1.500006498e12	-9.2	3.975	-4.88	5.979	-3.21	5.881	8.058	-1.145	-5.103
1.500006499e12	7.114	0.6738	1.912	5.961	1.095	-7.604	8.954	-3.131	-3.258
1.5000065e12	4.532	2.266	9.568	4.346	-9.27	-7.638	-2.275	0.1672	-3.993
1.500006501e12	-1.194	2.7	4.856	4.231	-3.726	-0.2014	-7.473	5.07	0.1648
1.500006502e12	8.855	-4.934	-5.857	1.265	5.092	9.882	-6.432	-4.928	7.114
1.500006503e12	-9.445	-6.855	7.997	1.511	3.447	-9.702	8.613	-2.518	-6.527
1.500006504e12	4.431	-1.594	-7.087	-1.194	-9.271	-5.028	7.39	-9.429	5.322
1.500006505e12	-3.684	-9.792	7.921	-1.351	-6.729	-5.27	-0.4846	-8.209	5.737
1.500006506e12	9.751	-1.586	-5.46	-3.796	5.323	-8.105	-8.884	5.2	-0.4468
1.500006507e12	3.291	5.303	1.284	-3.984	2.878	7.292	-2.653	-8.613	4.451
1.500006508e12	-1.404	-7.278	-7.323	-3.661	-7.866	-0.3296	-2.054	-5.193	6.78
1.500006509e12	0.9644	9.468	-6.375	-9.795	1.86	5.513	-4.873	9.321	-0.7324
1.50000651e12	5.258	-6.823	-4.038	-7.46	5.641	2.456	6.321	-3.716	2.493
1.500006511e12	7.004	5.068	-3.428	3.6	3.281	-2.671	-2.78	4.266	-9.52
1.500006512e12	-7.888	-1.779	-9.65	6.565	7.855	-1.097	-0.7129	8.347	0.3186
1.500006513e12	6.444	-1.511	0.9863	6.539	4.841	7.532	9.333	8.838	0.2551
1.500006514e12	9.001	7.878	9.233	6.843	4.463	-1.171	5.616	-6.486	-8.04
1.500006515e12	9.946	7.808	-0.9253	-6.617	1.321	6.049	-1.196	-8.125	-9.736
1.500006516e12	7.72	-6.039	3.524	1.514	-3.555	-8.728	4.316	0.7153	-5.836
1.500006517e12	8.43	8.782	-1.115	4.855	-0.7983	2.95	9.2	-2.362	-2.344
1.500006518e12	-5.565	-2.441	7.753	1.205	-7.468	5.541	3.978	9.048	6.705
1.500006519e12	-4.435	8.724	-2.933	8.999	9.348	-6.643	3.848	-1.835	7.8
1.50000652e12	4.404	3.606	2.173	2.533	6.96	-3.875	-2.345	3.173	-7.476
1.500006521e12	0.7715	-1.365	-6.572	3.906	-0.354	9.216	3.151	-8.757	-1.614
1.500006522e12	2.771	5.326	2.585	9.958	-8.925	6.816	-3.956	-1.31	4.771
1.500006523e12	-8.153	5.332	1.885	-1.77	9.819	5.146	-7.645	-1.689	-4.222
1.500006524e12	-2.44	-4.841	2.428	5.59	6.888	5.967	9.65	-8.726	0.343
1.500006525e12	0.09644	-3.417	-2.994	6.118	-3.756	4.296	0.2563	-3.275	-1.173
1.500006526e12	-8.531	2.205	0.1819	-3.646	6.924	-9.078	2.683	-1.345	-1.704
1.500006527e12	-2.625	3.092	-2.189	-9.103	8.928	6.982	3.949	0.3784	-1.954
1.500006528e12	0.5823	-5.719	-0.06348	-9.783	3.755	3.031	-8.416	-4.318	-6.504
1.500006529e12	2.563	-4.47	-1.813	-2.51	3.405	5.081	-1.523	9.78	-3.987
1.50000653e12	-3.95	0.5798	-4.928	0.4541	1.644	-2.092	3.427	9.343	-3.319
1.500006531e12	8.066	8.571	2.706	4.655	-5.322	2.845	-9.401	-9.453	2.216
1.500006532e12	7.367	-9.017	1.505	2.769	-4.209	-2.905	2.372	-3.143	-0.4846
1.500006533e12	-8.374	-1.636	8.569	-5.677	5.131	2.689	-6.53	3.14	8.279
1.500006534e12	2.462	-7.244	-9.709	-5.514	2.352	-9.114	6.361	2.892	-0.1416
1.500006535e12	-8.966	4.65	-5.264	-9.677	4.152	3.687	-3.268	3.199	-7.415
1.500006536e12	7.627	-5.455	-6.13	4.237	-3.052	-2.195	-3.3	4.913	5.315
1.500006537e12	4.689	8.807	-2.82	-4.664	0.8801	-5.997	6.865	-1.628	-1.324
1.500006538e12	-4.941	5.57	3.136	-1.521	5.571	-1.185	5.345	7.118	1.969
1.500006539e12	-8.134	-6.75	-8.757	8.344	9.655	2.614	-7.274	-1.123	-9.681
1.50000654e12	5.278	-4.88	7.581	0.6165	-7.356	-2.122	2.24	-9.658	-7.566
1.500006541e12	-3.01	8.407	-7.526	-3.364	8.014	6.864	-3.119	4.082	-6.252
1.500006542e12	-3.154	1.968	8.364	9.863	-3.258	-7.186	6.261	-2.474	3.246
1.500006543e12	-0.9021	-6.169	9.489	-0.8826	7.048	3.596	-9.26	-8.456	7.437
1.500006544e12	-2.285	-2.194	-3.82	8.031	-5.553	3.822	3.591	4.96	4.993
1.500006545e12	-3.124	0.5994	5.98	9.095	-7.452	-9.197	0.1526	2.883	-1.722
1.500006546e12	-0.6372	4.669	-6.848	-9.611	9.794	-0.9692	-1.92	-6.687	4.486
1.500006547e12	9.478	-3.341	-4.436	9.633	9.371	-0.5176	-6.084	-0.6494	0.7666
1.500006548e12	4.553	5.184	-5.161	-7.98	3.607	9.587	5.402	-3.917	-8.469
1.500006549e12	8.591	3.983	0.3076	-8.816	-7.269	9.108	0.7581	2.334	-2.618
1.50000655e12	-8.688	-8.026	-8.633	-0.7654	-0.1868	-9.63	9.181	9.135	4.059
1.500006551e12	-1.458	3.855	4.125	2.009	-6.487	8.029	-1.996	-8.452	9.912
1.500006552e12	-2.075	-6.804	3.936	-6.952	-5.884	-0.8716	-6.273	-1.848	1.592
1.500006553e12	3.296	-7.828	-8.104	7.665	-6.77	-3.815	-6.688	-2.351	-4.087
1.500006554e12	2.349	-7.677	5.209	-3.087	1.432	-8.024	7.159	-2.554	7.609
1.500006555e12	2.08	-9.657	2.371	-3.623	5.823	5.505	-6.742	3.82	-7.582
1.500006556e12	-1.699	-7.823	-3.577	-5.117	6.089	7.13	-1.692	-3.828	-0.9741
1.500006557e12	8.367	-9.875	-0.304	-3.187	-0.907	1.229	-2.635	9.685	4.889
1.500006558e12	-3.783	4.946	9.819	-9.246	-9.191	3.746	2.256	-2.126	-4.998
1.500006559e12	6.189	-5.759	-0.271	-2.632	6.577	-6.532	-8.943	-0.5908	0.5396
1.50000656e12	4.592	-7.002	7.622	4.043	8.899	8.71	-0.6885	-3.131	-9.446
1.500006561e12	-5.505	-4.619	-3.151	2.571	9.316	7.406	0.6287	4.893	2.189
1.500006562e12	-2.242	8.398	1.616	1.05	-0.5469	-8.831	-7.676	1.611	-3.134
1.500006563e12	9.026	8.439	-0.2197	3.564	0.2075	0.2344	2.349	3.043	3.169
1.500006564e12	9.95	-4.587	-7.706	-2.623	0.9351	-2.737	9.949	-7.819	-8.518
1.500006565e12	-5.255	-5.298	-7.8	8.213	-6.61	-7.369	8.884	-5.748	7.684
1.500006566e12	3.9	6.111	6.827	-3.221	-2.787	7.645	-0.4895	9.288	-4.329
1.500006567e12	-2.867	2.567	-8.691	-6.566	8.893	4.331	5.514	8.887	4.575
1.500006568e12	1.417	0.3174	-8.97	-0.5823	-9.291	8.987	-7.683	9.155	0.2063
1.500006569e12	6.027	8.021	-8.722	4.443	-4.882	5.73	4.871	6.721	-9.021
1.50000657e12	-0.9155	-7.396	-4.868	4.824	5.023	9.064	-2.339	-8.116	-4.58
1.500006571e12	3.754	1.265	2.743	-6.539	-0.3467	-0.9436	4.673	8.032	3.645
1.500006572e12	6.329	-2.781	-1.775	6.012	5.413	6.057	-2.749	8.754	9.918
1.500006573e12	-1.304	0.05371	-5.271	-4.196	4.33	-6.216	-2.295	7.013	1.805
1.500006574e12	-5.807	5.283	-7.85	-9.362	-7.988	1.801	-9.945	-6.931	2.404
1.500006575e12	0.4834	2.144	0.2539	-8.434	-9.153	-5.366	-1.177	7.693	-9.414
1.500006576e12	4.657	9.126	0.03052	0.3223	1.077	-5.568	1.433	0.918	-1.84
1.500006577e12	-0.4907	8.809	6.622	-0.4126	1.489	6.228	-9.989	5.817	-7.811
1.500006578e12	-7.964	6.664	-0.8777	0.918	3.235	6.155	4.391	7.721	-5.764
1.500006579e12	-7.085	-5.288	4.47	-5.002	-6.573	4.475	4.906	-7.213	7.803
1.50000658e12	2.688	4.108	-2.938	0.1184	-0.4993	-1.344	-4.828	6.343	-4.659
1.500006581e12	4.829	5.525	3.145	-2.582	-7.063	0.1636	2.29	-8.315	6.788
1.500006582e12	-0.8191	9.771	6.395	5.845	6.298	9.095	6.897	4.855	-1.482
1.500006583e12	-1.797	-9.329	-3.029	-8.606	9.161	-2.802	-0.5786	-9.373	1.836
1.500006584e12	-8.618	9.984	-7.421	5.334	-3.81	0.9778	-6.592	-0.2319	0.02075
1.500006585e12	2.115	6.497	4.456	-9.941	-4.506	-3.138	0.6042	3.563	9.437
1.500006586e12	-3.666	-8.536	-9.446	5.793	5.685	-3.856	-2.615	9.396	-7.812
1.500006587e12	9.393	-1.366	-1.674	-2.74	9.36	8.934	-6.383	3.962	-0.6641
1.500006588e12	8.129	-6.77	-5.925	5.173	-6.361	3.778	-5.225	-1.752	0.5762
1.500006589e12	0.8423	-0.7422	-5.918	9.221	4.664	-6.743	-2.209	4.165	9.976
1.50000659e12	2.151	-6.112	-2.733	8.904	9.856	6.309	-6.993	8.622	-2.964
1.500006591e12	3.35	-6.548	-2.931	1.732	-4.512	9.402	-5.734	7.452	1.219
1.500006592e12	-6.425	-7.844	2.506	-9.357	-6.505	-4.76	-8.457	-6.816	-2.938
1.500006593e12	-0.5664	4.755	-6.986	-4.135	-5.15	-7.535	3.716	-8.564	-9.655
1.500006594e12	5.945	-7.819	-4.48	9.777	4.7	-2.819	-4.98	-1.09	-5.375
1.500006595e12	8.889	1.322	-6.98	8.69	3.239	-3.192	-4.5	8.855	-4.119
1.500006596e12	-2.462	6.587	-9.698	-1.42	7.764	-0.2991	-2.148	-2.821	-4.806
1.500006597e12	8.262	3.716	1.547	-6.276	-7.699	-2.885	-0.2002	-0.2075	7.117
1.500006598e12	-0.6665	-2.993	-8.557	-5.441	4.745	1.252	2.119	-1.37	-4.247
1.500006599e12	0.4932	-1.274	-2.482	6.405	1.661	0.437	9.617	4.865	3.149
1.5000066e12	-9.646	1.603	1.456	8.245	-2.974	9.83	7.384	4.907	-2.548
1.500006601e12	-7.629	-2.034	5.245	-7.051	-2.228	6.732	1.663	-6.034	-2.086
1.500006602e12	-3.606	-3.962	-4.066	-6.492	-9.979	0.6506	-1.068	-7.943	9.573
1.500006603e12	2.958	6.012	-3.545	4.163	-0.03662	8.02	-6.101	-8.148	-9.119
1.500006604e12	8.962	0.6152	-4.963	7.34	-8.696	7.216	-5.507	-2.821	-5.029
1.500006605e12	8.66	-0.6604	-8.82	-3.176	-6.119	-0.8911	-8.848	-1.324	2.496
1.500006606e12	-8.043	-8.862	4.417	-1.403	6.504	9.352	2.947	5.487	7.257
1.500006607e12	3.45	7.236	-4.052	-8.306	-5.774	-3.101	-9.672	2.144	-1.219
1.500006608e12	-2.275	-2.394	-5.734	7.732	8.184	0.3931	6.936	-0.6299	-3.568
1.500006609e12	-4.233	6.813	2.572	0.6445	0.1819	-2.422	-8.018	-5.223	-3.475
1.50000661e12	8.708	1.442	-7.981	0.3015	1.642	-2.294	3.643	9.176	8.646
1.500006611e12	-3.588	4.484	3.987	-3.328	8.932	4.791	-9.899	3.672	-4.297
1.500006612e12	5.344	-2.681	-3.583	-7.097	9.827	0.06104	-8.833	1.198	1.499
1.500006613e12	4.647	-3.77	9.283	-6.099	-2.965	-7.841	6.979	-1.908	-2.435
1.500006614e12	1.615	-9.51	-3.444	1.94	2.687	1.149	3.333	-7.759	-9.221
1.500006615e12	2.478	-5.	3.479	-8.704	-6.345	-1.531	-6.46	9.875	-4.583
1.500006616e12	-9.077	-3.314	2.257	6.182	-4.88	-2.04	-4.481	2.906	-8.682
1.500006617e12	-4.271	-2.513	-2.738	-4.196	-8.896	8.252	8.638	3.966	-0.9424
1.500006618e12	5.546	-4.324	2.849	-5.714	-2.605	5.004	2.35	5.161	-5.231
1.500006619e12	-7.177	8.921	-5.892	4.769	-7.18	6.035	2.257	-0.5908	9.869
1.50000662e12	-5.444	0.6812	6.398	9.711	-8.383	8.812	-7.894	-9.331	7.544
1.500006621e12	-1.819	-4.058	-0.5432	-4.016	2.708	-4.736	9.198	7.207	-5.031
1.500006622e12	6.283	4.451	7.538	-7.281	6.542	9.456	-4.794	2.93	9.29
1.500006623e12	7.57	3.17	7.233	-4.025	0.2661	5.433	0.9644	-3.03	-9.241
1.500006624e12	-7.155	-7.626	-6.752	-2.114	2.146	4.099	-9.1	-3.459	-6.803
1.500006625e12	7.39	-3.987	3.396	-8.649	-9.312	-1.174	-2.842	3.56	8.339
1.500006626e12	-5.822	8.258	-7.152	0.3503	-6.255	2.865	-3.394	-1.364	-9.786
1.500006627e12	9.172	4.637	-7.914	-5.179	-1.816	3.47	2.737	-1.621	0.4126
1.500006628e12	-7.872	-7.006	-3.889	9.004	9.427	3.601	9.257	1.683	-7.841
1.500006629e12	0.575	9.419	-0.03174	5.646	-2.861	8.56	1.41	-3.362	-2.502
1.50000663e12	3.689	-9.659	2.166	9.49	2.46	6.232	7.257	-9.061	6.13
1.500006631e12	8.787	-4.176	-9.125	7.258	0.8679	6.167	5.223	-4.525	8.242
1.500006632e12	-5.492	1.608	-7.408	-7.961	5.996	-8.214	-6.185	0.007324	6.46
1.500006633e12	-5.145	-8.914	2.002	-5.774	-3.312	-3.666	-7.419	-3.279	-2.932
1.500006634e12	-1.01	-0.5371	-6.042	3.287	-8.861	5.859	-6.984	-8.711	-3.35
1.500006635e12	-2.893	-1.615	4.875	-6.088	-8.096	1.128	0.4785	8.068	5.179
1.500006636e12	-5.603	-0.1416	6.323	-0.1941	5.466	6.091	5.765	6.61	-7.089
1.500006637e12	3.351	-5.138	-1.425	-5.826	-0.4443	2.354	-2.371	-1.669	2.69
1.500006638e12	9.617	1.595	-4.025	-3.297	5.002	-9.791	9.851	6.016	-1.155
1.500006639e12	6.387	-3.513	-0.592	3.748	6.777	8.303	1.898	0.8557	6.552
1.50000664e12	-9.427	-1.073	7.804	9.961	3.186	-7.898	-4.285	-0.3113	-6.718
1.500006641e12	3.728	-7.998	6.14	1.848	-2.139	-2.753	-7.134	-5.743	-4.575
1.500006642e12	-1.075	5.746	-6.982	7.504	2.642	-3.86	2.294	-3.577	6.305
1.500006643e12	-9.362	7.701	-1.65	3.373	5.973	1.743	-2.683	1.964	3.975
1.500006644e12	-8.914	6.399	0.1904	-8.774	9.436	2.18	-5.496	-0.5261	6.816
1.500006645e12	-6.061	1.91	-0.7288	7.78	-1.832	-9.409	8.015	4.67	-7.817
1.500006646e12	-3.766	-5.564	0.4663	4.883	8.624	-9.938	7.972	-7.4	-8.871
1.500006647e12	-2.251	4.451	5.532	-7.507	-4.387	9.96	9.915	-7.847	4.354
1.500006648e12	3.27	-4.133	7.192	-0.2063	9.034	-6.83	4.283	9.799	5.629
1.500006649e12	5.907	-6.384	-0.2185	-9.106	-1.938	-6.14	-3.566	4.696	-2.476
1.50000665e12	9.523	-2.843	8.623	-4.412	-2.938	-8.674	-8.599	7.664	9.628
1.500006651e12	-2.737	-1.761	-5.958	-5.809	1.013	8.552	-7.1	7.86	6.742
1.500006652e12	-2.321	0.08179	-1.456	0.7458	0.3577	-4.388	-0.3857	3.983	-3.906
1.500006653e12	-2.406	5.608	8.978	6.611	-1.638	-3.674	-5.778	-7.029	8.896
1.500006654e12	-6.676	9.78	9.473	6.462	-4.615	7.021	2.651	2.856	-5.585
1.500006655e12	-8.516	3.	8.873	9.874	-4.264	1.847	7.661	-5.546	5.815
1.500006656e12	5.096	5.8	0.2209	4.891	-4.247	-3.27	2.565	-4.274	3.021
1.500006657e12	-3.308	0.2295	0.7227	-5.177	0.5847	3.652	6.92	6.626	-7.173
1.500006658e12	6.915	-5.344	-2.994	7.413	-0.5774	9.897	-7.778	7.856	-0.5823
1.500006659e12	-1.548	-4.972	-8.418	4.093	-0.6177	-2.687	6.326	7.351	8.281
1.50000666e12	-8.109	-9.874	-5.05	7.651	-7.552	-2.695	0.04028	-3.076	2.496
1.500006661e12	7.051	-8.164	8.311	-2.615	4.591	-4.564	0.8215	-0.498	5.205
1.500006662e12	-2.311	-6.926	6.024	-5.551	-4.188	2.544	-2.233	-5.105	-3.964
1.500006663e12	-4.752	4.513	-2.227	-7.247	-4.382	2.836	-3.967	0.8167	-5.575
1.500006664e12	2.843	-0.06714	-7.024	-4.692	-2.675	-8.115	8.561	-8.121	8.4
1.500006665e12	-1.189	5.385	8.256	-9.775	-4.471	-5.985	-2.627	-5.338	9.669
1.500006666e12	-4.099	-8.658	-0.387	0.863	2.878	8.643	1.77	-6.063	9.489
1.500006667e12	-3.569	2.683	0.2222	-7.502	6.844	7.953	3.672	1.249	9.155
1.500006668e12	-4.791	3.073	3.975	2.158	-3.698	2.303	-4.81	-3.125	0.6421
1.500006669e12	-3.159	-5.718	-5.291	4.698	6.671	0.8313	2.606	2.999	5.311
1.50000667e12	-2.426	-6.196	-0.7336	7.333	-0.9009	0.1599	5.214	-9.556	-0.8972
1.500006671e12	5.304	-4.747	0.2441	2.424	-2.267	3.517	-0.8105	-8.954	6.689
1.500006672e12	4.011	-0.1672	-9.564	-1.185	4.465	-1.969	4.722	-4.866	2.015
1.500006673e12	2.651	-6.321	-2.104	9.968	7.463	-7.633	1.556	4.777	-0.3979
1.500006674e12	5.261	0.2942	3.61	-5.409	-2.51	-8.809	-4.474	9.949	4.012
1.500006675e12	3.358	6.547	6.127	-2.362	0.332	-9.642	-0.6531	9.316	-9.619
1.500006676e12	-9.033	-7.966	-0.824	-6.826	5.505	-5.248	-1.298	6.84	-6.229
1.500006677e12	3.279	9.573	1.376	7.339	-0.2734	-4.535	-9.835	8.542	8.457
1.500006678e12	-8.673	-1.058	1.65	4.507	2.979	-1.161	4.739	-2.704	3.313
1.500006679e12	4.679	9.648	2.197	6.556	-6.841	1.799	-1.418	-4.924	-7.402
1.50000668e12	-6.628	8.107	-5.431	-5.621	8.397	1.576	-7.212	-1.838	-4.644
1.500006681e12	-8.612	6.664	-7.295	0.9045	5.984	-5.979	-0.4407	-6.062	-6.583
1.500006682e12	-7.352	5.015	-9.978	1.759	-3.434	6.821	-6.427	4.172	7.428
1.500006683e12	-6.35	-9.039	-3.95	8.744	8.86	1.715	-9.177	-1.786	3.369
1.500006684e12	4.338	-6.061	8.024	-2.227	1.019	-6.688	4.397	-9.99	-1.897
1.500006685e12	-7.979	1.072	-6.686	-1.776	-2.775	0.5493	2.137	-4.919	4.57
1.500006686e12	6.558	-7.948	-8.688	3.11	-5.979	-9.773	8.507	1.787	9.801
1.500006687e12	1.763	-4.917	0.354	-8.267	1.843	-1.799	-5.514	2.952	-0.03662
1.500006688e12	5.698	1.449	-0.9412	-1.483	-1.399	-0.7947	7.253	-7.035	-0.3052
1.500006689e12	-3.318	-7.626	1.549	9.615	-9.663	-1.562	2.743	-3.951	7.711
1.50000669e12	-0.3052	-7.321	6.947	-1.649	-8.986	6.393	-4.722	6.244	-6.061
1.500006691e12	-7.424	9.844	0.2649	6.639	8.54	4.746	0.7935	-5.751	2.247
1.500006692e12	-3.165	-6.707	1.583	5.933	3.988	1.448	5.796	1.229	-4.288
1.500006693e12	9.478	2.228	-4.728	1.444	6.06	8.519	7.354	-1.685	1.813
1.500006694e12	0.2625	-3.955	-2.363	-2.183	-8.691	-0.6592	-3.188	-9.442	-2.465
1.500006695e12	-9.703	-7.135	1.344	8.711	9.032	1.077	5.587	-0.9058	3.636
1.500006696e12	5.41	1.619	6.975	-2.429	-9.352	5.272	3.175	4.583	-0.2905
1.500006697e12	-7.703	-6.992	-7.101	-3.563	4.764	-8.121	-6.497	-3.228	9.092
1.500006698e12	3.145	5.303	-2.849	1.984	9.924	7.604	0.7837	4.791	1.609
1.500006699e12	-8.917	4.977	9.907	-4.055	8.136	-4.127	4.089	-3.717	-0.6079
1.5000067e12	-3.424	0.6201	-6.84	-0.2051	-6.415	-8.462	-9.966	-5.682	-8.279
1.500006701e12	6.42	4.326	-5.791	-8.195	2.076	-8.644	-0.8484	9.879	7.178
1.500006702e12	-1.874	-8.317	7.08	-0.5798	-5.524	-3.356	-0.4028	1.656	-2.103
1.500006703e12	0.8301	-7.699	-6.41	7.401	0.2393	4.711	-0.2979	-2.111	-3.282
1.500006704e12	-4.144	-5.546	-8.896	-8.48	2.909	-5.85	3.524	-2.134	9.124
1.500006705e12	9.888	-7.804	0.7056	-6.949	5.93	-2.218	-7.848	6.006	-2.858
1.500006706e12	1.356	-4.464	5.702	-5.291	9.238	4.994	7.643	9.52	6.825
1.500006707e12	2.164	0.5981	7.456	-7.57	-6.522	-9.034	-2.346	-4.978	-6.244
1.500006708e12	8.497	-0.2112	-8.015	-6.337	7.084	-9.74	3.328	7.009	-0.6628
1.500006709e12	-0.2588	-4.133	-9.657	-6.993	-1.19	-8.385	-1.089	-3.459	1.519
1.50000671e12	8.108	-0.003662	-0.813	-4.88	6.947	0	3.876	-1.647	3.032
1.500006711e12	-5.928	0.6494	-9.686	4.25	-2.102	-1.707	7.644	-1.769	4.465
1.500006712e12	4.114	1.838	7.401	2.201	4.335	-9.506	8.461	-9.314	-3.981
1.500006713e12	-7.417	9.301	7.328	5.73	1.263	-7.909	-4.677	-1.377	1.472
1.500006714e12	-1.078	0.3259	8.181	-3.783	2.235	3.302	-7.878	9.965	5.519
1.500006715e12	9.734	5.328	4.801	-0.697	-1.782	4.021	-1.118	5.297	-6.947
1.500006716e12	-9.148	-9.163	-1.249	-9.193	-9.587	-9.291	5.623	-0.8569	-1.843
1.500006717e12	-6.19	6.493	-0.9924	4.987	7.678	-7.083	2.321	7.106	-0.7922
1.500006718e12	2.938	-9.453	-3.378	7.888	7.595	-1.077	-1.613	4.081	2.686
1.500006719e12	2.299	1.918	-5.82	-6.628	-3.516	-8.752	-9.769	-3.425	-2.76
1.50000672e12	-6.929	6.337	-7.223	8.92	-4.884	0.5359	0.2515	0.7349	9.137
1.500006721e12	-3.567	3.331	-1.965	-8.966	1.79	7.084	0.5505	-5.94	-0.5286
1.500006722e12	2.972	-6.282	-8.921	-1.368	0.4358	3.964	4.177	4.369	0.7153
1.500006723e12	2.421	-8.724	4.309	-5.691	6.063	-3.395	-6.202	3.16	-5.078
1.500006724e12	4.601	8.538	1.603	4.934	-10.	-0.1526	-7.203	-6.621	-3.796
1.500006725e12	3.729	5.267	-1.843	1.985	1.224	2.815	6.189	3.632	-7.415
1.500006726e12	-8.66	1.497	1.553	6.76	-4.62	-2.717	6.495	-2.863	-7.738
1.500006727e12	-8.794	-2.661	8.65	2.559	6.34	-1.147	-4.761	-2.308	0.006104
1.500006728e12	3.325	-7.246	5.493	0.5334	9.694	-7.197	0.105	9.74	-6.367
1.500006729e12	-4.132	-4.429	-7.645	4.596	-5.465	9.681	-5.803	-4.231	0.2075
1.50000673e12	-5.422	3.756	-6.	-7.859	1.06	6.415	-5.79	-9.132	2.017
1.500006731e12	6.105	-4.451	0.05371	1.01	4.969	5.06	-0.5066	8.995	-9.729
1.500006732e12	-5.166	-4.159	8.158	0.7336	-4.988	8.291	5.41	-3.831	-2.85
1.500006733e12	3.196	3.405	-5.006	9.865	0.6323	1.648	-6.393	-8.16	0.5444
1.500006734e12	-6.401	-3.038	-6.191	-0.8044	-8.616	5.48	-3.136	-0.2844	4.192
1.500006735e12	-5.283	5.513	-7.316	-4.725	8.813	-5.327	7.544	0.2039	-2.466
1.500006736e12	-3.931	9.817	-7.4	1.465	-1.265	-4.822	-5.187	6.321	6.1
1.500006737e12	1.302	4.735	-6.849	-9.713	8.755	5.679	-5.206	9.63	8.212
1.500006738e12	1.035	-3.711	2.322	-6.503	-0.2063	4.471	9.985	7.939	-5.026
1.500006739e12	-3.022	-8.231	1.934	-1.178	3.441	6.322	8.296	-2.523	9.507
1.50000674e12	8.873	5.317	-5.19	-2.616	7.578	-0.4407	1.81	-8.94	-6.613
1.500006741e12	6.642	-4.535	-7.672	3.27	9.227	-0.7043	-4.424	0.7617	5.337
1.500006742e12	-2.49	7.751	-5.388	-4.147	-9.957	-4.592	-4.678	6.163	-9.596
1.500006743e12	-2.972	-4.883	-8.412	-2.095	0.7593	-8.401	4.951	-1.119	9.512
1.500006744e12	-9.529	6.562	4.451	2.268	0.5481	7.46	-6.011	-6.1	-7.72
1.500006745e12	-1.44	-3.101	8.979	-7.325	5.007	-4.688	8.3	-1.989	8.107
1.500006746e12	-3.901	-5.68	-0.697	-9.574	-5.305	9.929	1.978	-5.975	4.153
1.500006747e12	8.601	7.947	5.312	7.435	-0.686	7.958	-1.077	-5.254	-5.242
1.500006748e12	8.76	6.008	-6.353	-8.209	-9.12	2.593	0.5029	-5.416	8.129
1.500006749e12	9.542	0.1086	9.816	1.556	1.299	4.196	8.767	-1.653	4.778
1.50000675e12	-9.125	6.37	8.369	-0.6921	-2.295	-9.977	8.3	-6.532	-5.304
1.500006751e12	-6.636	-3.434	-3.003	-2.091	9.148	9.425	-6.016	3.861	7.108
1.500006752e12	-2.015	-2.408	-2.362	-1.028	8.306	7.19	-1.528	9.762	9.949
1.500006753e12	-9.781	4.016	9.006	-6.046	-8.707	1.335	7.601	2.354	9.899
1.500006754e12	-4.924	9.391	-7.507	-3.845	-2.848	-1.254	9.504	6.196	-5.284
1.500006755e12	6.963	-4.717	0.1392	7.157	3.584	-1.173	2.977	9.756	6.451
1.500006756e12	-9.896	8.423	3.39	-4.103	9.965	2.301	9.58	-1.562	2.146
1.500006757e12	-3.625	-3.44	-5.924	8.865	3.6	-7.303	4.382	-4.203	7.841
1.500006758e12	4.21	7.209	3.71	-6.562	-2.99	-7.784	2.542	-6.005	-9.323
1.500006759e12	7.114	-5.854	-9.486	8.604	-3.58	8.333	6.669	4.039	0.9192
1.50000676e12	-5.315	-0.3125	6.584	-3.667	-1.379	-7.266	-3.326	-5.822	3.774
1.500006761e12	-7.412	1.224	7.737	-6.206	8.542	3.51	0.9607	8.765	-8.649
1.500006762e12	1.875	5.043	1.497	-3.003	-3.689	5.02	-6.382	3.881	-3.265
1.500006763e12	7.316	-6.569	-4.995	-4.828	4.475	-0.3186	9.72	6.313	-5.728
1.500006764e12	-8.213	4.276	-6.077	-7.805	-5.551	5.154	5.273	-8.488	0.8105
1.500006765e12	-7.24	-2.628	-5.918	4.419	-3.971	-0.741	2.03	-7.079	-7.898
1.500006766e12	9.088	-9.91	-1.528	-3.01	-6.47	-3.457	-2.656	3.657	9.967
1.500006767e12	4.619	7.687	-8.054	5.302	-5.33	-3.641	-9.801	8.158	-9.111
1.500006768e12	3.317	-2.914	-1.198	-6.348	-8.59	-6.237	3.181	7.898	0.08789
1.500006769e12	2.274	6.948	-8.87	5.546	-7.102	-3.257	2.686	3.464	-9.835
1.50000677e12	-3.971	7.133	-8.677	4.269	3.834	0.5481	4.634	-7.102	7.334
1.500006771e12	-2.141	4.336	5.446	7.197	6.136	1.158	-6.908	3.899	9.194
1.500006772e12	8.286	-8.109	6.044	-6.637	3.585	5.028	-4.648	-0.03784	-8.276
1.500006773e12	-0.3516	9.968	-1.688	-0.7922	5.205	4.829	2.902	-9.901	2.711
1.500006774e12	-4.528	5.317	4.565	-9.75	-1.979	-1.752	-0.9338	9.899	-8.458
1.500006775e12	8.805	-3.315	7.385	-5.496	2.888	-4.326	-6.459	8.688	-6.339
1.500006776e12	-8.795	4.574	-9.413	-9.48	3.027	-0.6299	-1.805	2.426	-6.573
1.500006777e12	1.525	-7.361	6.284	-2.54	6.702	2.549	5.776	5.978	-1.575
1.500006778e12	5.399	-9.761	1.187	-6.606	5.88	-1.489	-9.185	7.023	8.28
1.500006779e12	4.308	5.372	-8.622	-4.651	-5.195	-5.837	-4.489	-5.413	5.409
1.50000678e12	5.098	-8.79	3.224	-0.5896	-9.037	7.233	5.865	-2.988	0.9668
1.500006781e12	-9.713	3.339	-3.898	5.747	-0.6787	5.796	-4.834	-6.447	-6.045
1.500006782e12	-3.793	-2.927	-6.294	3.645	-3.433	-8.947	9.47	-6.644	-2.197
1.500006783e12	-3.973	4.607	7.572	-7.365	-5.751	-2.639	-3.405	1.896	-3.7
1.500006784e12	-0.05371	6.074	4.325	-0.5237	1.821	-1.077	7.229	-2.893	5.908
1.500006785e12	3.92	-2.75	2.065	-0.5371	1.265	-9.025	-7.568	4.685	4.623
1.500006786e12	7.739	4.211	-4.539	3.157	-1.423	3.353	-2.471	7.938	7.373
1.500006787e12	3.571	-4.539	2.732	5.767	-3.141	-8.011	4.746	7.977	5.428
1.500006788e12	-4.338	-3.011	-9.587	2.614	4.42	2.024	1.787	-5.751	0.5627
1.500006789e12	-6.953	0.7678	-4.303	-8.379	-5.226	-0.7861	-9.117	2.866	5.651
1.50000679e12	-0.06226	1.151	-8.687	1.741	-9.408	-6.287	-8.727	9.994	7.812
1.500006791e12	-0.1892	3.43	-0.8191	-2.971	4.595	-0.8496	-0.06958	1.394	-4.768
1.500006792e12	-3.436	4.683	-8.442	-0.3503	6.725	4.48	2.218	4.072	2.734
1.500006793e12	-6.51	9.355	-8.286	0.8008	8.586	-4.177	0.8044	3.689	-9.049
1.500006794e12	-4.288	6.647	-3.322	6.443	3.334	-2.164	8.623	-4.261	-2.145
1.500006795e12	-3.746	8.279	-2.378	-6.705	6.012	7.124	0.1099	5.862	-0.0354
1.500006796e12	8.014	7.738	-0.249	-1.06	4.918	-2.899	8.524	-7.705	-0.2356
1.500006797e12	0.1184	-1.196	0.3894	-3.927	-9.174	-9.769	-9.67	-6.329	-1.827
1.500006798e12	-6.75	9.85	1.039	-9.696	6.379	8.676	7.355	7.092	-2.968
1.500006799e12	-8.737	0.1099	-3.51	3.578	7.916	9.196	0.6079	7.402	9.364
1.5000068e12	6.78	6.755	1.78	7.709	-5.861	-9.633	-5.658	-7.953	-5.853
1.500006801e12	-7.526	7.391	9.729	4.047	-5.859	7.77	9.926	3.408	1.146
1.500006802e12	1.06	-0.6445	-9.573	8.875	7.385	-0.7874	8.707	9.486	7.699
1.500006803e12	-9.78	-8.279	-0.6311	-2.205	-5.54	4.088	-8.059	8.705	4.894
1.500006804e12	-9.355	-2.181	-3.923	1.47	6.393	-5.837	-7.487	-6.66	7.186
1.500006805e12	6.627	-2.797	0.3882	5.447	-6.324	-4.542	-7.201	-3.185	-4.874
1.500006806e12	2.743	2.429	1.825	4.387	-6.65	-0.741	8.353	-9.398	-3.914
1.500006807e12	5.154	1.748	-6.561	7.085	-1.885	5.225	8.126	-9.178	-0.1135
1.500006808e12	0.708	0.116	-0.2759	-2.505	7.355	0.1685	-7.4	-7.426	-5.037
1.500006809e12	-5.474	-0.3589	8.346	-5.099	3.138	6.6	-0.4761	-1.539	1.541
1.50000681e12	9.631	-0.47	-7.661	5.916	-3.994	-0.2417	-4.98	-6.262	0.7996
1.500006811e12	8.929	1.564	9.169	8.224	-6.945	-5.957	4.427	4.301	0.8765
1.500006812e12	-0.6775	0.2271	5.363	7.705	-1.216	8.264	-4.41	4.795	-2.806
1.500006813e12	3.267	-9.641	-2.522	-7.104	7.683	-9.426	7.764	-4.668	-0.06958
1.500006814e12	3.336	2.225	-3.085	8.337	-4.613	0.2844	5.901	-0.658	-8.046
1.500006815e12	7.981	0.1953	-3.749	-9.828	-5.837	-5.133	-2.689	-6.953	-4.874
1.500006816e12	-7.059	3.551	2.937	0.006104	-3.708	1.226	0.1294	-4.17	9.967
1.500006817e12	-3.134	-4.115	3.468	9.517	-7.067	4.686	5.829	-8.881	1.58
1.500006818e12	3.951	-8.322	-4.745	-2.333	-0.5396	9.707	6.644	6.985	-9.196
1.500006819e12	3.025	-7.117	-4.672	3.782	6.423	-2.64	-1.017	-5.427	-1.832
1.50000682e12	1.81	-9.952	-6.78	-8.805	2.883	-3.748	-0.7812	8.151	5.953
1.500006821e12	-4.321	5.885	-3.849	0.7043	2.733	8.271	7.507	-5.553	-5.339
1.500006822e12	7.843	4.961	7.443	7.782	-2.549	3.053	-2.659	-0.05981	0.6873
1.500006823e12	6.144	-3.798	-2.063	-4.53	8.079	1.143	-6.277	0.5713	-8.14
1.500006824e12	-7.528	-1.482	3.794	-9.76	6.503	-8.033	7.646	7.296	4.919
1.500006825e12	-2.334	-6.566	-6.281	-7.177	8.92	2.455	-7.596	-3.45	4.283
1.500006826e12	4.75	-8.435	7.052	3.524	-6.619	9.988	9.873	-9.014	-5.936
1.500006827e12	3.979	1.953	-1.342	-7.286	-4.426	2.417	3.94	3.523	-4.884
1.500006828e12	1.815	-4.286	-6.969	-7.504	-0.9509	-5.277	-1.14	-9.791	-1.066
1.500006829e12	-5.571	-5.116	-9.294	7.251	-2.184	-0.02075	8.778	-3.341	-0.6226
1.50000683e12	4.708	-1.411	8.271	2.346	-6.353	-3.423	0.5139	-5.9	-8.359
1.500006831e12	2.892	8.326	2.123	5.713	-9.972	7.372	-2.712	-7.406	-6.711
1.500006832e12	-2.218	1.578	0.9863	6.262	-6.104	-3.12	4.589	-7.341	-7.56
1.500006833e12	-6.086	7.03	-8.721	7.19	-1.987	2.545	-7.067	5.135	-9.656
1.500006834e12	-9.075	8.831	3.959	-6.959	-0.2551	6.2	-5.836	-1.466	-5.14
1.500006835e12	9.048	2.487	-5.352	-4.716	-6.355	-3.213	-7.683	1.411	-0.3186
1.500006836e12	6.185	1.992	7.115	3.761	9.519	7.274	-1.998	4.778	-1.178
1.500006837e12	-4.467	-0.3943	8.745	6.11	0.636	9.199	-3.618	6.57	3.932
1.500006838e12	-0.5774	3.652	3.671	-1.173	-6.711	2.782	8.391	0.6775	0.3418
1.500006839e12	-1.622	9.807	1.387	0.6836	-6.281	4.099	-5.094	-6.337	-4.547
1.50000684e12	7.261	1.093	3.276	5.463	1.724	4.934	7.373	2.284	9.615
1.500006841e12	9.38	-0.3955	-5.773	3.455	2.007	1.877	0.3931	7.377	9.374
1.500006842e12	-0.1855	-6.364	2.618	-9.186	-8.059	5.884	0.6726	3.643	-2.489
1.500006843e12	1.838	-8.055	-1.77	5.452	1.758	3.969	1.92	-1.663	5.331
1.500006844e12	1.085	7.092	-3.988	1.924	-5.836	-8.291	-0.6787	-0.9863	0.9058
1.500006845e12	-0.741	-0.3601	4.351	1.182	8.459	-4.974	6.35	-2.	-1.722
1.500006846e12	8.683	-1.564	8.632	-4.918	-1.554	5.862	-9.508	1.924	-3.475
1.500006847e12	0.0415	-5.312	-4.126	-3.242	-7.885	-2.513	-5.768	7.717	-3.639
1.500006848e12	1.821	-5.504	7.806	3.286	9.883	-5.919	-3.347	3.03	-7.141
1.500006849e12	-1.143	4.028	1.605	-6.101	8.082	0.9851	6.726	-8.018	4.221
1.50000685e12	3.724	9.011	-3.82	5.699	4.254	0.09155	-9.819	-6.066	5.173
1.500006851e12	0.7166	-9.115	0.52	-8.816	5.779	-5.228	-1.532	2.235	-0.4749
1.500006852e12	5.123	2.46	-3.933	2.058	-7.527	1.011	-8.555	2.473	9.15
1.500006853e12	0.2551	-7.489	9.958	9.718	5.575	0.6445	2.064	-9.752	-5.055
1.500006854e12	-9.413	-2.382	-6.265	4.934	6.538	-8.069	-2.496	3.591	4.587
1.500006855e12	2.388	3.319	7.866	-9.176	-5.281	6.587	-8.713	-5.258	7.487
1.500006856e12	-4.395	-1.106	-1.116	7.314	-9.225	-0.802	9.093	1.411	-1.854
1.500006857e12	-5.864	-2.008	-0.3943	-0.9497	1.901	-7.019	3.083	3.594	-7.545
1.500006858e12	-6.514	-5.763	-2.157	8.618	-9.263	-2.528	-1.515	9.965	-7.128
1.500006859e12	0.5981	7.617	2.461	4.264	-1.787	-5.455	6.526	4.706	4.178
1.50000686e12	8.542	7.771	-6.741	6.857	3.993	6.522	-7.704	2.714	-6.216
1.500006861e12	-9.76	6.729	8.701	9.857	-4.783	1.533	-6.165	4.742	3.016
1.500006862e12	9.015	-6.942	2.209	-3.718	7.102	8.864	-8.455	-6.899	-5.469
1.500006863e12	1.754	8.279	-9.83	-7.902	-2.917	4.821	2.622	6.055	7.417
1.500006864e12	-5.522	7.725	-5.699	4.896	-9.464	-4.087	9.816	7.343	8.784
1.500006865e12	5.452	3.284	8.138	-1.631	4.075	-2.935	7.582	-5.836	2.378
1.500006866e12	7.369	8.922	5.569	-0.03784	-4.656	-2.568	-9.021	9.98	5.841
1.500006867e12	8.575	6.772	-5.271	6.34	-7.714	-1.755	-6.157	2.675	5.
1.500006868e12	1.512	1.566	-7.849	-3.44	-5.945	-8.718	0.5737	2.074	2.505
1.500006869e12	-6.033	-3.562	-1.144	9.502	-0.4004	5.232	2.146	2.162	-3.109
1.50000687e12	-5.46	3.657	9.554	0.1404	-5.247	-0.4236	8.641	2.075	3.413
1.500006871e12	9.604	9.893	-4.255	-8.817	-7.574	7.5	-4.994	-1.473	-5.71
1.500006872e12	-3.893	2.764	5.809	-2.056	4.07	-6.362	-1.216	1.666	-1.121
1.500006873e12	-4.54	-7.189	8.817	-7.982	8.723	0.1794	-3.51	-6.715	-4.725
1.500006874e12	4.094	6.034	-8.007	-1.512	2.709	-5.737	-1.569	-0.04395	-2.697
1.500006875e12	6.124	4.447	4.833	2.9	-1.436	5.303	-2.999	-0.2002	3.923
1.500006876e12	2.028	5.127	-3.542	2.509	-9.445	3.738	4.313	5.84	-6.161
1.500006877e12	1.726	-6.646	-7.357	1.635	-3.312	0.08301	-0.1807	-5.864	-3.695
1.500006878e12	-0.144	-6.915	-6.251	7.838	7.047	0.8655	-8.685	0.3638	-1.245
1.500006879e12	8.062	-1.259	-3.741	-7.821	7.729	0.6201	1.865	5.857	-9.884
1.50000688e12	-8.4	-4.756	4.05	-6.969	6.208	-5.006	-7.495	6.493	9.279
1.500006881e12	4.645	2.592	6.539	5.397	3.296	-6.493	-0.1807	5.171	-7.301
1.500006882e12	-2.721	6.202	-7.67	-9.11	-8.406	-2.571	-4.218	0.05493	-7.135
1.500006883e12	5.692	-6.362	-7.454	3.944	2.72	7.849	2.733	0.6433	-3.11
1.500006884e12	3.442	-3.37	3.718	9.13	5.221	0.105	-0.8557	-7.827	-5.277
1.500006885e12	1.641	-4.01	-9.094	0.1794	-7.495	4.401	-6.545	-2.012	-8.885
1.500006886e12	-4.824	-5.005	-7.167	8.257	3.997	-0.08301	-4.9	0.9521	2.877
1.500006887e12	6.548	-5.878	-5.752	-6.552	8.612	-2.987	-2.218	-0.5774	-9.485
1.500006888e12	-1.559	8.685	7.684	4.669	-3.824	-6.666	-9.8	4.108	7.559
1.500006889e12	0.7373	-5.105	8.572	-1.987	9.702	3.712	0.6421	5.746	-0.3455
1.50000689e12	-0.6519	-0.3247	3.853	-4.565	8.025	4.376	-2.673	-7.303	-1.698
1.500006891e12	6.466	0.4944	-3.025	-3.053	6.818	-0.9216	8.68	-6.965	-2.241
1.500006892e12	-7.664	2.96	-8.514	8.788	-6.3	-0.04028	-2.88	-6.555	-2.838
1.500006893e12	7.433	-5.181	5.765	-6.711	2.819	1.353	4.952	3.276	1.721
1.500006894e12	5.991	-2.151	4.478	-5.806	-9.808	0.4028	-5.038	-5.204	8.601
1.500006895e12	4.899	-6.475	-1.538	9.968	-8.068	4.619	-6.624	-4.636	6.536
1.500006896e12	-4.594	2.438	-4.141	1.512	-4.55	0.5981	-6.781	1.749	-2.515
1.500006897e12	-7.26	-8.8	-1.078	7.528	4.001	-9.7	-7.196	8.298	-9.369
1.500006898e12	-3.464	-2.737	-4.432	-3.01	-8.027	3.647	9.661	-6.788	-9.791
1.500006899e12	2.996	1.367	5.823	-1.974	-8.378	-7.391	-5.082	6.012	-7.755
1.5000069e12	6.711	6.024	4.209	3.494	-6.217	1.719	-0.05615	-9.653	-1.378
1.500006901e12	-0.8496	-3.478	5.831	9.657	8.336	3.179	0.5298	3.269	-8.33
1.500006902e12	1.024	9.563	-2.855	0.8875	-2.699	3.159	-6.606	6.355	6.296
1.500006903e12	0.7397	5.657	-0.09766	-6.409	5.084	-4.373	2.974	6.718	8.724
1.500006904e12	0.5786	-0.4932	-8.104	-2.675	2.837	-2.03	-6.067	7.795	-1.708
1.500006905e12	-2.198	-0.1599	7.419	-0.7874	-1.284	6.501	-7.601	-6.293	1.532
1.500006906e12	-9.666	6.848	7.355	0.2551	7.239	3.729	-5.99	-3.33	2.217
1.500006907e12	9.788	-7.128	1.531	-1.686	-3.149	-4.159	9.272	5.89	-8.289
1.500006908e12	9.305	-7.711	1.758	4.619	6.57	-5.917	-5.612	4.434	9.338
1.500006909e12	3.402	9.73	-4.196	6.559	7.516	1.606	8.942	8.422	4.873
1.50000691e12	-1.73	1.107	1.46	1.902	2.327	-1.073	6.307	0.1941	6.53
1.500006911e12	-8.077	0.5078	-0.2893	-2.217	4.68	1.001	-2.358	3.096	4.209
1.500006912e12	-9.75	-7.516	-5.392	-3.046	1.184	4.839	0.3064	6.034	-2.97
1.500006913e12	-1.603	2.025	7.939	-2.091	2.607	9.543	3.12	-5.73	-7.388
1.500006914e12	-4.966	6.323	-9.253	3.95	8.165	3.85	4.437	-3.264	-6.414
1.500006915e12	-0.4089	3.795	9.883	-8.718	4.814	-2.069	-3.187	8.409	6.82
1.500006916e12	-1.849	-6.097	4.022	-0.9985	3.552	-6.042	9.104	-2.003	-6.107
1.500006917e12	-0.5664	-2.175	5.587	-1.96	1.997	9.745	9.766	-2.351	8.638
1.500006918e12	-8.428	9.067	3.132	-5.138	3.54	4.907	1.713	3.906	8.44
1.500006919e12	-5.691	-4.265	6.78	-6.857	2.223	2.781	-2.367	-1.061	5.317
1.50000692e12	-7.402	-7.26	8.881	-8.639	-3.003	7.618	3.132	2.008	-1.93
1.500006921e12	-1.93	-4.318	-4.637	7.474	2.042	3.558	7.576	2.843	-4.722
1.500006922e12	-3.844	-4.879	-3.374	-9.048	-7.048	-1.93	2.239	4.67	-0.5151
1.500006923e12	-8.09	-1.737	-7.485	3.49	-0.9839	5.658	0.5042	7.942	5.219
1.500006924e12	-0.2527	6.39	-3.026	-9.767	-9.482	5.083	-3.042	5.391	6.838
1.500006925e12	-3.386	9.454	-3.3	-8.303	-0.1306	-9.631	-9.893	-5.532	9.939
1.500006926e12	-8.746	-6.498	0.7532	1.51	4.681	4.082	-7.05	0.9497	6.879
1.500006927e12	-5.903	-6.598	1.444	-2.34	-8.508	5.612	0.1953	-1.366	-5.737
1.500006928e12	0.9912	-3.387	-0.3027	8.329	2.451	-4.175	0.08179	-9.741	2.083
1.500006929e12	-5.664	7.393	-9.015	9.061	2.092	1.835	-2.943	9.006	8.285
1.50000693e12	7.607	1.459	-1.321	9.272	8.984	-1.572	3.805	7.023	-4.866
1.500006931e12	-9.664	-0.155	9.304	3.32	6.614	5.641	2.7	4.37	-4.204
1.500006932e12	2.31	-0.1904	7.079	6.455	1.099	-5.54	5.164	-1.654	5.876
1.500006933e12	-2.711	1.564	7.479	4.371	7.413	1.377	7.865	-4.125	-4.445
1.500006934e12	1.354	1.222	1.766	-4.889	6.322	6.73	5.685	7.057	4.686
1.500006935e12	9.717	1.344	-3.76	-3.104	-0.5249	-2.568	-1.752	0.8044	-3.256
1.500006936e12	-8.011	-7.261	-4.854	5.763	-2.393	1.278	7.584	6.2	-9.6
1.500006937e12	-7.946	-5.754	-9.146	-1.46	-0.3601	-8.06	9.686	1.252	4.315
1.500006938e12	-1.292	-4.097	-3.707	-3.845	4.495	9.801	-7.511	-3.59	-2.412
1.500006939e12	8.131	3.962	-7.095	8.573	2.241	-1.052	2.356	-2.114	-8.405
1.50000694e12	-7.374	7.677	-8.284	0.1416	3.669	-4.229	-7.795	5.542	3.079
1.500006941e12	3.256	4.673	7.921	-4.343	5.171	8.052	3.253	4.489	-0.3491
1.500006942e12	-6.173	-4.136	-6.86	-6.226	-8.445	5.518	-2.697	4.854	-5.128
1.500006943e12	-8.877	-3.556	-7.581	2.987	3.469	-5.415	-1.812	-2.815	-3.757
1.500006944e12	8.787	-3.109	-2.544	-6.222	-9.889	-7.921	-7.224	-3.763	-2.941
1.500006945e12	4.248	2.676	4.241	-5.038	-3.241	-9.529	0.863	-6.41	-6.781
1.500006946e12	4.292	-5.723	-0.2246	3.595	3.69	-2.579	-9.109	-0.2576	-1.108
1.500006947e12	6.283	-5.487	0.4639	4.934	8.049	-4.257	-1.481	5.707	-5.032
1.500006948e12	6.837	9.537	-4.006	6.973	-8.071	7.327	-6.282	5.548	7.64
1.500006949e12	-7.371	-1.766	-6.617	-8.646	9.562	-8.472	5.125	7.627	1.47
1.50000695e12	2.487	-6.899	5.383	-5.803	-2.173	-0.4248	-1.787	-1.254	1.521
1.500006951e12	-8.065	-0.5286	-9.026	-7.28	3.597	3.73	2.668	7.285	-0.3259
1.500006952e12	7.197	-0.08301	5.876	-8.351	-1.849	2.557	-3.145	-5.785	-7.246
1.500006953e12	7.034	2.77	-5.754	-2.108	-5.724	9.012	-9.989	2.139	-4.193
1.500006954e12	7.786	8.529	-8.817	-9.985	-4.774	1.709	-3.796	-4.478	-6.375
1.500006955e12	-2.944	5.386	1.155	-3.627	7.324	1.625	2.853	-1.829	5.066
1.500006956e12	6.581	2.82	-1.719	3.834	-3.131	2.732	0.5664	-9.496	8.066
1.500006957e12	6.241	-6.976	-8.036	6.727	3.593	6.84	-4.135	7.335	1.564
1.500006958e12	1.599	-6.034	-5.057	9.248	-7.567	-0.5066	2.472	-0.4346	7.059
1.500006959e12	-7.38	8.013	-4.679	-1.985	-9.562	4.545	-9.893	0.7678	5.435
1.50000696e12	-9.05	3.113	-5.438	1.506	-5.085	4.066	3.582	4.796	9.847
1.500006961e12	-6.802	2.471	-8.787	-6.609	8.262	-1.995	-1.521	7.595	1.161
1.500006962e12	2.263	-3.481	-7.706	1.589	2.6	5.951	-1.199	2.826	-2.637
1.500006963e12	2.026	-0.2161	-4.503	2.118	-3.131	1.298	-9.945	-4.926	-7.124
1.500006964e12	-1.571	-0.8008	-1.969	7.472	-8.392	-9.227	3.003	-1.819	-6.971
1.500006965e12	9.869	-0.4114	7.716	5.994	-9.569	7.596	-9.061	6.199	4.667
1.500006966e12	-9.823	2.078	-2.971	5.541	4.84	0.9485	6.863	-3.695	-3.617
1.500006967e12	-0.7788	-9.59	9.462	-5.872	-4.042	0.1135	5.84	1.469	-3.35
1.500006968e12	0.1453	-0.9766	-1.11	5.182	-0.6775	3.17	9.156	-2.274	4.727
1.500006969e12	8.654	0.3064	6.483	6.536	-3.934	-2.676	-2.599	7.333	-0.5896
1.50000697e12	-9.509	-4.331	1.659	6.407	-5.349	3.533	2.583	-3.649	-8.816
1.500006971e12	6.427	-2.479	-7.939	2.592	4.144	2.758	-7.971	9.777	-8.268
1.500006972e12	6.807	-5.621	4.313	6.99	6.139	7.703	-7.314	-4.94	-8.64
1.500006973e12	-1.525	1.864	2.242	-4.244	7.64	-5.706	-4.761	-0.3467	6.046
1.500006974e12	8.678	-2.211	-8.951	-6.97	4.321	7.142	4.55	0.9265	9.825
1.500006975e12	-9.901	-5.581	-9.601	2.341	-8.018	-8.214	-7.257	7.782	2.445
1.500006976e12	6.093	-5.037	-0.6384	7.346	1.697	5.74	2.014	-8.168	1.498
1.500006977e12	-6.097	-0.3638	-8.256	5.89	-2.999	-8.977	9.232	-6.881	-7.394
1.500006978e12	-0.6287	-8.395	-4.839	8.015	-4.178	-4.355	5.864	0.5786	-8.376
1.500006979e12	0.8838	-1.499	3.263	3.878	3.927	-9.014	4.697	9.54	4.994
1.50000698e12	8.892	6.077	3.796	-4.838	-9.518	-1.505	2.974	4.348	-0.9888
1.500006981e12	-4.768	-9.431	3.857	-0.8765	6.461	7.574	7.881	-8.291	7.778
1.500006982e12	7.236	6.035	-8.289	6.919	-9.019	9.648	8.411	8.285	6.915
1.500006983e12	7.095	-0.2942	-8.418	7.738	2.31	2.637	7.471	2.473	9.811
1.500006984e12	8.13	-3.899	8.149	-2.977	-1.455	-9.066	-5.028	8.652	-6.605
1.500006985e12	-0.9314	-8.361	-3.868	-0.2368	2.261	-7.985	5.929	0.1587	-1.87
1.500006986e12	-9.523	-5.889	9.583	-4.271	1.427	8.876	4.036	5.095	-7.772
1.500006987e12	-0.8398	9.983	-8.993	4.545	7.239	6.829	-4.321	-4.528	-7.552
1.500006988e12	-5.115	2.751	3.578	-7.365	6.697	9.607	4.008	8.168	6.963
1.500006989e12	-5.397	-9.973	5.074	5.779	2.197	-6.779	-2.18	-4.111	0.2063
1.50000699e12	-5.067	-7.528	-4.987	-4.231	-0.4431	-1.617	-9.377	-6.381	7.051
1.500006991e12	7.55	6.974	8.364	-7.05	4.803	6.848	-1.61	6.564	-2.382
1.500006992e12	-2.947	-2.578	2.047	9.706	-0.2429	-4.823	-5.996	0.3699	-5.112
1.500006993e12	-8.281	4.728	-5.925	-4.96	7.224	-7.689	9.583	-0.8704	-2.965
1.500006994e12	0.166	-6.069	-6.978	6.716	4.656	6.06	-3.705	6.266	2.72
1.500006995e12	0.3149	-9.655	-2.009	6.373	6.003	-3.055	9.368	0.6824	5.886
1.500006996e12	-4.303	4.004	-3.097	3.22	8.101	-1.421	9.075	3.59	5.031
1.500006997e12	-7.716	-7.046	-5.771	-4.694	7.186	7.659	6.005	-1.373	-9.797
1.500006998e12	4.99	9.182	1.398	5.035	7.032	-2.429	-7.332	-2.784	0.6042
1.500006999e12	-5.465	1.868	-7.692	2.136	-5.647	5.92	-5.262	8.773	-7.577
1.500007e12	-0.5261	0.2808	1.792	8.899	-1.138	2.941	-8.806	4.303	-2.284
1.500007001e12	1.398	7.257	-5.908	3.582	-1.493	3.918	-1.329	-8.622	0.5627
1.500007002e12	9.231	-7.454	-8.326	-9.412	-8.666	-6.515	9.141	-3.915	7.012
1.500007003e12	0.1404	2.455	-2.869	-3.236	-0.1929	-6.827	-5.168	0.05615	0.2246
1.500007004e12	8.901	6.448	-9.453	2.24	-1.532	2.202	-4.508	5.059	2.234
1.500007005e12	9.965	-4.08	-9.305	6.235	-1.572	-6.987	0.4895	8.3	2.699
1.500007006e12	-1.865	-8.654	-5.345	1.864	7.506	-8.298	1.414	0.7324	-6.313
1.500007007e12	-0.8191	-1.282	9.215	4.303	-7.573	-0.1318	-7.303	8.431	0.8472
1.500007008e12	-0.7983	1.825	-3.787	4.093	5.814	3.225	8.112	-0.8203	-1.516
1.500007009e12	3.35	-5.132	9.755	3.949	4.537	2.616	-1.687	-1.88	-2.126
1.50000701e12	-8.33	4.091	-5.143	2.831	-4.318	0.6201	2.75	1.74	1.918
1.500007011e12	3.497	-6.328	-9.827	-6.885	-2.385	-2.273	1.096	6.692	2.561
1.500007012e12	-5.778	2.488	-6.008	8.401	9.839	3.606	3.529	-1.615	8.765
1.500007013e12	9.332	5.135	0.6958	-2.987	-8.423	6.124	2.854	-9.092	-4.337
1.500007014e12	1.927	9.581	7.407	1.81	8.165	1.057	4.591	7.635	-6.5
1.500007015e12	9.257	-1.13	-8.853	0.6641	0.9241	-2.515	-0.7312	-7.948	-7.777
1.500007016e12	-7.516	-7.705	4.037	-9.6	6.274	1.426	-5.546	9.077	-9.727
1.500007017e12	-5.64	-1.097	-6.41	1.355	-0.2075	-4.115	4.917	6.038	-7.777
1.500007018e12	-5.718	-2.048	-7.004	-9.487	6.007	-6.172	4.463	-0.05981	9.22
1.500007019e12	4.733	0.7996	-8.853	-7.156	1.875	-8.551	4.423	6.311	-8.204
1.50000702e12	5.924	-7.317	4.323	9.51	-4.398	-1.879	8.253	2.694	6.96
1.500007021e12	-4.028	-4.79	-4.667	-0.7422	-2.623	6.08	5.693	-0.3699	-0.3479
1.500007022e12	5.9	-1.768	6.583	0.4053	-0.2893	-4.352	1.787	-7.941	9.255
1.500007023e12	-9.507	8.188	1.87	8.896	-9.619	-5.587	1.074	3.627	-8.965
1.500007024e12	-0.1111	0.6665	-6.924	-7.896	-6.974	-6.953	2.053	-8.678	0.1453
1.500007025e12	8.73	-5.005	3.842	1.37	-4.771	4.819	-9.839	-6.527	-0.3943
1.500007026e12	6.655	2.19	9.049	-7.007	9.229	-4.337	5.221	-6.215	-2.917
1.500007027e12	7.727	4.852	8.278	-0.1965	5.66	6.814	0.7751	0.2222	8.096
1.500007028e12	-6.228	-1.951	9.133	2.975	-9.753	5.859	1.112	4.148	8.209
1.500007029e12	3.749	5.884	0.26	-5.192	7.75	-7.531	0.7507	-3.542	-7.385
1.50000703e12	7.314	0.7239	-5.327	-1.555	-5.243	-1.089	-5.869	-5.598	-8.85
1.500007031e12	-8.082	-3.586	-3.251	-7.462	6.141	-0.3186	4.623	-7.529	-4.29
1.500007032e12	-5.151	2.373	3.423	-3.564	9.852	-5.967	-9.645	9.65	6.893
1.500007033e12	-1.879	-4.382	-6.154	-6.561	5.206	-4.792	0.1917	8.903	-3.557
1.500007034e12	-2.064	0.6116	-8.961	-7.947	-5.787	-0.1489	-8.484	-6.848	7.247
1.500007035e12	-4.76	-1.732	-3.882	0.9839	-5.192	1.106	-8.871	-0.6091	3.691
1.500007036e12	-5.967	4.814	8.91	7.078	1.692	3.951	9.828	-6.282	6.666
1.500007037e12	8.466	1.711	4.725	-8.59	-5.366	-6.174	1.373	-5.153	4.967
1.500007038e12	4.702	7.109	-6.102	-8.539	-1.726	-4.635	2.128	-1.838	1.51
1.500007039e12	9.866	-5.485	-3.998	-6.022	9.902	5.001	9.357	4.319	-4.81
1.50000704e12	8.132	-1.078	-3.625	-6.923	-8.931	-8.579	0.1428	3.506	5.243
1.500007041e12	7.811	-4.231	-7.629	3.958	-5.312	-7.333	4.75	-6.874	6.959
1.500007042e12	-9.026	5.342	3.4	-0.5237	-2.731	-0.2478	-2.191	2.02	5.452
1.500007043e12	8.241	5.421	1.624	-2.227	-6.23	7.023	-1.691	-9.572	-4.075
1.500007044e12	5.725	-9.568	-6.764	-8.651	-3.142	2.545	-9.845	4.447	0.7727
1.500007045e12	9.163	5.126	-8.436	-6.494	3.247	7.694	-8.059	8.728	8.735
1.500007046e12	0.7178	2.202	6.207	-7.123	4.581	-6.598	-5.127	9.983	8.75
1.500007047e12	5.231	7.679	-4.806	7.073	9.29	0.2271	2.312	1.272	7.831
1.500007048e12	-3.579	4.032	-5.707	0.415	-5.991	2.657	2.864	-2.64	2.939
1.500007049e12	2.155	5.999	5.194	6.224	9.081	3.828	-3.992	2.534	-5.417
1.50000705e12	-2.927	-6.859	8.591	0.3357	-3.213	-0.9521	-2.882	2.567	-2.054
1.500007051e12	9.467	2.045	7.231	-9.979	-4.863	9.449	7.822	-1.814	-5.315
1.500007052e12	9.768	-6.497	-4.424	-5.408	-7.795	-5.209	3.512	-4.949	-1.808
1.500007053e12	-9.961	5.647	-6.356	-0.3674	-0.6201	-6.713	-1.981	3.733	0.78
1.500007054e12	1.804	-9.991	-7.808	-3.622	8.96	-1.116	6.799	9.479	-2.128
1.500007055e12	-9.518	-0.7678	8.293	6.188	-9.581	6.453	-6.294	7.389	-6.606
1.500007056e12	-6.072	-4.567	8.831	5.177	-3.289	-6.519	9.53	-1.312	-2.743
1.500007057e12	1.993	-4.596	5.583	5.054	5.208	-4.163	2.208	5.265	-3.416
1.500007058e12	0.9583	-5.481	8.486	7.997	-0.9167	-4.072	0.1819	-3.835	-8.362
1.500007059e12	-6.069	6.047	2.332	0.155	1.235	6.223	-5.828	-7.019	-5.454
1.50000706e12	-9.1	8.573	1.718	-1.422	-0.4138	-0.8728	0.2991	-0.2795	-4.672
1.500007061e12	-0.6543	-2.062	-3.518	1.995	1.499	-0.7666	-8.715	-4.376	-9.745
1.500007062e12	-9.641	4.463	2.671	-4.6	1.27	1.765	4.86	4.462	-7.043
1.500007063e12	-9.796	-7.539	-7.887	-0.3674	1.265	-3.837	-4.061	-8.61	-4.794
1.500007064e12	-5.414	3.149	3.921	-4.244	-1.261	5.959	-7.649	-5.986	-2.018
1.500007065e12	-0.1697	-5.452	-2.543	2.263	7.358	-3.221	-8.217	3.23	0.2222
1.500007066e12	-6.555	-0.8972	-0.9619	-0.4138	2.217	7.648	5.283	1.621	6.696
1.500007067e12	-7.821	-4.351	-1.616	9.069	-0.813	-1.506	3.843	-3.27	4.197
1.500007068e12	4.784	3.423	8.503	8.772	1.483	9.402	-9.105	6.682	-1.2
1.500007069e12	-9.354	6.691	8.618	6.506	1.237	-5.507	-8.608	-3.984	-3.315
1.50000707e12	-5.199	1.453	8.708	7.231	9.26	-8.823	-0.02075	-4.619	6.095
1.500007071e12	-6.189	8.514	-9.385	5.869	-2.445	9.447	3.281	-0.2209	-7.911
1.500007072e12	-1.025	-0.8533	-3.011	-5.233	7.883	6.075	-5.807	4.823	3.668
1.500007073e12	7.869	3.873	-1.24	-1.354	2.278	0.6091	-0.2319	8.866	-1.559
1.500007074e12	-0.9717	4.438	1.997	-9.452	5.422	-8.574	-0.1392	-6.62	-2.965
1.500007075e12	9.677	2.72	2.572	-7.719	-7.225	-5.983	-3.099	8.215	-4.006
1.500007076e12	-6.798	6.617	-9.445	-7.408	0.9619	6.394	4.38	4.517	5.205
1.500007077e12	5.122	-2.366	8.651	3.097	9.913	-5.273	8.334	6.353	-3.694
1.500007078e12	-0.3479	-7.465	-4.137	1.245	-5.319	0.1624	-6.864	-4.612	-2.727
1.500007079e12	-8.539	-1.47	-6.227	5.157	-6.23	7.802	7.665	6.168	3.677
1.50000708e12	8.594	-4.312	-6.759	6.726	5.126	-6.472	-0.52	3.431	9.866
1.500007081e12	-6.719	-0.1599	3.939	9.539	8.649	-8.196	7.336	5.433	8.428
1.500007082e12	4.498	5.771	3.274	-5.823	2.201	-4.058	-2.339	7.463	7.037
1.500007083e12	-0.1257	-9.333	8.409	0.5481	-4.802	0.8936	-2.446	2.93	-1.737
1.500007084e12	3.241	8.169	-1.852	-4.406	7.714	-2.163	-7.515	1.498	-2.422
1.500007085e12	-4.998	5.167	8.506	5.209	-4.449	9.434	-2.798	-9.242	-7.566
1.500007086e12	2.146	0.6616	-9.359	-6.151	5.586	9.102	7.897	-7.103	0.9497
1.500007087e12	7.175	-0.2832	-6.023	-8.036	4.84	-5.096	-3.853	-1.456	-4.728
1.500007088e12	9.39	9.729	-9.735	-6.682	-9.336	1.234	-4.366	-6.172	9.592
1.500007089e12	5.781	-5.876	-9.235	0.9937	-6.993	9.59	-8.638	7.078	-2.26
1.50000709e12	-2.192	-4.653	9.8	8.964	9.961	2.444	-3.173	-0.575	2.081
1.500007091e12	-0.05859	7.646	0.9851	8.459	-1.18	6.39	-0.07202	-2.637	-5.132
1.500007092e12	-5.466	6.396	6.597	8.289	-2.516	-7.161	4.529	-7.952	-9.536
1.500007093e12	3.102	-6.345	-6.759	8.179	2.466	3.127	2.479	3.903	7.183
1.500007094e12	-0.1611	-9.913	8.048	2.412	0.3418	-2.657	-6.934	9.58	4.993
1.500007095e12	-9.778	2.621	3.672	-5.89	-4.429	-0.8862	-9.229	4.337	7.948
1.500007096e12	-9.504	-9.241	-3.447	7.487	7.69	-7.649	-3.89	-9.971	-8.468
1.500007097e12	0.7739	-6.846	-4.607	6.014	1.372	-6.926	-6.436	1.855	-1.527
1.500007098e12	1.989	-9.103	-0.1062	1.97	7.438	4.259	-8.524	-3.276	-9.896
1.500007099e12	-4.29	-4.746	0.885	-0.7629	3.291	6.898	2.083	-3.49	-1.973
1.5000071e12	-8.027	-1.35	-1.569	0.03052	-2.965	8.85	8.335	-4.761	-9.064
1.500007101e12	2.798	8.547	3.657	-6.921	-3.35	-0.1172	-4.333	0.5762	-3.842
1.500007102e12	-5.582	0.06714	4.808	2.225	6.464	-0.2307	8.717	-7.351	-4.674
1.500007103e12	-2.135	-6.987	1.306	2.686	-7.079	-2.052	3.09	8.219	-0.1746
1.500007104e12	1.558	0.1636	1.339	-2.467	-8.478	-1.694	4.098	5.376	-9.905
1.500007105e12	0.1331	4.957	-4.5	-5.613	1.06	-7.41	-9.791	5.625	-2.509
1.500007106e12	3.853	1.963	0.3943	-4.796	-7.954	-2.546	-2.875	8.35	-6.472
1.500007107e12	-9.44	3.875	-2.894	-9.054	5.104	-2.208	-9.32	-3.961	-5.933
1.500007108e12	7.034	0.3723	9.	4.927	8.346	-8.051	8.051	-0.7507	6.57
1.500007109e12	2.659	-7.518	9.99	7.251	8.066	0.3381	-9.15	8.185	-1.412
1.50000711e12	7.845	-9.443	5.884	6.696	0.3381	8.479	3.533	8.203	0.304
1.500007111e12	8.243	4.297	-6.307	0.3589	1.068	3.876	-5.345	-1.927	9.956
1.500007112e12	2.903	2.723	-4.025	-3.171	-2.833	-0.04395	3.146	1.72	-9.381
1.500007113e12	-6.798	-2.515	0.8691	8.197	4.185	4.069	8.951	4.203	4.858
1.500007114e12	9.29	-6.898	0.09033	-4.31	4.222	4.149	2.302	-2.864	-0.2893
1.500007115e12	-3.806	-6.631	-3.268	-0.7495	-0.9436	-6.525	-6.08	8.673	4.503
1.500007116e12	-1.368	-3.833	0.0354	-8.593	-8.851	-3.9	5.356	4.114	0.6799
1.500007117e12	-0.2783	-7.487	-2.64	1.965	-5.101	5.28	1.356	-6.407	1.112
1.500007118e12	7.394	-9.287	-0.01587	6.146	9.283	-8.929	4.556	4.028	-9.656
1.500007119e12	-3.368	-0.4395	7.15	-5.096	-4.227	-4.653	5.957	-6.398	1.08
1.50000712e12	3.64	1.321	1.311	-2.546	-0.7727	-7.686	-6.525	0.1685	0.1526
1.500007121e12	-3.229	-6.198	-3.667	-3.085	-7.876	0.09766	8.807	4.733	0.0647
1.500007122e12	6.471	1.005	0.7898	3.223	4.53	-9.332	7.064	-9.614	-6.91
1.500007123e12	-2.186	-5.802	8.458	2.426	-5.833	5.426	-3.668	9.817	5.841
1.500007124e12	-4.424	4.199	-1.14	-7.3	-5.786	8.777	6.438	-8.711	-9.192
1.500007125e12	-3.066	-2.914	-1.809	-7.028	-4.485	1.608	-0.448	2.971	-5.059
1.500007126e12	3.358	9.254	9.044	2.294	-7.057	-9.556	-9.01	4.441	-4.74
1.500007127e12	-2.211	3.676	-5.804	-3.375	8.888	0.5774	2.886	2.682	8.922
1.500007128e12	-1.672	-1.409	-7.999	-9.806	3.483	6.624	-7.722	6.031	2.218
1.500007129e12	-8.337	-0.448	9.312	1.273	6.123	9.	4.426	-6.31	-1.991
1.50000713e12	-3.29	6.616	-8.	-8.052	8.53	-3.492	-7.491	4.117	2.756
1.500007131e12	-7.263	-8.127	-3.68	-6.583	-7.583	6.327	4.719	8.32	-0.3418
1.500007132e12	6.52	0.5554	5.637	0.8826	-8.983	7.404	2.12	-6.675	0.6982
1.500007133e12	-8.055	5.424	-0.2563	-3.076	-8.348	-6.365	8.73	-5.035	6.489
1.500007134e12	-8.983	7.666	3.853	-6.338	4.498	-1.786	-1.034	3.544	4.751
1.500007135e12	1.093	-9.253	8.224	-9.634	7.354	-1.803	2.942	8.492	-6.653
1.500007136e12	-1.315	0.6104	-0.2942	4.2	-8.815	-7.272	0.5176	-4.192	-1.541
1.500007137e12	1.104	3.065	9.998	-7.148	-3.864	4.734	-8.91	9.652	-4.288
1.500007138e12	8.71	-6.963	0.2844	2.848	5.981	-8.252	-0.2466	-5.291	7.991
1.500007139e12	4.213	-0.1074	-2.511	7.979	4.969	2.913	1.699	5.919	-8.761
1.50000714e12	-0.1697	-1.482	1.29	-7.085	8.24	3.501	2.708	4.502	4.774
1.500007141e12	4.835	-5.552	-7.701	-7.323	-0.8557	-1.337	4.799	0.3674	-3.792
1.500007142e12	-2.614	-9.545	-9.67	6.837	3.292	-1.818	-8.777	1.261	8.672
1.500007143e12	9.478	-9.	8.298	-3.533	9.94	2.272	-3.517	2.026	-0.8276
1.500007144e12	3.647	-1.459	-0.7959	-6.625	-2.238	7.404	-0.6104	0.008545	1.783
1.500007145e12	8.809	-3.9	0.2344	-1.008	-7.227	-5.452	-3.695	7.406	-9.188
1.500007146e12	-2.998	8.643	-9.771	-8.459	-6.658	-5.865	-3.102	-9.987	-5.737
1.500007147e12	0.2783	-2.54	-4.402	-2.504	6.691	6.646	8.571	1.996	9.098
1.500007148e12	2.526	-7.725	2.904	8.63	-4.336	7.831	-2.682	2.559	4.738
1.500007149e12	9.464	-1.925	-9.596	6.233	-8.434	7.777	8.956	-7.357	-5.583
1.50000715e12	3.074	7.5	-4.24	1.851	0.5457	-6.191	2.532	-6.993	-4.957
1.500007151e12	5.883	-5.468	-2.8	4.526	1.34	-9.952	-9.539	8.857	-9.792
1.500007152e12	-0.5225	-8.723	-6.863	-1.144	3.26	1.863	-9.226	-0.1819	6.61
1.500007153e12	0.2344	-8.163	3.958	3.463	-8.739	1.757	9.166	-0.03906	1.866
1.500007154e12	9.253	-9.756	-3.005	2.738	1.493	1.611	-3.998	3.585	5.504
1.500007155e12	-8.611	2.75	-6.034	2.202	-3.82	-4.27	-3.217	-4.622	8.096
1.500007156e12	9.308	-3.844	5.159	-7.271	4.766	-5.875	3.171	-4.232	8.022
1.500007157e12	-5.914	-2.826	6.995	-2.57	-3.127	0.1819	9.655	-8.324	9.556
1.500007158e12	5.216	-1.053	-0.4858	-1.289	-8.846	2.766	-0.2271	3.062	7.446
1.500007159e12	-5.374	6.196	1.045	6.15	-7.054	5.616	2.448	0.4077	-2.3
1.50000716e12	6.471	-5.494	-9.06	5.334	-3.102	-7.911	-6.88	4.824	3.303
1.500007161e12	8.126	6.646	-8.352	5.729	-0.116	-6.337	5.986	1.689	7.688
1.500007162e12	5.14	4.287	0.5811	-0.4871	6.688	6.471	3.263	8.496	1.652
1.500007163e12	1.552	8.66	-5.037	-2.291	6.285	1.876	8.835	3.711	2.108
1.500007164e12	-2.861	-7.158	-8.412	-2.441	-3.455	-6.292	7.261	-8.92	9.258
1.500007165e12	4.579	-3.986	-0.896	1.91	1.865	5.884	-9.768	-0.177	9.044
1.500007166e12	8.151	-4.784	2.247	5.392	-9.109	-0.9326	-4.542	-8.827	1.627
1.500007167e12	7.629	-6.108	-9.316	-2.057	-2.816	2.167	-6.636	-1.744	-3.862
1.500007168e12	9.377	-9.318	6.804	-2.202	6.09	8.451	6.643	-0.1831	3.748
1.500007169e12	-5.361	-3.977	-4.722	9.907	7.683	-4.601	-0.9412	-5.62	-3.077
1.50000717e12	-8.103	6.719	2.849	-5.249	1.974	-3.639	5.408	9.032	-5.905
1.500007171e12	-8.621	-0.08911	-7.859	9.332	-3.529	2.33	6.499	-5.302	-5.997
1.500007172e12	-2.611	1.377	-3.213	1.47	-5.369	5.189	3.231	-8.5	-9.415
1.500007173e12	7.412	4.163	1.948	2.96	-3.232	-5.577	-4.397	-3.811	-7.036
1.500007174e12	-8.097	3.065	-8.414	-9.877	-6.404	-2.745	3.497	-2.588	-5.771
1.500007175e12	7.079	6.855	-3.489	-6.862	6.632	3.339	-1.641	-5.112	-0.8606
1.500007176e12	4.445	-2.131	9.084	-4.233	7.581	-5.293	4.215	-2.614	8.669
1.500007177e12	-6.404	2.126	-6.683	-0.1892	-6.301	9.453	-7.863	-7.004	-1.981
1.500007178e12	-4.209	4.283	-1.406	1.959	4.017	4.081	6.25	-0.9058	-3.076
1.500007179e12	-7.007	-1.818	-2.739	3.518	-8.943	-8.533	5.245	-0.1587	5.886
1.50000718e12	-2.283	3.966	-8.217	2.806	-2.677	-5.8	8.368	-2.554	-7.069
1.500007181e12	3.604	5.641	-2.126	-8.052	8.251	5.714	-3.422	-5.663	4.41
1.500007182e12	-4.321	0.6213	0.4651	-3.578	-8.602	2.366	9.675	4.948	-5.505
1.500007183e12	5.28	2.163	-8.685	8.955	4.418	2.312	-2.208	6.075	-7.552
1.500007184e12	1.716	-3.506	-7.694	-1.696	-0.001221	3.84	-6.235	9.191	7.406
1.500007185e12	-0.7434	5.835	-9.979	-0.3601	1.051	-8.84	-0.01099	1.193	-5.435
1.500007186e12	8.666	-3.032	4.974	-6.017	4.237	-0.6396	3.309	5.005	1.022
1.500007187e12	0.918	6.04	9.283	-7.55	4.144	7.079	2.194	5.74	-8.876
1.500007188e12	-1.182	0.9924	-4.325	0.4834	0.07446	2.616	-9.147	-1.351	-1.057
1.500007189e12	1.239	9.338	-1.248	-8.884	-0.6897	6.113	-3.568	0.293	-0.9644
1.50000719e12	-7.761	9.263	-9.285	7.106	9.343	-3.734	5.409	4.397	8.599
1.500007191e12	6.838	-4.02	1.697	-4.541	9.209	7.195	7.38	8.792	2.971
1.500007192e12	-6.476	8.434	6.232	6.168	5.201	-0.1453	-9.	-7.849	-1.09
1.500007193e12	-1.558	-3.295	-5.325	4.457	5.088	6.591	5.548	7.612	-5.232
1.500007194e12	-5.197	-8.252	-1.79	-2.354	4.265	4.36	-0.6628	2.551	0.8752
1.500007195e12	-1.061	-8.95	8.665	-0.3564	3.933	-0.3381	9.301	-0.5005	0.05615
1.500007196e12	-6.143	-6.498	-2.728	9.882	6.512	4.469	8.912	-3.389	2.427
1.500007197e12	2.572	9.503	7.458	-1.353	0.99	0.3015	-8.428	9.712	7.714
1.500007198e12	-8.431	-2.075	-7.854	-4.525	5.769	5.549	9.512	-5.603	-0.188
1.500007199e12	5.952	-7.086	-8.274	-8.207	-6.913	6.676	0.9131	-9.321	-6.212
1.5000072e12	4.473	-0.6409	0.1953	6.497	-7.932	-8.069	2.964	-2.695	-5.731
1.500007201e12	-0.5713	0.1538	-1.622	-1.993	-3.146	9.629	1.577	1.097	9.856
1.500007202e12	3.947	-5.449	7.421	-8.735	-4.246	-3.566	-1.508	3.337	0.769
1.500007203e12	2.977	-4.725	3.923	-3.361	3.639	7.531	-9.707	-3.325	-6.656
1.500007204e12	4.561	3.445	-7.877	7.874	-5.596	0.2344	3.807	-6.608	-7.557
1.500007205e12	-4.125	-6.038	-6.332	-4.658	1.963	7.75	5.25	-3.394	-0.8936
1.500007206e12	8.91	7.429	-5.028	9.072	6.473	-4.705	1.298	9.561	6.191
1.500007207e12	1.853	3.318	-7.169	0.08911	0.7104	-8.268	3.632	-6.019	-0.8142
1.500007208e12	3.6	-9.406	4.244	-9.224	-5.482	-9.01	-2.708	-8.284	4.189
1.500007209e12	2.822	-6.058	-4.11	0.09033	-3.834	-0.2844	2.004	-9.377	8.978
1.50000721e12	3.025	6.165	-7.62	-2.483	-2.903	5.619	-8.505	-3.125	9.865
1.500007211e12	5.978	-4.536	-3.118	-1.084	-5.613	-3.057	7.218	7.667	9.722
1.500007212e12	-9.266	5.275	-8.127	3.479	-9.585	6.622	-1.748	3.862	-0.6445
1.500007213e12	3.521	-9.418	9.767	4.393	7.085	0.8093	-5.168	-1.367	-8.478
1.500007214e12	4.242	-2.12	2.117	-9.751	2.775	-6.606	5.065	4.791	1.754
1.500007215e12	-5.088	-9.741	-8.109	1.659	-7.942	5.488	8.545	4.268	4.501
1.500007216e12	4.043	-7.496	7.405	-6.541	-4.91	5.718	5.793	-1.195	-7.485
1.500007217e12	3.654	5.607	-4.493	-2.396	7.435	-5.05	4.832	4.784	1.716
1.500007218e12	-5.97	3.879	-7.236	-2.278	-7.631	1.18	6.942	-7.881	-3.973
1.500007219e12	-9.825	-0.1892	3.992	-2.469	9.465	-5.228	5.864	0.9802	-2.036
1.50000722e12	6.974	-3.206	8.726	-3.824	9.603	6.163	-5.962	-8.677	-7.904
1.500007221e12	0.1306	-3.02	-6.344	-2.716	-6.942	9.011	1.006	1.346	-0.6543
1.500007222e12	-9.204	-9.811	1.094	-3.47	7.866	-7.19	-4.756	9.253	-7.009
1.500007223e12	-9.895	3.495	-7.446	7.97	4.357	7.679	-7.6	9.484	2.64
1.500007224e12	7.948	8.831	-2.937	-1.147	2.081	7.22	-2.903	-4.302	8.507
1.500007225e12	-3.279	-0.636	8.479	7.44	-6.838	-6.771	-9.344	6.261	-1.716
1.500007226e12	9.708	8.23	-3.667	-8.864	6.381	-0.1672	2.454	8.09	-0.4626
1.500007227e12	-2.88	-1.742	-6.565	-3.772	-6.466	-9.835	9.868	0.1465	6.36
1.500007228e12	-4.904	-7.36	8.052	4.698	-1.49	1.254	-1.868	-8.512	-3.828
1.500007229e12	-8.807	0.04395	-2.457	-6.993	-4.347	-3.002	9.172	-6.239	-4.772
1.50000723e12	-7.506	7.247	-2.095	-3.54	5.333	-2.062	-0.3528	8.171	5.173
1.500007231e12	-6.494	5.081	-4.524	-7.115	-6.128	8.341	1.927	8.983	-5.326
1.500007232e12	-7.411	2.439	4.397	-9.993	-0.1184	-2.38	9.517	8.835	-6.044
1.500007233e12	9.474	-4.716	5.454	0.5835	7.488	3.601	0.863	-5.801	9.243
1.500007234e12	3.507	9.745	9.097	6.034	-9.896	3.088	7.548	-3.625	2.81
1.500007235e12	-1.682	0.09644	9.335	-0.09644	4.634	-5.792	-9.569	8.463	-6.665
1.500007236e12	-9.387	8.553	6.654	-6.279	-7.412	0.885	8.995	9.851	3.463
1.500007237e12	3.276	-8.593	8.689	5.334	2.924	3.865	1.459	-2.975	4.198
1.500007238e12	9.448	-7.035	-8.866	3.901	1.624	-8.628	5.615	1.385	9.202
1.500007239e12	-2.809	-8.066	-5.45	4.475	1.975	-8.625	5.267	-6.56	-6.305
1.50000724e12	5.92	6.18	6.846	1.831	2.153	4.44	9.972	-1.775	-4.459
1.500007241e12	-6.077	-5.807	-0.3394	-3.843	-1.992	-7.87	9.423	-3.162	6.667
1.500007242e12	-4.758	-3.514	-4.178	-6.123	-3.928	5.107	-8.439	4.543	-0.8411
1.500007243e12	-5.999	-3.574	-9.513	-6.598	1.073	-0.2087	-5.955	4.849	6.
1.500007244e12	-5.143	7.617	1.613	0.7483	5.823	8.69	0.09644	-7.635	-2.791
1.500007245e12	-3.655	-8.164	0.1404	0.5493	-5.845	3.792	7.461	-1.281	-4.674
1.500007246e12	-7.925	-3.998	-2.458	-7.936	-7.188	7.878	5.287	-5.133	-8.762
1.500007247e12	-9.042	-6.244	9.399	2.74	2.765	8.843	9.204	9.291	9.222
1.500007248e12	-1.649	4.32	-2.83	8.281	-5.748	-3.937	7.374	-6.361	-8.829
1.500007249e12	-3.993	-6.002	3.794	-2.212	-2.175	4.823	-6.663	0.4333	3.953
1.50000725e12	-6.777	-3.356	6.514	3.766	-5.391	-3.097	8.463	-3.135	-7.034
1.500007251e12	-4.382	9.468	-6.301	1.98	0.5261	1.879	7.96	-5.309	7.744
1.500007252e12	1.243	-6.588	4.169	-8.743	4.762	1.986	4.071	3.656	4.182
1.500007253e12	1.555	-8.816	7.502	-8.353	-5.529	8.284	2.434	4.498	1.575
1.500007254e12	-2.072	-8.177	0.9143	-3.108	8.638	-8.182	-1.957	5.509	-4.159
1.500007255e12	6.238	8.99	-8.381	5.559	7.582	-0.08179	-2.252	8.046	-4.331
1.500007256e12	-8.69	4.615	3.115	-7.982	0.9387	-4.517	-3.826	5.184	-2.325
1.500007257e12	-1.128	-3.969	-4.501	-5.581	0.6677	-8.447	6.417	6.808	3.164
1.500007258e12	-2.909	-3.032	-0.5676	7.211	-2.651	-5.699	-6.14	0.8374	4.799
1.500007259e12	-6.196	-1.511	-4.961	-2.472	5.721	7.62	3.168	3.33	-5.737
1.50000726e12	2.345	-2.635	4.948	-1.815	-2.743	-5.923	0.3662	7.715	5.735
1.500007261e12	6.257	-0.5029	4.237	9.916	-2.378	-7.045	7.604	6.15	-6.34
1.500007262e12	-2.17	2.235	3.58	3.751	5.032	-1.023	-3.497	0.5627	-4.907
1.500007263e12	-4.098	-8.783	-7.273	-9.471	-4.001	0.4602	-0.1465	-4.575	-0.5005
1.500007264e12	6.752	-5.365	3.503	9.132	-9.297	-5.962	0.177	-8.295	7.352
1.500007265e12	-9.75	6.66	-1.97	5.15	-1.256	-7.096	2.842	-5.488	-6.276
1.500007266e12	4.863	5.409	4.724	7.217	6.407	7.797	4.559	6.144	-8.762
1.500007267e12	-2.025	1.543	1.333	3.539	-1.313	2.031	7.354	-6.526	2.12
1.500007268e12	-4.146	1.442	-1.853	-7.245	3.408	-7.649	0.6519	-1.737	-6.763
1.500007269e12	-6.96	-2.723	-0.2014	3.276	-5.134	3.303	7.185	-6.55	7.783
1.50000727e12	7.112	-3.993	8.22	-6.597	9.595	-4.583	-9.448	3.857	9.849
1.500007271e12	-7.483	8.982	4.078	-3.514	1.04	-1.882	6.57	-3.375	0.6238
1.500007272e12	5.948	0.3796	1.505	-5.906	0.4968	-2.631	2.327	-9.884	-7.737
1.500007273e12	5.892	2.095	-3.151	5.421	8.364	-9.242	-2.982	-0.09277	-6.204
1.500007274e12	-8.13	-6.09	4.923	-2.145	-0.1208	8.802	-3.965	-3.125	8.064
1.500007275e12	4.276	-3.215	-3.275	6.029	1.86	-9.032	6.385	-4.688	-0.8276
1.500007276e12	-6.085	-1.415	-3.199	-3.6	1.614	-0.2002	-8.291	8.878	-3.394
1.500007277e12	8.785	8.328	9.752	-9.688	-3.97	-6.525	1.024	-4.146	-6.747
1.500007278e12	2.889	-2.729	-4.933	-6.084	-3.149	9.197	6.538	-0.2148	-2.491
1.500007279e12	7.133	6.742	-8.484	-8.374	-9.348	8.287	1.217	1.824	-7.648
1.50000728e12	5.374	-2.955	-6.378	-2.358	5.883	4.863	4.558	8.296	2.782
1.500007281e12	-8.414	-6.063	-7.869	-9.65	0.6812	-2.529	9.143	-3.81	-6.066
1.500007282e12	9.396	-7.552	2.581	-9.047	-6.121	0.1465	-6.113	-3.081	9.8
1.500007283e12	6.35	-7.257	-1.683	3.164	-8.23	-6.932	-5.378	9.72	-4.303
1.500007284e12	4.58	-4.338	-0.7788	3.824	-5.444	0.376	3.608	-7.142	3.878
1.500007285e12	-6.387	7.054	-7.571	4.532	-7.605	-1.847	-9.008	5.834	-7.722
1.500007286e12	1.812	-2.964	-3.036	9.041	-5.643	-6.454	8.871	0.7166	4.829
1.500007287e12	-0.8801	9.392	-6.715	-3.008	3.127	9.329	-8.778	9.426	0.5945
1.500007288e12	2.93	9.258	6.459	-2.297	7.085	6.541	-9.075	-6.365	3.264
1.500007289e12	-3.881	2.158	5.71	7.853	7.478	1.641	1.998	-2.782	7.819
1.50000729e12	-9.312	-0.8521	8.054	6.951	-1.074	0.957	0.3638	-4.973	7.667
1.500007291e12	-0.2307	1.456	-2.072	-6.348	-4.534	6.587	2.573	-6.008	-2.108
1.500007292e12	-8.527	9.23	3.981	0.8179	-2.661	0.9521	-2.889	-6.134	-9.344
1.500007293e12	-2.509	-9.976	-6.65	-6.671	-8.855	4.088	4.694	3.693	7.723
1.500007294e12	-2.192	-2.047	1.938	-2.994	-3.605	0.99	0.4993	-7.734	-2.24
1.500007295e12	3.466	-3.912	1.986	-7.635	6.128	6.08	9.905	3.276	-3.395
1.500007296e12	7.823	7.494	-3.461	-2.656	5.897	-3.644	-7.871	-2.865	-4.246
1.500007297e12	-6.617	-4.456	-0.7324	2.905	-0.741	5.735	-4.862	-6.975	-5.372
1.500007298e12	-3.756	-9.613	-3.723	2.599	4.423	6.553	5.488	-4.816	-6.218
1.500007299e12	-7.061	3.444	8.892	-5.792	-5.859	-1.462	4.709	0.9058	0.8948
1.5000073e12	-2.295	9.783	-4.889	-5.69	1.803	8.529	-2.913	-0.9937	7.562
1.500007301e12	0.9058	-7.047	-9.399	8.782	-6.355	4.463	-3.842	-3.972	-9.332
1.500007302e12	-6.307	0.4761	4.734	-2.908	-0.5237	-1.736	-1.246	-8.732	6.562
1.500007303e12	7.12	-8.934	5.946	-1.034	0.1074	9.186	2.496	4.089	1.091
1.500007304e12	-1.704	-7.35	6.987	8.553	-1.036	-8.508	-9.142	1.085	-4.954
1.500007305e12	-2.018	-7.511	1.041	-1.41	-1.704	4.434	6.818	6.395	-6.235
1.500007306e12	-2.09	-7.045	-2.588	6.338	6.334	6.653	4.711	-1.759	-6.896
1.500007307e12	0.6421	-6.654	-4.711	9.246	-9.081	5.321	-9.142	-1.992	-5.695
1.500007308e12	-1.26	-6.765	7.804	-1.902	-4.353	6.322	-2.604	5.125	-8.618
1.500007309e12	-5.868	7.067	8.063	-2.977	-7.725	-6.794	3.495	-3.792	7.445
1.50000731e12	9.957	-8.525	8.336	0.6299	-3.901	-1.428	1.235	-7.687	-1.293
1.500007311e12	-6.543	0.8508	3.494	2.351	0.6763	-1.979	5.201	7.18	5.193
1.500007312e12	-3.77	4.319	5.103	-5.895	-0.5432	-8.147	-5.975	-5.103	-3.105
1.500007313e12	-1.266	1.022	4.879	2.684	-9.359	-7.405	1.115	-3.469	3.182
1.500007314e12	-1.885	5.074	6.51	2.809	-5.416	-0.7861	-0.5164	-3.301	-3.998
1.500007315e12	0.09033	-0.8264	7.677	-1.586	-1.317	3.292	9.83	9.919	-2.887
1.500007316e12	5.311	-4.922	8.738	0.6287	9.506	-6.737	-3.967	-4.733	0.3809
1.500007317e12	-3.445	8.634	-1.958	-8.795	6.688	7.504	0.2063	-2.134	7.239
1.500007318e12	8.036	6.349	9.63	-3.75	1.782	3.438	8.441	-7.603	-5.449
1.500007319e12	2.963	-1.296	9.733	0.5762	-9.664	-9.928	3.361	4.895	3.116
1.50000732e12	-9.291	3.297	-4.041	-6.621	4.207	-9.922	2.581	-5.011	-5.173
1.500007321e12	-3.444	6.466	1.489	-4.453	-1.848	0.9546	8.252	3.052	5.475
1.500007322e12	-7.595	7.612	-9.993	0.7959	4.714	-2.766	2.126	-9.258	5.889
1.500007323e12	-2.682	5.726	8.618	-2.067	-2.5	9.927	-7.477	8.944	-2.991
1.500007324e12	7.531	-5.667	-4.023	6.465	-6.139	1.447	5.992	-7.007	4.532
1.500007325e12	-1.42	4.026	-2.029	-5.328	-9.753	-9.194	3.904	1.058	-5.093
1.500007326e12	7.853	7.639	2.576	7.321	6.781	7.096	-8.809	-6.462	-8.998
1.500007327e12	5.983	3.253	-5.859	-8.671	8.839	-4.242	0.9302	1.686	-4.844
1.500007328e12	-5.99	-8.281	6.462	2.827	3.058	-6.799	-5.476	-1.906	5.146
1.500007329e12	-0.9351	-9.22	2.48	5.449	-0.1819	4.25	-9.016	7.389	7.094
1.50000733e12	-0.9973	-2.819	-1.489	-6.342	4.292	0.009766	-8.794	-4.503	6.028
1.500007331e12	-6.316	-4.813	-1.504	9.641	2.806	9.506	-0.6738	-3.989	2.531
1.500007332e12	-2.354	-0.8044	9.952	0.1257	0.9265	1.163	-0.4138	-9.524	-7.944
1.500007333e12	4.799	3.011	-0.8252	-3.066	-7.96	6.539	8.843	-2.445	-1.2
1.500007334e12	-0.6128	-7.279	2.456	0.6531	8.542	3.135	-9.412	0.238	7.67
1.500007335e12	6.71	-9.702	-4.001	5.364	-1.67	9.879	4.117	0.04883	4.359
1.500007336e12	-5.287	-6.521	-4.796	-9.546	8.916	3.239	7.262	9.506	0.05615
1.500007337e12	9.705	3.864	-4.08	5.994	5.439	2.974	-8.199	1.552	-6.191
1.500007338e12	0.8557	8.175	-0.4565	-3.501	-9.321	-6.034	7.238	-8.866	7.82
1.500007339e12	7.157	-6.412	2.22	-9.746	3.635	3.158	2.391	-6.536	5.3
1.50000734e12	5.245	-3.528	-7.941	-4.293	2.181	3.864	-9.996	5.557	-1.986
1.500007341e12	-7.649	7.653	-6.927	7.883	5.037	3.964	-5.051	-6.818	0.3186
1.500007342e12	7.163	-2.113	-8.42	6.278	8.942	2.19	7.744	-2.537	6.93
1.500007343e12	7.783	1.21	2.657	-6.914	-4.731	2.775	-5.837	-5.797	-7.793
1.500007344e12	-4.312	0.3345	-7.837	-0.2283	-8.357	3.732	-7.549	-9.463	8.414
1.500007345e12	-3.206	3.279	-7.343	-7.716	4.874	0.8728	0.03418	2.845	3.424
1.500007346e12	-3.662	-7.358	-2.921	5.593	-6.622	4.954	-7.681	0.4419	1.484
1.500007347e12	-3.859	-0.07935	6.665	-2.528	8.915	8.608	-6.868	0.8618	2.092
1.500007348e12	4.609	9.957	-1.063	4.681	3.468	-3.914	-5.476	-0.127	0.686
1.500007349e12	-6.346	7.886	1.149	-7.4	-8.058	5.342	0.1343	5.334	-0.4309
1.50000735e12	0.5334	1.663	-2.54	-6.318	6.875	-5.69	-9.548	-1.265	2.095
1.500007351e12	-7.28	8.239	1.471	4.686	-8.766	7.83	8.148	-5.046	-0.05127
1.500007352e12	-2.987	5.599	2.152	7.876	6.023	5.092	-1.787	-1.031	-0.9875
1.500007353e12	5.968	-5.02	5.229	-6.212	-9.202	9.708	9.132	-6.16	-8.937
1.500007354e12	7.815	0.929	-2.688	4.788	7.036	5.222	-9.536	-6.693	-8.115
1.500007355e12	-2.688	-6.859	-8.715	7.623	0.3955	-9.491	-1.732	-1.638	-3.594
1.500007356e12	1.626	3.38	5.979	4.591	5.627	-7.59	5.005	-2.046	-2.33
1.500007357e12	4.862	0.1868	-8.027	-1.632	-9.962	9.266	-4.53	1.287	-7.212
1.500007358e12	-4.608	-0.564	-5.712	-0.7922	4.612	-5.344	8.115	7.816	9.515
1.500007359e12	-0.5261	-3.286	0.07935	9.46	9.957	-6.239	5.349	-3.704	9.821
1.50000736e12	1.6	9.158	9.014	6.661	-6.395	2.256	-7.887	5.459	3.032
1.500007361e12	-7.324	-9.755	1.194	0.5652	-6.01	-4.008	6.328	3.14	-5.533
1.500007362e12	6.995	7.007	-7.811	1.979	-4.016	0.6665	1.866	-9.528	1.063
1.500007363e12	5.349	4.308	0.105	5.342	-1.519	-2.306	2.708	-1.785	-5.503
1.500007364e12	3.746	-6.575	2.467	5.183	-5.397	-6.99	-5.172	7.306	-9.922
1.500007365e12	-1.25	0.3528	-6.927	-9.747	0.02319	3.51	-0.2283	8.182	-4.951
1.500007366e12	9.912	-8.856	4.539	8.776	-9.31	6.062	1.237	1.205	5.747
1.500007367e12	-5.68	1.75	4.318	-6.954	-1.128	-8.701	2.036	-7.129	3.547
1.500007368e12	-8.717	-8.708	8.557	0.2722	-4.96	-2.673	-6.189	2.518	-2.883
1.500007369e12	-2.211	-8.905	-0.1831	8.633	-3.18	-0.7703	6.781	-4.366	6.81
1.50000737e12	1.106	-7.556	-4.008	9.48	3.56	-4.667	-2.788	-4.651	7.028
1.500007371e12	2.749	7.144	-3.97	0.8105	1.486	0.1331	-4.684	9.321	-6.901
1.500007372e12	3.152	-5.558	7.113	-7.045	6.93	-9.485	5.87	8.683	6.243
1.500007373e12	-2.709	6.517	3.972	-7.529	8.042	6.155	-4.94	-0.5847	-5.199
1.500007374e12	-8.535	2.262	-1.682	-6.272	-9.337	2.136	1.146	3.959	5.933
1.500007375e12	-7.96	-5.851	-8.195	9.636	4.713	-4.928	0.719	5.78	0.238
1.500007376e12	-9.436	1.134	-9.402	-6.422	-2.081	2.872	-8.799	8.257	-9.143
1.500007377e12	8.538	8.849	-7.235	-4.781	-5.524	5.723	5.743	-2.95	5.789
1.500007378e12	7.474	7.86	4.591	6.768	-3.015	5.018	-3.541	-4.445	8.383
1.500007379e12	-3.684	-9.52	-0.05981	3.97	-5.952	7.349	0.7495	5.305	-8.955
1.50000738e12	-4.32	3.214	2.053	-6.384	6.324	7.487	-5.455	1.227	-6.693
1.500007381e12	-4.337	-5.548	8.835	-4.51	0.7532	8.204	7.864	-9.81	-5.122
1.500007382e12	-7.823	-7.174	9.139	6.478	-5.244	7.954	-2.858	-1.666	1.752
1.500007383e12	-0.2283	7.54	2.78	2.072	-1.488	1.447	-0.9668	6.954	-7.058
1.500007384e12	0.7446	-9.12	-8.578	-5.387	-9.506	9.729	-9.587	4.866	5.298
1.500007385e12	-9.58	-4.943	-6.913	-2.925	8.824	9.705	6.348	-3.318	-6.588
1.500007386e12	2.548	-7.104	3.45	-9.718	-4.941	-7.596	6.438	-5.992	5.173
1.500007387e12	6.886	-8.384	-3.937	-6.571	0.08057	6.432	7.397	-0.09888	-7.842
1.500007388e12	4.587	7.74	-9.323	9.238	8.591	1.118	3.949	2.072	-2.285
1.500007389e12	8.864	2.954	7.854	4.641	-8.279	4.565	-2.95	-7.859	-7.247
1.50000739e12	-0.8447	-2.644	-6.946	-4.613	-5.529	-9.617	3.949	-8.054	8.208
1.500007391e12	-1.366	3.336	8.06	7.301	-3.698	0.3882	-3.462	4.462	-6.068
1.500007392e12	5.746	1.191	4.401	6.893	7.563	-8.55	2.844	2.122	-4.827
1.500007393e12	8.811	2.078	9.117	-6.891	3.153	-6.323	-5.143	4.564	-3.513
1.500007394e12	9.707	-1.71	5.646	-3.76	-4.825	6.395	0.2966	-2.273	-0.5762
1.500007395e12	7.792	9.603	-5.773	8.103	3.478	-9.675	-0.4163	-7.112	-7.091
1.500007396e12	4.524	4.1	1.749	1.587	-7.517	-6.14	-6.259	-1.947	5.221
1.500007397e12	-1.458	-0.6274	-8.979	5.151	-2.966	-6.71	-9.318	3.571	0.2686
1.500007398e12	-9.25	5.005	-8.5	4.471	-0.1184	1.494	6.536	3.461	-5.438
1.500007399e12	2.994	2.697	4.478	-0.376	-8.845	-7.031	-8.049	1.542	7.546
1.5000074e12	-1.274	8.186	-9.287	-1.72	-6.632	3.915	2.504	8.311	7.817
1.500007401e12	9.419	0.6116	4.636	9.629	1.785	7.19	-2.217	-0.8972	1.846
1.500007402e12	1.945	-0.8594	0.7629	9.449	-1.725	-8.525	0.8105	-9.343	-1.858
1.500007403e12	7.906	-5.79	-2.62	-2.965	3.336	5.867	0.9424	-4.16	3.224
1.500007404e12	0.2039	-0.824	0.5615	8.16	4.13	-1.896	-4.954	3.751	-6.823
1.500007405e12	0.4944	8.734	-8.893	-9.489	-8.348	-3.599	1.998	3.213	1.26
1.500007406e12	-0.2344	3.47	1.385	-1.661	-4.156	-5.176	-0.6079	4.41	-7.494
1.500007407e12	3.533	2.151	7.271	6.23	-7.488	3.014	-8.331	-1.378	-1.499
1.500007408e12	-2.081	7.095	-3.031	7.388	5.681	-6.354	2.516	5.12	7.782
1.500007409e12	-7.25	6.141	6.143	4.203	-2.278	-3.499	6.791	4.015	-3.271
1.50000741e12	8.01	-7.185	4.504	-9.657	3.56	-4.76	5.341	5.614	0.7031
1.500007411e12	-4.895	-6.993	-1.929	-0.5188	-2.581	-4.698	-9.929	-5.793	-1.309
1.500007412e12	-4.003	7.124	5.889	-3.793	-0.5176	-5.892	1.702	1.288	6.862
1.500007413e12	9.11	1.233	7.319	3.596	5.334	0.6702	1.006	2.025	-2.076
1.500007414e12	0.9277	1.873	-5.509	-3.794	-0.05493	-4.574	7.755	3.895	-6.627
1.500007415e12	6.311	0.5933	0.9021	8.314	-7.131	7.677	-0.2258	-9.001	-3.348
1.500007416e12	8.958	-6.656	-9.377	2.894	0.5627	-7.806	8.112	-2.07	6.2
1.500007417e12	-7.423	-9.675	8.54	2.161	-2.141	6.904	6.068	5.144	-7.782
1.500007418e12	-8.734	5.459	-2.72	-8.539	-5.02	4.014	6.207	-4.875	-0.4224
1.500007419e12	7.719	-8.871	8.42	-6.766	-5.735	-4.141	-5.822	-1.007	9.962
1.50000742e12	9.368	-2.007	9.137	5.911	-6.321	-1.917	-6.772	7.39	-2.914
1.500007421e12	-1.83	5.111	-5.967	-4.473	5.002	2.052	-4.	8.024	0.3296
1.500007422e12	4.729	5.229	3.674	9.401	-9.014	-0.3149	3.599	0.1672	1.526
1.500007423e12	3.431	9.674	-9.004	-2.083	1.257	-7.146	1.083	-0.304	-9.796
1.500007424e12	8.502	9.506	-2.245	-5.282	-7.678	-1.735	-2.941	8.896	-4.388
1.500007425e12	-7.975	-6.591	6.005	1.229	-1.675	-5.226	-5.	-0.8472	1.472
1.500007426e12	-1.79	-8.07	9.711	0.7446	-1.252	0.7239	-3.295	3.281	4.62
1.500007427e12	-2.236	-1.696	2.55	-3.424	-1.377	-1.285	-6.816	7.949	3.865
1.500007428e12	-5.638	1.693	5.3	7.28	8.406	-5.652	-3.948	4.532	-7.976
1.500007429e12	0.2991	9.249	-8.013	-4.979	3.206	-1.443	7.704	-2.836	9.119
1.50000743e12	0.2429	-2.852	8.617	-9.59	-7.449	-4.308	-7.612	-9.528	9.568
1.500007431e12	-1.865	-3.66	3.975	7.339	-3.66	5.031	5.029	-3.732	6.508
1.500007432e12	4.956	-0.9485	6.025	7.705	5.748	-4.304	-4.59	2.291	9.453
1.500007433e12	6.661	-4.592	1.268	6.98	-8.873	-6.953	-8.162	9.186	-5.972
1.500007434e12	5.415	-7.705	4.106	-0.1892	6.769	-0.2991	-7.618	8.549	-1.383
1.500007435e12	-1.748	7.882	-1.727	-9.998	3.212	-5.092	9.519	3.051	0.8032
1.500007436e12	1.722	2.407	3.347	8.229	-5.933	1.099	7.903	9.547	7.782
1.500007437e12	-8.711	0.4236	-5.85	8.318	-2.131	6.583	1.074	6.736	-5.809
1.500007438e12	-0.2783	7.302	-5.533	5.223	-4.069	-5.105	-9.523	-4.249	2.367
1.500007439e12	-3.392	-0.8801	-6.544	9.065	-9.408	8.575	-3.978	-4.354	5.24
1.50000744e12	-1.179	-0.3149	3.809	-0.6384	-4.017	8.969	3.458	-0.7166	6.534
1.500007441e12	4.066	-7.692	-0.7861	1.974	-3.391	6.259	0.2075	-9.907	-7.169
1.500007442e12	8.105	3.292	-1.105	-9.131	-3.219	-0.2173	7.709	-8.147	-3.933
1.500007443e12	-6.327	-8.805	-1.72	-3.185	5.399	-6.768	-1.763	-1.622	8.745
1.500007444e12	3.495	-8.992	0.9949	6.224	2.711	-3.447	8.086	-4.431	9.083
1.500007445e12	7.634	5.598	0.5847	-8.025	7.928	-7.169	-0.2869	-7.644	-2.732
1.500007446e12	-1.777	-4.894	-7.3	2.382	2.587	9.086	-9.683	-6.791	0.592
1.500007447e12	6.876	8.103	6.233	7.109	3.019	-6.952	-1.086	8.817	-9.567
1.500007448e12	3.301	-1.758	3.132	-5.935	-1.112	7.78	-2.205	9.081	-5.367
1.500007449e12	7.991	2.975	4.277	5.105	2.539	-7.07	8.003	-2.781	3.469
1.50000745e12	-9.885	3.442	-5.702	4.432	-1.406	6.968	-4.34	-0.09033	-2.023
1.500007451e12	8.708	0.3491	2.733	8.955	-9.714	5.869	5.634	1.075	-9.055
1.500007452e12	-8.402	-6.304	0.8215	-3.677	-0.2039	-5.414	-2.136	-0.6128	5.114
1.500007453e12	-6.88	5.333	2.753	-4.669	-6.901	8.955	7.515	3.912	2.195
1.500007454e12	7.255	-2.212	-5.691	4.235	9.164	3.678	1.316	3.242	-8.158
1.500007455e12	6.173	-1.208	-6.134	1.466	-8.396	5.481	-4.797	-9.272	-0.9229
1.500007456e12	-6.874	2.059	-3.693	-9.783	-8.204	4.338	8.971	2.051	-0.1953
1.500007457e12	-5.813	-1.068	1.055	6.759	7.367	-7.227	9.924	6.91	-7.478
1.500007458e12	-3.676	-0.9119	8.799	-8.689	-3.971	6.743	-5.706	-0.2991	7.627
1.500007459e12	8.798	6.586	3.939	7.642	3.958	-0.08667	1.184	3.181	4.127
1.50000746e12	-3.704	-1.394	1.417	-9.702	6.724	-7.145	9.509	-1.969	3.911
1.500007461e12	9.924	-6.03	-3.997	-9.546	6.149	2.368	1.58	7.335	3.568
1.500007462e12	5.88	0.6372	0.9973	-5.851	0.8191	-0.896	4.252	7.236	-2.189
1.500007463e12	5.055	5.397	5.323	8.472	-5.226	4.336	1.555	-8.403	-8.673
1.500007464e12	-5.649	-3.599	-6.522	-5.052	-9.94	4.277	-8.291	7.888	1.278
1.500007465e12	-9.319	-8.538	-0.008545	-6.324	-9.413	-1.956	-4.907	-0.1514	-8.912
1.500007466e12	5.417	8.071	-7.949	8.969	-5.466	-0.0647	-4.847	-7.819	-7.482
1.500007467e12	-6.451	-0.332	-9.137	4.047	5.049	-1.3	7.695	-6.893	-1.243
1.500007468e12	-0.9814	-3.079	-1.405	7.365	-8.693	-1.75	-3.752	7.997	-1.351
1.500007469e12	-5.204	-5.232	-8.345	3.978	-0.1257	0.008545	6.172	-2.032	8.309
1.50000747e12	-2.924	7.618	-4.132	3.871	-3.057	-4.728	7.477	-9.924	1.77
1.500007471e12	-5.673	-1.952	-2.494	-4.644	-5.081	3.518	-1.886	-7.206	-9.622
1.500007472e12	-5.093	-7.087	3.657	9.957	9.642	-5.038	-7.999	1.765	0.008545
1.500007473e12	-4.467	3.181	9.773	-4.836	-1.571	-6.036	3.229	-5.112	7.023
1.500007474e12	2.727	0.5518	1.185	8.851	4.561	-6.083	-9.668	9.097	1.343
1.500007475e12	4.631	-5.972	0.1733	6.549	7.782	7.28	7.811	3.79	-8.514
1.500007476e12	-3.796	0.6628	-5.698	7.928	-0.1843	5.558	0.896	-0.9314	2.446
1.500007477e12	4.985	-4.077	-2.058	-3.472	4.366	-0.8032	-9.866	-3.8	-3.508
1.500007478e12	-1.227	2.609	7.95	1.14	-7.124	-0.9192	-6.901	2.737	8.246
1.500007479e12	-7.357	-6.997	6.108	-0.6384	1.794	6.292	2.55	8.611	-8.809
1.50000748e12	-8.258	7.002	-2.799	-4.083	-3.557	3.51	-6.151	-9.258	-6.584
1.500007481e12	6.871	-6.947	-8.86	-4.935	1.46	-5.72	3.306	9.104	-8.934
1.500007482e12	-4.957	-7.106	-9.335	4.426	9.866	3.674	-7.67	-0.9058	0.7202
1.500007483e12	-5.298	9.222	7.137	-2.191	8.274	9.363	9.509	0.918	-8.354
1.500007484e12	-1.815	-8.536	-5.841	-5.586	-8.87	-8.289	-1.547	-5.775	-7.455
1.500007485e12	1.012	2.023	6.377	-8.672	-6.311	-8.463	-8.921	-8.519	-6.935
1.500007486e12	-3.187	-9.42	-6.979	9.918	2.957	-2.499	-8.743	6.176	-3.918
1.500007487e12	0.0647	5.701	-5.992	-0.5383	1.979	-4.327	-1.621	7.113	-0.07812
1.500007488e12	8.17	9.15	0.5518	-5.562	-4.829	2.982	8.717	-5.194	-4.469
1.500007489e12	-4.744	8.887	2.996	7.576	0.2588	3.622	6.825	-8.625	-0.5933
1.50000749e12	-4.359	-8.738	6.055	-5.646	0.4272	-1.031	9.999	-0.02319	6.371
1.500007491e12	8.566	-1.031	3.77	-3.168	-1.643	4.285	-6.703	-5.665	-0.4004
1.500007492e12	-2.413	-7.599	-1.731	2.485	-7.222	4.999	-9.641	0.8862	6.03
1.500007493e12	8.784	-0.5237	-1.531	2.982	6.599	-1.022	-6.31	8.761	2.915
1.500007494e12	5.593	4.293	9.487	-8.802	-8.11	1.827	5.796	9.769	-4.76
1.500007495e12	1.285	3.535	-3.453	6.836	-9.95	-8.416	-1.466	8.536	-7.837
1.500007496e12	-0.5225	-2.972	-8.322	-6.198	4.072	7.139	9.622	-5.472	-1.257
1.500007497e12	7.183	-7.904	8.345	7.389	-7.85	1.467	-4.309	6.741	7.166
1.500007498e12	-7.08	7.183	4.354	-8.501	3.025	-2.167	6.649	2.496	-5.566
1.500007499e12	-5.684	-9.808	4.921	-5.629	-9.897	8.502	-5.438	-1.591	-0.603
1.5000075e12	-1.03	7.516	1.82	-5.294	-4.778	-2.692	-0.2612	1.643	-9.546
1.500007501e12	-9.176	9.309	9.264	-9.531	5.295	-6.484	-3.926	-0.3589	-6.962
1.500007502e12	-0.7129	3.567	-4.481	-3.223	2.856	-6.421	-3.021	-5.728	5.869
1.500007503e12	-4.535	-6.753	-8.715	0.4614	7.716	-5.667	8.315	-3.07	-5.269
1.500007504e12	-1.887	1.694	-5.599	9.86	-2.766	9.563	-5.719	-8.307	9.358
1.500007505e12	-2.719	6.26	-8.783	4.374	-0.6958	-2.57	7.317	9.442	-9.63
1.500007506e12	-0.3784	-2.22	8.583	-1.58	-6.534	-3.069	5.186	-7.502	8.44
1.500007507e12	1.882	-1.246	-1.095	2.881	-4.396	3.181	-5.537	7.133	-5.11
1.500007508e12	-9.176	7.134	3.613	5.399	-0.6885	3.953	4.969	6.87	9.908
1.500007509e12	9.28	-7.472	-1.705	4.647	8.646	-4.629	-3.188	-3.505	-1.339
1.50000751e12	9.298	-0.4297	8.058	-0.4529	-2.832	1.04	-9.957	-4.023	-3.767
1.500007511e12	-0.8826	0.4614	4.443	-5.051	-6.262	6.556	2.875	-8.541	-0.04883
1.500007512e12	-8.436	5.302	9.781	2.472	5.015	-3.435	1.818	5.41	-5.006
1.500007513e12	-9.054	2.064	-4.727	-1.322	-3.635	-6.847	-9.213	-0.5017	-7.712
1.500007514e12	-9.651	6.66	7.731	8.778	-0.2991	-0.21	-8.606	2.311	-2.249
1.500007515e12	-1.265	2.764	2.408	9.681	-2.284	-3.893	-0.05981	-2.388	6.089
1.500007516e12	-1.072	4.747	-2.451	8.042	-9.709	-3.871	-5.562	-7.556	-1.294
1.500007517e12	-0.5627	7.125	4.563	-4.857	-2.742	-5.338	9.094	-1.281	-0.7275
1.500007518e12	-7.976	3.939	5.41	-2.573	8.885	-2.938	3.705	4.642	-1.172
1.500007519e12	-5.159	9.496	1.55	-6.448	2.761	3.528	-7.566	9.867	-0.8081
1.50000752e12	4.939	2.816	-9.126	3.651	-9.675	7.233	3.27	-9.177	-8.292
1.500007521e12	-0.7825	0.7654	4.349	6.68	-4.141	-0.5408	3.5	0.354	3.48
1.500007522e12	2.065	-5.846	6.232	0.7385	-9.131	7.878	3.984	9.253	-1.97
1.500007523e12	3.905	-8.412	1.564	-0.1233	6.472	-6.522	-7.515	2.322	-2.006
1.500007524e12	-6.886	-4.95	-2.472	9.276	-8.196	4.832	-6.65	2.963	5.854
1.500007525e12	-6.007	-1.082	-6.854	3.965	-3.937	-1.41	0.4968	-8.657	9.958
1.500007526e12	-2.638	-3.824	4.375	3.503	2.5	8.998	-4.375	1.328	-7.522
1.500007527e12	6.929	-7.023	6.641	-3.59	0.05249	3.936	-7.195	-0.4358	-0.6409
1.500007528e12	6.649	5.884	0.4492	3.572	-4.686	-8.688	0.9302	2.472	8.406
1.500007529e12	8.146	9.979	6.76	9.241	-7.869	7.029	7.946	7.631	-8.207
1.50000753e12	-9.058	-5.897	-6.709	4.827	1.606	5.438	-2.067	4.506	9.729
1.500007531e12	-4.166	6.65	3.417	-2.708	-1.304	-1.847	5.586	-9.038	-6.237
1.500007532e12	4.283	-7.277	6.589	2.377	9.088	4.474	9.305	3.419	-5.555
1.500007533e12	2.391	4.078	-7.233	-7.532	3.014	-7.418	-5.586	-2.241	7.007
1.500007534e12	-4.695	-7.205	6.838	3.292	6.165	-9.933	9.764	-7.437	-8.792
1.500007535e12	9.692	8.898	-3.68	6.418	-6.274	-2.158	-6.862	-5.892	-1.069
1.500007536e12	-0.8875	4.731	8.889	-5.372	-7.048	0.6396	-2.695	-9.797	0.02808
1.500007537e12	6.689	9.785	-2.164	-6.981	-1.755	3.727	-2.291	-1.05	1.323
1.500007538e12	-0.9326	4.154	5.178	1.803	9.078	5.363	8.707	5.022	-6.584
1.500007539e12	-9.365	-5.315	-4.036	-4.236	-4.722	-5.652	-8.131	4.788	4.63
1.50000754e12	-2.57	-4.266	0.1526	2.219	-0.8545	1.605	6.195	-5.675	7.491
1.500007541e12	-1.328	-0.6653	-2.109	0.5835	-3.977	-7.365	2.002	-1.028	4.673
1.500007542e12	6.87	-8.018	2.019	-1.461	8.123	5.402	-6.317	9.452	-4.518
1.500007543e12	8.008	-1.924	-7.676	3.615	6.357	-6.31	0.8203	-6.818	3.298
1.500007544e12	3.062	9.607	1.879	4.413	-5.255	3.933	-1.246	-1.204	2.241
1.500007545e12	-1.296	-5.212	-9.95	6.962	9.313	0.7788	-2.943	7.802	-5.713
1.500007546e12	2.802	-2.845	1.96	3.298	4.257	6.703	-1.512	9.27	4.835
1.500007547e12	-0.8398	0.6482	-2.318	-4.604	-2.213	-5.101	-6.94	-2.075	-3.048
1.500007548e12	-1.665	1.088	8.506	1.949	0.1123	-7.578	7.815	-5.782	-5.481
1.500007549e12	6.631	7.23	-7.007	8.132	-4.128	0.1746	5.361	-4.789	3.436
1.50000755e12	0.7214	-6.622	-8.536	7.579	9.222	-1.643	-0.6726	6.655	8.333
1.500007551e12	6.268	-8.877	3.916	-6.718	-1.886	1.44	0.1196	-7.798	0.8838
1.500007552e12	0.03662	0.6287	-6.018	5.494	5.695	-4.822	-0.3809	1.505	6.921
1.500007553e12	-7.08	0.4016	0.7031	-9.829	-7.135	-2.841	-6.57	-4.006	1.31
1.500007554e12	-9.095	8.503	-4.153	-2.025	-7.167	3.318	2.931	-6.406	5.84
1.500007555e12	2.905	-6.908	7.649	-3.292	5.253	0.752	7.069	-8.87	1.512
1.500007556e12	5.913	8.927	-5.521	5.657	6.37	7.391	1.301	-2.389	4.049
1.500007557e12	5.461	-9.044	-2.367	8.087	-4.961	-8.48	-9.041	8.198	7.776
1.500007558e12	-5.548	-9.935	-1.256	1.162	-6.918	-9.032	5.57	-7.913	3.864
1.500007559e12	5.719	2.395	-6.746	7.88	-2.172	1.359	-6.084	-3.51	-0.3418
1.50000756e12	4.254	7.145	6.718	9.432	-4.18	7.651	9.188	-9.06	-9.193
1.500007561e12	-6.94	8.068	1.302	-5.033	7.646	2.252	0.6006	-3.01	-8.27
1.500007562e12	-1.918	-9.581	-2.539	-4.833	9.438	-5.325	-4.13	6.628	7.383
1.500007563e12	6.465	9.877	-4.539	9.86	8.933	-0.2087	8.704	-9.012	-5.365
1.500007564e12	-0.1917	9.668	-6.411	-5.988	4.919	-9.542	-4.152	-5.355	-1.73
1.500007565e12	2.797	-2.273	1.201	-0.1257	8.395	-0.4321	-1.533	-2.903	7.341
1.500007566e12	-7.788	-6.395	7.584	-5.935	1.484	-4.265	5.62	-8.495	1.628
1.500007567e12	9.919	-8.915	4.918	-8.228	1.73	6.139	-7.229	4.126	-3.531
1.500007568e12	-5.111	-6.802	-4.74	-7.622	4.39	0.4712	1.993	-7.819	-9.912
1.500007569e12	0.8484	5.184	-1.399	-1.569	2.208	-1.13	3.248	-6.528	-2.694
1.50000757e12	0.1843	6.652	5.203	-6.071	8.397	3.885	-0.03662	8.063	-3.478
1.500007571e12	-9.203	4.969	4.646	3.92	-6.511	-2.205	1.957	-1.908	-7.631
1.500007572e12	-2.286	4.884	9.194	0.2246	-2.36	-2.92	3.765	-9.89	-8.721
1.500007573e12	-6.554	6.636	-6.614	-3.107	8.085	-0.2881	-4.327	-4.285	-1.556
1.500007574e12	8.458	4.675	8.584	-7.31	-7.484	9.25	6.652	0.9253	2.839
1.500007575e12	2.775	1.661	9.441	6.058	0.1001	6.704	9.449	2.844	-4.681
1.500007576e12	-0.6946	4.786	7.389	-1.151	8.885	-0.73	-9.811	0.9912	-6.375
1.500007577e12	-1.659	2.823	6.797	-6.362	7.312	-9.337	-5.162	0.6873	-2.018
1.500007578e12	-8.385	1.349	-2.264	-4.362	-5.419	-0.7727	-8.004	5.647	0.8521
1.500007579e12	3.411	7.86	-1.051	0.1953	2.36	-6.067	-9.727	-5.69	3.56
1.50000758e12	-2.206	7.167	-9.083	9.05	3.287	-3.512	-3.417	6.466	-8.375
1.500007581e12	1.802	-0.636	6.764	-9.148	-9.414	0.2783	-0.9998	7.421	-7.71
1.500007582e12	7.328	8.706	5.438	7.238	5.385	5.869	9.464	7.703	-8.11
1.500007583e12	7.531	2.742	4.327	6.841	-6.664	1.243	-3.196	6.843	-0.3064
1.500007584e12	-2.168	-8.531	-5.457	-8.157	6.211	-5.024	-5.879	-6.726	4.266
1.500007585e12	4.865	-1.317	-9.777	6.454	5.	-0.2795	2.81	6.124	1.052
1.500007586e12	1.906	4.22	1.213	2.843	7.548	2.042	-2.877	-4.374	8.157
1.500007587e12	-7.645	-4.613	-4.117	8.723	9.541	-7.211	-0.4517	5.587	0.9448
1.500007588e12	3.81	-9.431	-3.175	-7.725	-9.213	-0.8276	-9.551	-3.217	3.323
1.500007589e12	6.263	-3.28	6.995	4.969	7.341	-4.556	-1.161	-9.963	-5.938
1.50000759e12	2.571	-9.214	9.821	-2.43	-8.395	0.9973	2.426	4.934	-1.372
1.500007591e12	9.772	-3.983	5.35	9.287	8.09	-6.141	-9.893	-1.204	8.624
1.500007592e12	-3.909	-8.114	1.841	-5.393	-9.905	-0.02808	8.285	2.865	-9.359
1.500007593e12	0.05127	-6.681	1.913	8.221	-4.553	9.835	9.496	-0.7727	7.836
1.500007594e12	-5.691	4.148	-1.929	1.656	-9.707	6.033	6.139	1.001	3.116
1.500007595e12	7.759	-7.473	-8.081	2.008	-8.893	2.505	-5.736	0.6458	-4.05
1.500007596e12	0.09521	3.384	-9.281	-1.022	5.175	-3.838	8.	7.684	3.297
1.500007597e12	6.592	9.048	3.772	-3.795	8.682	9.635	2.463	4.435	-5.383
1.500007598e12	4.336	2.623	3.734	-0.2783	6.4	2.191	-4.438	-7.548	4.762
1.500007599e12	1.45	-7.725	-3.807	7.377	-0.2295	7.374	7.012	-5.095	-9.113
1.5000076e12	-8.951	6.119	-2.677	-8.756	-1.803	2.067	-0.6763	-7.579	9.445
1.500007601e12	2.837	-1.584	-1.185	-9.099	3.972	2.782	2.516	3.492	-1.98
1.500007602e12	-5.232	-2.395	-3.118	-7.516	-1.654	-3.143	-9.307	-3.306	-9.607
1.500007603e12	-1.687	-9.655	-7.175	-8.499	-3.038	3.223	5.67	5.73	-5.677
1.500007604e12	-8.622	4.874	2.024	-5.253	-4.684	5.986	2.036	-4.85	4.326
1.500007605e12	1.942	3.962	-9.149	5.251	4.495	5.831	1.88	-2.577	3.229
1.500007606e12	7.633	5.391	0.1685	2.339	-4.661	-9.418	-0.06592	-4.078	2.07
1.500007607e12	-0.3625	2.014	5.776	-9.13	-7.463	-0.1453	-8.176	6.431	1.565
1.500007608e12	0.2039	-5.304	-2.55	-7.662	9.678	9.014	5.796	8.662	-5.194
1.500007609e12	-2.648	3.86	0.1257	2.711	7.935	8.439	-6.964	3.807	-1.569
1.50000761e12	-4.172	3.188	-1.05	7.831	2.145	3.154	-2.324	1.036	0.03418
1.500007611e12	8.079	4.508	6.193	1.099	9.543	-1.123	-3.588	0.9326	5.095
1.500007612e12	-0.6824	-1.396	-2.592	-1.316	7.719	7.991	-7.455	-5.865	-2.979
1.500007613e12	-0.9668	-7.823	-9.946	-4.745	-1.543	-6.826	2.408	8.091	7.588
1.500007614e12	-4.207	-9.446	-0.1013	9.647	-2.301	-4.933	-8.14	-2.584	5.062
1.500007615e12	-0.6262	5.923	-1.515	-6.942	7.111	1.968	-0.8057	5.35	-5.24
1.500007616e12	-8.682	2.784	-3.875	3.	-5.018	-2.104	-4.945	2.405	-5.353
1.500007617e12	-9.298	1.228	-6.792	-3.397	-3.202	-0.155	3.269	1.831	-7.552
1.500007618e12	-5.708	2.793	1.356	-5.254	1.389	4.911	4.662	1.757	6.553
1.500007619e12	-7.141	7.513	2.344	-9.965	-5.679	8.947	-2.854	2.939	-9.783
1.50000762e12	-8.273	-9.971	-8.337	-8.872	6.042	9.883	-9.465	-9.585	0.1111
1.500007621e12	7.949	-9.006	7.753	-7.869	2.839	2.299	0.9998	-9.255	-8.546
1.500007622e12	8.364	-3.193	-2.887	5.261	7.925	-9.921	-0.8875	3.86	-7.974
1.500007623e12	6.322	-8.468	2.955	-7.791	2.687	9.427	5.214	-9.904	-3.862
1.500007624e12	-6.537	-8.157	8.008	-7.74	-4.916	6.815	-1.102	0.3955	4.913
1.500007625e12	-8.713	3.168	2.921	7.04	9.851	9.	8.6	1.716	3.153
1.500007626e12	-8.926	0.6482	-7.098	-2.544	-9.907	8.01	-5.648	8.964	-9.401
1.500007627e12	9.22	-8.389	6.561	-2.136	-6.73	-7.079	8.153	9.458	4.253
1.500007628e12	7.031	-7.346	-0.5054	2.649	-2.59	6.66	-9.216	-6.791	7.177
1.500007629e12	4.58	-3.623	-8.441	-0.5774	4.52	-6.084	9.23	5.796	-2.959
1.50000763e12	-1.653	5.117	1.155	-2.094	1.759	5.415	9.102	-8.843	2.001
1.500007631e12	6.763	6.984	-4.132	-3.777	9.192	4.384	-1.279	4.482	-4.846
1.500007632e12	-7.246	3.392	3.334	-3.312	-1.581	-2.5	-1.082	9.811	-2.711
1.500007633e12	9.51	4.49	7.174	-0.2319	9.325	-9.961	7.507	0.968	3.842
1.500007634e12	3.787	-9.562	-3.53	-0.509	3.639	3.162	9.257	-6.221	-1.674
1.500007635e12	-8.131	-2.385	-9.534	2.739	4.061	4.113	-2.323	-9.709	0.2734
1.500007636e12	3.972	7.389	-1.534	-4.601	4.998	-7.826	-8.17	-2.206	0.2954
1.500007637e12	7.891	-7.43	7.566	-8.485	-6.575	3.43	-3.889	7.688	8.678
1.500007638e12	9.65	-0.8142	3.573	-8.723	-0.7678	1.062	5.791	-8.301	1.724
1.500007639e12	6.118	4.623	4.669	-7.463	-9.993	2.971	-4.922	-5.465	9.019
1.50000764e12	7.096	-3.252	9.91	5.001	-0.3162	-0.415	5.538	-5.801	6.381
1.500007641e12	-2.867	1.835	-3.529	-8.702	9.834	-8.313	-1.676	-7.601	-1.709
1.500007642e12	-6.838	4.468	-8.112	-8.131	-8.74	6.282	8.574	0.5432	-9.591
1.500007643e12	-5.466	-8.702	-5.551	9.399	9.819	-4.995	3.076	7.461	-2.302
1.500007644e12	-3.091	7.772	-1.997	-2.471	9.1	-9.303	-9.481	-0.8252	8.928
1.500007645e12	1.675	9.873	-5.071	3.833	-9.176	1.942	-8.269	6.426	9.738
1.500007646e12	0.199	-3.232	-1.572	4.531	5.126	-6.968	2.975	3.186	1.655
1.500007647e12	-7.372	2.405	-5.835	2.617	-2.568	-7.429	-4.354	5.334	-8.757
1.500007648e12	8.48	6.233	-6.436	1.243	-6.58	-2.283	9.432	5.653	8.536
1.500007649e12	-4.723	9.977	0.9778	1.367	-3.608	6.359	-5.524	6.353	0.8374
1.50000765e12	8.263	1.847	8.101	-3.818	-7.971	8.325	4.778	7.733	-0.7593
1.500007651e12	4.515	8.583	6.53	5.21	-2.764	-8.65	8.108	-2.554	4.683
1.500007652e12	9.518	-5.139	4.443	6.073	-1.492	-9.29	-3.939	4.698	1.482
1.500007653e12	-3.505	4.608	8.353	4.692	-0.2405	-1.7	4.517	3.452	1.793
1.500007654e12	0.4297	-9.164	-7.502	-6.732	4.308	0.5359	6.208	6.127	7.268
1.500007655e12	-7.738	5.12	2.532	-0.008545	-8.564	-2.795	-6.558	-4.922	7.874
1.500007656e12	9.37	1.66	-9.625	9.559	0.08179	-8.688	-6.511	-8.928	-8.958
1.500007657e12	9.393	0.5908	1.401	-2.198	9.062	-5.819	-8.452	-7.488	7.743
1.500007658e12	5.726	-8.428	5.791	-4.76	9.158	-8.561	4.276	0.9009	-7.744
1.500007659e12	-4.932	0.2332	7.241	2.809	5.068	-1.002	-5.045	-3.319	0.6128
1.50000766e12	-9.038	-4.637	5.22	-5.72	8.728	5.258	-0.5725	0.3638	-9.271
1.500007661e12	4.606	2.097	-0.6104	9.249	4.745	6.06	8.157	5.343	-1.818
1.500007662e12	2.281	-1.235	-4.8	0.1636	6.84	7.71	-8.177	6.799	-7.773
1.500007663e12	6.038	-9.658	7.749	0.5762	-9.956	-6.125	-6.333	1.586	1.978
1.500007664e12	6.819	4.705	0.1746	-7.806	-9.695	4.957	8.903	4.662	-0.7849
1.500007665e12	-8.71	6.92	0.4749	8.701	-0.06592	3.689	4.41	-0.4871	4.91
1.500007666e12	-1.248	-8.986	8.748	-2.423	4.016	-4.202	8.878	-7.609	-6.361
1.500007667e12	9.985	9.214	-7.605	4.039	-2.853	-1.919	5.289	2.085	-3.687
1.500007668e12	7.932	-5.229	-2.797	-8.611	-3.373	-0.5261	8.236	8.186	6.438
1.500007669e12	-4.702	2.633	6.711	-0.7849	-6.608	-9.873	4.106	-9.761	3.757
1.50000767e12	5.793	4.353	4.586	2.893	-5.186	-5.858	5.383	-1.99	-4.839
1.500007671e12	-1.891	-4.398	-4.669	3.574	1.591	5.013	-4.779	-5.148	-4.316
1.500007672e12	5.371	-9.175	-7.51	-3.771	-4.778	2.305	8.453	-6.271	8.988
1.500007673e12	-5.734	9.265	9.061	-6.533	3.185	-1.742	-7.09	-2.05	1.654
1.500007674e12	-4.819	1.779	-5.964	-3.273	7.341	-9.667	6.624	2.878	3.352
1.500007675e12	-5.983	9.441	1.586	4.711	0.4285	9.303	-2.792	-4.332	-5.78
1.500007676e12	-4.485	-8.906	-8.606	-3.477	-8.975	-8.81	-5.005	9.475	5.023
1.500007677e12	0.6458	6.992	-0.8887	-9.835	-6.42	-3.585	-8.171	-0.5432	3.766
1.500007678e12	8.528	-3.954	2.792	7.357	1.619	-3.062	-4.457	6.039	-1.132
1.500007679e12	-5.371	2.521	1.826	4.054	3.608	0.304	1.595	5.844	-6.157
1.50000768e12	6.234	3.037	-9.094	5.743	1.534	5.56	-5.115	3.231	-5.272
1.500007681e12	-2.26	3.848	9.573	2.13	1.21	-4.105	-3.71	6.792	-7.831
1.500007682e12	6.599	0.3931	-1.915	-4.459	5.903	-0.3528	-8.605	1.801	-0.896
1.500007683e12	-4.458	2.681	-1.129	1.108	-5.836	5.253	-9.923	-3.269	6.72
1.500007684e12	-8.898	8.37	0.2161	3.352	-3.684	9.773	8.285	3.962	3.442
1.500007685e12	-6.87	8.333	-9.645	7.976	-9.764	2.993	4.403	-5.84	-0.4199
1.500007686e12	-6.79	5.818	2.924	1.179	1.305	-8.142	-0.78	-8.199	-7.031
1.500007687e12	-2.487	3.168	-2.615	1.831	9.808	-6.177	2.679	-8.204	-8.53
1.500007688e12	1.486	8.462	-2.92	0.4956	4.578	-1.572	6.66	5.807	7.206
1.500007689e12	1.79	-6.552	-6.644	1.719	9.092	7.123	-6.494	-8.666	7.574
1.50000769e12	1.121	-9.806	0.02686	6.667	0.09644	6.287	-8.423	9.55	0.8984
1.500007691e12	6.046	1.062	2.566	-9.287	7.13	4.878	-4.639	8.864	-9.867
1.500007692e12	-1.912	-5.605	-9.23	-7.87	0.5981	-0.3369	4.009	5.575	6.107
1.500007693e12	-9.911	-9.707	7.38	7.849	-4.546	-6.847	3.918	-8.013	-1.061
1.500007694e12	6.711	7.795	1.094	-3.087	-6.562	-0.4968	5.363	3.566	-5.612
1.500007695e12	-4.69	-4.344	7.123	6.975	-3.883	2.324	-1.112	-5.609	1.244
1.500007696e12	-3.923	-6.754	5.312	-4.562	-0.863	1.101	-7.512	8.553	7.197
1.500007697e12	-6.89	6.057	-9.038	-7.523	9.315	-9.879	-9.083	-5.664	-1.383
1.500007698e12	-8.939	1.691	5.69	4.738	7.318	-3.088	-3.28	-2.793	6.709
1.500007699e12	-5.89	7.831	-4.473	4.044	-9.642	7.644	7.825	-1.653	2.515
1.5000077e12	-1.378	-6.617	4.606	0.8606	4.321	3.502	8.68	-8.3	4.104
1.500007701e12	-8.579	-9.55	-7.148	-0.5359	-2.673	-2.382	0.6384	-0.2527	-9.872
1.500007702e12	2.278	0.437	1.759	1.515	-7.759	5.221	4.949	-3.429	-7.697
1.500007703e12	4.027	-0.531	0.8557	-9.725	-8.534	8.411	-9.418	0.9363	-0.05249
1.500007704e12	-5.426	7.477	-8.49	8.633	0.7471	-7.045	-0.9985	6.89	-2.704
1.500007705e12	-5.511	7.493	3.108	-3.61	5.826	-5.112	2.906	-1.354	-8.706
1.500007706e12	0.6616	-7.291	4.673	-8.676	-7.85	-1.066	-6.467	-8.464	-9.796
1.500007707e12	4.203	6.249	-8.054	4.639	4.735	6.722	4.518	9.653	-1.523
1.500007708e12	-9.543	4.677	-9.003	7.404	-1.61	2.175	5.587	-7.854	-1.504
1.500007709e12	1.194	-6.133	-3.422	9.302	-0.8569	-8.584	-9.728	-9.802	-6.564
1.50000771e12	6.56	7.3	-8.856	4.595	-2.791	5.719	7.802	-4.741	8.47
1.500007711e12	7.428	-3.411	5.242	0.5737	-9.514	-0.6738	2.81	9.333	-4.104
1.500007712e12	5.305	-8.865	5.432	-9.773	-2.31	-8.855	0.9497	-8.833	-2.719
1.500007713e12	-5.607	-2.83	9.531	-5.433	9.054	-7.008	-1.212	2.318	-4.133
1.500007714e12	-6.001	9.185	0.5493	5.345	0.4321	-7.26	6.542	2.094	5.734
1.500007715e12	8.401	-3.368	-0.5615	6.224	2.377	-9.906	-8.955	7.733	-0.2808
1.500007716e12	-5.482	-5.66	8.531	-2.716	4.167	-7.505	0.8923	-9.844	2.589
1.500007717e12	-9.977	5.658	-9.241	-9.393	-1.216	2.1	-4.261	1.415	-4.988
1.500007718e12	-9.418	-2.477	7.351	-7.656	-5.4	9.379	-2.961	-6.338	-1.587
1.500007719e12	7.85	-7.362	-8.612	-1.957	3.459	-7.603	-2.631	-8.256	3.546
1.50000772e12	-0.3259	-8.185	0.5225	8.286	-1.483	-6.771	9.213	-3.209	0.7092
1.500007721e12	-4.198	9.371	-6.428	-3.801	6.211	-1.414	-9.265	5.122	8.374
1.500007722e12	-9.355	-3.984	2.476	0.3015	9.596	4.065	-5.908	-8.022	0.1514
1.500007723e12	7.576	7.909	4.985	4.768	3.921	-5.632	4.806	-4.854	3.646
1.500007724e12	-8.208	-1.117	-0.8228	-0.9631	-0.2673	5.27	-9.231	-6.689	1.666
1.500007725e12	3.549	-6.841	-9.409	-1.97	-0.1331	-9.958	7.882	-2.959	-2.472
1.500007726e12	0.21	-2.063	-6.4	1.169	-3.202	6.689	9.261	-0.5322	-6.287
1.500007727e12	-2.477	-4.75	5.283	7.274	9.397	8.096	3.459	-8.49	0.5359
1.500007728e12	7.848	-7.515	-8.794	-7.723	-3.361	-7.885	-4.766	6.403	-6.627
1.500007729e12	-7.056	4.219	-3.947	-0.3857	6.615	-2.279	9.982	6.725	5.53
1.50000773e12	2.227	2.053	3.42	4.243	1.223	-8.435	-6.917	-0.4968	6.1
1.500007731e12	2.017	5.099	-5.917	6.89	-4.084	9.587	5.642	1.304	-4.026
1.500007732e12	9.39	9.331	-1.398	-2.512	6.533	4.038	-3.	3.604	-1.34
1.500007733e12	-6.407	8.032	1.342	-5.792	5.281	-8.621	-8.916	-5.071	-7.491
1.500007734e12	9.26	-8.53	4.006	6.274	3.188	3.228	-0.1733	-5.332	-5.969
1.500007735e12	-9.736	-4.548	-5.293	0.8362	1.268	-3.149	-5.529	-7.56	7.094
1.500007736e12	-3.81	-5.122	8.129	-2.969	-5.995	-2.28	-9.187	5.073	8.966
1.500007737e12	1.571	-6.851	-6.667	5.77	2.485	-2.8	4.315	1.639	7.858
1.500007738e12	2.582	-2.6	-9.906	-1.027	-0.2026	-7.018	6.646	-3.334	-6.947
1.500007739e12	5.531	7.242	6.887	-7.08	9.213	3.827	5.321	2.695	0.3979
1.50000774e12	-2.207	-5.294	-0.9094	-7.981	-3.052	-3.799	-9.377	0.1453	1.65
1.500007741e12	-3.937	-6.414	-0.752	-9.26	-5.376	-8.704	-6.897	-7.197	-8.083
1.500007742e12	-7.845	1.888	-3.966	-3.818	5.924	-3.752	-7.682	5.123	-0.5859
1.500007743e12	7.949	-1.406	0.7947	-3.986	4.633	6.056	-7.375	-7.413	-1.663
1.500007744e12	-6.824	0.5322	-8.524	1.937	-5.388	0.1819	1.025	9.492	-6.315
1.500007745e12	-6.421	-9.252	5.84	5.306	0.9888	-9.078	-2.451	-4.227	8.136
1.500007746e12	9.514	0.9705	6.868	-7.306	6.576	-2.643	2.164	-2.898	0.5493
1.500007747e12	-7.03	8.644	-1.974	7.681	6.155	4.752	-4.941	1.792	3.969
1.500007748e12	0.2563	-6.459	-7.543	-2.312	-8.534	7.854	-2.996	-4.435	-1.573
1.500007749e12	-6.642	8.901	8.594	0.01099	-1.997	7.855	5.256	0.675	-3.527
1.50000775e12	0.2344	5.444	9.354	9.127	-5.446	3.336	9.362	-7.329	4.877
1.500007751e12	-0.9973	-8.513	-1.466	-3.378	6.156	-8.049	4.323	-0.3992	-4.917
1.500007752e12	2.896	-8.212	2.621	-7.653	7.446	-1.476	0.9668	-4.122	-6.077
1.500007753e12	6.866	0.6775	-0.5078	9.807	-5.491	4.73	9.083	6.436	8.623
1.500007754e12	3.457	-6.373	-3.551	-2.306	0.1489	8.557	-4.44	0.343	4.612
1.500007755e12	8.729	-5.922	5.122	-6.832	2.108	5.497	2.458	4.57	-5.021
1.500007756e12	8.394	4.613	6.138	5.59	-1.385	-5.234	-2.451	-0.8777	6.891
1.500007757e12	-5.127	-4.531	6.544	9.479	-0.3479	4.832	-6.127	4.922	7.01
1.500007758e12	5.983	9.666	-1.821	2.378	3.855	2.883	-9.52	-3.503	-0.03296
1.500007759e12	-0.06348	-6.956	-7.405	-9.045	-4.125	8.099	2.572	7.974	-6.788
1.50000776e12	2.329	9.777	-8.433	6.581	6.309	5.641	4.529	-7.283	-8.994
1.500007761e12	2.147	9.132	0.5176	-4.816	-9.536	-4.719	0.2234	-7.881	9.813
1.500007762e12	-2.34	-6.204	5.363	-9.761	-1.882	-4.843	-7.598	2.992	0.6006
1.500007763e12	8.768	-0.7544	3.849	-8.243	-1.227	9.832	-8.804	5.892	1.534
1.500007764e12	6.359	-6.827	-8.646	-1.505	-0.3027	0.9692	-5.713	7.026	7.65
1.500007765e12	6.766	-5.114	9.618	-3.761	2.196	-4.956	5.4	7.861	-3.766
1.500007766e12	3.317	2.233	2.079	4.108	7.41	3.708	-3.181	-0.01465	-2.751
1.500007767e12	0.9595	-6.743	2.17	-5.507	6.553	5.427	9.001	8.754	7.454
1.500007768e12	-1.324	-9.813	0.2881	-0.7812	-0.01465	1.022	9.33	-0.9351	-8.772
1.500007769e12	7.677	5.033	7.903	3.977	6.843	-9.312	4.376	-3.855	9.907
1.50000777e12	-7.949	-4.658	-2.495	-7.911	4.015	3.982	3.634	6.368	4.944
1.500007771e12	-1.127	-8.645	-0.3442	-4.604	7.997	-7.883	9.904	-0.6567	-5.291
1.500007772e12	1.062	9.828	-9.056	-9.41	4.391	7.026	4.983	1.024	9.869
1.500007773e12	-7.025	-8.503	-1.124	-1.102	4.203	6.575	-7.162	-3.363	-1.906
1.500007774e12	1.78	-8.865	7.146	-3.259	1.438	8.582	7.229	8.652	9.199
1.500007775e12	-9.641	2.445	-2.289	0.04639	-9.377	-9.117	5.227	-8.932	-1.731
1.500007776e12	0.9155	9.18	2.09	-6.635	-5.753	-5.345	2.871	0.2771	-7.229
1.500007777e12	-3.358	-4.363	-9.323	0.6458	5.944	9.13	4.247	-8.979	-1.956
1.500007778e12	-6.738	4.395	-7.303	1.79	-4.111	3.951	2.786	6.011	4.27
1.500007779e12	-5.027	8.204	0.7117	5.146	6.665	-3.986	-9.688	-4.761	6.243
1.50000778e12	-5.894	2.566	7.222	6.012	-5.753	1.141	-6.381	4.725	-0.8569
1.500007781e12	7.695	5.093	6.226	-5.858	-8.641	4.31	0.5579	9.427	9.001
1.500007782e12	-7.534	0.7263	1.932	-5.872	4.967	9.438	-4.442	8.575	-0.4224
1.500007783e12	-8.137	5.356	8.953	0.7007	0.8484	-2.863	-6.132	8.37	1.731
1.500007784e12	9.449	-5.48	3.911	3.722	8.365	1.11	-4.182	0.5701	6.804
1.500007785e12	9.13	8.815	7.905	-6.251	-9.38	6.639	-8.552	-5.547	-4.424
1.500007786e12	-7.539	-3.701	-0.7043	8.99	-4.941	3.829	-5.182	-4.199	4.39
1.500007787e12	-3.916	-5.82	-8.119	-8.369	5.905	-7.49	-3.635	1.869	-3.794
1.500007788e12	7.476	8.268	4.908	5.668	-4.514	-0.09644	1.881	-7.479	-3.466
1.500007789e12	1.503	1.803	8.945	-4.957	-2.377	5.251	-2.886	-5.829	-5.605
1.50000779e12	-5.305	-8.823	1.868	4.282	5.997	8.866	-7.013	-2.213	-1.007
1.500007791e12	8.392	8.235	-5.448	-4.766	-7.472	-3.951	0.7251	-4.537	-9.316
1.500007792e12	8.11	7.246	7.566	2.473	5.923	3.589	5.886	-9.26	6.519
1.500007793e12	-2.723	-0.8386	-4.928	-7.263	0.741	0.9021	-2.556	-7.804	-5.574
1.500007794e12	4.093	7.008	-8.403	9.948	-0.4102	-8.586	-0.08789	-0.8325	-6.278
1.500007795e12	-6.111	0.009766	4.897	-6.241	6.732	4.462	-9.966	2.458	7.981
1.500007796e12	-3.12	3.217	3.888	2.377	-6.307	-1.876	9.9	-0.8496	-6.495
1.500007797e12	3.033	-4.257	-5.178	-5.89	0.7605	-4.622	-3.461	-4.714	3.412
1.500007798e12	-3.264	-9.275	-5.784	-8.633	2.507	-0.03418	-7.534	-7.228	9.211
1.500007799e12	2.584	1.082	-2.141	9.813	7.201	-9.335	9.72	-6.75	-5.458
1.5000078e12	-9.02	1.2	9.622	-0.4529	3.708	4.491	2.727	-5.352	9.827
1.500007801e12	7.903	-7.236	3.517	-1.644	-9.194	7.183	-0.7629	-0.5029	-8.646
1.500007802e12	6.237	9.033	5.667	-6.825	8.627	8.448	-9.685	-8.396	-3.047
1.500007803e12	0.8911	-2.734	0.8862	4.95	8.662	-2.406	7.538	0.3247	9.501
1.500007804e12	5.763	0.2478	7.731	-0.2307	-0.3052	-7.385	-6.991	4.133	-9.821
1.500007805e12	7.803	-8.274	-9.871	0.5005	6.858	-3.363	7.538	-2.258	6.234
1.500007806e12	-1.51	9.401	1.161	4.121	0.3394	3.588	4.6	-0.4504	-1.528
1.500007807e12	-6.749	-3.69	-9.526	-6.174	-4.231	6.241	3.008	5.601	1.132
1.500007808e12	7.778	9.431	-7.756	4.805	-3.009	-2.583	-8.376	-1.625	-1.234
1.500007809e12	1.462	-9.437	-2.092	-2.876	0.4578	-1.339	0.9033	-4.733	-7.166
1.50000781e12	-2.377	-2.234	5.338	1.713	1.049	-3.571	4.136	3.608	6.428
1.500007811e12	3.516	-8.538	-1.123	7.726	0.4626	-2.694	-5.331	5.323	-9.79
1.500007812e12	-9.443	8.369	-9.105	7.1	-7.521	-0.09888	-3.597	-2.78	4.745
1.500007813e12	-3.613	-4.585	-3.816	6.244	-2.19	0.2417	-2.28	-3.204	-8.998
1.500007814e12	-8.191	-7.875	7.968	-7.523	1.904	7.573	1.508	-9.229	-6.593
1.500007815e12	8.276	0.7202	-3.623	6.097	-0.7434	1.465	-5.459	6.823	4.762
1.500007816e12	-4.124	5.856	3.92	-4.474	9.281	7.894	-6.333	9.305	-6.975
1.500007817e12	0.896	-3.335	-2.084	-0.6384	-3.719	-8.412	-1.105	-5.906	1.941
1.500007818e12	-7.677	8.453	4.396	5.255	5.835	9.874	-2.087	0.199	8.226
1.500007819e12	5.645	-9.998	1.893	-4.268	-5.099	-4.481	-9.475	-0.2002	2.24
1.50000782e12	2.018	-5.721	7.437	4.094	-8.538	-2.649	3.772	-6.104	6.476
1.500007821e12	2.264	-4.869	5.891	7.99	2.563	-0.6433	0.09521	4.783	9.819
1.500007822e12	-6.655	7.142	-3.076	-5.5	-8.574	-6.931	9.954	4.714	1.558
1.500007823e12	5.432	5.476	7.302	5.872	-6.804	7.634	7.214	-1.882	4.526
1.500007824e12	2.178	9.211	-6.211	-9.753	-4.318	-2.485	-1.139	6.312	-0.5872
1.500007825e12	7.496	-0.6384	-8.667	7.38	-3.049	3.712	-6.395	3.82	-7.71
1.500007826e12	4.34	1.555	-4.897	8.35	5.725	2.922	6.642	1.182	9.728
1.500007827e12	8.176	9.011	-2.839	1.978	4.014	2.396	-4.916	-9.031	6.244
1.500007828e12	-9.241	-6.832	3.717	6.027	9.321	2.38	-6.304	2.734	1.854
1.500007829e12	8.514	5.939	-1.166	6.182	-0.9692	-9.956	-0.5713	-1.212	-1.639
1.50000783e12	-6.901	-5.623	-3.083	4.691	1.302	-4.95	-5.693	6.038	-2.115
1.500007831e12	6.444	1.473	9.875	9.772	8.45	-7.113	-1.552	-5.52	-7.006
1.500007832e12	-6.438	-2.44	-4.497	5.891	-6.178	-3.73	7.815	-9.866	-7.145
1.500007833e12	-7.428	5.822	0.8862	-3.138	-0.9241	8.49	-5.774	-3.914	0.5627
1.500007834e12	9.021	-5.714	-3.618	7.04	0.2783	-2.133	0.9534	3.96	5.297
1.500007835e12	0.6384	3.	7.323	6.287	-3.271	0.3528	2.281	0.02441	-0.5945
1.500007836e12	0.4944	5.299	1.709	-0.5457	3.248	2.319	-5.132	7.874	9.205
1.500007837e12	-1.012	2.207	-3.575	-2.484	3.079	7.49	4.592	-6.769	4.851
1.500007838e12	4.453	1.151	-4.202	-3.997	0.7166	-1.825	2.462	6.714	-8.159
1.500007839e12	-5.402	8.43	6.81	9.315	-8.259	3.914	-0.2515	-1.399	-5.593
1.50000784e12	9.316	-0.01953	6.497	4.512	0.08789	-0.8069	-1.531	-9.214	-6.968
1.500007841e12	-5.465	-8.898	-1.346	-2.156	9.408	9.31	9.825	-1.444	-9.924
1.500007842e12	-2.242	-2.827	6.515	2.788	-6.538	-1.628	3.346	3.539	9.955
1.500007843e12	9.001	-9.985	5.9	9.235	9.95	3.693	4.703	-3.292	7.172
1.500007844e12	4.535	8.473	9.181	-2.485	-3.999	-8.933	4.91	-9.695	-1.332
1.500007845e12	-5.476	-7.876	5.387	5.876	5.543	-2.731	6.776	-5.098	-0.3113
1.500007846e12	-7.456	-9.957	1.619	-2.574	5.123	-9.873	-5.857	-8.739	-2.424
1.500007847e12	3.668	-6.587	3.434	3.893	-4.554	-2.123	2.141	-6.801	2.572
1.500007848e12	-4.491	-6.919	3.585	9.928	-6.261	8.103	7.645	-8.481	1.082
1.500007849e12	-0.4626	-8.71	4.926	-2.771	2.268	-9.379	-5.8	-0.4907	-5.253
1.50000785e12	0.6726	-9.652	6.243	-8.315	-4.795	8.394	2.307	7.638	0.5798
1.500007851e12	-6.027	3.347	-1.003	2.932	-8.06	2.588	-6.57	-6.232	-4.547
1.500007852e12	3.221	-4.939	-8.831	2.329	-3.859	1.606	-4.097	-5.599	8.17
1.500007853e12	6.78	-0.9192	6.04	-2.377	-6.216	-8.507	3.925	1.45	8.756
1.500007854e12	-7.604	9.209	-9.277	9.495	8.58	-1.738	-4.656	5.056	-5.715
1.500007855e12	3.634	-3.218	3.701	3.922	-1.945	-1.727	-8.409	-1.807	-9.329
1.500007856e12	6.15	-0.1587	0.1392	6.787	9.346	-3.04	-7.584	-3.279	-1.105
1.500007857e12	0.7861	-4.838	6.337	-8.943	7.987	6.647	2.469	6.389	-1.598
1.500007858e12	-7.947	0.1306	8.553	3.97	-5.68	-8.	-8.835	-3.544	-5.291
1.500007859e12	-9.786	0.8398	5.917	3.604	9.215	-4.792	-6.222	-7.448	-1.948
1.50000786e12	-8.438	0.1489	-3.048	4.999	1.467	-4.948	-5.286	-1.965	-1.151
1.500007861e12	-2.572	4.219	2.078	-7.026	9.364	9.902	6.96	9.503	3.541
1.500007862e12	0.2441	6.091	8.19	8.239	1.709	-4.849	-5.078	2.776	6.063
1.500007863e12	8.082	-5.233	4.9	1.901	8.887	-9.734	6.847	8.475	8.805
1.500007864e12	2.932	-4.374	3.256	7.563	-2.113	-7.253	2.95	-3.434	-2.78
1.500007865e12	9.462	-6.519	8.705	5.585	7.124	2.657	-1.29	-3.307	3.247
1.500007866e12	-2.773	4.568	7.545	4.045	2.075	0.73	9.862	9.022	-9.064
1.500007867e12	5.671	8.215	8.228	2.233	0.8765	9.155	8.158	4.961	-3.032
1.500007868e12	-2.823	5.349	-5.774	-7.234	2.362	3.761	5.576	-4.473	9.927
1.500007869e12	-9.13	4.607	7.832	-5.684	6.794	-2.871	6.404	-1.903	-0.1282
1.50000787e12	-6.34	4.788	-7.623	2.239	-3.796	-7.61	-8.414	-9.509	-8.849
1.500007871e12	1.901	1.3	1.462	6.605	6.716	8.746	8.38	-0.7446	-7.751
1.500007872e12	6.572	-5.356	-5.251	1.7	8.29	-2.291	6.667	3.423	-8.988
1.500007873e12	3.948	-9.705	-0.3186	-6.187	9.945	-7.443	5.526	2.566	6.305
1.500007874e12	5.27	-1.044	-4.146	9.563	-8.716	-3.647	-6.24	3.828	-8.416
1.500007875e12	-2.887	-4.276	-7.576	-7.626	-4.817	-7.754	0.3906	-2.897	-2.99
1.500007876e12	9.79	-7.931	1.034	-0.3735	1.085	3.655	6.932	-2.67	-4.976
1.500007877e12	3.655	-2.697	4.384	0.3687	-9.158	5.149	3.646	-2.156	-9.523
1.500007878e12	-2.837	-1.432	8.236	3.341	-6.836	3.923	-6.185	-0.4602	-3.951
1.500007879e12	-2.992	-0.7935	2.365	-6.42	-3.096	1.326	1.372	0.6665	3.488
1.50000788e12	-7.644	-3.84	9.187	-7.388	1.443	-0.6909	-3.597	-2.175	4.847
1.500007881e12	1.05	1.638	-1.637	-7.179	2.159	-0.2576	8.165	3.127	2.437
1.500007882e12	-1.284	4.019	3.45	1.046	7.762	-1.194	3.143	5.548	4.172
1.500007883e12	1.899	-3.197	7.272	-9.95	-6.296	-3.019	-0.365	9.147	-9.357
1.500007884e12	6.833	2.913	5.287	-0.2124	-5.907	2.737	-6.49	-2.506	2.682
1.500007885e12	-5.012	8.911	0.07446	3.922	-0.3198	5.906	9.127	3.613	-3.6
1.500007886e12	4.42	-3.51	6.92	-7.948	-0.9766	1.869	-7.458	0.2112	-5.342
1.500007887e12	-9.213	7.617	4.802	-9.928	6.321	-0.5627	-0.9656	-4.132	7.734
1.500007888e12	0.8594	3.931	5.148	4.045	-9.843	-3.165	-3.38	-3.059	4.851
1.500007889e12	-3.358	-6.172	-8.339	-2.552	-6.359	8.191	6.108	-2.93	-0.4858
1.50000789e12	-1.704	3.146	-0.5579	7.791	9.06	6.212	-1.421	2.488	-5.496
1.500007891e12	-4.324	3.088	-4.164	9.441	4.457	2.825	-5.999	-9.528	-3.052
1.500007892e12	-4.28	9.567	7.948	1.027	9.591	-8.724	-4.244	-3.22	-2.672
1.500007893e12	9.85	-3.856	-1.525	-1.981	-2.097	6.313	-7.705	-9.285	6.785
1.500007894e12	8.372	2.487	8.448	-5.769	3.832	0.2185	2.616	5.809	3.097
1.500007895e12	5.481	3.551	3.336	-1.819	3.313	8.472	9.902	-0.7544	-4.631
1.500007896e12	2.534	-0.2014	7.019	-7.252	3.944	-6.389	-7.531	8.923	-2.31
1.500007897e12	8.534	-0.5103	-2.988	-1.276	-7.321	5.98	-1.909	5.574	6.604
1.500007898e12	0.5652	-1.469	4.648	6.147	-8.763	4.473	-9.159	3.265	-8.069
1.500007899e12	-2.842	-0.3455	-3.635	0.3186	-9.956	5.14	-6.439	4.374	6.387
1.5000079e12	3.451	-6.119	6.2	-9.204	4.534	2.806	3.391	-0.8008	1.844
1.500007901e12	9.131	2.34	2.581	-7.705	-8.506	8.939	9.07	-0.1428	-8.611
1.500007902e12	7.129	4.906	-3.649	2.631	-7.86	0.3796	5.304	-7.448	-8.645
1.500007903e12	6.919	6.945	5.864	-3.409	5.466	-7.092	9.752	-2.632	-8.958
1.500007904e12	3.805	-3.868	2.904	9.399	-6.281	1.041	6.998	-3.235	3.291
1.500007905e12	-2.496	-6.091	1.641	-6.857	-6.334	1.794	9.772	9.81	-2.843
1.500007906e12	-7.56	-9.91	-7.555	4.11	2.946	-3.86	0.7751	-6.298	-2.859
1.500007907e12	-2.407	-7.48	-0.7019	3.402	1.748	-5.947	0.5688	-0.3247	-8.506
1.500007908e12	1.346	0.5896	-3.55	4.197	0.4626	7.407	9.625	8.245	2.255
1.500007909e12	0.7861	-1.93	2.722	6.652	-0.3662	-1.351	2.905	2.46	8.752
1.50000791e12	1.575	5.402	-1.342	6.962	0.3857	-5.988	3.18	-4.933	2.042
1.500007911e12	-3.962	-9.502	3.606	-2.903	5.653	-7.352	6.36	5.558	-4.869
1.500007912e12	2.124	9.031	7.024	-0.08545	0.304	-6.729	-7.507	-6.709	-0.1978
1.500007913e12	7.122	1.833	-4.427	-9.76	-5.972	7.377	0.1245	3.193	-3.9
1.500007914e12	8.678	8.999	-1.394	-5.226	7.765	0.9656	-4.349	-3.971	7.532
1.500007915e12	5.087	1.3	8.152	-0.1929	-8.243	8.5	4.359	4.058	-8.029
1.500007916e12	0.05249	1.542	-4.324	5.929	-2.982	4.29	0.21	-7.019	-7.799
1.500007917e12	5.161	2.029	3.145	1.523	3.39	-2.955	9.716	-1.879	6.949
1.500007918e12	3.981	2.963	3.813	8.466	1.591	9.11	4.264	-4.041	3.734
1.500007919e12	-6.11	-3.195	2.251	1.783	5.696	7.839	1.316	-0.7458	-8.588
1.50000792e12	-2.194	-5.973	5.928	6.	-5.669	2.357	-1.755	-8.274	5.447
1.500007921e12	6.56	-9.108	1.407	-2.81	8.358	-3.5	-6.678	9.033	-5.125
1.500007922e12	-8.339	-0.7092	-4.083	-2.251	-6.052	-1.166	-9.093	-0.238	7.45
1.500007923e12	-0.5591	8.9	-8.541	3.624	0.05005	-3.544	3.717	3.076	-2.708
1.500007924e12	-7.279	-9.635	-2.939	-2.642	-0.6311	-7.081	4.733	2.632	-9.209
1.500007925e12	1.523	0.354	-5.126	-5.228	-7.123	-8.463	-9.647	-8.76	7.303
1.500007926e12	6.99	4.688	-2.715	4.594	-0.4822	8.624	4.526	9.341	7.113
1.500007927e12	8.071	2.043	8.116	-3.042	-7.722	-9.473	3.857	5.791	1.189
1.500007928e12	-5.579	-8.336	2.428	-1.86	4.873	0.4797	9.94	-1.061	-7.213
1.500007929e12	4.373	9.64	-5.096	-2.244	2.684	3.873	1.516	-7.373	-6.3
1.50000793e12	5.634	-6.873	4.584	-3.606	7.024	-6.481	7.529	2.587	5.518
1.500007931e12	5.634	0.769	7.522	-8.608	-9.977	6.239	8.696	0.9619	-1.819
1.500007932e12	7.474	-1.367	0.006104	-9.188	2.119	-3.503	2.313	-2.128	-3.658
1.500007933e12	-3.425	6.853	4.417	-2.495	4.829	-4.266	4.36	-7.542	-8.795
1.500007934e12	6.268	4.017	6.346	-3.228	1.332	4.414	-5.482	-2.731	-0.4614
1.500007935e12	-2.021	-8.447	-6.158	-3.185	-3.706	0.2783	6.532	-7.736	-1.466
1.500007936e12	4.172	6.567	-4.384	-1.639	-7.716	5.957	-5.513	3.49	-1.158
1.500007937e12	-0.9558	8.818	8.744	-8.887	-9.573	-8.174	9.219	-4.423	4.76
1.500007938e12	-5.537	-6.385	-4.283	7.668	-5.471	-9.818	-7.715	6.022	6.454
1.500007939e12	7.185	-6.021	-8.801	3.186	4.438	9.236	-6.202	1.357	-6.735
1.50000794e12	8.156	5.319	-7.606	9.934	-6.892	-0.05737	-9.524	3.506	-2.284
1.500007941e12	-7.223	-2.782	2.24	-6.21	8.477	-1.538	2.312	-1.177	6.455
1.500007942e12	-7.704	-1.796	4.451	9.435	-2.251	4.088	4.634	-3.761	1.061
1.500007943e12	4.219	1.215	-3.406	-3.25	-8.668	5.171	-6.897	4.528	-2.469
1.500007944e12	5.35	-9.302	-3.127	9.993	-5.621	7.596	-4.7	-3.822	-6.359
1.500007945e12	-9.03	-4.034	-8.597	-1.94	4.161	-2.99	3.287	3.34	4.797
1.500007946e12	0.3516	1.987	0.8752	7.373	4.009	9.022	-7.926	4.513	0.3333
1.500007947e12	0.0354	9.116	-9.48	0.2039	-5.25	1.981	6.544	3.029	8.81
1.500007948e12	1.132	7.347	-7.406	-4.366	-0.5432	7.996	-3.719	3.029	2.905
1.500007949e12	-9.839	-2.123	-4.292	-3.182	-4.766	5.19	0.415	-1.569	-4.738
1.50000795e12	-4.473	5.024	-3.431	-6.672	-3.954	-0.4663	-4.714	-2.173	8.38
1.500007951e12	-9.814	6.05	0.3503	4.725	5.286	-0.9338	9.486	-4.216	6.439
1.500007952e12	-5.828	0.9094	-2.9	-4.639	2.137	-6.886	-8.115	-8.866	0.9937
1.500007953e12	0.7568	6.382	-2.877	-4.529	-0.6812	-6.901	-5.367	-7.75	-4.327
1.500007954e12	7.789	1.469	-6.876	0.6848	-6.819	-5.051	6.597	9.741	-4.238
1.500007955e12	5.193	6.993	-3.545	9.85	9.186	-7.51	5.848	8.492	8.341
1.500007956e12	-2.957	-6.985	-8.405	-0.4504	-8.805	4.166	-8.788	-8.325	-5.391
1.500007957e12	-1.759	-2.947	7.198	1.243	-2.014	-7.266	0.7617	-0.3552	-5.491
1.500007958e12	-3.464	-9.214	-2.457	0.7068	-3.179	5.264	2.46	3.057	3.146
1.500007959e12	-5.118	-0.304	6.302	1.843	6.356	-7.301	-6.719	7.467	-5.581
1.50000796e12	5.415	7.261	1.168	0.4724	-5.061	-7.919	5.052	2.952	-8.086
1.500007961e12	-1.799	-1.93	9.012	-6.013	-1.641	0.6067	-0.752	-8.7	-3.557
1.500007962e12	2.793	-6.957	4.376	-4.116	4.37	-2.855	-0.7471	4.1	5.356
1.500007963e12	-9.819	-7.301	-3.827	8.203	-7.766	4.401	7.943	9.873	-9.75
1.500007964e12	-0.4028	-6.654	2.161	-5.511	-1.389	-9.708	3.369	-7.095	9.988
1.500007965e12	2.777	9.497	-8.853	-6.458	4.717	-4.292	7.883	6.552	5.468
1.500007966e12	-7.585	3.016	-7.052	-9.208	1.024	9.866	3.625	0.5322	-0.5908
1.500007967e12	-3.406	6.122	1.224	4.417	-0.8264	-3.027	4.664	-8.516	-1.125
1.500007968e12	-7.897	-3.091	-9.807	-5.018	-3.859	-6.528	3.875	-2.683	-6.061
1.500007969e12	0.542	-7.355	0.05859	-2.111	1.749	1.208	-8.146	9.088	6.437
1.50000797e12	-1.689	-8.798	8.383	7.194	-8.025	2.161	8.658	-7.118	-7.062
1.500007971e12	-6.044	-7.682	2.668	4.038	9.702	-5.007	6.569	3.835	-1.626
1.500007972e12	-0.1611	9.33	-6.331	4.382	9.011	9.46	0.6213	8.541	1.327
1.500007973e12	-5.668	-0.7593	-5.546	4.752	-6.974	1.644	0.1611	3.326	2.118
1.500007974e12	-8.131	4.987	-3.027	1.552	6.211	7.334	-9.254	-7.896	-4.366
1.500007975e12	-6.522	-6.035	6.926	-5.544	5.466	1.813	0.4785	-4.88	6.067
1.500007976e12	7.842	-1.924	-2.346	-5.562	-6.644	1.379	-6.738	-0.5481	0.3381
1.500007977e12	4.888	-2.488	3.458	-3.849	-9.246	8.964	-7.073	5.864	8.577
1.500007978e12	9.049	9.874	4.847	-5.621	-7.186	-3.809	-7.858	6.104	-5.054
1.500007979e12	9.952	9.457	8.214	7.766	-3.707	-1.089	-1.349	3.368	8.807
1.50000798e12	0.4993	-7.751	-0.1038	1.853	7.892	9.702	-6.328	3.765	3.987
1.500007981e12	-4.073	1.095	4.124	-2.261	9.347	7.039	-6.912	-1.625	6.002
1.500007982e12	-5.75	0.3894	-0.7336	0.542	-4.674	0.2136	4.451	-0.6775	6.796
1.500007983e12	-9.022	1.13	1.501	1.708	3.673	0.2393	3.964	6.951	-7.278
1.500007984e12	-6.901	-2.106	3.895	8.652	-6.365	5.978	-4.717	8.619	-0.6055
1.500007985e12	0.9644	-0.6067	7.753	2.106	-9.117	-2.794	-4.716	-9.686	2.058
1.500007986e12	-7.463	0.481	1.216	1.367	-0.8484	6.91	5.773	3.845	9.232
1.500007987e12	-4.656	-0.09399	1.267	8.594	-2.201	-7.682	-4.705	1.761	-9.351
1.500007988e12	-1.421	-9.054	4.408	0.2527	5.647	-1.624	-7.869	-1.896	0.2881
1.500007989e12	7.938	-4.72	-3.931	3.463	-1.097	7.976	-8.937	-5.198	1.637
1.50000799e12	4.269	0.1318	-7.654	1.34	-5.543	-4.392	-2.598	8.083	6.335
1.500007991e12	-8.579	7.494	3.723	-7.373	-3.121	-4.64	-8.248	-3.472	6.271
1.500007992e12	-4.702	-2.336	-1.158	-9.293	-9.854	7.686	0.199	1.077	-2.361
1.500007993e12	8.093	9.017	1.35	4.894	-4.122	5.386	-4.249	5.339	8.083
1.500007994e12	-3.517	-2.36	-0.4028	9.326	5.566	-4.96	1.508	-4.252	3.628
1.500007995e12	9.517	3.201	1.926	1.062	-2.925	-7.968	7.313	9.673	7.111
1.500007996e12	-6.661	1.707	7.167	-6.962	-2.637	-3.356	2.388	-8.917	7.274
1.500007997e12	-2.235	6.296	-0.4297	-0.2637	-7.241	-3.025	0.2075	4.889	9.99
1.500007998e12	-2.725	-1.595	5.327	2.083	-2.682	-6.221	-2.828	-0.4529	0.4163
1.500007999e12	3.833	3.325	-0.4944	2.869	6.381	3.782	9.712	8.977	5.259
1.500008e12	5.336	-2.699	9.498	-7.279	3.65	2.491	9.006	-7.955	-7.571
1.500008001e12	-7.775	6.755	2.015	-4.229	-7.294	4.719	-8.914	0.2258	5.192
1.500008002e12	4.879	0.498	-5.8	-4.269	4.705	1.058	-2.03	2.303	-3.954
1.500008003e12	0.7458	7.95	7.614	-3.961	-0.564	-5.605	2.314	-5.687	-8.357
1.500008004e12	-4.594	3.085	-3.551	2.299	7.457	-9.504	2.665	4.921	-1.445
1.500008005e12	-3.414	7.841	-0.9521	1.069	9.988	3.402	2.279	0.6348	-7.462
1.500008006e12	-9.567	-2.665	-9.432	8.088	5.913	7.26	-6.273	8.086	4.265
1.500008007e12	-8.062	8.605	1.534	8.207	4.255	2.203	-0.9546	-7.816	-3.318
1.500008008e12	8.529	-8.87	4.801	0.9485	8.164	-5.194	1.274	2.715	4.233
1.500008009e12	-7.075	-7.472	2.26	3.802	5.975	-7.107	4.089	2.148	-8.918
1.50000801e12	8.518	-7.633	-6.122	-2.968	1.299	-4.683	-9.135	-2.747	-9.807
1.500008011e12	2.491	-9.897	8.147	-4.197	-3.635	-3.058	-1.361	8.655	4.778
1.500008012e12	-8.141	0.5017	-7.308	-6.248	1.03	6.433	5.016	6.301	8.806
1.500008013e12	7.656	4.271	-9.246	-6.418	7.521	9.897	-4.675	-3.281	-5.929
1.500008014e12	4.521	-2.3	-4.529	-7.006	0.7861	-6.687	-0.9668	-2.949	5.013
1.500008015e12	-9.75	2.7	5.076	-1.029	0.1636	8.228	-0.5872	1.903	3.494
1.500008016e12	9.041	-3.361	-8.394	-6.399	4.921	0.5579	-5.209	8.263	-4.723
1.500008017e12	-2.123	1.211	9.861	-0.9766	-9.297	6.305	8.115	-3.944	-3.549
1.500008018e12	8.353	-3.771	6.538	5.314	9.651	-3.013	0.4822	8.	-8.485
1.500008019e12	-5.028	-3.749	-5.604	8.772	5.361	-2.161	5.667	-5.712	6.865
1.50000802e12	0.8789	2.924	8.038	0.9326	-2.706	-6.368	-5.837	-1.2	-0.01343
1.500008021e12	5.107	6.816	-5.275	1.869	-0.1379	-1.715	-8.669	0.592	4.004
1.500008022e12	0.2661	7.091	5.273	-4.342	5.023	2.666	3.446	-7.278	2.306
1.500008023e12	5.829	8.691	-6.781	5.367	-3.726	-9.664	8.218	-5.886	-3.607
1.500008024e12	-5.021	6.996	0.7129	7.386	-1.388	5.353	4.662	6.229	5.416
1.500008025e12	0.4553	-4.188	1.788	2.512	-1.281	-4.027	-8.079	-0.5713	-5.48
1.500008026e12	-5.518	6.321	4.581	3.282	2.206	-9.886	5.964	-7.289	0.1917
1.500008027e12	9.05	3.777	1.648	0.2112	8.589	5.767	-8.722	-1.328	-2.515
1.500008028e12	2.806	3.08	-7.935	7.891	-0.2454	5.552	5.562	2.019	-9.932
1.500008029e12	-2.605	2.245	2.631	6.581	-5.388	-2.914	0.4529	-7.728	4.15
1.50000803e12	-4.156	-0.896	-3.972	-8.156	4.672	-4.884	5.663	-9.662	-2.367
1.500008031e12	0.7825	4.146	-9.216	9.891	1.805	1.47	2.025	-6.438	1.08
1.500008032e12	8.007	-0.968	6.753	7.953	-3.47	9.59	-3.224	-0.3772	1.907
1.500008033e12	-5.576	0.7117	-7.49	3.666	-8.925	-9.304	-7.432	-3.895	9.272
1.500008034e12	-0.004883	0.6396	0.1636	8.549	-0.3589	4.354	-3.612	-7.806	-5.011
1.500008035e12	5.143	9.912	-6.943	-3.748	1.255	4.973	-6.069	5.912	-0.2429
1.500008036e12	7.262	8.323	2.52	1.599	-7.238	-4.906	5.464	-8.613	5.203
1.500008037e12	7.301	-5.347	6.638	-4.519	-9.138	-9.176	5.853	8.84	8.118
1.500008038e12	-1.691	-4.845	3.691	8.14	5.308	7.15	0.9851	-2.849	1.16
1.500008039e12	2.711	3.197	0.6238	-0.3625	7.644	4.823	2.689	-5.538	7.296
1.50000804e12	6.851	-6.959	-7.051	-1.36	3.044	4.734	1.483	3.997	5.138
1.500008041e12	9.661	2.151	0.5591	-5.544	2.886	-3.546	-6.229	0.2979	-8.379
1.500008042e12	4.116	6.169	3.324	-9.312	-9.338	-4.001	-5.469	2.697	3.531
1.500008043e12	2.65	5.951	4.749	-8.444	-3.528	-8.395	5.416	-9.767	3.246
1.500008044e12	3.237	-3.932	-0.4126	7.03	0.06836	6.431	0.4578	4.407	6.206
1.500008045e12	-4.672	1.26	-8.212	-4.277	-2.721	-2.809	7.623	-4.376	-1.034
1.500008046e12	-3.915	4.714	-3.884	-2.202	-7.345	-7.002	2.845	4.888	4.469
1.500008047e12	3.256	5.227	1.716	8.583	4.325	-3.307	7.792	-3.766	-5.605
1.500008048e12	8.633	-1.49	8.572	-1.002	-9.073	-9.943	7.257	3.95	-7.408
1.500008049e12	-6.66	5.476	1.619	4.728	2.688	-3.555	0.3638	-0.3467	-7.054
1.50000805e12	-0.8228	0.3442	-1.067	-5.023	-7.87	-4.189	8.411	-6.88	-7.644
1.500008051e12	6.343	8.373	-0.9302	9.779	7.039	0.9961	9.487	-3.431	5.613
1.500008052e12	-1.243	-1.932	-6.586	0.007324	-9.275	-7.85	-5.543	7.731	-1.628
1.500008053e12	-7.56	-9.102	-5.388	-8.057	8.101	5.28	-9.908	-3.372	-0.6897
1.500008054e12	1.605	6.528	-0.6506	7.974	7.517	2.831	-3.787	-5.079	-6.351
1.500008055e12	6.84	3.136	-7.455	9.333	8.938	-9.745	-3.414	-8.192	-6.046
1.500008056e12	-5.529	6.56	-1.682	9.783	-7.36	5.812	-3.402	8.624	-2.365
1.500008057e12	1.921	-8.562	-6.024	-0.6653	0.4688	-0.1343	8.171	7.025	2.085
1.500008058e12	3.376	7.784	-9.199	-3.474	4.358	5.774	3.403	-6.881	-9.596
1.500008059e12	-6.025	-1.746	-5.173	-8.483	-8.571	0.2368	-4.163	5.072	8.246
1.50000806e12	0.4395	-5.963	5.668	0.1648	-0.78	0.509	8.665	-3.607	-4.674
1.500008061e12	-4.406	5.294	6.959	3.899	6.525	3.868	-4.164	-5.409	-3.583
1.500008062e12	4.041	-7.66	5.605	7.645	-0.9802	-8.468	-2.743	0.7275	-9.036
1.500008063e12	6.737	1.597	3.187	-2.477	-7.533	0.4712	6.517	4.28	-9.926
1.500008064e12	1.254	-5.974	0.1428	-7.555	8.99	-4.476	-8.069	-7.666	-3.467
1.500008065e12	-0.5811	-8.948	0.7129	2.98	-1.295	6.503	6.742	-9.054	8.829
1.500008066e12	-3.588	3.539	8.005	-8.933	-8.392	3.983	9.861	-7.217	8.11
1.500008067e12	0.0415	-0.03174	6.128	-4.384	7.711	5.963	9.237	-6.774	0.8679
1.500008068e12	-8.534	-5.531	-7.441	-5.226	-1.284	-7.256	-8.336	-2.809	3.208
1.500008069e12	-5.061	8.096	-3.191	5.817	-6.486	2.705	8.278	0.603	4.806
1.50000807e12	9.633	1.583	6.158	4.712	-0.04883	1.378	-3.167	-6.132	5.076
1.500008071e12	-3.94	-5.469	-4.121	-2.643	-2.882	-4.015	-6.855	0.3528	-6.616
1.500008072e12	-1.486	-6.187	8.646	5.901	-7.582	9.194	-9.816	-9.72	1.974
1.500008073e12	-6.174	-4.657	3.234	-7.36	-0.9644	-0.5579	-3.123	-8.348	0.1611
1.500008074e12	2.278	-2.841	-4.59	2.74	2.369	7.129	-5.872	0.2771	2.52
1.500008075e12	-1.108	-0.2014	-7.065	-8.607	4.498	-5.669	-7.595	1.976	-8.716
1.500008076e12	6.809	1.982	2.012	-0.6738	6.017	-7.777	3.529	-0.1465	-0.4492
1.500008077e12	1.735	1.766	-7.83	3.861	5.32	-3.319	8.628	-0.4285	-5.848
1.500008078e12	-9.021	3.772	1.031	-3.646	8.838	3.474	-6.681	-9.904	3.069
1.500008079e12	-2.714	-9.526	-2.075	-4.071	-8.483	8.037	6.597	9.817	5.83
1.50000808e12	-8.463	-1.476	9.189	7.992	0.2039	-4.091	-8.933	-9.453	7.053
1.500008081e12	-9.927	7.223	-7.33	-4.72	8.824	8.636	-7.018	5.884	4.263
1.500008082e12	-5.969	4.28	8.955	-6.133	-9.436	-3.827	5.024	0.2588	9.208
1.500008083e12	-5.627	0.271	-8.81	-8.796	-7.085	-6.946	-5.999	-0.5957	5.059
1.500008084e12	-5.615	1.063	-7.052	-2.479	9.164	1.554	7.451	4.493	5.736
1.500008085e12	-2.505	-8.037	-4.119	9.662	9.412	-2.421	-8.905	-2.742	6.92
1.500008086e12	5.461	-8.821	7.107	9.044	8.188	8.252	1.053	3.622	-5.05
1.500008087e12	3.645	-6.799	-4.625	-0.07812	4.037	-5.565	-6.543	-1.497	-9.446
1.500008088e12	-2.063	-4.663	9.293	8.116	8.9	3.68	3.033	9.874	-1.919
1.500008089e12	5.133	0.9387	6.112	-8.767	2.853	-4.736	-4.794	-4.077	2.981
1.50000809e12	-3.738	4.196	8.169	-2.872	8.323	9.865	-8.77	6.381	0.6006
1.500008091e12	2.028	7.209	-4.833	5.668	6.376	7.445	-0.8594	-6.696	-5.822
1.500008092e12	4.026	-9.043	-0.6738	-2.572	4.968	3.807	6.088	0.4834	2.493
1.500008093e12	9.532	9.528	-9.087	5.403	1.794	-2.036	3.239	-8.044	3.544
1.500008094e12	-2.657	5.146	-8.131	-6.163	2.78	1.882	5.802	-7.017	-1.565
1.500008095e12	1.758	6.655	-4.811	7.811	6.115	2.379	-7.833	-7.883	-0.8276
1.500008096e12	5.388	-3.405	-0.1367	-9.896	4.532	1.603	-0.2051	3.176	-7.859
1.500008097e12	-6.827	9.115	-8.218	-5.656	6.719	-1.24	8.982	-4.908	-4.275
1.500008098e12	7.268	4.463	-9.323	6.163	-3.903	-2.482	-1.843	8.914	6.885
1.500008099e12	6.089	-2.308	0.188	-0.979	-8.328	-8.175	6.528	-0.6982	9.338
1.5000081e12	5.782	0.04761	-9.811	7.125	-6.835	-6.753	-5.38	9.131	8.346
1.500008101e12	8.745	-4.209	6.932	-3.994	5.282	-4.381	-2.749	-6.335	1.639
1.500008102e12	1.625	9.224	-6.277	0.6958	-8.715	-2.463	-3.326	4.532	4.597
1.500008103e12	-4.089	-4.143	-3.456	1.409	-5.162	-7.626	4.175	7.239	1.847
1.500008104e12	1.127	-7.316	-2.4	6.237	-1.777	8.743	1.011	9.878	-2.38
1.500008105e12	-0.9766	6.178	-6.306	3.101	5.286	-5.793	4.208	-0.04395	-1.903
1.500008106e12	-2.117	-1.23	1.672	1.282	4.951	8.772	9.13	4.46	6.584
1.500008107e12	-4.397	-3.116	8.264	-7.81	6.235	2.133	-2.125	0.4102	7.014
1.500008108e12	-8.883	8.632	0.3784	-7.328	0.5347	-8.322	8.268	3.417	-4.362
1.500008109e12	2.957	1.633	-8.347	-9.261	2.103	-8.633	-3.322	4.584	0.9668
1.50000811e12	-3.889	6.639	5.2	-3.729	-7.783	-4.032	8.333	3.677	9.943
1.500008111e12	2.059	-9.355	1.86	0.6348	6.1	-2.505	-0.4736	-1.094	3.59
1.500008112e12	-1.682	2.188	8.022	-0.2686	-7.837	7.622	7.019	6.168	3.021
1.500008113e12	-9.832	2.673	9.886	9.893	-2.64	1.298	9.185	4.36	-1.707
1.500008114e12	6.03	9.738	-7.689	9.604	-1.459	6.504	-1.808	-0.8386	7.244
1.500008115e12	-2.467	-9.039	6.74	3.051	-5.291	1.609	-7.284	-7.689	0.5603
1.500008116e12	-8.501	9.736	4.579	-9.071	3.596	0.7666	0.918	2.363	7.482
1.500008117e12	4.24	5.095	-3.499	1.195	5.559	-7.324	-6.775	-1.51	-7.418
1.500008118e12	9.917	8.521	0.9619	-4.291	-2.467	2.333	2.087	1.23	6.158
1.500008119e12	-2.448	-1.379	-3.362	-4.906	-1.605	4.882	6.969	-8.318	6.775
1.50000812e12	-8.805	-7.834	2.69	4.777	2.977	-5.767	-2.665	2.603	-3.025
1.500008121e12	5.811	-7.639	2.765	4.692	-3.545	-2.152	-5.688	2.333	-2.539
1.500008122e12	-1.392	-2.343	-7.095	2.849	8.728	-4.07	-7.423	6.705	-7.305
1.500008123e12	-4.971	5.88	2.036	7.921	-2.458	1.194	-8.385	6.912	3.199
1.500008124e12	6.576	-4.052	9.355	4.58	-4.805	-3.513	7.009	2.394	1.678
1.500008125e12	5.624	8.892	-4.419	-9.504	-8.331	-2.606	-8.862	5.254	-6.187
1.500008126e12	-7.645	-7.141	4.949	2.538	-1.805	-7.299	-1.76	2.917	9.878
1.500008127e12	-1.648	-5.713	-6.13	2.539	-1.36	-8.656	7.322	4.041	-3.378
1.500008128e12	-9.108	-0.3113	-1.749	-4.291	-2.169	2.012	2.717	7.811	-0.3455
1.500008129e12	-5.5	-7.035	8.448	3.309	-9.203	5.051	9.596	-8.719	2.019
1.50000813e12	0.282	-7.99	8.545	1.886	0.6079	-8.077	-2.871	6.725	-1.544
1.500008131e12	-4.231	-6.465	3.389	6.284	5.254	-2.299	0.9265	9.358	5.535
1.500008132e12	7.064	-9.158	6.261	-3.291	-4.434	4.923	6.67	4.456	-8.407
1.500008133e12	5.426	-5.579	-2.928	-1.957	1.4	-7.678	-7.554	9.525	1.255
1.500008134e12	9.021	-8.807	3.997	8.483	-8.513	7.545	-7.811	1.952	-7.861
1.500008135e12	-8.521	1.885	1.763	9.164	-3.149	3.235	2.595	-8.082	5.854
1.500008136e12	5.389	2.817	6.034	2.083	-6.483	4.739	-4.851	-2.074	8.011
1.500008137e12	-9.27	-6.354	1.576	1.582	9.125	8.879	7.015	0.6824	6.459
1.500008138e12	2.672	-4.862	-3.196	-5.703	9.76	3.202	-2.721	-0.5945	-3.552
1.500008139e12	-1.754	5.009	-7.571	9.174	9.147	7.523	-2.449	2.722	-2.985
1.50000814e12	-9.265	-3.156	-9.51	-6.989	-2.043	7.534	-5.636	4.872	6.765
1.500008141e12	7.316	4.977	9.462	-9.105	3.167	4.442	2.385	-8.711	-5.588
1.500008142e12	-0.4358	9.441	-8.375	-6.498	-6.544	3.262	1.332	6.218	-1.703
1.500008143e12	-6.212	-0.1355	-1.932	4.447	-7.563	-9.257	-4.399	-9.957	-6.786
1.500008144e12	9.147	1.333	3.517	4.783	0.4114	1.854	-2.642	-2.008	-6.136
1.500008145e12	4.24	-9.874	2.864	4.032	7.858	8.197	-7.883	7.76	4.474
1.500008146e12	1.276	-1.205	-1.37	4.203	9.447	-8.237	4.49	-9.104	8.114
1.500008147e12	3.502	-2.834	-0.002441	0.7849	-9.29	-9.669	7.139	-2.891	2.141
1.500008148e12	-7.325	5.222	2.466	-3.051	-6.359	1.743	7.76	7.931	-1.421
1.500008149e12	-5.072	-5.054	7.02	-3.717	-9.757	-7.366	-4.886	-1.829	-1.288
1.50000815e12	0.2722	-5.856	0.06836	3.367	-1.071	6.881	0.3235	8.483	5.222
1.500008151e12	-1.765	9.655	-4.077	-0.3687	5.657	-2.126	-9.106	7.299	8.199
1.500008152e12	6.398	-6.461	-4.204	2.3	7.05	-7.881	4.421	7.542	9.692
1.500008153e12	-4.8	-5.039	-9.734	2.878	-9.832	0.2527	-0.3162	-9.958	2.283
1.500008154e12	-9.277	0.1648	-2.802	-1.057	1.542	-7.371	-3.273	7.678	-2.719
1.500008155e12	2.346	8.101	-5.201	4.496	5.712	-9.634	-2.057	-3.317	0.03174
1.500008156e12	-7.046	6.252	-8.35	-9.421	-8.528	-1.343	9.827	1.951	-6.53
1.500008157e12	8.528	0.7764	5.461	6.565	8.115	-5.686	5.681	8.385	-7.736
1.500008158e12	-7.754	9.508	-3.348	-4.507	-5.065	9.514	-4.509	-0.5139	4.395
1.500008159e12	1.589	7.594	-2.377	3.767	-0.481	7.192	-9.584	-0.3186	-9.015
1.50000816e12	2.815	-9.325	-4.55	-5.2	-3.042	7.261	5.151	5.817	7.45
1.500008161e12	-6.527	-5.762	-5.919	-8.074	-8.856	-9.478	0.8667	-1.906	8.568
1.500008162e12	-7.756	-3.87	-5.166	5.481	-5.515	9.64	5.365	-4.8	-1.562
1.500008163e12	-0.08423	7.	2.128	8.812	-0.3113	6.122	8.152	7.793	-7.529
1.500008164e12	9.452	0.249	-1.711	-2.051	-9.623	1.195	-5.248	5.275	-5.852
1.500008165e12	5.063	-0.7288	-1.617	-0.8582	8.672	6.406	0.8191	5.962	-4.055
1.500008166e12	0.2039	-4.023	-8.809	9.526	-2.627	5.935	8.629	7.633	-0.3552
1.500008167e12	-4.813	5.962	-6.92	8.115	4.056	-3.995	0.2771	-9.991	6.73
1.500008168e12	-7.015	-2.52	2.886	3.833	-6.754	5.604	-8.246	-2.115	6.764
1.500008169e12	-5.778	7.455	8.722	7.019	-5.413	1.388	-3.431	-7.473	-9.204
1.50000817e12	-7.351	-6.127	-4.57	-9.264	-9.556	-4.321	-9.476	-7.646	-2.19
1.500008171e12	2.256	-2.704	8.971	1.865	9.343	3.408	-8.923	9.28	5.836
1.500008172e12	-1.207	-3.193	-1.729	8.188	-8.701	-2.626	-1.366	2.548	5.598
1.500008173e12	-8.157	-0.2515	6.124	-9.042	6.189	-6.134	-9.132	-3.921	-5.363
1.500008174e12	9.543	-8.086	-8.472	9.557	-1.396	-2.104	1.884	-7.009	1.262
1.500008175e12	-0.9766	5.811	3.486	7.147	-0.9009	9.929	-2.411	-5.978	-6.766
1.500008176e12	6.941	8.511	-4.207	4.02	-1.202	-1.99	-7.991	-9.037	-9.812
1.500008177e12	-0.3467	9.17	8.619	-1.4	-3.531	-0.3845	-6.981	3.213	-4.481
1.500008178e12	0.2649	-1.075	-6.937	4.347	-2.545	3.02	-3.745	-7.554	-0.1111
1.500008179e12	-4.707	4.565	9.67	-1.793	-2.343	-0.1428	6.014	1.101	-6.207
1.50000818e12	9.999	2.347	8.073	-8.737	-9.44	-7.017	0.7727	7.006	5.956
1.500008181e12	-9.255	7.094	-6.351	8.582	-3.013	-9.971	0.5249	-8.981	4.922
1.500008182e12	-7.236	5.382	3.806	-1.564	-5.714	-4.493	8.439	3.331	6.281
1.500008183e12	-8.08	-8.907	-3.987	6.016	4.294	-0.7971	-6.088	3.284	8.444
1.500008184e12	-2.615	4.969	-8.384	3.572	-2.983	-2.2	-9.828	2.831	-7.463
1.500008185e12	4.286	-8.302	-1.609	7.454	-3.607	2.805	-3.457	0.9961	6.052
1.500008186e12	-9.451	5.475	-2.231	-3.372	7.689	4.274	-5.618	-7.745	-3.644
1.500008187e12	7.102	4.614	-3.031	5.364	7.587	0.4724	4.386	3.475	0.2576
1.500008188e12	-7.561	4.993	-7.838	5.748	4.908	-6.855	5.309	3.6	-6.016
1.500008189e12	-4.377	-5.016	0.2478	-2.572	-7.968	8.097	-6.825	-2.926	5.238
1.50000819e12	-1.357	8.682	2.458	-0.5798	4.465	-4.579	5.094	9.935	-6.87
1.500008191e12	-9.486	-0.2917	2.506	8.402	5.697	6.63	-5.33	9.753	1.55
1.500008192e12	0.1379	-2.22	6.421	5.516	-0.8557	5.59	-9.222	-9.303	4.827
1.500008193e12	4.471	-9.229	-2.441	1.72	6.057	-6.63	-1.624	-5.203	0.675
1.500008194e12	6.882	-5.273	4.962	-7.189	-2.327	-4.28	-5.442	-7.316	9.473
1.500008195e12	2.93	-5.206	4.346	-7.538	7.357	-1.356	-5.547	2.593	-3.724
1.500008196e12	8.607	4.486	-7.899	5.496	3.683	-6.476	-3.508	9.398	-6.545
1.500008197e12	-5.352	-9.281	1.696	3.901	7.482	-2.393	8.143	-9.769	8.467
1.500008198e12	4.526	-6.895	-6.595	8.337	4.154	1.576	-1.586	-0.2344	-8.705
1.500008199e12	9.757	-9.847	7.64	7.184	4.862	8.025	-3.297	-6.99	6.538
1.5000082e12	6.989	5.552	-1.567	2.737	0.4309	-4.238	5.183	-1.426	-4.465
1.500008201e12	-2.841	-0.5029	4.73	-7.035	-2.66	-6.284	4.323	3.492	1.892
1.500008202e12	0.78	9.558	4.688	2.706	-4.646	-8.949	1.958	-3.771	9.065
1.500008203e12	4.952	2.255	7.231	4.464	-8.159	-6.857	1.969	8.86	-9.685
1.500008204e12	9.443	-4.375	-4.185	3.888	3.938	6.246	-1.022	-3.436	-2.133
1.500008205e12	0.708	-8.588	-4.913	8.046	-0.3699	8.677	-7.279	-3.438	3.312
1.500008206e12	0.06226	-5.942	-2.211	-8.506	-4.634	8.398	-1.777	2.24	1.838
1.500008207e12	-0.8142	-7.051	3.29	-6.865	-1.776	-0.8984	-6.555	-0.9546	-7.432
1.500008208e12	-9.06	4.937	-7.542	-5.691	-3.745	6.544	-5.027	0.02441	-8.998
1.500008209e12	-5.299	-5.786	-9.164	2.92	8.013	8.68	-1.428	-5.709	-0.8667
1.50000821e12	-2.576	4.501	-5.97	4.02	1.434	3.654	-1.992	7.455	5.035
1.500008211e12	1.138	-1.128	-1.754	9.67	-4.403	2.446	-3.53	-0.02319	-5.446
1.500008212e12	0.2197	5.153	3.882	8.097	2.55	0.3857	-7.509	7.875	8.949
1.500008213e12	-8.284	-5.852	7.039	-3.435	-8.909	-2.615	4.148	-3.17	-5.2
1.500008214e12	7.601	-2.872	2.174	3.56	-2.084	-1.945	-7.593	-1.882	0.5103
1.500008215e12	-6.201	6.09	2.876	4.089	-4.514	7.299	-3.373	9.243	-6.068
1.500008216e12	-0.1892	7.501	2.289	1.998	9.105	9.028	2.046	-4.209	-5.055
1.500008217e12	-0.4102	-8.579	1.868	8.774	0.2673	-0.177	-3.613	-2.484	7.99
1.500008218e12	4.762	0.1672	-5.201	-7.139	6.462	-2.595	1.681	-3.68	-6.608
1.500008219e12	-6.583	0.3711	-4.786	-8.218	-7.245	-1.008	7.05	-4.299	8.354
1.50000822e12	-5.891	7.479	-4.415	0.4102	-8.171	1.532	2.439	4.858	0.7275
1.500008221e12	3.256	-5.156	2.351	-5.292	6.328	-7.738	4.1	-4.277	-0.6848
1.500008222e12	-5.736	5.425	-7.218	-3.673	7.2	-1.405	8.237	-0.9253	-6.387
1.500008223e12	5.02	1.052	-7.784	5.516	-3.835	8.391	4.656	-2.856	-2.974
1.500008224e12	-1.575	8.247	-9.349	7.426	5.424	1.484	-6.646	2.323	4.077
1.500008225e12	6.815	9.563	6.757	-5.942	4.031	5.023	-1.611	0.52	1.886
1.500008226e12	8.636	2.771	8.837	7.604	-5.916	-6.765	3.932	3.3	-2.158
1.500008227e12	8.591	-6.744	4.761	8.14	-3.022	0.5273	7.529	-4.624	3.5
1.500008228e12	8.794	-0.8289	-4.348	4.84	6.136	0.354	-5.9	7.068	8.005
1.500008229e12	3.809	-7.078	4.973	-7.716	-2.99	7.477	0.1465	-0.7654	2.505
1.50000823e12	-3.031	2.754	9.092	5.538	-1.781	5.161	-6.548	-5.596	-9.377
1.500008231e12	-2.697	1.647	2.252	-4.528	0.52	-4.545	-1.876	5.38	7.007
1.500008232e12	-6.432	3.971	-8.893	-9.791	-2.041	2.358	-2.439	1.658	8.051
1.500008233e12	9.41	4.019	-2.073	7.671	-4.564	9.32	-3.049	0.9119	-4.114
1.500008234e12	-6.768	-4.525	-3.689	9.487	-5.116	-1.324	2.375	-2.245	7.432
1.500008235e12	7.109	-7.275	-3.822	-2.568	0.5676	-5.985	-5.975	-0.4114	7.777
1.500008236e12	-7.777	-6.049	-8.875	-1.265	-8.01	-2.35	2.985	-2.386	-4.187
1.500008237e12	-0.2368	0.5908	2.201	-0.05859	-3.452	1.228	-5.311	8.683	-6.418
1.500008238e12	3.807	-5.71	5.824	2.844	-5.988	2.313	-0.625	8.621	-2.406
1.500008239e12	-0.2258	-3.374	5.005	0.7373	-2.134	-5.519	8.234	-2.812	-3.043
1.50000824e12	-2.307	-0.003662	8.076	-8.503	-8.693	-6.584	-3.699	7.299	-9.607
1.500008241e12	-5.009	0.47	9.053	-4.493	-5.431	8.447	-7.07	-2.025	5.244
1.500008242e12	-6.628	-5.765	5.074	6.278	4.999	7.462	-6.891	-7.758	-4.463
1.500008243e12	-2.013	-4.803	0.155	-7.283	8.715	2.144	-4.128	-0.006104	9.132
1.500008244e12	2.437	-1.533	3.894	4.644	3.885	6.676	-9.475	3.27	-4.349
1.500008245e12	-3.051	-7.903	-2.283	9.434	8.583	5.048	5.784	-9.065	3.533
1.500008246e12	8.203	6.758	-9.585	-9.067	1.038	7.617	7.477	5.985	-7.509
1.500008247e12	-3.252	3.243	6.221	7.825	2.915	9.567	2.974	-3.333	-1.228
1.500008248e12	7.407	-6.899	-7.437	7.415	-7.069	7.476	-8.156	-4.348	-2.068
1.500008249e12	-0.5676	-8.535	1.752	8.677	-3.627	8.181	2.859	-3.564	9.51
1.50000825e12	2.266	4.216	-3.938	3.87	5.215	3.782	-9.971	-4.916	-5.127
1.500008251e12	7.217	2.971	-8.879	-9.573	-9.714	-7.828	-4.059	-9.088	-3.342
1.500008252e12	5.84	7.72	1.671	-4.717	-0.5627	-2.75	-5.863	-9.231	-4.313
1.500008253e12	4.066	-8.345	1.876	4.332	-4.854	4.272	7.571	3.693	1.816
1.500008254e12	1.35	3.441	-9.908	-8.772	7.852	-7.653	2.007	-5.856	6.051
1.500008255e12	3.718	9.635	-9.089	7.805	1.436	-1.537	7.393	-2.737	-7.07
1.500008256e12	1.099	-4.127	-5.378	0.9253	-4.722	-7.441	-5.577	-7.886	-7.55
1.500008257e12	2.136	-6.437	0.2625	-7.426	3.917	2.483	1.582	-1.544	-3.898
1.500008258e12	6.252	5.022	-0.675	-4.987	-3.529	-4.849	-8.444	-0.8533	-2.921
1.500008259e12	-7.883	-3.606	7.6	-3.735	-1.768	6.136	-1.748	4.039	4.397
1.50000826e12	5.217	-5.781	-8.777	-5.095	1.956	0.2747	6.896	-4.642	7.391
1.500008261e12	-7.134	-1.851	4.376	-5.062	6.696	8.691	-6.992	-5.664	9.39
1.500008262e12	-0.3406	9.514	0.5786	5.057	9.838	-3.867	1.508	-6.436	0.21
1.500008263e12	-3.297	-0.5896	1.415	-6.68	-0.8337	8.397	2.432	-1.555	5.869
1.500008264e12	-6.738	4.763	-5.167	7.863	2.665	-1.239	9.655	7.498	6.792
1.500008265e12	-1.356	6.639	-7.036	4.711	-1.337	-7.668	9.182	8.549	-3.416
1.500008266e12	-6.118	-5.371	-7.517	2.004	4.846	6.678	8.116	0.8118	2.423
1.500008267e12	5.317	4.104	0.09888	8.07	-0.4456	-5.947	8.658	9.427	-0.8423
1.500008268e12	5.486	-8.929	-1.638	-3.309	3.995	0.3772	-9.182	-3.677	-2.047
1.500008269e12	-1.107	-3.28	-7.349	-9.552	-3.502	-7.843	3.649	-4.944	-1.328
1.50000827e12	2.828	6.71	3.228	-5.479	-8.596	-4.623	-9.022	-8.668	-3.944
1.500008271e12	-7.578	-3.547	0.5518	-0.5701	7.462	-2.6	-5.392	5.105	0.1794
1.500008272e12	-9.204	2.815	3.201	3.705	-5.275	8.253	7.23	0.3223	6.584
1.500008273e12	-1.108	2.797	0.09155	3.796	7.787	4.492	-3.818	7.814	-0.5945
1.500008274e12	-8.763	5.664	-5.35	-8.369	-8.171	3.568	9.668	0.8923	-6.091
1.500008275e12	7.175	-6.577	5.72	-6.831	-8.077	2.716	-3.914	4.281	0.7654
1.500008276e12	4.436	-2.697	7.357	-2.385	2.4	4.744	-9.29	-6.481	-8.904
1.500008277e12	-8.832	-0.1733	5.76	7.454	8.293	-8.004	7.858	-2.759	3.932
1.500008278e12	-5.868	-7.621	-6.211	0.9924	9.574	4.635	3.883	-9.247	2.867
1.500008279e12	-0.5322	-0.3918	3.575	2.759	-9.896	7.86	-6.895	-1.39	-9.011
1.50000828e12	-8.931	-7.189	0.4041	-6.94	6.495	0.7202	-2.262	-7.181	-5.757
1.500008281e12	4.784	1.89	6.055	-1.92	8.997	7.145	-4.707	0.7495	9.573
1.500008282e12	5.861	-8.08	1.353	7.057	-3.158	2.969	-0.1709	-1.956	5.792
1.500008283e12	2.734	-1.49	-5.216	-7.913	-5.134	-3.004	-1.736	2.795	-7.413
1.500008284e12	-9.235	5.5	-5.972	-7.406	-6.516	8.618	1.813	9.215	0.2771
1.500008285e12	5.658	-7.212	8.551	-6.653	-2.731	3.434	9.37	-6.233	-0.6482
1.500008286e12	-6.255	-2.715	2.567	-6.25	-2.576	4.601	-6.035	-7.914	-9.042
1.500008287e12	-3.7	9.055	-9.01	-6.271	-1.449	-0.6323	5.337	7.153	0.2515
1.500008288e12	7.236	5.914	-9.579	-2.352	-3.387	-7.131	-7.931	0.105	1.066
1.500008289e12	0.1147	2.832	-6.725	-9.111	-3.972	0.5286	-0.4993	6.135	7.545
1.50000829e12	-7.012	-8.678	-3.591	9.354	-2.402	-0.7495	7.019	7.526	-8.506
1.500008291e12	-1.833	1.453	-4.401	-9.712	-3.539	6.731	3.929	-0.5872	5.01
1.500008292e12	-4.481	-8.407	7.567	0.4614	-4.712	-4.98	-1.372	-2.756	4.
1.500008293e12	8.466	9.48	6.824	-5.283	7.775	5.99	9.933	2.953	-6.886
1.500008294e12	4.855	9.46	4.641	0.4297	7.854	-5.535	7.257	-2.971	-4.694
1.500008295e12	5.343	-5.906	-3.846	-6.934	1.023	9.747	4.668	-1.218	9.43
1.500008296e12	-6.744	-1.693	-1.866	-5.82	1.038	-0.4016	9.979	9.01	-5.226
1.500008297e12	-8.151	1.364	-1.343	6.935	4.98	-1.169	-6.558	-4.744	-9.352
1.500008298e12	8.86	3.951	-4.597	7.86	-9.658	-3.223	9.055	-4.778	-6.298
1.500008299e12	3.231	-3.995	-3.232	-4.242	-0.7214	-2.578	9.973	7.074	-6.108
1.5000083e12	3.618	4.086	-8.607	-5.511	3.287	5.449	1.188	5.613	-6.816
1.500008301e12	0.1025	5.891	-3.535	2.416	5.422	6.464	4.814	-2.844	0.09644
1.500008302e12	-3.032	2.286	0.7092	-7.878	-7.773	3.586	0.8313	0.9583	3.01
1.500008303e12	4.619	4.331	-5.326	6.913	-3.201	6.666	8.164	1.765	6.427
1.500008304e12	2.164	-8.774	4.498	-2.242	6.625	6.819	-9.113	1.138	1.683
1.500008305e12	-9.685	-5.372	1.506	8.698	-2.754	0.02563	9.554	-5.568	-4.298
1.500008306e12	-7.274	7.782	2.341	6.173	1.099	-1.506	-4.969	0.5566	6.16
1.500008307e12	-9.806	-5.918	-9.447	5.734	-7.48	-3.904	-2.354	4.05	7.452
1.500008308e12	-6.329	9.166	-3.174	-8.445	1.333	4.941	-1.367	2.435	-4.814
1.500008309e12	8.966	2.255	-4.797	2.87	0.0415	-8.182	6.411	9.236	-9.467
1.50000831e12	3.986	-8.634	5.608	9.44	6.436	9.769	7.59	9.445	6.133
1.500008311e12	-8.54	4.695	4.645	3.65	-4.679	-6.625	-2.863	-5.729	-0.9705
1.500008312e12	2.283	-6.261	4.972	-6.158	6.024	-9.	-5.43	5.481	-5.446
1.500008313e12	-4.27	-2.794	-8.112	4.757	-0.2161	1.398	3.55	1.116	-8.236
1.500008314e12	-1.185	-9.164	3.54	-8.364	-8.132	-1.946	-2.717	-7.838	-1.416
1.500008315e12	-6.39	4.844	-4.149	0.7104	2.406	-7.349	-4.491	-6.901	-5.37
1.500008316e12	5.669	4.373	5.321	4.623	4.548	-0.04517	4.768	-4.65	-1.167
1.500008317e12	3.925	7.062	6.082	3.206	-6.346	4.883	-1.837	-7.452	5.657
1.500008318e12	1.188	4.103	-3.618	-8.312	0.5164	-2.792	-4.999	-4.821	0.4456
1.500008319e12	3.904	1.587	5.826	-9.656	-0.3125	-6.111	-7.572	-1.11	-1.965
1.50000832e12	-8.514	9.293	0.8667	-8.087	0.1624	-2.584	-5.005	0.1953	-1.552
1.500008321e12	1.735	2.4	2.194	-5.	-0.008545	4.775	1.476	-0.2283	0.636
1.500008322e12	-0.4578	-7.548	7.515	-6.031	-6.874	0.4346	-7.625	-8.864	1.143
1.500008323e12	7.947	-0.6555	3.761	6.993	2.301	-1.901	-7.603	-5.537	9.973
1.500008324e12	0.8484	8.094	7.947	-0.2051	-3.605	7.203	2.592	8.401	-3.434
1.500008325e12	-4.105	6.11	-1.465	9.645	2.266	-7.228	5.145	9.385	5.938
1.500008326e12	-3.147	8.762	7.767	8.567	5.681	3.507	6.115	3.414	2.397
1.500008327e12	2.727	-4.166	-0.2441	1.819	-0.7324	-1.365	-4.385	3.503	-4.601
1.500008328e12	-6.129	0.7678	9.249	-3.613	-4.907	7.29	-8.735	-8.958	9.092
1.500008329e12	-5.405	-6.956	-5.422	4.821	0.2637	1.698	-1.166	7.946	-2.013
1.50000833e12	7.341	3.835	2.804	-8.209	-1.113	3.386	7.615	-4.397	0.4724
1.500008331e12	8.285	7.651	-3.06	-1.454	8.741	-5.446	5.812	9.058	9.229
1.500008332e12	1.888	-3.27	0.6445	-4.301	-9.747	9.619	-7.59	-1.438	-0.2454
1.500008333e12	-8.457	-3.162	-1.327	6.675	-6.176	8.784	8.824	4.292	-9.558
1.500008334e12	9.583	9.88	0.4968	-3.931	3.228	-6.675	-8.375	6.292	-9.99
1.500008335e12	-3.276	-1.542	-6.501	-1.354	-5.787	8.135	7.568	-9.312	-3.137
1.500008336e12	7.456	9.857	-5.826	-8.912	7.489	2.189	-6.509	-0.7007	-0.9583
1.500008337e12	-9.95	8.926	-7.687	9.525	-7.162	-3.779	6.255	-3.162	-6.396
1.500008338e12	5.997	9.966	-2.847	0.3381	7.971	-3.859	8.766	1.387	2.952
1.500008339e12	-8.967	0.3772	-4.929	-7.516	-9.644	5.873	9.707	9.546	3.208
1.50000834e12	-9.382	7.66	2.579	-8.855	3.229	-0.8899	-7.913	2.169	-8.873
1.500008341e12	-2.053	-1.232	2.66	-3.075	9.696	1.143	0.1013	-0.6372	0.06104
1.500008342e12	2.028	8.219	6.105	-0.4211	-6.962	5.111	-6.826	8.347	-0.4138
1.500008343e12	-2.186	-3.397	3.784	9.065	-1.881	3.641	5.096	-2.373	3.463
1.500008344e12	1.692	9.077	-2.999	6.918	3.059	-0.9412	3.822	-9.457	-9.218
1.500008345e12	-9.331	-3.959	5.42	-3.396	7.931	-2.614	7.943	9.385	5.068
1.500008346e12	-8.634	-9.727	6.567	7.473	6.622	-9.447	-8.484	-8.217	-4.396
1.500008347e12	3.223	-8.627	-3.336	-9.203	8.269	-1.858	-0.07935	7.849	-5.632
1.500008348e12	3.757	6.681	7.665	-7.657	9.235	-8.425	0.6274	4.141	4.683
1.500008349e12	-7.952	-5.658	-4.441	-7.357	-0.7092	-1.067	7.803	-4.736	-8.218
1.50000835e12	-4.985	-6.53	9.539	1.377	7.419	-4.519	-2.513	6.499	-2.583
1.500008351e12	9.296	7.628	-1.495	-3.32	-6.718	-4.431	-9.823	1.383	1.783
1.500008352e12	4.575	5.894	-8.286	-9.264	-1.654	3.267	5.355	9.584	3.853
1.500008353e12	1.906	8.287	5.997	7.968	2.224	-6.515	-3.926	7.583	-9.729
1.500008354e12	9.189	1.752	7.211	7.633	6.979	0.1892	-3.625	-6.666	5.742
1.500008355e12	-4.771	1.808	-1.682	-2.495	-7.913	-8.774	-1.893	9.049	-6.711
1.500008356e12	-7.412	-9.465	7.659	7.939	-6.735	3.685	6.151	9.819	-8.567
1.500008357e12	0.5237	-2.455	-8.754	4.005	9.969	1.255	-4.476	-8.879	6.492
1.500008358e12	2.85	-1.693	-3.38	-5.271	8.59	1.482	0.8411	9.279	-7.075
1.500008359e12	-1.633	-9.474	2.434	2.465	-1.075	4.292	-0.5432	-9.692	4.135
1.50000836e12	7.024	1.008	4.376	-6.111	1.056	-7.858	1.085	1.89	5.311
1.500008361e12	5.64	2.33	-3.7	-6.193	9.144	-4.91	4.287	7.993	6.084
1.500008362e12	6.276	8.419	1.405	5.66	-7.111	-2.222	5.656	-7.335	-1.951
1.500008363e12	8.822	-7.75	9.514	-3.646	4.772	-3.033	-0.8496	-2.283	8.937
1.500008364e12	-7.218	-9.406	-8.345	3.706	6.072	1.98	-0.8984	-6.891	3.986
1.500008365e12	6.25	2.147	-6.968	2.012	2.637	3.97	9.763	5.518	-2.233
1.500008366e12	-1.129	6.926	4.852	3.685	-8.219	1.897	-6.583	0.2673	-3.691
1.500008367e12	-3.621	9.788	-3.347	2.076	5.231	-6.985	-9.467	6.373	-7.548
1.500008368e12	5.699	1.046	-8.069	4.131	9.272	0.592	-4.91	-1.65	1.703
1.500008369e12	-5.527	-3.535	-8.978	-3.849	6.688	-4.189	3.605	5.842	-3.944
1.50000837e12	-1.49	-1.721	9.144	3.044	5.593	7.734	8.544	0.8765	0.09644
1.500008371e12	5.99	4.733	3.273	2.251	6.896	7.338	8.507	-1.548	-9.41
1.500008372e12	-3.676	-8.53	5.32	-5.906	-8.296	-2.388	-9.799	-0.2844	5.256
1.500008373e12	-0.426	0.5469	-6.522	-3.959	6.902	-2.971	-8.634	2.708	7.247
1.500008374e12	-8.284	3.428	2.667	-4.985	-8.083	-1.793	1.967	-8.662	9.22
1.500008375e12	5.948	-8.34	-2.705	-7.566	-9.276	-0.6262	-3.131	-6.284	8.416
1.500008376e12	3.741	0.5505	-4.561	1.191	2.025	-0.06714	2.417	-1.53	-6.92
1.500008377e12	7.115	9.479	-2.5	8.413	7.351	8.408	3.524	4.8	-8.728
1.500008378e12	-0.01831	5.839	-4.923	4.695	6.18	-8.558	-9.761	-5.863	1.561
1.500008379e12	-7.191	-6.829	1.578	-6.2	-0.05249	-9.204	-3.043	-5.775	9.666
1.50000838e12	7.302	7.81	-6.505	-8.988	-3.032	8.702	7.758	8.236	5.396
1.500008381e12	-2.43	-2.742	8.467	5.415	3.593	-6.897	6.683	-3.395	-7.307
1.500008382e12	0.2795	-2.397	-6.267	6.056	-0.1721	6.94	-4.655	-3.877	0.47
1.500008383e12	-2.098	7.206	-4.412	4.373	-8.877	4.187	-9.392	7.684	-5.566
1.500008384e12	6.509	9.44	-0.1904	-3.398	-6.163	-2.979	-4.386	3.701	3.75
1.500008385e12	-6.294	8.06	4.8	-4.937	-8.846	2.737	8.762	-0.5383	-8.221
1.500008386e12	-3.456	-7.329	7.283	-3.477	1.816	-1.439	2.065	5.288	-0.4443
1.500008387e12	1.428	-6.96	-8.621	8.45	-3.66	7.648	-4.596	0.9912	-5.931
1.500008388e12	8.947	3.049	-9.85	8.993	5.52	-9.485	-1.945	-0.9351	-1.588
1.500008389e12	8.647	-6.055	4.163	3.451	3.893	1.486	8.21	-9.681	-3.568
1.50000839e12	4.374	2.378	-2.499	-1.025	-6.934	5.837	7.876	-4.076	-9.854
1.500008391e12	-0.2136	-1.859	7.225	-2.607	1.537	5.292	8.167	-3.137	6.746
1.500008392e12	-5.504	-2.653	-2.281	5.63	8.561	3.636	8.599	-9.175	6.981
1.500008393e12	4.502	-5.396	3.5	-2.435	-0.7959	-7.302	-3.405	4.575	0.1282
1.500008394e12	8.176	-1.086	-5.168	1.549	-1.222	-4.912	1.931	-4.861	-9.33
1.500008395e12	-2.99	8.12	3.9	0.7349	-6.422	-5.73	-3.954	6.332	9.229
1.500008396e12	6.539	0.9143	-5.159	3.116	-1.863	-8.951	4.095	9.07	-2.134
1.500008397e12	-0.5835	-8.823	-2.891	6.647	-2.429	8.209	3.259	5.603	-2.502
1.500008398e12	4.955	3.005	8.574	-9.679	7.258	1.102	9.9	8.519	4.431
1.500008399e12	8.563	7.699	-7.689	-2.816	-0.2686	7.549	6.96	6.345	-5.974
1.5000084e12	-8.984	-0.8704	5.032	-7.748	-4.496	9.471	8.068	-4.286	7.02
1.500008401e12	4.795	7.615	-7.222	0.6311	-1.892	-0.6787	9.844	-1.312	-6.471
1.500008402e12	4.036	-8.4	0.697	-0.9729	-6.835	3.315	-0.8752	4.789	3.435
1.500008403e12	-1.98	-1.753	-5.128	6.128	7.401	6.099	2.57	2.048	5.988
1.500008404e12	-6.033	8.884	6.398	2.576	-3.425	-0.003662	-9.598	-7.069	-7.478
1.500008405e12	1.266	-6.267	-2.964	-2.38	-8.65	7.717	-2.733	-9.082	-3.68
1.500008406e12	-1.855	-8.771	-8.257	-8.539	-0.2112	-9.342	-4.362	3.517	4.72
1.500008407e12	6.578	2.408	2.285	-4.331	-6.233	8.176	-0.5981	-0.5652	7.061
1.500008408e12	4.794	7.26	-0.4126	-2.787	6.984	-9.572	7.502	-2.411	-5.074
1.500008409e12	-3.868	2.164	-6.345	4.855	9.124	-1.827	1.25	-5.32	7.834
1.50000841e12	-2.258	4.028	4.243	8.905	-1.688	8.579	-5.14	9.131	3.202
1.500008411e12	4.904	-7.552	0.6018	9.315	-6.855	-6.868	-4.897	8.186	0.78
1.500008412e12	-3.86	2.814	3.39	-6.312	-0.9473	7.594	1.851	4.309	4.087
1.500008413e12	-9.288	-2.008	-4.128	-1.235	-3.866	-0.03296	-9.054	-7.08	-9.594
1.500008414e12	4.398	-6.638	-2.129	5.254	-2.57	-9.882	7.062	2.653	5.228
1.500008415e12	7.683	-8.162	-5.088	-5.532	6.926	0.7471	-9.943	-9.937	3.373
1.500008416e12	-1.492	-4.109	-2.236	1.591	0.0647	-3.978	3.433	-7.559	-6.785
1.500008417e12	-4.999	-1.23	6.24	-5.88	-9.399	-4.683	-4.987	7.828	-2.029
1.500008418e12	-4.44	-7.693	-5.398	2.577	-2.843	8.483	-0.21	-6.589	8.489
1.500008419e12	5.153	3.823	8.857	1.172	-1.329	9.138	-9.749	-2.192	7.914
1.50000842e12	2.236	3.835	7.526	-3.583	9.537	4.449	-4.084	7.073	-7.557
1.500008421e12	-0.1697	-5.414	5.238	6.149	-3.182	-9.102	2.736	-2.371	5.608
1.500008422e12	-1.444	-5.824	1.039	3.569	-4.792	2.742	9.802	2.25	1.1
1.500008423e12	-7.285	-5.17	8.025	8.379	-0.9509	-5.708	-3.057	-1.45	4.729
1.500008424e12	-4.955	-8.923	5.828	-0.7739	-3.304	-8.505	4.536	5.104	-6.98
1.500008425e12	3.232	3.315	3.087	1.914	-4.075	7.937	-1.96	4.812	-3.63
1.500008426e12	0.8826	1.201	-2.119	2.732	4.371	6.683	-1.24	1.709	-8.192
1.500008427e12	-5.042	5.691	4.779	-9.498	-4.484	-7.823	9.373	-8.447	5.05
1.500008428e12	-7.914	6.7	-4.601	4.739	6.562	-7.076	-6.675	6.853	4.427
1.500008429e12	-4.985	-3.617	-6.422	-5.616	5.411	3.337	3.114	3.353	-0.6433
1.50000843e12	3.892	4.738	-2.975	-2.555	2.506	-5.911	-5.723	-4.126	8.009
1.500008431e12	2.806	-1.14	-1.077	-5.35	8.186	9.814	0.5261	-0.2051	-3.835
1.500008432e12	-4.54	4.268	4.264	4.796	0.4309	-7.484	2.814	-0.8618	-5.814
1.500008433e12	-2.794	-7.484	9.523	9.868	-7.513	-6.097	9.335	3.652	7.068
1.500008434e12	0.6812	-3.141	5.115	3.13	3.939	-4.679	-7.399	3.468	-2.228
1.500008435e12	3.419	1.104	-0.8325	-6.968	5.861	-9.18	-8.036	0.7556	3.324
1.500008436e12	-5.055	3.267	-8.809	0.8484	-2.281	-5.803	6.132	6.644	-4.066
1.500008437e12	-0.7971	-1.37	-3.951	0.2075	4.347	-2.74	-4.596	-0.4419	-3.96
1.500008438e12	9.843	8.793	-3.553	-2.891	-8.496	6.155	-6.008	0.02319	-7.811
1.500008439e12	-5.906	-0.8228	-2.036	3.334	4.575	2.412	2.706	-6.458	5.46
1.50000844e12	3.695	2.916	-5.514	-7.252	-7.068	5.394	1.41	-6.136	-5.24
1.500008441e12	7.67	-4.601	4.119	-0.47	3.422	1.382	1.543	-5.229	0.2319
1.500008442e12	-7.423	7.157	-7.04	-3.945	-3.502	-8.95	0.6458	-9.189	-1.941
1.500008443e12	-4.534	5.349	-3.429	2.976	-1.404	-7.592	1.42	3.564	8.901
1.500008444e12	7.146	-2.145	-6.641	-1.372	-2.706	2.815	-8.588	-7.024	-5.432
1.500008445e12	8.828	-8.647	-9.434	-2.601	-6.317	-5.391	1.394	-8.749	-3.132
1.500008446e12	-5.094	-8.296	5.864	-0.2087	2.706	-6.875	-2.1	-2.783	-5.421
1.500008447e12	-5.939	5.648	-7.538	4.731	2.548	0.708	-1.793	9.874	-9.218
1.500008448e12	0.321	3.002	1.768	-7.527	1.711	8.337	5.966	-7.738	2.616
1.500008449e12	8.03	-2.009	7.01	-3.4	4.862	-4.272	-4.906	-4.244	5.223
1.50000845e12	-1.511	1.512	5.095	9.148	-8.232	9.521	8.217	-9.607	-5.272
1.500008451e12	2.686	4.131	-1.097	-0.343	-7.769	-8.999	1.548	4.58	-3.898
1.500008452e12	-6.57	-5.864	-0.6677	2.177	-4.927	7.583	-8.801	-8.19	-5.127
1.500008453e12	-3.639	2.032	-4.553	5.258	7.745	3.975	6.318	5.002	-1.732
1.500008454e12	-5.186	-1.234	-3.662	-8.215	-0.4199	6.418	-0.9143	-3.759	-8.862
1.500008455e12	2.582	8.385	4.847	-5.839	7.427	-0.321	-9.458	2.659	-7.274
1.500008456e12	-7.002	9.429	9.69	-1.597	-0.7947	-2.369	3.579	-7.667	-0.1978
1.500008457e12	-7.263	-7.985	1.31	-0.3076	-6.892	-1.831	4.775	5.933	-7.028
1.500008458e12	8.872	-7.303	0.5225	-7.013	-7.144	0.0708	-8.859	-0.7361	4.25
1.500008459e12	-5.93	-1.51	-0.9363	-4.448	5.688	-6.256	-4.39	-3.037	6.794
1.50000846e12	-2.345	6.658	-7.191	3.865	2.424	6.261	5.125	-1.161	4.608
1.500008461e12	9.744	-4.277	5.84	-3.472	5.618	-3.179	-5.51	0.3613	-0.8203
1.500008462e12	-7.08	9.388	9.713	-9.064	-1.254	2.417	-3.109	-2.979	2.968
1.500008463e12	2.949	-9.774	4.161	-2.22	2.36	-7.162	-5.624	-7.985	-3.848
1.500008464e12	-1.18	4.501	7.668	6.404	-7.126	0.3943	-3.865	8.676	-8.417
1.500008465e12	1.669	-5.782	-1.552	0.9351	-2.122	-2.85	-9.105	-1.454	6.598
1.500008466e12	-8.314	0.3516	6.155	-9.098	-0.5945	-4.305	8.896	7.881	1.121
1.500008467e12	-1.213	7.31	-6.235	-6.095	-9.883	-3.687	-0.1624	1.168	9.578
1.500008468e12	8.834	-9.779	5.469	-0.9363	6.707	2.728	8.329	0.2844	3.379
1.500008469e12	-1.729	3.433	7.487	7.777	0.177	-6.55	5.646	-1.802	-0.6689
1.50000847e12	9.799	-4.083	3.773	4.11	9.879	7.635	-6.705	-7.041	0.9924
1.500008471e12	8.221	-4.596	-1.248	-9.396	-9.697	-6.725	5.834	-4.601	8.766
1.500008472e12	-2.733	1.418	-8.644	-2.52	-5.9	9.458	0.5103	0.7385	-7.983
1.500008473e12	3.876	3.145	-5.49	0.4333	1.312	-4.854	7.386	1.611	5.569
1.500008474e12	4.37	3.652	6.217	4.396	9.199	5.358	7.642	-9.144	-9.431
1.500008475e12	2.582	6.576	-6.178	3.64	2.288	1.705	6.389	5.114	-6.102
1.500008476e12	4.996	-5.969	-4.844	-5.908	2.885	-2.927	-4.154	-8.784	-5.686
1.500008477e12	4.059	4.059	0.8032	-5.035	-8.232	-0.7446	4.008	-6.224	-9.695
1.500008478e12	0.3345	-7.395	-9.513	1.019	1.989	5.637	-1.913	2.284	3.025
1.500008479e12	-8.529	2.006	0.5688	-6.965	-2.493	5.41	2.574	1.185	-9.075
1.50000848e12	9.248	6.045	0.5664	-5.072	-5.663	-6.919	-4.384	0.1013	0.6982
1.500008481e12	-5.709	-0.1221	7.261	-2.411	5.081	2.791	7.229	3.502	2.504
1.500008482e12	-6.951	-7.419	9.816	3.654	1.265	-6.268	-1.091	0.5725	-9.082
1.500008483e12	6.665	-3.289	2.983	-8.12	4.919	9.806	0.1758	3.264	9.053
1.500008484e12	-6.237	9.237	1.515	-0.4932	4.79	2.198	7.683	-8.616	4.784
1.500008485e12	-7.705	8.121	5.574	-2.784	-9.332	-0.6714	6.063	-9.408	-2.521
1.500008486e12	9.584	3.065	0.5969	0.4468	1.758	4.849	3.589	-7.017	-7.316
1.500008487e12	-7.206	3.254	1.471	-8.424	-3.127	-8.606	-3.834	-0.8411	-6.276
1.500008488e12	-3.907	-4.868	-7.52	5.66	7.745	-4.635	5.415	6.316	-6.292
1.500008489e12	-5.64	-0.02808	3.45	-4.678	-1.774	7.339	-9.457	-8.209	0.2698
1.50000849e12	-3.182	-6.698	7.294	-5.876	-2.095	9.536	5.039	2.013	-3.785
1.500008491e12	9.467	-9.717	4.94	0.5115	-9.017	-5.189	-5.544	-8.899	3.983
1.500008492e12	-8.474	1.646	3.418	8.157	3.973	5.347	0.9656	3.633	4.062
1.500008493e12	4.631	-8.794	-5.11	6.389	8.403	9.246	4.486	-3.116	0.7324
1.500008494e12	3.958	-4.457	7.423	-5.306	6.998	-4.985	-7.66	1.682	0.4797
1.500008495e12	8.873	5.117	-7.946	-2.003	-9.213	-4.307	1.096	-6.925	6.65
1.500008496e12	-1.846	-3.3	2.828	6.876	4.459	-3.115	5.865	4.272	-4.478
1.500008497e12	3.966	-5.04	1.838	-5.481	0.7361	-6.604	7.527	-3.586	5.454
1.500008498e12	-9.515	2.207	9.243	9.894	2.711	1.899	-7.889	1.415	-2.677
1.500008499e12	-7.177	-3.43	7.207	2.601	-3.601	7.773	-6.968	-2.3	5.891
1.5000085e12	7.693	1.952	8.254	5.815	3.918	3.	4.907	5.825	-2.396
1.500008501e12	9.252	1.312	2.04	-8.485	0.8093	-7.467	3.49	-7.928	-8.066
1.500008502e12	-2.643	8.392	4.532	-0.1965	-1.501	5.125	4.961	-7.438	-4.257
1.500008503e12	7.483	2.612	-7.908	-7.2	3.097	-7.29	-4.662	-4.889	3.696
1.500008504e12	3.27	-7.251	-1.377	7.49	-5.223	-2.805	3.351	-5.21	0.09644
1.500008505e12	-6.826	8.698	8.577	4.321	6.99	7.366	0.2673	8.519	-7.86
1.500008506e12	3.28	1.833	0.9387	1.527	9.176	8.08	0.26	9.384	-6.755
1.500008507e12	-0.9119	-3.717	-2.25	8.708	3.453	9.623	-9.922	3.976	1.362
1.500008508e12	-1.619	1.498	-1.094	5.505	4.865	-5.388	4.043	2.217	-6.008
1.500008509e12	5.376	5.767	-6.3	-3.868	-3.663	0.7727	8.938	-7.314	-2.308
1.50000851e12	1.466	0.1355	-9.554	-9.042	7.206	-9.034	2.446	0.7153	-6.274
1.500008511e12	8.213	-4.252	-6.826	-2.72	7.108	3.671	1.428	5.234	-5.769
1.500008512e12	4.513	-2.046	2.699	4.368	-7.303	-6.294	-1.467	0.9814	9.332
1.500008513e12	-4.683	1.499	-0.9619	3.418	-0.1416	-2.251	1.335	7.747	-9.766
1.500008514e12	-8.306	-5.398	4.089	3.199	6.555	-5.79	-2.	2.296	-8.574
1.500008515e12	-2.942	-6.931	7.904	-3.016	0.9668	-0.4431	-4.521	1.97	5.46
1.500008516e12	-5.862	9.551	2.015	9.408	5.288	-4.46	-4.388	8.282	9.186
1.500008517e12	-6.61	-4.493	4.731	6.079	1.012	-6.877	-5.339	4.698	3.407
1.500008518e12	6.669	5.912	4.821	-8.276	-0.741	-2.343	7.065	-7.642	9.187
1.500008519e12	6.194	-7.81	-1.609	8.418	-6.995	8.213	2.974	1.83	8.438
1.50000852e12	-3.153	6.453	-3.439	-3.542	1.873	4.574	9.381	9.022	5.613
1.500008521e12	-9.431	1.277	-2.761	9.952	2.577	-0.08423	6.056	-7.336	9.923
1.500008522e12	-6.342	8.099	1.666	8.853	-2.4	-8.146	-7.069	5.181	-8.24
1.500008523e12	5.361	-8.669	0.4138	7.775	8.617	5.186	2.4	4.116	1.389
1.500008524e12	-4.742	6.92	-7.013	1.929	1.346	-8.843	-3.021	5.332	-8.925
1.500008525e12	0.06592	-0.1929	7.548	2.81	5.651	0.7959	7.19	4.451	9.249
1.500008526e12	-4.2	9.661	7.504	8.085	3.997	3.336	3.66	-7.245	6.035
1.500008527e12	-0.06348	-7.101	-9.047	-1.841	-8.486	1.736	1.376	6.791	2.144
1.500008528e12	4.299	6.201	-3.512	7.142	3.412	8.763	2.859	-3.331	-5.787
1.500008529e12	2.826	-7.026	1.324	8.612	5.298	-2.731	0.8325	1.313	-2.406
1.50000853e12	-0.6799	0.5542	9.419	8.381	-5.007	-5.166	-7.844	1.665	0.7043
1.500008531e12	8.86	3.319	-2.896	8.988	9.902	-7.239	-4.597	-7.302	-5.143
1.500008532e12	-7.917	-1.862	-3.755	8.141	-9.952	5.598	9.395	2.66	6.361
1.500008533e12	1.429	5.063	-7.62	-4.941	3.953	-7.46	0.8667	-1.249	8.671
1.500008534e12	4.382	-8.391	-1.755	0.1611	1.322	-3.411	-1.361	7.963	2.271
1.500008535e12	-8.671	-9.764	1.5	-1.3	2.002	-7.368	1.628	4.497	-1.465
1.500008536e12	-9.969	-0.08789	-5.526	1.671	1.666	9.565	8.228	7.156	0.8142
1.500008537e12	-6.479	-2.943	-1.895	-3.73	-4.799	-2.596	4.99	-1.416	1.193
1.500008538e12	9.403	8.229	3.95	7.975	5.222	5.518	4.612	6.438	5.188
1.500008539e12	-6.106	-9.65	0.9778	-0.1453	-1.583	-5.281	0.01221	0.004883	9.591
1.50000854e12	-4.254	4.601	-8.555	3.54	-4.436	6.683	-1.832	6.007	-2.273
1.500008541e12	-6.338	7.999	-0.5176	7.6	-6.646	-9.493	-6.407	7.166	-8.965
1.500008542e12	0.6458	2.103	-5.131	8.058	-2.812	7.076	-0.7141	-1.84	-5.906
1.500008543e12	-4.731	-0.2039	6.332	0.1465	-7.17	-3.475	3.135	1.51	5.084
1.500008544e12	-6.022	-5.464	5.227	-7.235	-6.155	-7.642	-8.401	4.41	-2.723
1.500008545e12	1.182	6.215	-8.987	0.3699	7.784	2.087	-1.982	2.513	-5.743
1.500008546e12	-1.519	-5.986	6.229	7.09	-3.966	3.533	6.093	5.042	8.792
1.500008547e12	-5.565	-2.593	-2.208	2.616	-8.779	-5.443	-0.03662	0.9851	-4.67
1.500008548e12	7.374	8.973	-3.074	-9.192	-3.354	-6.951	-9.18	-6.616	-1.392
1.500008549e12	-6.073	7.673	9.956	4.661	4.927	-0.1489	-3.915	8.197	9.413
1.50000855e12	-5.841	-9.443	-8.884	1.675	6.453	-3.425	-6.018	1.481	-1.273
1.500008551e12	9.27	-6.144	-8.199	6.711	-1.498	4.741	-9.136	-0.3308	3.605
1.500008552e12	-6.316	7.932	9.921	5.344	6.112	8.308	8.976	-8.402	3.549
1.500008553e12	-4.948	-8.585	-7.609	-5.845	-8.386	-1.472	8.174	8.474	8.768
1.500008554e12	-1.416	5.906	-1.653	8.185	3.097	-3.516	-6.288	7.289	-7.272
1.500008555e12	-8.036	-5.69	-4.877	1.176	-2.094	-2.279	0.08545	-1.613	3.945
1.500008556e12	6.578	-7.92	-8.601	1.459	-0.6055	-5.56	0.09033	9.728	3.665
1.500008557e12	0.4553	7.328	-5.146	-2.933	-9.825	-1.26	5.989	3.843	-1.434
1.500008558e12	-2.874	-7.157	-9.434	3.805	0.04761	-9.778	7.717	8.518	-5.013
1.500008559e12	-7.385	9.458	3.76	-9.952	-5.828	3.031	6.151	4.968	-9.63
1.50000856e12	-2.731	-5.243	-3.754	-6.215	2.454	-7.134	-2.716	-3.158	-0.4211
1.500008561e12	6.702	2.107	9.282	7.808	-7.003	-4.852	1.287	-7.762	2.092
1.500008562e12	-4.381	-2.634	-6.655	1.763	4.453	-6.134	-3.317	-4.004	8.843
1.500008563e12	-3.549	-3.901	3.536	-9.502	-9.395	-2.997	-9.351	-1.737	4.316
1.500008564e12	-7.659	-1.03	5.221	5.492	5.992	-3.743	-7.224	-9.766	9.258
1.500008565e12	2.156	-7.153	6.998	0.09155	-5.551	-3.837	-0.5261	3.24	-6.31
1.500008566e12	-3.757	2.166	-7.565	-8.18	7.793	-6.189	7.152	-6.366	7.102
1.500008567e12	-7.137	-8.822	-6.78	-7.377	-4.985	-7.776	0.6702	5.818	2.324
1.500008568e12	0.6262	-6.445	9.598	-1.55	5.106	-2.142	-2.802	-3.014	-2.08
1.500008569e12	-2.665	4.681	2.169	-4.89	0.09521	0.9131	4.093	0.8215	2.532
1.50000857e12	-3.335	-8.774	6.764	-7.563	4.767	-2.122	4.307	-8.933	-1.349
1.500008571e12	-6.35	-4.995	-1.136	5.996	-6.807	4.808	-4.976	-7.029	-5.8
1.500008572e12	2.294	-2.799	6.833	-1.199	3.132	-0.5347	6.227	0.8594	8.792
1.500008573e12	-5.435	-3.26	1.296	-3.529	-0.2649	9.421	-1.509	-3.214	3.369
1.500008574e12	7.952	2.235	6.437	9.429	-5.765	4.891	-3.839	0.3101	-5.963
1.500008575e12	-3.589	8.561	3.505	2.948	4.415	-5.463	8.605	6.52	-6.68
1.500008576e12	0.03418	-7.925	-3.473	-4.89	6.219	-1.984	1.299	5.228	-6.885
1.500008577e12	-7.817	9.847	-0.7629	9.675	9.773	-9.707	-0.02686	4.41	-5.817
1.500008578e12	-9.404	-2.644	6.506	3.607	3.567	1.37	-4.789	6.799	-3.074
1.500008579e12	8.993	3.368	8.416	-0.4346	-5.992	-4.152	-8.636	-0.4456	3.174
1.50000858e12	-7.572	8.718	5.048	1.992	-3.831	6.965	3.345	4.799	-7.715
1.500008581e12	-5.616	-3.025	9.72	0.8374	1.337	7.401	-4.486	-8.939	3.518
1.500008582e12	6.862	-0.3174	-7.588	-3.248	7.269	-7.467	-7.091	0.03906	-2.108
1.500008583e12	-3.777	-6.655	-2.325	-2.99	-1.575	0.2612	-3.307	3.499	-1.792
1.500008584e12	6.985	-2.753	4.274	2.017	8.799	-3.229	-4.802	2.991	-7.064
1.500008585e12	-3.046	-8.549	-6.621	2.832	-3.695	4.523	3.574	-6.135	4.386
1.500008586e12	9.684	-3.704	-2.98	-1.138	0.4651	5.042	-1.506	-1.92	-1.622
1.500008587e12	-8.064	7.128	0.7593	1.724	7.09	-0.8496	1.852	6.738	2.162
1.500008588e12	4.37	7.842	1.157	6.958	9.741	5.013	2.026	-1.652	9.43
1.500008589e12	-2.654	-1.483	-1.787	-6.536	3.621	4.055	-8.773	7.058	-9.21
1.50000859e12	9.347	-7.963	4.197	2.325	3.136	5.862	3.302	-6.523	-1.649
1.500008591e12	-3.118	-2.526	3.718	-6.584	-7.938	5.601	1.982	-9.805	-4.574
1.500008592e12	-8.859	-1.544	-9.249	4.182	9.391	1.118	1.21	-6.761	6.454
1.500008593e12	-4.919	-9.449	0.006104	-6.139	4.568	-2.77	1.692	9.67	-0.6628
1.500008594e12	1.66	-8.566	-2.875	3.417	-1.909	7.537	-6.608	6.852	9.492
1.500008595e12	-1.595	-5.575	-3.887	8.433	-9.594	-4.916	-8.44	-4.496	3.844
1.500008596e12	6.945	-7.6	1.754	-9.918	-3.849	-3.517	8.779	2.953	-5.857
1.500008597e12	8.861	-9.426	2.87	3.86	2.858	4.181	4.086	6.683	5.037
1.500008598e12	-3.429	-9.017	5.812	-2.307	2.09	-4.698	-9.597	-0.6641	4.777
1.500008599e12	-0.007324	-4.573	-3.357	-5.328	-3.138	7.719	-3.989	-0.6812	9.392
1.5000086e12	7.244	4.083	7.22	-2.419	4.075	6.796	5.621	-2.156	-6.906
1.500008601e12	-4.604	6.193	9.84	-5.82	-5.588	-5.458	7.161	2.712	8.585
1.500008602e12	-9.919	9.303	-5.022	-9.983	-4.921	-9.53	-5.391	3.149	7.23
1.500008603e12	-1.857	1.519	-9.116	-2.684	1.088	-2.146	-9.152	-8.336	-7.793
1.500008604e12	7.584	7.627	-9.733	9.658	-2.96	7.316	1.836	-7.635	2.783
1.500008605e12	0.8923	-4.672	-4.58	1.954	2.748	1.296	7.021	-1.73	3.805
1.500008606e12	-3.959	-0.8411	5.056	6.005	7.584	-5.881	3.604	-5.956	-5.994
1.500008607e12	-3.021	6.3	-7.532	7.739	-0.8826	6.294	-7.504	7.231	-9.968
1.500008608e12	4.818	-3.409	5.569	9.072	-3.862	0.7068	-5.507	6.132	0.8704
1.500008609e12	2.577	7.209	-3.582	-9.836	2.936	-6.819	-9.716	-3.146	1.06
1.50000861e12	4.473	-3.575	1.552	-0.1038	8.966	-1.337	2.953	7.437	9.519
1.500008611e12	3.998	4.475	-5.4	-8.575	8.307	-9.752	-8.568	-1.229	-0.2502
1.500008612e12	-9.679	6.714	6.15	-1.13	8.527	-4.426	2.822	-8.348	3.966
1.500008613e12	-5.925	8.738	-7.318	-1.844	3.447	-1.947	-9.497	-0.8618	6.57
1.500008614e12	3.866	6.256	5.333	-4.403	1.259	-6.433	-4.323	-9.017	-1.404
1.500008615e12	-0.08789	-3.85	8.793	-7.134	-6.333	-3.077	-3.317	0.8057	-4.855
1.500008616e12	-9.905	-1.145	-8.821	-0.7898	0.8789	-0.1807	9.308	-9.923	7.869
1.500008617e12	7.162	-8.405	2.566	1.735	5.524	-4.973	-4.385	3.525	-4.98
1.500008618e12	3.549	-5.844	-0.9265	9.855	-2.423	-4.512	7.477	2.794	8.676
1.500008619e12	-9.275	6.315	4.191	0.6848	-6.812	-9.438	2.505	-5.532	4.771
1.50000862e12	8.698	9.037	-4.309	-7.66	-3.558	-8.176	9.67	-4.55	-9.095
1.500008621e12	-6.322	2.128	6.489	1.069	3.878	-8.66	-6.036	8.287	-0.7812
1.500008622e12	3.977	-9.167	5.229	-9.604	0.1782	8.01	-5.748	4.963	-0.7581
1.500008623e12	-1.422	-5.073	9.794	4.777	0.3918	-4.396	2.661	-9.484	6.453
1.500008624e12	-9.175	-8.458	9.399	2.527	-4.111	-3.472	8.23	-7.82	4.513
1.500008625e12	-8.699	-5.618	6.841	4.393	-1.869	-6.968	7.709	5.482	5.079
1.500008626e12	-2.279	9.199	2.377	-4.476	-0.1965	-5.447	6.575	5.671	-6.925
1.500008627e12	-5.82	-4.784	2.609	-3.059	6.932	1.675	3.712	4.561	-0.002441
1.500008628e12	9.989	3.105	-7.129	-0.8386	-1.951	-1.523	-9.865	-8.811	2.29
1.500008629e12	-8.878	0.7996	-4.854	-7.946	9.263	8.719	6.595	3.49	-5.135
1.50000863e12	-0.9082	2.92	3.146	0.7422	-7.769	7.681	-6.378	-8.141	-7.947
1.500008631e12	-4.647	6.091	-9.907	3.654	8.125	0.2795	-3.949	7.739	0.9802
1.500008632e12	8.654	-3.566	0.8911	0.2344	-5.444	-7.838	8.414	-8.235	3.228
1.500008633e12	-5.28	-2.183	-7.382	-6.284	-7.854	4.686	7.456	-8.667	4.285
1.500008634e12	-7.292	-0.8179	8.038	-4.508	3.225	-4.25	-6.616	-4.095	5.118
1.500008635e12	-8.318	0.7605	4.777	-9.816	1.342	-3.342	7.266	2.114	-1.057
1.500008636e12	-5.682	-0.376	-4.287	2.09	-4.863	-9.442	7.261	-5.267	5.182
1.500008637e12	7.761	0.8887	-8.9	-3.245	1.307	-3.103	-9.937	0.7874	-2.925
1.500008638e12	-4.023	-7.12	-5.785	1.553	-3.973	-2.676	-2.539	-4.912	2.815
1.500008639e12	-7.557	-1.243	6.345	7.129	4.872	-7.229	9.253	-4.13	3.235
1.50000864e12	2.601	1.183	5.852	0.188	6.025	6.19	1.152	-2.144	-7.255
1.500008641e12	-2.59	8.058	6.384	4.196	0.8447	6.32	-4.343	-1.914	5.649
1.500008642e12	-8.827	3.198	4.766	-0.2832	-4.072	-0.1086	3.38	8.604	-1.191
1.500008643e12	-7.1	-8.987	8.354	2.437	9.76	2.817	-5.394	-2.181	1.392
1.500008644e12	-7.579	8.383	1.293	5.802	-5.973	-7.607	-2.103	-3.883	-4.465
1.500008645e12	-4.622	-1.302	-1.814	4.047	8.12	9.79	-2.24	-7.155	7.529
1.500008646e12	-2.356	6.366	2.499	8.871	-0.0769	2.771	-1.691	-1.487	-4.689
1.500008647e12	-1.331	-9.215	-5.848	-3.037	9.803	-2.378	5.897	6.384	3.595
1.500008648e12	-5.144	6.469	7.028	-6.407	8.73	7.104	-3.875	1.21	0.3601
1.500008649e12	-5.353	-1.473	-1.842	-8.496	3.893	6.737	-1.038	5.701	9.692
1.50000865e12	-7.62	-9.998	5.088	0.1123	-4.16	1.949	0.9937	-5.95	-0.4517
1.500008651e12	2.465	-8.976	-4.917	5.922	7.319	-1.461	-8.152	1.852	-8.231
1.500008652e12	-3.218	-6.128	-9.449	-4.792	-2.98	-1.343	-1.873	1.238	7.922
1.500008653e12	9.893	-6.924	1.58	0.3918	-6.469	5.262	5.332	8.978	-7.341
1.500008654e12	-5.669	4.543	8.844	6.416	9.675	1.978	-2.156	4.519	-4.541
1.500008655e12	-9.923	-3.484	-9.192	4.662	-1.099	6.852	0.8606	9.761	-3.741
1.500008656e12	6.094	-2.716	4.126	3.757	-8.302	-4.528	-9.784	0.2686	-2.098
1.500008657e12	5.745	1.932	-8.792	-9.647	2.416	7.96	-4.971	-5.063	1.6
1.500008658e12	-2.263	8.324	-2.609	6.864	1.588	-5.856	-7.877	9.429	-5.309
1.500008659e12	6.705	-6.954	7.861	-6.504	2.312	7.363	6.509	8.335	-2.307
1.50000866e12	0.8301	4.989	-3.799	9.965	5.988	-8.358	-9.098	-5.819	-7.313
1.500008661e12	-5.083	-0.835	2.944	3.176	-8.589	-6.384	4.471	-5.063	-5.031
1.500008662e12	-6.196	-7.249	7.212	-6.106	-1.156	-1.613	-4.694	9.148	0.2832
1.500008663e12	9.523	6.147	3.337	-1.237	-1.562	-3.265	7.887	2.04	6.99
1.500008664e12	2.31	-4.363	-3.843	0.553	-1.361	-0.2783	5.103	-6.393	7.827
1.500008665e12	-8.861	9.166	-1.095	0.9265	9.941	5.45	-0.2173	-2.88	0.188
1.500008666e12	-8.081	9.532	-0.9998	9.474	-8.041	9.142	-4.001	4.126	-4.921
1.500008667e12	6.733	2.229	6.37	-9.369	5.607	9.956	9.969	-0.09766	5.245
1.500008668e12	-7.869	6.204	8.066	4.366	3.04	7.54	4.573	2.035	7.501
1.500008669e12	2.701	-3.163	-6.7	-5.679	5.646	2.617	-5.984	-2.888	-6.611
1.50000867e12	-6.218	6.88	-9.718	-3.422	8.511	8.118	7.002	-2.98	5.416
1.500008671e12	2.24	8.513	-6.562	5.378	6.272	4.957	-6.302	-4.709	-2.632
1.500008672e12	3.319	5.634	-0.5286	-5.814	-9.794	-2.258	4.548	-2.755	-4.624
1.500008673e12	-2.684	-6.937	-4.17	4.332	-1.641	-7.817	4.039	-5.127	-9.056
1.500008674e12	2.373	6.841	0.4932	1.228	0.9814	-9.473	9.868	-0.5847	-0.7898
1.500008675e12	-9.031	-1.097	6.23	0.5884	-5.26	-8.962	-4.91	2.963	2.781
1.500008676e12	4.453	2.534	-7.211	-0.9753	-3.547	7.87	2.129	2.886	5.562
1.500008677e12	-4.29	-0.3735	5.54	-4.325	5.729	1.091	5.631	-2.109	-5.421
1.500008678e12	0.03296	-9.54	3.24	2.865	-6.246	7.085	-5.549	-7.885	-8.934
1.500008679e12	6.274	-1.393	-9.64	3.127	-4.164	5.513	-8.866	5.927	-6.108
1.50000868e12	-7.777	-3.479	7.491	-2.794	-7.316	-3.832	7.651	8.937	-2.825
1.500008681e12	7.965	-3.162	-5.804	1.758	8.311	9.548	1.6	-0.1697	6.603
1.500008682e12	-2.178	1.862	-2.498	3.945	6.708	-0.02075	7.374	9.133	-2.96
1.500008683e12	6.592	7.355	3.03	-6.331	3.433	-5.363	-7.266	-9.675	-6.464
1.500008684e12	-9.718	-9.342	-9.067	1.147	-2.29	-5.972	2.826	6.466	-6.063
1.500008685e12	-8.367	-4.585	-5.161	3.148	4.554	2.585	2.614	-8.502	-7.898
1.500008686e12	-6.984	-4.498	2.408	-6.124	-9.249	9.645	-1.201	5.408	-8.467
1.500008687e12	-6.716	6.931	2.478	-4.727	-2.285	2.371	8.11	-7.334	-6.025
1.500008688e12	9.489	6.719	-2.502	1.873	-6.862	-8.499	-5.68	-7.38	6.597
1.500008689e12	5.978	1.462	-9.626	0.6799	-8.655	4.199	9.401	-7.521	-8.541
1.50000869e12	-1.322	1.841	-7.113	6.792	2.687	-5.599	8.563	2.812	4.305
1.500008691e12	-2.815	7.423	5.588	4.159	-7.499	7.438	2.311	4.761	-1.893
1.500008692e12	5.037	3.047	-7.941	-0.9729	8.931	3.088	-4.381	5.062	-9.164
1.500008693e12	6.635	-6.74	9.315	6.169	-6.066	-8.602	3.358	-9.54	8.834
1.500008694e12	-1.704	-9.409	6.421	1.082	-1.073	1.111	3.068	-0.0415	-4.557
1.500008695e12	-7.631	1.176	5.851	2.25	-1.289	-3.702	4.94	-3.358	-7.35
1.500008696e12	-5.619	8.214	0.9631	-4.178	6.237	-3.28	-9.764	2.638	4.681
1.500008697e12	6.47	-0.9961	8.331	4.02	3.024	3.083	6.128	-6.334	-4.009
1.500008698e12	0.7629	-9.768	4.058	-2.41	-1.863	8.601	1.216	8.265	-7.29
1.500008699e12	9.236	-4.386	-2.366	6.765	-9.653	7.295	4.829	-0.5457	3.195
1.5000087e12	9.918	9.325	-0.708	-2.57	-3.407	-9.913	7.128	2.563	-6.088
1.500008701e12	-0.8228	7.189	4.766	6.514	9.564	4.786	-2.439	3.74	-7.406
1.500008702e12	-8.212	1.49	8.721	4.93	5.782	-2.826	6.127	-8.147	-0.4871
1.500008703e12	-7.064	-1.985	-4.113	7.382	2.321	-4.724	1.537	-8.967	2.345
1.500008704e12	-5.123	4.142	7.64	-4.7	4.917	-3.896	7.023	-8.527	-3.586
1.500008705e12	-2.952	7.128	9.796	-8.749	-1.697	6.531	-7.864	-7.994	-5.588
1.500008706e12	3.273	9.862	5.387	8.182	6.637	0.9412	-3.022	2.743	5.946
1.500008707e12	-6.562	-9.719	-7.69	-8.328	-0.592	-0.2722	1.177	0.6287	4.781
1.500008708e12	7.727	-4.445	-2.67	6.248	-4.138	-9.216	-7.935	4.548	-4.529
1.500008709e12	-6.752	-2.587	4.827	-7.128	9.369	-5.707	-0.73	-1.089	-9.741
1.50000871e12	-4.497	7.756	-3.983	5.188	-6.965	-6.572	-2.683	-8.418	1.593
1.500008711e12	-4.755	-7.845	-8.661	-8.39	3.619	5.059	-7.86	-6.226	5.317
1.500008712e12	6.72	0.9509	2.992	-7.512	-8.129	-1.72	1.35	8.092	-1.654
1.500008713e12	4.493	8.754	-2.57	7.388	-1.625	-3.182	-6.71	-9.982	1.182
1.500008714e12	3.699	-3.735	-6.368	-2.931	-9.138	3.192	-1.959	-5.729	6.104
1.500008715e12	5.57	-6.771	9.384	9.169	8.334	-8.011	6.028	-8.457	-6.581
1.500008716e12	1.1	-5.668	-5.69	-5.82	-3.199	5.543	9.133	-4.702	4.54
1.500008717e12	-4.06	-1.792	-6.4	-8.524	-5.306	5.436	-8.943	-4.153	-4.537
1.500008718e12	-9.868	8.917	3.39	7.651	0.7043	-7.238	-3.972	-3.191	9.506
1.500008719e12	8.879	0.9595	-8.329	-3.96	-6.863	8.572	-8.584	-9.362	-0.6934
1.50000872e12	-1.941	-7.982	-9.564	4.447	-8.668	9.689	-6.925	3.862	-8.506
1.500008721e12	-1.736	-4.309	-5.435	-8.405	-7.042	-3.516	-6.365	-1.115	6.774
1.500008722e12	3.414	5.244	9.052	-3.109	7.527	5.674	-4.722	2.209	-4.474
1.500008723e12	8.181	-0.5701	9.683	1.731	6.162	-4.851	7.338	-7.07	-5.844
1.500008724e12	9.365	7.976	0.06226	-5.168	9.318	-0.9424	4.589	0.2795	9.167
1.500008725e12	8.708	-4.432	-3.157	-1.079	1.449	2.277	-2.217	6.301	-8.613
1.500008726e12	-0.553	3.695	3.667	-2.637	1.72	-5.929	-7.576	7.935	2.584
1.500008727e12	-1.08	-5.326	5.375	0.4822	1.526	-2.717	3.696	9.115	-1.021
1.500008728e12	-4.877	4.712	-0.5042	-7.465	1.526	0.3687	7.549	-0.791	-5.426
1.500008729e12	4.718	7.988	6.481	7.711	9.452	-8.608	-9.613	-2.814	-1.283
1.50000873e12	9.962	-9.169	1.017	1.389	8.641	-0.498	2.543	-9.122	-5.011
1.500008731e12	1.932	-0.8704	6.848	-5.049	-8.085	7.66	-8.715	9.011	1.224
1.500008732e12	0.415	-2.572	0.8459	6.488	-9.669	5.656	6.112	-3.65	5.315
1.500008733e12	3.521	-4.934	3.966	1.952	4.473	2.642	1.887	-4.609	0.7019
1.500008734e12	1.185	5.262	-3.022	2.4	1.345	-2.783	-1.378	-0.238	-8.563
1.500008735e12	4.706	-0.8618	1.124	1.742	0.6421	1.576	-9.781	0.2136	-4.762
1.500008736e12	-4.209	-1.964	-2.448	2.468	-9.581	-9.478	-7.992	3.783	1.484
1.500008737e12	-0.553	-9.778	9.186	-7.689	-6.521	-7.643	-6.428	-4.747	-3.916
1.500008738e12	-5.066	-3.694	9.641	-5.417	2.933	5.175	-2.386	-2.657	9.788
1.500008739e12	0.1526	7.837	-2.533	-6.201	9.203	-4.481	0.8789	-0.6165	2.729
1.50000874e12	-4.318	4.203	6.095	3.719	4.85	-1.876	-2.561	2.433	-7.554
1.500008741e12	-9.15	-4.329	1.243	6.239	-8.113	-0.3162	-1.826	-2.241	5.164
1.500008742e12	-9.565	-4.333	-5.844	-5.901	3.694	-9.42	-3.519	8.967	8.143
1.500008743e12	-9.745	-6.681	-1.072	-1.959	0.614	6.914	2.538	7.976	-1.401
1.500008744e12	2.583	5.964	2.742	-3.613	8.44	-3.159	-4.442	-0.2698	5.504
1.500008745e12	-2.539	1.595	-2.343	8.909	5.018	6.396	-3.513	1.027	2.329
1.500008746e12	-8.86	-0.564	-0.2466	-3.407	8.492	-4.519	-1.619	-4.513	6.204
1.500008747e12	-8.317	3.534	-9.634	2.933	-9.863	-3.535	0.4944	1.799	-2.814
1.500008748e12	-4.861	7.504	-2.46	6.61	-7.771	0.8728	8.773	-5.758	4.927
1.500008749e12	-9.659	7.548	4.323	9.084	-7.338	0.08789	-7.656	4.142	-6.921
1.50000875e12	3.483	-6.935	-7.323	9.058	0.05493	3.453	6.456	-0.5872	3.354
1.500008751e12	-3.138	-9.744	-6.18	-4.474	7.441	-1.18	-8.947	-3.964	9.12
1.500008752e12	7.302	-3.958	4.636	7.385	-0.4089	-1.455	3.849	1.628	6.587
1.500008753e12	2.642	-6.531	-2.064	4.379	-7.69	4.336	6.228	2.509	-0.04395
1.500008754e12	-8.795	-7.185	-1.407	-5.278	-8.593	-9.788	-7.972	8.304	-2.316
1.500008755e12	9.305	-5.712	-7.866	0.08301	-6.062	-2.998	1.705	3.745	-2.626
1.500008756e12	-8.385	-8.632	-7.588	4.019	-5.581	-3.428	7.977	5.095	1.324
1.500008757e12	-7.832	-4.391	-8.665	9.867	4.425	5.798	7.039	7.688	-4.962
1.500008758e12	-4.529	1.438	7.014	-9.982	-2.479	3.499	9.326	-5.229	8.982
1.500008759e12	-0.5603	1.899	-9.064	3.649	-4.68	8.259	-7.572	9.523	1.852
1.50000876e12	-9.845	-4.227	8.126	-9.404	-3.997	-7.179	0.4382	9.153	2.155
1.500008761e12	8.794	6.482	9.138	-8.462	-0.6128	3.286	-7.904	-5.344	3.892
1.500008762e12	3.461	-4.926	2.101	5.936	9.698	-0.8557	6.077	-4.891	-5.52
1.500008763e12	-2.186	-7.059	-0.7788	-8.483	-4.347	-0.99	9.683	-2.158	5.736
1.500008764e12	-7.064	-5.088	7.992	8.567	-3.799	7.584	-1.384	-8.18	-8.463
1.500008765e12	-5.073	1.586	-8.865	9.694	0.365	-9.716	-7.007	-2.368	-8.121
1.500008766e12	-2.961	-8.579	8.218	-7.462	6.708	-4.155	-5.549	-4.211	-7.86
1.500008767e12	4.397	-3.712	-2.5	-1.217	-9.358	-4.318	-9.093	-9.342	-8.677
1.500008768e12	0.3674	-4.53	-7.46	4.388	-1.759	5.765	0.7764	1.42	0.2942
1.500008769e12	-4.258	-9.034	-2.509	-5.856	9.062	3.317	-3.182	-5.378	-2.614
1.50000877e12	-4.506	-4.866	3.859	0.4346	-8.723	7.734	-7.819	-2.734	1.385
1.500008771e12	2.148	-3.943	8.607	2.662	-4.962	8.173	-0.3625	-6.986	8.184
1.500008772e12	5.527	-8.656	8.896	-7.804	-9.253	4.44	5.895	1.022	1.113
1.500008773e12	5.303	9.133	-5.	-8.549	3.949	-5.513	8.645	-1.198	4.091
1.500008774e12	2.782	7.98	-0.1306	9.249	-1.323	-7.545	8.931	-2.539	8.542
1.500008775e12	-4.771	4.475	-1.201	-9.507	-1.952	-4.121	-6.562	1.122	5.99
1.500008776e12	3.643	-3.047	1.588	-5.767	-5.54	-2.737	9.014	3.597	-1.592
1.500008777e12	-5.87	0.3198	-5.486	3.945	3.159	-8.202	-0.8936	-3.354	-3.354
1.500008778e12	1.512	5.071	-1.027	0.5176	7.843	-6.989	5.062	-2.614	-3.402
1.500008779e12	-4.203	-6.351	7.838	-1.947	6.276	-5.138	2.235	-3.087	5.048
1.50000878e12	5.615	-6.561	9.535	5.045	9.869	8.33	7.965	-0.05737	7.236
1.500008781e12	-1.729	5.571	0.6458	-8.553	-2.401	-9.487	-1.58	7.336	0.73
1.500008782e12	-0.4639	-5.326	-0.5444	4.59	0.4871	-4.806	-9.647	-9.991	6.177
1.500008783e12	-0.1599	3.95	-7.67	6.53	1.567	-9.762	-4.214	8.253	-0.8142
1.500008784e12	-2.987	3.326	-8.518	-5.482	0.4126	-3.696	1.493	3.082	4.102
1.500008785e12	8.232	-5.984	6.884	1.487	-8.97	-1.758	2.438	1.088	-7.223
1.500008786e12	-2.03	-4.192	-5.659	2.483	-4.661	5.334	2.803	9.719	9.073
1.500008787e12	-4.281	-0.9717	-4.122	4.062	0.4565	0.343	-2.252	5.182	6.417
1.500008788e12	8.094	-7.355	-3.572	-6.262	-7.078	-8.329	-0.6628	-0.2258	2.08
1.500008789e12	-6.246	2.031	3.394	0.3967	-4.005	7.886	9.355	8.097	-7.893
1.50000879e12	7.516	9.192	7.24	-4.954	5.516	-5.051	-9.778	8.914	-4.406
1.500008791e12	0.9998	-6.984	-5.977	-6.903	4.392	-5.037	1.185	5.485	5.902
1.500008792e12	-8.369	3.196	-5.415	0.05005	1.023	-0.6531	3.185	-7.717	1.311
1.500008793e12	-1.123	8.817	-9.26	-4.29	-7.563	-5.829	-3.488	-0.6335	-3.262
1.500008794e12	3.898	0.9741	2.289	-2.218	2.448	6.804	-5.845	9.037	8.99
1.500008795e12	-8.629	9.406	-6.235	-3.18	-2.467	5.901	6.809	3.702	-4.633
1.500008796e12	-2.49	7.692	-3.374	7.201	2.166	-4.563	-3.087	0.3821	0.3186
1.500008797e12	-6.891	-5.968	-0.9985	7.081	-2.521	2.457	9.838	4.272	6.797
1.500008798e12	-6.948	-4.973	-3.602	-9.038	2.426	-5.07	-4.581	2.976	4.961
1.500008799e12	6.549	-9.515	7.399	-4.147	1.909	-1.652	-1.617	6.722	8.589
1.5000088e12	4.563	1.599	-0.7214	3.156	4.968	-2.574	-0.5444	-8.658	8.655
1.500008801e12	8.997	-5.201	-0.7874	2.085	3.732	9.86	-9.991	9.857	6.392
1.500008802e12	-5.088	3.142	-6.949	-7.632	-8.223	-9.922	-0.6836	-1.119	-7.075
1.500008803e12	2.227	-4.111	-1.669	-9.489	-1.161	-7.262	-7.804	3.75	-2.516
1.500008804e12	-8.359	8.411	-3.763	4.426	-5.175	-7.577	-2.788	-0.6641	7.2
1.500008805e12	-7.1	6.002	-8.851	-7.524	2.97	7.151	-2.939	-8.191	7.75
1.500008806e12	0.5481	-1.73	-4.329	-3.743	-2.367	-8.145	3.826	0.8167	-5.166
1.500008807e12	2.712	-5.861	3.092	0.575	4.772	1.562	3.708	1.334	6.285
1.500008808e12	9.708	-3.431	9.711	5.408	1.74	5.944	-5.957	-5.708	-1.691
1.500008809e12	0.7324	-1.296	-0.3735	-2.015	1.836	-1.177	8.873	2.003	6.855
1.50000881e12	6.855	-9.026	9.716	1.171	-7.925	-6.571	-7.581	4.05	2.993
1.500008811e12	7.224	8.79	1.116	0.9973	-8.676	4.523	5.328	-9.327	2.913
1.500008812e12	-6.436	0.1343	-4.24	-6.83	9.611	-0.2783	-4.24	-2.163	7.988
1.500008813e12	-0.636	-0.7544	-2.559	-3.987	9.987	-6.301	-0.7019	2.579	3.451
1.500008814e12	-1.222	-8.353	-5.098	-8.903	8.363	8.904	9.104	-4.452	1.522
1.500008815e12	-7.443	-1.583	-5.818	-9.463	-6.881	4.319	0.5737	-9.717	-7.422
1.500008816e12	-6.759	-5.735	-5.924	6.384	9.8	5.007	-9.633	8.552	-5.092
1.500008817e12	-5.736	-3.926	2.52	9.285	-1.346	6.298	4.846	-6.583	6.868
1.500008818e12	-4.667	2.231	-1.587	-2.338	-0.8838	-9.371	-4.481	-4.347	2.383
1.500008819e12	-8.877	1.378	7.577	5.396	2.28	1.838	9.63	-7.579	8.043
1.50000882e12	-4.004	-0.9717	-2.402	-5.17	-3.951	-7.264	-8.185	2.832	2.506
1.500008821e12	-9.42	9.324	-8.43	9.908	3.187	-7.075	4.178	-2.268	6.718
1.500008822e12	0.9802	-1.477	3.864	4.801	-5.245	-2.806	9.294	4.683	-1.853
1.500008823e12	-7.892	-3.51	2.512	-1.289	7.671	-6.726	3.442	4.794	8.319
1.500008824e12	6.525	5.1	-0.3479	5.215	0.7312	0.7153	9.608	8.962	-4.998
1.500008825e12	6.201	-7.828	7.947	4.482	-4.283	-3.158	5.673	-3.085	-7.667
1.500008826e12	5.031	-2.076	-5.144	2.661	6.318	6.323	5.636	2.517	-3.45
1.500008827e12	5.562	9.504	3.955	-7.784	5.15	8.595	-4.265	-0.09277	-2.974
1.500008828e12	0.09277	-7.85	-6.301	7.968	-8.896	9.169	8.491	4.467	-3.706
1.500008829e12	5.527	0.1929	3.153	-4.764	3.595	5.649	0.02319	-6.23	7.662
1.50000883e12	-5.806	-1.078	-0.4651	6.307	4.548	-5.334	-5.764	1.03	9.347
1.500008831e12	4.243	-2.205	-4.089	-4.204	-4.07	4.312	3.745	7.941	-4.673
1.500008832e12	-5.729	-8.13	4.104	-8.608	6.443	7.169	-1.859	2.797	-4.583
1.500008833e12	-2.488	9.021	3.69	-5.967	2.268	-3.219	-3.815	-8.396	-3.417
1.500008834e12	7.817	5.631	-2.684	5.273	9.174	4.421	8.218	-1.071	-6.785
1.500008835e12	-6.047	4.344	-2.126	-6.639	-3.	-5.767	-3.51	-7.981	-6.962
1.500008836e12	1.946	-4.009	1.244	-6.122	8.42	1.439	-8.405	8.956	-0.3101
1.500008837e12	-1.514	-5.975	4.2	-9.315	-8.992	1.976	-0.5261	1.06	-6.202
1.500008838e12	7.212	-8.793	7.402	4.88	0.7947	-0.5261	-8.418	-4.653	-1.016
1.500008839e12	6.195	-6.182	7.241	0.929	-0.3003	0.8948	-8.037	6.456	-7.448
1.50000884e12	9.231	1.626	-0.1953	2.517	6.066	2.677	9.531	9.47	2.819
1.500008841e12	2.687	-0.614	-3.351	-3.978	-4.108	-5.272	-4.214	-3.414	-6.379
1.500008842e12	-1.813	-4.153	-9.728	4.1	-8.594	0.4993	0.1318	-5.093	-0.06348
1.500008843e12	-2.269	3.01	-4.614	9.32	-9.481	5.133	-6.86	-3.174	3.328
1.500008844e12	3.958	8.481	-3.624	-6.31	-7.067	5.546	2.098	-7.311	7.981
1.500008845e12	7.95	6.014	-4.346	0.2979	-9.844	8.568	4.462	3.213	-3.65
1.500008846e12	-7.224	-1.034	5.845	-7.477	2.66	-2.336	0.8118	-3.523	8.407
1.500008847e12	-5.889	0.7837	3.163	7.271	5.503	0.7947	7.397	-9.314	8.92
1.500008848e12	9.513	-9.362	6.349	7.334	-1.395	-4.355	0.01587	3.719	-5.73
1.500008849e12	-4.47	4.937	2.769	1.709	3.386	-3.871	5.475	-8.921	-9.816
1.50000885e12	3.857	3.101	7.305	1.61	-7.358	-3.933	2.635	7.566	-8.738
1.500008851e12	5.574	-4.482	-3.872	-8.641	5.549	3.744	-1.14	-4.253	-7.095
1.500008852e12	-6.984	0.4065	-0.9424	3.394	5.1	-0.4626	-9.74	9.041	0.4089
1.500008853e12	-8.834	4.57	8.867	-9.774	-0.1331	1.046	5.836	-4.001	-7.59
1.500008854e12	0.09521	-3.943	-2.072	-0.1465	6.766	-8.239	-6.494	0.614	-6.01
1.500008855e12	7.831	-6.708	-8.546	-1.13	1.46	-0.824	2.649	6.55	-8.579
1.500008856e12	9.188	8.268	-3.179	-4.369	2.273	-5.948	-0.5029	8.948	1.068
1.500008857e12	-4.28	-4.646	-7.578	2.505	-3.531	2.745	6.841	5.322	-1.727
1.500008858e12	-9.095	2.866	-2.113	-5.12	4.834	-0.5737	-6.571	6.155	6.959
1.500008859e12	8.708	8.746	5.746	-8.173	6.013	-2.328	-9.402	6.505	3.181
1.50000886e12	8.137	-8.947	-1.433	4.773	3.79	1.578	0.6311	1.184	7.606
1.500008861e12	1.301	-6.337	-8.264	3.588	8.14	7.046	-9.406	4.457	6.41
1.500008862e12	1.371	-6.959	-9.241	9.563	4.16	5.974	-7.611	-3.477	-8.669
1.500008863e12	-9.396	2.301	-2.83	-9.258	-4.105	0.7886	6.416	9.268	4.532
1.500008864e12	8.014	2.754	-9.713	-1.931	-3.256	8.054	8.156	-9.25	5.12
1.500008865e12	-8.665	-0.8179	-9.086	-2.014	-8.457	2.5	3.917	5.592	1.998
1.500008866e12	7.479	-4.877	8.063	8.506	2.368	1.288	0.6201	2.7	3.158
1.500008867e12	-3.588	5.413	-1.597	-9.552	-8.951	-1.099	-2.59	-0.2527	-5.144
1.500008868e12	6.185	-1.472	-0.8008	9.6	-0.9753	-7.343	4.912	-7.343	8.372
1.500008869e12	-5.934	-4.917	-0.9363	-5.198	5.885	-6.465	-4.596	4.279	6.121
1.50000887e12	5.403	1.595	-4.005	-4.435	4.747	-5.862	-7.82	8.992	8.816
1.500008871e12	-7.607	7.784	0.06226	-7.577	2.29	-5.222	-8.806	6.515	3.352
1.500008872e12	2.308	-3.007	1.588	-0.9436	6.886	0.6091	-2.334	9.885	9.701
1.500008873e12	4.276	-4.084	-1.211	7.896	8.168	2.777	-3.85	4.482	-7.455
1.500008874e12	8.909	6.157	4.481	-0.7373	-6.2	-0.09033	-7.643	-5.859	4.327
1.500008875e12	-8.81	-6.969	7.443	-9.045	4.338	-6.115	2.55	1.648	-1.245
1.500008876e12	3.934	5.193	-7.45	-7.776	-6.788	8.744	4.93	1.49	9.984
1.500008877e12	6.322	1.677	5.417	9.534	-8.201	6.761	-0.3894	4.199	-7.324
1.500008878e12	2.274	8.376	4.536	5.549	-9.22	1.79	-5.166	-6.942	-3.279
1.500008879e12	-0.2063	2.816	1.301	-4.396	0.9717	-2.725	5.917	-5.319	-1.373
1.50000888e12	-0.7324	0.3662	1.3	-3.469	8.125	-4.694	-9.629	1.887	6.693
1.500008881e12	-9.071	-6.16	2.025	5.3	-0.3247	-1.614	3.035	0.04639	4.534
1.500008882e12	-9.388	-1.914	3.48	4.818	1.061	3.417	9.357	-9.648	-4.426
1.500008883e12	-9.149	-8.215	5.587	7.511	1.401	1.104	-8.428	6.042	2.701
1.500008884e12	-3.832	-7.57	4.174	6.533	-0.1855	4.706	-0.3198	0.02808	3.939
1.500008885e12	-0.1184	-4.739	-9.429	-2.631	-5.906	5.183	2.95	-8.123	-9.227
1.500008886e12	2.913	-6.071	1.053	-6.595	6.527	-7.676	-4.299	6.595	9.945
1.500008887e12	-5.068	5.394	-9.006	-3.617	-7.678	7.178	3.176	-4.098	5.769
1.500008888e12	9.659	-2.244	-3.618	8.445	-8.29	1.677	-1.364	-9.993	7.847
1.500008889e12	0.5469	-0.1575	-4.923	8.983	5.776	9.64	-5.854	4.218	-6.945
1.50000889e12	-1.226	3.527	3.334	0.9045	7.244	4.429	8.429	3.217	-9.973
1.500008891e12	-8.695	1.036	5.315	1.005	-5.988	-3.712	3.873	-1.705	-2.197
1.500008892e12	1.548	3.309	5.294	-4.923	3.495	-0.9314	3.76	7.483	-5.037
1.500008893e12	-9.734	-3.213	5.632	4.445	-0.8423	-8.655	0.7336	3.633	-8.519
1.500008894e12	8.107	3.943	7.722	-4.973	-7.552	1.005	3.887	-8.61	-4.335
1.500008895e12	6.631	5.99	4.766	3.789	-7.17	9.604	9.908	-0.8936	8.341
1.500008896e12	-0.07202	-7.207	-9.435	-1.605	-0.813	-0.8423	-2.179	3.937	-8.602
1.500008897e12	0.7886	-2.163	3.073	5.383	9.86	6.031	3.24	-8.855	-9.417
1.500008898e12	7.365	-2.24	4.46	5.554	-3.983	1.882	5.042	8.578	-9.392
1.500008899e12	-5.139	2.577	-4.656	4.314	6.754	-6.429	5.25	3.23	-9.548
1.5000089e12	8.81	0.02808	-1.237	-8.768	6.787	0.04761	-5.48	-1.096	-3.585
1.500008901e12	6.334	-9.971	3.474	8.18	8.722	-8.331	-1.361	2.163	1.105
1.500008902e12	1.383	1.021	4.559	-0.3552	-3.337	7.435	-0.8679	-6.903	0.3967
1.500008903e12	0.9265	8.026	-2.822	3.456	-0.1111	7.764	-2.991	7.321	3.26
1.500008904e12	5.873	-6.976	7.423	-4.493	-4.899	-0.2502	1.393	7.825	-0.3406
1.500008905e12	8.345	7.48	4.735	8.376	4.888	2.372	-4.275	6.864	-5.104
1.500008906e12	-9.066	-7.374	4.902	-8.936	-5.669	-7.507	9.727	-8.357	4.435
1.500008907e12	-3.601	-8.779	1.989	9.795	-7.729	-6.012	5.316	1.573	1.256
1.500008908e12	2.59	-6.688	8.367	2.837	-2.007	-6.288	-9.584	1.445	-5.771
1.500008909e12	0.8142	-8.428	-1.973	6.332	8.665	-3.108	-1.249	0.4395	4.861
1.50000891e12	-4.905	4.102	-1.802	-5.543	-8.229	5.411	-6.569	-9.979	-7.301
1.500008911e12	-0.7251	-6.729	-4.851	-8.938	3.315	0.6018	5.381	8.13	-5.499
1.500008912e12	1.46	-3.07	-0.4663	9.559	4.509	3.031	7.93	-6.753	-4.241
1.500008913e12	-7.802	-2.418	1.292	-2.428	4.358	-1.432	3.098	7.507	-0.7349
1.500008914e12	7.294	-7.555	6.548	-4.586	1.39	-7.257	4.579	9.65	5.925
1.500008915e12	-1.038	-6.072	-5.146	8.372	-7.415	-5.24	-7.61	-3.477	2.146
1.500008916e12	2.411	6.01	-6.344	3.324	-1.545	-5.074	6.863	-0.8826	7.375
1.500008917e12	5.222	-5.366	-0.9668	-4.901	-7.126	4.817	-0.4041	-6.504	-1.688
1.500008918e12	-5.052	-7.728	-8.566	-6.191	-0.6665	-6.797	2.723	-2.496	5.75
1.500008919e12	4.08	3.931	9.746	0.6091	0.1074	5.027	-5.548	-4.341	-3.479
1.50000892e12	9.722	2.131	-1.472	-5.684	3.894	7.95	6.279	7.305	6.592
1.500008921e12	0.3711	-1.235	-2.452	-0.4651	-3.245	-9.109	1.155	-5.682	-7.745
1.500008922e12	9.297	-1.451	-6.071	-0.8728	-7.528	8.539	0.9216	9.207	3.724
1.500008923e12	-8.467	-7.289	-6.432	2.344	4.246	-8.501	4.182	-1.057	0.2124
1.500008924e12	4.41	4.481	-9.976	-5.217	6.735	-9.135	6.294	-6.259	9.65
1.500008925e12	-2.782	7.113	-6.727	-7.679	0.8777	1.21	-4.437	0.9595	-6.852
1.500008926e12	-2.451	3.582	3.474	-3.391	-6.656	-9.764	-0.1428	-4.327	8.835
1.500008927e12	8.645	-2.581	-2.394	4.116	4.497	-7.704	-9.546	-8.826	-6.024
1.500008928e12	3.191	7.6	3.241	9.398	2.091	-0.1282	7.192	0.2283	6.239
1.500008929e12	1.895	-1.807	6.061	1.661	-8.632	-5.385	-5.801	-9.161	3.6
1.50000893e12	-9.091	7.463	4.072	5.629	8.196	-7.102	6.412	5.374	-7.308
1.500008931e12	4.791	-4.092	-9.462	-6.49	-5.052	4.586	-1.165	2.472	5.472
1.500008932e12	-3.726	-2.559	1.901	-5.293	2.021	-1.617	-1.871	-5.803	-0.3784
1.500008933e12	-1.921	2.283	0.01587	-4.153	-8.925	-3.114	1.555	-0.6348	8.835
1.500008934e12	-2.876	-7.662	3.063	-8.08	3.981	3.877	5.614	1.002	-1.776
1.500008935e12	9.592	9.381	0.9595	-4.988	-0.9473	-5.88	-2.288	-3.438	2.271
1.500008936e12	9.2	-3.94	-2.086	8.455	-2.362	5.911	6.322	0.08789	2.725
1.500008937e12	-7.894	-2.002	-7.427	-4.659	-2.826	7.975	-7.698	-8.646	0.769
1.500008938e12	-5.865	4.017	9.561	9.893	-2.35	7.71	-9.299	5.549	6.26
1.500008939e12	-3.292	5.22	7.788	-5.709	-0.3992	8.396	-2.269	5.372	-7.522
1.50000894e12	-8.464	-4.376	-2.172	-4.114	8.962	-7.874	5.645	3.748	-1.555
1.500008941e12	-2.133	-1.25	4.406	2.556	4.955	1.069	7.264	2.906	7.302
1.500008942e12	-6.429	-9.712	-1.658	-7.379	6.31	5.544	-5.754	0.5054	6.074
1.500008943e12	1.34	-2.891	-6.791	1.29	-2.596	5.085	5.886	7.271	-2.227
1.500008944e12	8.688	-0.7166	5.941	-1.941	-5.911	7.373	2.465	-0.9912	7.13
1.500008945e12	0.127	-3.304	7.885	-9.043	9.685	5.974	8.608	3.527	3.015
1.500008946e12	7.406	-8.247	8.303	2.511	1.577	4.476	7.223	2.583	-9.906
1.500008947e12	-9.412	1.475	-3.889	0.365	-1.233	3.099	2.061	1.411	6.503
1.500008948e12	3.153	-6.873	-1.115	0.7886	8.943	9.963	-1.853	-6.963	2.803
1.500008949e12	-8.79	8.99	3.743	-0.8728	-6.312	-1.018	-3.972	3.774	-2.324
1.50000895e12	-2.904	-6.191	0.4492	7.78	0.6335	-6.781	-6.75	-0.564	-5.006
1.500008951e12	-8.685	2.313	7.866	-4.973	9.707	5.376	8.036	-6.46	1.18
1.500008952e12	-4.069	3.811	1.965	-0.4077	1.725	1.257	3.544	7.954	-1.876
1.500008953e12	-8.053	0.9229	-5.701	-0.7129	7.058	5.658	6.193	7.816	-4.664
1.500008954e12	-2.524	5.222	-0.3882	6.421	2.023	0.5896	-9.315	-3.828	-8.672
1.500008955e12	0.2856	-3.802	-5.79	4.156	0.7935	-1.724	-5.563	5.354	-9.158
1.500008956e12	5.37	2.509	-8.685	-0.116	5.889	7.99	-1.147	7.948	3.84
1.500008957e12	6.105	4.209	8.688	5.605	6.06	8.141	5.341	9.055	3.698
1.500008958e12	0.04639	7.076	-6.455	-5.662	-7.454	2.808	-0.9497	0.9937	-5.156
1.500008959e12	-6.533	8.291	2.317	-6.061	9.226	1.641	3.909	4.16	1.895
1.50000896e12	4.279	9.427	7.719	-7.522	-5.143	-7.408	-8.083	-4.491	-1.874
1.500008961e12	-3.51	-0.21	-3.759	-3.177	-3.06	7.744	6.069	-9.894	-3.654
1.500008962e12	3.418	2.177	-5.931	-7.034	-9.242	-4.188	9.951	-2.568	-8.917
1.500008963e12	8.828	-4.099	7.142	-4.504	8.705	-2.837	8.295	-6.703	4.507
1.500008964e12	0.3357	-3.236	-8.928	-1.902	0.4065	-7.474	-1.409	4.946	-7.476
1.500008965e12	-9.835	1.18	5.765	-5.819	-4.899	9.486	-8.413	-3.998	-4.556
1.500008966e12	5.933	-6.152	1.727	9.694	7.719	8.093	-3.934	-8.06	-0.8765
1.500008967e12	-1.279	-8.644	-5.624	-6.62	9.534	5.758	1.102	6.334	-4.364
1.500008968e12	0.2112	4.604	3.59	5.613	7.822	-2.008	4.603	8.479	3.014
1.500008969e12	3.977	0.7861	-0.0647	-7.578	-8.113	5.007	4.419	8.951	0.3662
1.50000897e12	-9.637	0.835	-3.397	-7.825	-1.069	-6.925	9.146	-8.533	-8.334
1.500008971e12	6.259	5.125	-8.326	4.447	6.987	5.684	4.846	-7.706	-5.487
1.500008972e12	-3.933	6.135	9.684	-3.334	7.209	-8.044	-5.746	3.331	2.673
1.500008973e12	-7.114	-3.131	-2.611	6.915	6.368	-8.66	5.698	-4.371	-6.842
1.500008974e12	7.935	1.781	-7.025	9.784	7.358	-4.784	-7.239	-5.632	2.36
1.500008975e12	2.411	-1.559	4.811	-6.908	5.924	-1.13	-5.685	2.458	-9.368
1.500008976e12	-7.821	-5.076	-9.258	-7.908	-5.935	-4.746	4.186	4.711	-6.868
1.500008977e12	9.089	8.5	8.593	5.908	-7.498	-7.563	5.055	-3.279	6.847
1.500008978e12	5.671	3.5	6.073	-2.71	8.409	-0.01221	4.259	6.887	7.659
1.500008979e12	-1.846	-1.592	1.796	1.598	-6.088	-8.367	9.875	-4.375	-4.487
1.50000898e12	-0.7837	-9.888	-8.529	-7.203	1.725	1.99	-9.672	-0.8057	-7.437
1.500008981e12	9.097	-8.652	-4.834	-6.439	-1.96	9.664	7.274	-7.029	-5.031
1.500008982e12	8.13	3.374	4.209	-5.659	2.205	3.727	-2.045	8.655	7.244
1.500008983e12	-8.911	-8.328	-0.9949	3.396	-3.69	-8.433	1.331	1.837	-8.103
1.500008984e12	1.692	-7.286	-4.004	6.809	-3.873	-3.801	7.471	5.077	-6.859
1.500008985e12	-0.5518	-1.643	7.585	-3.027	0.5627	8.414	-6.08	-4.075	-8.406
1.500008986e12	-8.474	1.982	-6.696	-6.787	4.324	6.661	-9.126	8.406	-5.979
1.500008987e12	6.322	-7.404	5.068	2.347	6.816	2.914	-9.988	5.793	-1.841
1.500008988e12	2.057	-8.728	-4.963	-3.319	-2.197	-5.498	-9.858	7.462	5.535
1.500008989e12	-6.041	9.46	-5.729	-6.975	-6.045	0.3259	7.299	-2.679	0.6152
1.50000899e12	6.414	0.4968	5.823	9.22	-2.953	2.764	3.649	5.261	-7.877
1.500008991e12	2.986	5.211	-6.973	-2.136	9.325	7.167	-6.774	-4.316	-5.442
1.500008992e12	-3.693	5.718	8.954	-8.491	4.746	6.201	-1.267	0.8215	9.042
1.500008993e12	8.749	2.725	1.213	-8.494	1.72	4.915	-3.607	9.47	1.273
1.500008994e12	-2.957	-6.678	7.251	-2.827	7.881	-6.639	-5.533	-3.833	1.157
1.500008995e12	-8.713	1.376	0.1794	-6.187	-1.18	2.977	0.4871	7.336	-8.236
1.500008996e12	-6.327	-8.905	7.95	-6.097	8.662	1.281	-9.5	-7.334	-7.157
1.500008997e12	-2.761	-9.497	-2.769	7.419	-1.05	-9.122	5.104	-0.8337	-3.549
1.500008998e12	-7.15	-6.763	5.983	4.731	6.735	5.504	5.256	-1.965	-9.534
1.500008999e12	-0.1074	8.845	5.505	7.301	-0.365	-9.554	-9.475	3.903	8.751
1.500009e12	9.351	1.797	3.793	2.429	-4.969	4.119	-2.852	-1.952	-4.253
1.500009001e12	-8.279	-5.725	3.456	-0.5017	8.442	0.99	2.288	-9.695	-1.244
1.500009002e12	5.923	6.952	-5.331	-9.312	1.086	1.582	1.675	6.904	-9.093
1.500009003e12	7.045	0.6604	-8.701	-3.647	-0.6177	8.705	4.163	-7.99	-7.555
1.500009004e12	4.381	-6.016	-9.569	-1.313	5.557	2.819	-0.5005	0.8105	8.483
1.500009005e12	4.282	4.238	1.119	-5.04	8.104	3.738	8.073	-0.7288	5.088
1.500009006e12	7.003	1.763	-6.968	-2.391	-7.963	-1.45	-0.3809	3.008	2.052
1.500009007e12	-8.638	8.757	7.231	-1.489	3.07	8.	4.999	-5.408	5.874
1.500009008e12	8.107	-8.142	-6.98	0.02686	-4.476	-0.9155	-7.507	-6.664	-1.377
1.500009009e12	-8.179	-4.524	2.657	-8.506	-4.96	-7.083	5.597	-7.191	5.482
1.50000901e12	-5.521	2.075	7.576	5.702	3.988	-9.298	-9.529	5.355	-5.387
1.500009011e12	-0.9326	-6.737	6.377	-3.761	7.955	-8.979	-5.878	7.284	9.711
1.500009012e12	6.135	1.285	1.479	-6.703	8.026	-3.031	-0.6653	-4.244	5.417
1.500009013e12	4.259	-5.126	-8.411	7.532	3.627	1.444	-2.618	-9.761	-9.456
1.500009014e12	-0.3821	2.461	7.256	7.98	-7.617	6.908	7.401	9.941	-3.854
1.500009015e12	-6.77	-7.327	-4.277	-0.448	3.358	-8.138	7.751	-6.714	0.2734
1.500009016e12	2.799	-2.239	-7.163	5.292	-2.531	-5.864	0.08301	-1.467	-4.019
1.500009017e12	0.7019	9.376	1.642	-5.613	3.236	8.719	5.222	1.566	-0.7324
1.500009018e12	1.533	6.973	6.122	0.8862	-5.282	3.451	2.41	9.214	6.82
1.500009019e12	1.024	2.195	1.119	-7.844	3.387	0.8862	1.644	4.164	-2.994
1.50000902e12	-3.527	9.06	0.3259	-8.688	3.301	-0.1135	-4.839	-3.884	-0.2502
1.500009021e12	2.051	5.8	-6.283	6.992	-3.319	-8.84	-8.063	-0.2026	-9.618
1.500009022e12	-4.651	7.035	2.571	-6.501	-9.531	2.946	-4.883	8.741	7.063
1.500009023e12	3.746	-3.187	-3.993	8.369	-1.738	-5.48	8.085	-4.058	3.783
1.500009024e12	-1.722	-2.701	-2.097	-3.765	-7.812	-0.5029	7.678	-1.077	-7.528
1.500009025e12	1.133	-8.22	-2.504	5.258	9.159	-9.137	-3.728	-9.497	6.111
1.500009026e12	1.722	-7.318	5.782	-1.281	2.322	-6.477	-3.588	-9.93	-7.612
1.500009027e12	7.117	-1.716	-6.01	-3.737	-9.701	8.513	-5.281	0.2295	-4.496
1.500009028e12	8.843	9.69	2.681	2.915	-6.93	6.014	-7.706	7.954	-7.899
1.500009029e12	-9.91	-7.561	7.637	0.542	-8.087	9.264	-0.509	0.6958	-2.25
1.50000903e12	9.171	5.221	6.017	-7.087	-5.36	-1.575	-5.582	8.541	6.702
1.500009031e12	-4.236	-6.511	4.855	-9.006	0.946	9.215	3.296	6.958	-1.656
1.500009032e12	-7.565	6.072	-8.585	2.03	0.5261	-3.341	-3.351	-2.871	-9.592
1.500009033e12	-7.228	-2.3	2.931	-7.334	-6.129	8.73	-0.0293	-2.131	2.159
1.500009034e12	-5.104	6.378	-8.824	-3.026	-9.401	1.492	7.565	-5.52	9.808
1.500009035e12	2.103	2.136	1.263	-9.812	-9.127	1.248	2.017	4.685	2.776
1.500009036e12	6.437	4.767	-9.247	-8.345	8.584	-0.4224	7.239	9.127	2.67
1.500009037e12	-0.802	-9.189	8.114	-7.261	9.373	5.194	-2.297	-1.326	4.615
1.500009038e12	1.051	-4.718	9.243	-4.419	2.271	-3.943	-9.545	1.635	-6.472
1.500009039e12	-7.893	0.1782	1.226	-1.487	1.942	-5.887	-5.372	0.4443	9.797
1.50000904e12	6.785	-6.68	3.374	3.882	-2.374	6.302	-5.901	3.724	9.175
1.500009041e12	-9.677	-3.073	-9.06	1.1	-4.574	3.646	7.75	3.652	-5.647
1.500009042e12	-9.768	-0.8289	-0.9229	-1.249	0.03052	5.691	2.056	3.123	8.926
1.500009043e12	-3.228	-3.256	-2.748	-5.12	3.164	1.899	-7.793	-9.579	5.087
1.500009044e12	7.153	-7.426	-7.101	-4.76	0.1489	4.213	8.517	4.83	-9.004
1.500009045e12	-0.9595	9.991	6.477	-2.38	2.578	5.809	-1.111	1.796	0.6714
1.500009046e12	-3.253	-8.569	-5.917	2.815	2.268	-4.041	3.383	2.242	6.608
1.500009047e12	3.672	-5.764	4.443	0.4126	-0.09399	2.604	5.687	7.854	-8.6
1.500009048e12	-9.695	-6.008	0.7642	2.2	-8.839	6.962	-4.427	6.998	-8.097
1.500009049e12	9.165	4.86	1.226	0.6946	-0.5676	-6.377	-8.247	8.505	4.934
1.50000905e12	-5.781	1.304	-3.73	8.656	-9.441	-4.846	-1.312	2.144	-5.079
1.500009051e12	-2.443	-7.516	-6.256	-5.463	4.761	-3.486	-9.989	-5.985	-1.047
1.500009052e12	4.464	9.615	-6.869	3.779	2.892	-7.854	-4.047	3.71	-7.776
1.500009053e12	2.919	1.976	4.792	-4.467	0.6799	-6.768	-0.6165	-2.778	2.468
1.500009054e12	1.808	-8.818	5.521	2.307	-8.823	7.729	1.498	3.534	2.15
1.500009055e12	7.338	-4.089	-6.659	-3.174	0.2966	-8.762	8.634	9.299	2.54
1.500009056e12	0.9106	-8.652	0.791	3.484	2.993	-1.92	2.697	3.525	-4.592
1.500009057e12	0.2197	1.144	5.826	7.554	-7.567	1.635	-1.453	-9.045	1.733
1.500009058e12	7.131	5.564	7.711	3.458	-4.221	-4.117	4.275	7.548	3.56
1.500009059e12	2.603	4.004	8.871	8.014	6.365	-7.407	-7.562	-3.391	1.056
1.50000906e12	-3.378	4.889	-5.717	1.158	-1.428	2.064	0.9265	-0.4285	-9.542
1.500009061e12	-8.258	8.594	-0.6641	-7.515	-5.959	3.282	8.009	4.796	-1.72
1.500009062e12	9.213	3.875	-2.214	-2.609	5.641	-6.79	9.226	-6.292	4.634
1.500009063e12	-0.498	-6.578	-5.885	-5.718	-6.661	-6.248	3.898	3.322	-4.088
1.500009064e12	-6.995	7.222	-8.361	9.601	-0.8777	-4.985	3.605	9.528	-3.983
1.500009065e12	-7.832	4.731	-1.178	-8.148	2.482	-1.659	9.176	1.089	5.656
1.500009066e12	4.591	-7.31	4.792	-8.149	5.09	9.043	8.994	-2.772	-0.5481
1.500009067e12	-7.107	-1.608	-2.036	-4.779	8.776	-0.835	-7.496	-9.725	-0.8875
1.500009068e12	3.19	-4.181	-5.125	-8.945	-9.254	-5.433	4.266	2.255	-3.265
1.500009069e12	0.1379	-4.497	-0.1843	-5.536	6.375	6.869	-4.987	-1.322	-8.47
1.50000907e12	6.201	0.8643	3.827	-3.429	-0.1428	-0.5591	-4.153	7.905	2.902
1.500009071e12	-8.408	2.961	4.771	9.99	5.936	4.84	-6.803	2.08	-6.028
1.500009072e12	4.741	-5.669	-2.666	0.8765	8.436	-5.098	1.608	6.039	-5.115
1.500009073e12	-0.1953	-6.544	9.155	7.943	-3.306	-5.488	3.281	-5.93	9.971
1.500009074e12	2.943	1.523	-5.431	1.425	8.47	9.008	9.594	9.666	-8.707
1.500009075e12	7.267	3.574	6.661	5.896	-3.262	-4.484	-5.12	8.765	-3.474
1.500009076e12	-2.278	-5.182	-9.811	7.09	5.073	-8.379	-8.469	6.249	1.489
1.500009077e12	-7.263	4.025	-3.701	-8.489	4.569	8.519	-7.987	1.71	-3.691
1.500009078e12	-7.137	-3.907	-6.147	-1.714	0.4724	-2.745	9.901	-8.19	8.619
1.500009079e12	0.9009	1.964	4.875	-2.2	-7.954	-5.887	-3.65	6.483	-1.538
1.50000908e12	-6.754	4.054	-5.518	2.019	0.02686	0.06836	0.1074	-9.629	5.863
1.500009081e12	0.3674	-5.419	-2.523	3.317	-2.675	-0.1001	0.9924	5.079	-3.214
1.500009082e12	9.866	-7.877	3.922	9.266	4.49	9.415	-8.201	3.199	8.824
1.500009083e12	8.541	6.595	-6.328	-7.733	2.31	5.908	-0.7971	-8.351	8.6
1.500009084e12	6.689	-4.902	-8.248	-2.146	-9.465	-4.116	8.333	-6.257	-6.006
1.500009085e12	-4.089	1.853	-4.597	3.615	-2.413	-3.252	-8.678	-2.808	-6.692
1.500009086e12	8.025	9.076	1.404	5.012	-7.087	6.329	9.001	-0.04883	-7.048
1.500009087e12	-2.755	-2.094	1.281	-5.895	-7.046	8.561	-8.007	-6.656	-6.565
1.500009088e12	3.103	-9.08	-8.888	4.137	-8.372	-5.984	-1.035	-0.3967	-5.249
1.500009089e12	-1.254	-5.043	-4.17	-5.232	-5.178	-3.406	-5.249	4.943	9.155
1.50000909e12	1.211	6.246	9.568	4.651	0.5603	-9.777	-1.733	4.252	-9.237
1.500009091e12	-9.023	9.998	-9.863	-5.768	5.247	2.834	6.399	9.404	8.062
1.500009092e12	-2.529	2.094	-0.09033	3.801	-8.392	-9.673	-8.323	-1.573	-9.912
1.500009093e12	8.534	7.091	-4.263	-3.456	3.966	-9.308	2.838	-4.045	-3.42
1.500009094e12	8.452	9.677	2.33	4.841	2.518	-9.104	4.191	6.4	-6.625
1.500009095e12	-6.871	6.512	-9.751	9.784	-1.752	-5.723	-6.123	-9.628	-1.819
1.500009096e12	2.023	-4.611	-2.013	-9.368	0.7446	-3.853	7.153	0.1929	4.794
1.500009097e12	-5.564	2.592	-9.113	-7.985	3.805	7.777	6.077	0.2734	-1.075
1.500009098e12	5.574	-1.007	-8.561	3.646	2.578	3.419	-1.504	-0.2356	4.69
1.500009099e12	-6.93	-1.254	1.316	5.73	0.9875	-3.01	1.024	9.608	-4.154
1.5000091e12	4.28	2.755	1.219	-4.434	-3.029	-3.225	2.1	-0.4614	3.925
1.500009101e12	1.27	1.912	3.519	-7.222	5.883	3.212	-9.158	0.1831	8.693
1.500009102e12	5.126	-9.779	-5.958	0.8044	3.478	4.275	8.879	-2.524	-2.183
1.500009103e12	-9.865	4.43	-1.704	-9.043	6.006	3.912	7.739	-4.001	-2.959
1.500009104e12	-8.438	7.446	5.254	-1.709	3.115	-2.072	-2.063	8.451	-1.746
1.500009105e12	1.455	-2.172	-0.3699	-5.758	2.358	-6.912	6.272	0.5713	2.382
1.500009106e12	1.592	6.986	-5.275	7.695	-4.8	1.877	-3.663	1.65	-8.868
1.500009107e12	-4.275	-0.1404	3.207	2.928	-9.188	-9.702	-2.966	9.839	4.548
1.500009108e12	9.036	-9.399	4.589	3.058	5.621	0.4504	8.099	-6.434	-3.248
1.500009109e12	5.464	0.4858	-8.364	3.38	1.553	7.385	8.53	1.357	0.4626
1.50000911e12	3.237	-8.599	8.451	-7.666	-9.371	0.07935	-7.078	-0.2979	-0.5042
1.500009111e12	9.28	-0.3845	-2.367	-1.768	-2.566	5.032	-7.568	6.074	9.291
1.500009112e12	-1.63	6.996	0.7288	-3.126	-8.962	5.415	-8.94	4.96	5.12
1.500009113e12	-6.252	-1.124	-7.542	8.412	-6.918	-1.119	-5.759	-3.331	0.5432
1.500009114e12	-7.814	3.889	6.613	8.374	-3.538	7.402	-3.64	1.975	-6.248
1.500009115e12	-7.708	1.183	4.078	-4.055	-2.789	-4.937	-0.4724	-1.96	9.176
1.500009116e12	5.992	-2.726	8.027	9.015	-8.873	-4.464	7.274	-4.399	-5.504
1.500009117e12	-6.101	2.524	4.868	-6.759	9.642	-8.419	-4.615	4.368	1.417
1.500009118e12	-2.905	-4.034	-2.44	8.302	7.959	8.646	1.3	9.203	-0.1611
1.500009119e12	9.701	-8.352	-5.052	2.457	9.813	-2.974	-4.789	6.282	0.6409
1.50000912e12	3.225	-0.06714	2.014	4.23	5.394	-5.37	9.637	-6.312	5.621
1.500009121e12	-7.574	-3.56	6.202	0.6201	-1.016	3.789	-9.271	4.386	-2.965
1.500009122e12	-8.733	7.545	-3.811	7.833	3.453	0.1685	9.266	-6.709	2.795
1.500009123e12	-6.232	-8.209	3.636	-6.772	0.2637	6.274	5.557	-4.014	-8.84
1.500009124e12	-9.578	-1.725	1.698	1.609	-4.689	9.208	-5.872	-8.165	-3.022
1.500009125e12	-5.16	4.705	-3.511	-1.326	-5.11	-0.752	2.686	1.543	-5.063
1.500009126e12	-3.754	-7.797	-7.56	-7.568	-2.869	-9.948	7.484	-4.672	3.165
1.500009127e12	-4.227	7.803	-0.8032	-6.122	-4.645	-2.578	2.23	1.611	-0.99
1.500009128e12	7.748	7.087	8.425	5.541	-8.42	-7.969	-6.373	-1.801	9.523
1.500009129e12	-7.435	2.242	1.067	-1.494	-2.223	-6.696	8.186	8.035	-7.855
1.50000913e12	2.229	8.988	-8.849	8.969	7.323	-4.567	9.028	8.492	-0.6726
1.500009131e12	6.198	-1.46	-8.003	-5.437	-1.908	1.479	3.711	-4.417	-9.512
1.500009132e12	1.577	-5.164	-0.509	-0.2393	-9.399	-1.078	-3.942	-0.249	-1.499
1.500009133e12	-4.524	2.413	7.708	-2.545	9.8	8.958	-9.878	1.681	-9.429
1.500009134e12	-1.98	-0.8752	-8.181	7.872	0.1367	-0.8557	8.004	4.767	-5.123
1.500009135e12	6.051	8.544	6.26	3.928	0.7727	1.609	-2.496	8.313	7.441
1.500009136e12	1.141	6.954	4.111	6.681	-4.852	3.03	5.017	4.772	-6.525
1.500009137e12	-1.583	-5.844	2.759	-9.064	1.191	-5.681	5.98	4.722	6.823
1.500009138e12	-6.951	0.282	-2.408	-6.541	-7.174	-3.518	-6.993	-3.849	6.359
1.500009139e12	-5.601	-3.065	2.38	6.04	-7.262	-2.892	-4.893	9.966	0.7629
1.50000914e12	2.698	-0.5908	-3.649	5.471	-5.868	8.917	-1.586	6.127	-7.292
1.500009141e12	8.936	1.396	2.729	5.999	3.191	2.327	6.471	-0.03662	-1.943
1.500009142e12	1.554	6.577	2.705	1.459	-0.03174	3.143	-9.402	-9.662	-0.6848
1.500009143e12	-1.562	5.657	8.025	2.856	5.75	-2.993	6.135	6.582	6.609
1.500009144e12	7.698	-4.143	-8.54	3.392	-4.219	-4.309	0.08423	6.022	1.506
1.500009145e12	-0.5115	4.275	2.681	-4.821	7.479	8.824	0.3687	6.118	-2.198
1.500009146e12	0.8276	9.957	6.855	5.782	6.855	-9.36	-3.455	-3.182	9.822
1.500009147e12	7.147	9.507	-6.328	8.116	-6.04	-2.534	-6.566	-5.956	8.696
1.500009148e12	-0.282	0.7446	-0.8691	-6.1	6.761	7.676	4.089	-3.918	-3.302
1.500009149e12	6.459	0.3796	6.492	7.469	9.102	-4.871	5.695	-9.861	-0.1685
1.50000915e12	-7.362	-9.958	6.01	-6.401	4.677	-4.081	7.209	-2.43	8.347
1.500009151e12	8.385	-5.464	9.412	-4.519	-0.03296	1.556	1.494	2.64	-4.261
1.500009152e12	9.268	-7.88	5.569	-3.325	1.595	6.891	8.11	-6.444	6.55
1.500009153e12	-8.466	-0.2014	9.733	-8.414	0.3699	-7.239	9.032	-9.984	-3.752
1.500009154e12	-3.826	1.959	7.186	5.251	-5.618	-0.4565	9.423	-6.989	-3.448
1.500009155e12	-1.35	8.158	6.87	4.905	9.862	-7.261	2.341	3.711	9.703
1.500009156e12	-2.987	3.785	-4.503	1.444	-2.457	-8.221	3.11	6.599	-7.98
1.500009157e12	2.328	-2.131	-0.4858	5.432	3.159	-7.546	3.153	-8.745	-7.549
1.500009158e12	9.045	-1.829	8.696	-3.954	6.317	3.712	-9.838	-5.632	9.263
1.500009159e12	-7.523	-0.09033	-0.6995	0.8704	6.277	1.404	-4.441	-7.477	-9.85
1.50000916e12	9.31	-9.564	2.688	4.146	6.133	-3.29	-6.98	-9.641	-6.112
1.500009161e12	-4.816	-0.2087	-5.87	6.914	4.373	-4.603	-2.681	-9.408	-8.315
1.500009162e12	2.324	-0.6531	1.992	-3.304	3.649	8.761	2.698	-8.228	-4.507
1.500009163e12	-1.282	8.534	8.257	-1.814	-6.082	-3.245	9.583	-3.223	-2.559
1.500009164e12	8.978	6.946	-7.605	-3.276	-9.312	-5.203	6.439	1.619	6.371
1.500009165e12	9.554	0.1917	6.747	-3.859	-6.37	7.72	-0.9912	-2.111	-3.973
1.500009166e12	-1.907	-7.926	-6.421	-9.871	2.65	4.838	4.591	9.064	-6.339
1.500009167e12	-9.832	-2.867	9.923	-6.254	0.6738	3.289	1.687	7.787	7.711
1.500009168e12	8.237	-3.738	-8.702	-4.502	7.826	-2.286	1.088	9.041	9.091
1.500009169e12	2.904	-1.608	-0.5884	2.71	-6.859	6.814	-6.177	-7.03	4.181
1.50000917e12	8.994	-1.086	-6.163	2.616	-2.567	-5.19	-7.323	8.474	5.792
1.500009171e12	-7.013	-6.035	4.297	4.558	3.221	5.89	6.683	-4.675	5.359
1.500009172e12	-9.098	8.567	3.837	-0.9644	-6.263	6.261	3.442	8.591	-8.849
1.500009173e12	-8.215	-4.922	2.075	3.838	-5.428	1.349	0.5164	-6.915	-2.325
1.500009174e12	-8.284	9.225	1.908	-4.636	2.908	-4.319	-1.404	1.437	6.613
1.500009175e12	0.2185	0.5603	0.6128	-7.1	9.835	-5.618	9.473	-0.02686	6.578
1.500009176e12	-3.112	2.17	9.136	-3.046	3.81	-1.184	-6.057	9.937	-4.84
1.500009177e12	-9.448	7.888	8.392	7.878	-9.841	0.7385	-0.02075	2.383	-7.571
1.500009178e12	6.038	4.333	3.309	7.75	-6.832	2.196	-3.02	-1.085	9.623
1.500009179e12	-6.034	9.724	-4.615	1.504	-1.245	0.0647	-4.602	8.24	0.719
1.50000918e12	4.443	-6.642	6.781	-2.063	-0.531	-7.596	-6.942	-9.294	-0.8325
1.500009181e12	1.587	-6.895	5.787	8.876	8.533	-4.843	-3.251	9.418	-6.3
1.500009182e12	-9.146	0.863	-0.78	-0.5627	1.444	-4.387	4.24	6.514	1.593
1.500009183e12	3.707	5.829	-8.284	-5.005	-8.322	9.399	8.802	3.356	6.274
1.500009184e12	5.729	-4.463	-8.533	9.813	-3.358	2.461	-0.4089	-4.857	3.563
1.500009185e12	-7.162	5.342	-3.65	8.304	3.254	2.764	4.425	-8.721	8.516
1.500009186e12	5.436	8.457	-2.196	6.879	1.129	9.529	-7.953	8.217	4.429
1.500009187e12	-2.146	-0.7275	1.079	4.47	8.666	-6.222	-1.573	-6.156	-7.633
1.500009188e12	4.2	-5.609	-7.057	-8.048	-9.072	3.243	-9.525	9.265	7.2
1.500009189e12	-7.22	9.539	2.441	-1.678	1.082	-5.535	-1.616	9.437	8.365
1.50000919e12	9.916	-7.302	4.03	5.332	-9.95	-2.52	-8.373	6.604	-9.698
1.500009191e12	-7.938	-1.708	6.146	8.771	2.405	-4.098	-9.55	3.497	-9.529
1.500009192e12	-1.001	-9.476	-4.227	5.884	0.6934	-5.195	0.7373	4.392	8.28
1.500009193e12	-8.481	-3.693	-9.803	7.296	-4.147	-2.391	-7.4	-3.818	4.565
1.500009194e12	-8.864	6.842	-6.565	-7.134	-9.309	6.145	2.975	9.832	-3.289
1.500009195e12	9.192	-3.292	-8.221	9.888	-0.6311	5.219	-2.771	-7.469	0.9937
1.500009196e12	-9.524	-3.4	3.815	-6.013	2.892	-4.371	6.505	-8.829	-6.584
1.500009197e12	-9.868	5.275	-6.887	3.092	3.564	-8.624	5.73	9.899	-7.184
1.500009198e12	0.3442	4.148	6.367	2.29	-1.727	-4.28	9.506	0.7239	7.64
1.500009199e12	-3.665	3.85	3.942	-7.491	7.839	-7.166	-1.384	-1.927	3.263
1.5000092e12	4.5	5.081	0.52	2.996	7.38	-7.114	9.89	-7.642	-8.362
1.500009201e12	7.959	-9.484	-3.995	0.282	-9.187	-5.989	2.782	1.824	-2.67
1.500009202e12	7.867	3.26	-0.8826	7.668	-3.47	6.649	-8.501	-6.924	-9.163
1.500009203e12	-7.737	-1.3	-7.23	8.713	-1.121	8.966	6.387	-5.254	-2.324
1.500009204e12	1.221	9.365	1.782	5.56	9.227	4.528	-6.157	-0.9875	4.908
1.500009205e12	6.141	-7.291	2.308	-1.578	6.083	-6.844	-2.491	2.639	5.411
1.500009206e12	0.1172	0.6238	4.11	-5.21	2.815	-9.725	-6.378	5.623	-7.362
1.500009207e12	7.542	-5.139	-5.881	2.979	3.934	-8.719	-5.378	-2.036	-2.202
1.500009208e12	-0.4175	4.662	-2.645	3.568	-9.003	-5.182	-5.503	-5.101	7.181
1.500009209e12	6.107	-2.714	-2.86	-2.957	5.105	5.934	2.222	2.944	4.996
1.50000921e12	-9.141	6.631	1.536	-6.515	-4.294	3.851	2.449	5.071	-0.8875
1.500009211e12	-4.863	-3.348	4.176	-1.923	-2.925	-3.821	-1.476	3.833	-8.157
1.500009212e12	-4.34	-4.824	4.866	-6.615	-3.14	5.148	8.822	-4.729	9.132
1.500009213e12	9.391	-3.494	-2.836	8.607	-3.846	-4.644	-4.148	8.868	-4.414
1.500009214e12	-1.182	-8.521	5.812	-1.711	2.03	-0.293	9.231	-2.03	5.824
1.500009215e12	-9.797	-5.386	-5.717	-8.153	-9.994	1.024	5.012	-8.633	8.618
1.500009216e12	1.024	4.075	-5.192	1.903	8.763	6.188	-1.855	-8.243	8.149
1.500009217e12	1.52	-5.266	5.817	1.331	-1.627	-9.783	-7.88	3.771	-8.005
1.500009218e12	-8.462	-4.567	1.036	4.689	-2.357	-6.259	-7.288	-3.091	-5.826
1.500009219e12	7.849	0.4309	-3.143	-3.262	9.359	6.747	2.627	0.1575	1.195
1.50000922e12	8.949	3.831	9.59	-8.613	8.671	-6.782	7.268	-7.939	6.027
1.500009221e12	-1.549	-2.063	-7.024	-3.787	-2.095	5.972	7.458	-7.699	-1.681
1.500009222e12	4.578	-3.254	-9.728	-4.51	-6.368	3.21	2.352	2.338	-5.736
1.500009223e12	4.828	0.5103	9.178	-4.465	0.6836	-2.583	1.013	-3.961	0.8716
1.500009224e12	0.1709	-8.04	4.534	-4.412	0.2197	4.047	-1.06	-1.368	3.712
1.500009225e12	1.414	6.016	1.409	1.642	0.625	3.119	9.695	8.223	-6.447
1.500009226e12	-9.553	-3.588	9.923	7.476	-1.085	-4.225	0.8057	-7.75	7.969
1.500009227e12	-5.646	8.901	-0.04761	8.138	-4.983	-8.419	8.353	8.761	5.344
1.500009228e12	8.783	-7.328	6.836	-6.451	-6.438	8.447	-6.692	-5.443	-4.576
1.500009229e12	6.296	-0.4541	2.076	-1.312	-2.365	-7.777	-2.085	-7.893	-5.204
1.50000923e12	7.784	2.764	-3.508	1.146	8.669	-1.578	-2.367	-4.001	9.094
1.500009231e12	-0.8826	8.387	9.764	7.363	-0.09521	-3.962	-8.236	6.986	3.777
1.500009232e12	0.6042	6.658	-7.531	8.073	-6.274	-3.688	-9.684	-4.434	-4.397
1.500009233e12	-0.481	-6.76	4.51	-4.161	-9.06	0.3442	-7.018	8.096	9.33
1.500009234e12	-5.038	9.122	0.6738	7.385	-9.642	4.376	4.84	4.503	8.256
1.500009235e12	2.472	-5.339	7.86	9.231	0.06226	-2.855	-0.5042	4.904	2.483
1.500009236e12	9.362	-0.5676	9.065	-9.741	8.995	-5.919	0.542	3.723	6.444
1.500009237e12	-8.164	-9.67	-7.892	2.144	2.947	0.5957	-5.699	5.521	4.778
1.500009238e12	1.946	-3.381	-8.555	-3.756	6.174	3.026	9.646	-0.6152	1.642
1.500009239e12	-8.373	9.529	6.405	-7.062	-5.698	-2.546	4.115	7.881	-3.586
1.50000924e12	-3.964	0.8911	-8.634	4.44	9.081	4.697	-0.5786	-0.4675	7.904
1.500009241e12	5.458	3.182	5.575	-0.02808	-7.305	0.3149	-5.831	8.702	-8.3
1.500009242e12	2.534	4.266	-4.867	8.087	-6.713	-8.707	3.966	1.445	4.987
1.500009243e12	-8.634	8.335	-3.048	6.178	8.453	2.39	0.5774	-8.624	1.27
1.500009244e12	-4.985	1.195	-0.1562	-5.417	8.276	0.1123	5.26	4.166	-7.927
1.500009245e12	-4.681	2.86	0.5151	-8.8	6.094	6.6	5.813	0.7495	0.6506
1.500009246e12	-0.8228	-8.879	-9.928	0.5786	9.677	5.283	-7.166	-6.99	1.265
1.500009247e12	-9.039	-0.0293	-9.849	-7.156	-5.244	-2.239	3.354	8.756	-4.375
1.500009248e12	1.206	0.8411	-8.64	-4.935	8.699	9.442	7.644	7.551	-4.109
1.500009249e12	-6.417	3.334	9.369	-2.842	-8.097	1.873	9.822	-9.381	0.7288
1.50000925e12	8.732	-4.008	-4.408	-2.753	5.262	-3.933	9.103	3.682	7.633
1.500009251e12	-0.376	0.5859	1.838	-0.4761	-3.336	-0.04761	4.341	-1.487	-4.126
1.500009252e12	-8.619	8.597	-4.926	6.636	3.395	4.943	-3.372	4.099	-3.976
1.500009253e12	9.724	4.497	4.926	-3.955	8.751	-5.919	-5.028	5.839	6.787
1.500009254e12	-0.0354	-9.303	9.12	1.102	0.5945	4.496	7.749	-0.1672	9.656
1.500009255e12	-3.346	9.641	-9.684	6.317	-5.493	-6.995	-1.359	5.955	-5.388
1.500009256e12	-9.479	-4.707	7.911	-5.122	6.639	-7.642	4.426	7.577	4.225
1.500009257e12	3.881	-6.82	5.975	-6.887	0.4846	-9.98	-5.134	-3.835	-2.366
1.500009258e12	-9.178	-3.583	-8.7	-9.612	-3.685	-2.826	-3.73	5.538	-8.396
1.500009259e12	-8.201	-3.159	-3.864	-3.282	-7.434	-1.993	-1.984	6.763	-2.899
1.50000926e12	9.774	-7.883	1.908	4.904	-9.608	-2.274	7.563	0.9839	0.1282
1.500009261e12	-0.8728	-4.54	7.905	9.308	-0.9656	4.636	-1.722	5.743	-2.893
1.500009262e12	3.711	-6.771	-8.22	-0.07324	-3.689	-1.188	4.458	1.324	1.106
1.500009263e12	1.766	-6.162	-7.766	-8.348	3.651	4.778	8.221	-4.846	1.602
1.500009264e12	-4.287	-9.5	1.527	-5.294	-3.678	-1.903	6.838	3.656	-0.2039
1.500009265e12	4.513	-4.536	-1.008	4.596	-7.974	-5.721	-5.173	-7.097	1.722
1.500009266e12	8.18	2.292	-3.719	-1.643	9.933	6.83	3.032	7.042	-2.584
1.500009267e12	-0.2722	7.34	9.613	9.712	3.228	0.7019	3.066	4.869	0.2844
1.500009268e12	-7.186	0.1562	-4.175	-0.2332	0.7031	-4.686	8.105	-9.783	-1.355
1.500009269e12	-7.233	-1.798	1.593	9.117	-9.622	-0.5054	4.244	-5.97	5.525
1.50000927e12	-6.794	4.264	-1.592	-4.185	6.608	0.8923	2.393	-1.456	1.801
1.500009271e12	0.6665	6.439	-9.948	2.296	6.361	-8.939	6.799	-2.417	0.1831
1.500009272e12	4.075	6.362	-4.113	-1.826	6.219	-2.257	-6.814	6.343	2.855
1.500009273e12	3.59	-7.015	-4.49	2.974	-0.4419	-6.243	9.37	0.4895	0.6982
1.500009274e12	9.641	-8.19	2.322	-1.532	9.822	7.146	-0.47	-6.041	-3.203
1.500009275e12	0.6641	-8.03	9.734	-4.672	-8.423	-8.379	-9.971	-7.682	-9.838
1.500009276e12	1.428	-0.6494	-7.629	-4.303	-8.545	0.6604	6.163	4.116	-0.7361
1.500009277e12	-2.172	2.795	3.226	-0.7129	2.9	-7.885	9.749	5.739	2.8
1.500009278e12	6.356	9.346	-2.616	-9.514	-9.37	-0.3857	5.571	-7.83	-6.201
1.500009279e12	1.549	9.548	-8.837	-4.301	1.143	-2.438	-2.717	-6.292	9.666
1.50000928e12	0.4736	2.988	-9.913	8.835	-9.988	0.3674	-9.902	5.975	-1.934
1.500009281e12	9.377	-0.3943	8.163	2.924	-1.909	-9.741	7.09	-0.06836	7.639
1.500009282e12	-1.353	4.395	2.726	0.7922	-6.044	-7.277	-9.158	-5.988	-5.469
1.500009283e12	3.34	-0.6641	-6.567	-0.282	8.333	5.184	-4.42	-9.384	-0.199
1.500009284e12	0.26	-7.621	-4.301	-8.762	-7.656	-0.7397	-7.911	-2.782	-9.467
1.500009285e12	-7.061	3.708	-9.712	-3.246	-8.837	8.564	2.924	7.48	-0.06226
1.500009286e12	2.828	-3.984	4.735	9.21	-4.424	9.62	2.936	1.853	7.747
1.500009287e12	-1.587	-4.772	8.015	-3.928	-0.1746	7.446	8.063	-6.51	6.567
1.500009288e12	-5.787	-3.087	5.415	-8.077	-2.244	7.05	2.275	4.009	-0.99
1.500009289e12	7.323	3.975	-3.662	2.329	-0.7166	-0.4431	8.049	6.559	-6.897
1.50000929e12	3.643	-7.013	-3.555	6.151	-0.001221	5.991	-4.323	1.165	-4.393
1.500009291e12	-8.073	5.664	1.456	-0.1367	7.327	9.468	3.203	-6.246	-3.994
1.500009292e12	-4.137	9.971	6.497	6.687	3.679	1.176	3.782	5.156	3.451
1.500009293e12	5.27	-4.843	9.12	1.849	-4.95	2.916	-4.709	-4.277	2.472
1.500009294e12	4.595	-2.534	7.637	7.031	-5.8	-4.06	3.799	-4.944	-1.256
1.500009295e12	6.078	2.487	5.504	6.194	-0.7617	5.233	-3.309	-0.7019	-3.801
1.500009296e12	-0.09277	-8.555	-1.45	1.555	-8.275	-8.462	-2.78	-9.224	7.329
1.500009297e12	8.577	-2.085	-3.97	7.49	3.778	4.85	3.066	7.694	-4.227
1.500009298e12	1.589	6.47	-1.66	4.42	-1.603	1.539	-0.3101	5.861	-7.164
1.500009299e12	2.849	1.595	-0.9424	-1.395	-5.242	-1.079	-6.349	5.797	-8.071
1.5000093e12	-5.504	-4.891	0.3345	-1.327	1.39	4.077	6.19	-5.841	-6.624
1.500009301e12	3.773	-8.025	-6.37	-4.034	5.857	-2.625	-5.814	1.085	-4.2
1.500009302e12	4.863	-9.413	3.835	1.907	4.315	4.297	3.024	7.74	5.624
1.500009303e12	-0.6897	3.224	-5.175	8.198	0.415	-7.959	-2.683	9.603	-8.01
1.500009304e12	3.838	4.082	8.358	5.287	-5.704	5.494	-6.554	-1.736	-8.06
1.500009305e12	6.766	8.444	-9.359	-7.693	4.855	-4.456	4.124	-3.221	-1.683
1.500009306e12	6.979	5.812	0.04883	4.2	-2.059	7.595	0.7141	-9.636	-2.799
1.500009307e12	2.817	-7.091	-8.04	-8.273	8.557	-6.266	9.818	-7.567	-2.419
1.500009308e12	1.44	-6.6	-5.479	0.3687	-5.193	6.75	8.008	-6.216	4.012
1.500009309e12	1.58	-6.357	-6.573	-9.594	-2.787	-2.101	-2.017	4.96	5.273
1.50000931e12	4.32	9.261	6.195	-7.357	4.38	-7.64	-6.527	8.441	-5.509
1.500009311e12	9.902	7.775	-1.465	-4.557	-8.971	-8.671	-8.972	0.4419	9.182
1.500009312e12	0.5994	-9.144	6.91	-6.526	2.075	8.75	5.032	3.472	-7.246
1.500009313e12	-4.584	9.504	2.6	-7.495	-9.46	-7.742	-1.837	-8.806	5.032
1.500009314e12	7.548	-1.53	-9.31	-6.693	3.12	-4.34	-9.79	1.304	0.6958
1.500009315e12	9.052	8.904	-0.3442	-1.287	5.023	5.116	-8.069	5.035	-4.391
1.500009316e12	-8.053	-0.8008	0.5286	-4.088	6.72	-0.2832	8.596	-8.837	2.482
1.500009317e12	-4.68	6.906	-1.216	-6.55	8.69	3.365	5.559	1.876	1.722
1.500009318e12	-0.6836	8.046	-7.555	-4.185	-2.186	-8.456	5.518	1.147	-4.312
1.500009319e12	-5.471	-8.23	4.159	1.556	9.365	0.8801	5.562	2.935	6.1
1.50000932e12	-2.384	-5.062	-4.731	-1.107	7.462	7.419	7.155	7.216	-6.504
1.500009321e12	-3.059	3.778	3.051	7.495	-1.368	-9.172	8.049	0.7849	3.164
1.500009322e12	-0.708	5.646	-7.848	-3.729	6.207	3.868	9.502	-2.843	-7.576
1.500009323e12	1.31	-2.477	-2.386	-8.256	5.334	-5.465	7.197	-8.447	3.799
1.500009324e12	0.2136	0.9583	0.7776	5.532	0.5261	1.816	6.525	-3.191	-1.641
1.500009325e12	1.312	0.6506	4.637	-1.669	-9.355	-7.107	0.5627	4.475	-5.747
1.500009326e12	-6.246	5.775	-4.644	-1.21	-3.215	-7.902	-2.848	-0.8801	9.524
1.500009327e12	-2.512	0.9021	-9.867	-5.886	-8.788	-7.638	-6.006	-7.074	1.803
1.500009328e12	-9.612	-4.982	7.791	-7.858	-2.584	-0.9961	5.754	3.739	-7.576
1.500009329e12	-8.259	5.588	-6.779	-7.877	-9.487	3.542	3.373	8.416	0.5334
1.50000933e12	5.244	8.524	2.306	-5.901	7.588	-4.509	7.343	7.227	-9.51
1.500009331e12	6.465	0.2136	8.712	-4.745	-2.858	6.87	-3.035	2.313	-3.478
1.500009332e12	3.284	6.367	8.136	-6.986	0.4126	8.346	-3.625	-6.591	-0.04883
1.500009333e12	-9.346	-7.788	5.858	-8.273	-0.4236	9.674	2.646	-6.021	-3.35
1.500009334e12	-7.966	7.04	7.968	5.739	-7.944	0.929	-6.927	7.743	-7.708
1.500009335e12	3.079	3.5	-5.415	-3.422	5.303	-6.411	-6.932	-3.832	3.324
1.500009336e12	-1.841	4.785	6.676	1.477	-3.782	8.156	4.056	-6.537	2.303
1.500009337e12	-0.2734	-5.151	4.28	2.6	-9.164	-3.887	-8.452	-0.04517	-3.898
1.500009338e12	9.93	3.73	-3.632	9.397	-7.238	-9.197	4.045	6.075	6.602
1.500009339e12	-9.93	-4.624	-6.173	1.531	3.414	-5.763	6.033	8.357	-1.431
1.50000934e12	-8.724	7.709	7.095	-7.421	-1.229	0.2551	1.279	0.238	5.184
1.500009341e12	-0.2625	0.7983	9.209	-0.4114	0.03296	0.5457	9.425	1.309	-2.162
1.500009342e12	7.506	7.905	-8.059	1.7	-4.191	6.195	-3.982	9.238	7.544
1.500009343e12	-0.4993	0.04395	-5.94	-2.351	-7.559	-4.357	-1.3	-3.273	-3.158
1.500009344e12	6.011	-4.849	-0.3101	-0.1624	9.518	-1.212	-7.843	4.362	-0.3455
1.500009345e12	0.7275	9.619	5.433	7.638	-5.354	9.28	3.91	0.3406	-1.564
1.500009346e12	6.254	9.757	6.329	-0.4419	8.439	7.924	-3.513	-2.522	3.441
1.500009347e12	-7.314	8.912	5.703	2.452	-7.233	3.298	-5.515	6.001	-8.844
1.500009348e12	-7.583	-6.766	8.796	-2.076	-5.154	-0.8142	6.888	3.213	7.213
1.500009349e12	9.229	-9.6	-2.465	-9.934	-2.078	-3.815	-5.969	-9.401	-4.17
1.50000935e12	-7.184	-1.068	-7.706	-0.9351	-4.55	4.944	-9.74	6.86	3.921
1.500009351e12	-9.485	-2.473	-4.189	-8.91	-3.817	-8.795	-1.075	-3.881	-9.286
1.500009352e12	1.073	3.524	1.711	-3.279	-7.386	3.5	-3.698	-0.116	8.002
1.500009353e12	-5.748	-1.794	-6.573	9.972	2.628	-5.961	-3.551	-2.295	7.177
1.500009354e12	-0.6702	-7.965	6.418	-2.595	7.572	-3.208	-9.117	-4.706	-6.312
1.500009355e12	3.695	7.26	8.03	4.742	-4.819	-5.181	8.74	-8.973	2.742
1.500009356e12	6.914	5.063	9.11	-5.638	-9.274	-2.867	9.553	-7.257	-8.044
1.500009357e12	0.07935	-5.122	5.19	-1.595	-9.945	1.947	-4.871	-5.975	9.933
1.500009358e12	-9.606	0.8118	-1.411	9.633	1.016	-0.6775	9.756	-8.545	-9.868
1.500009359e12	-6.477	-3.568	-4.022	-5.291	7.678	1.133	-9.896	-1.038	-4.059
1.50000936e12	5.596	7.954	-4.805	-7.504	-1.572	6.899	6.7	7.455	-4.673
1.500009361e12	-5.768	-1.045	8.085	5.006	0.09888	4.928	-3.734	6.415	-8.248
1.500009362e12	8.97	4.312	-1.191	-3.45	-2.573	8.925	-0.4175	-1.973	4.493
1.500009363e12	2.827	-8.655	-0.05615	-3.296	-3.175	-3.71	-0.6641	-9.554	2.797
1.500009364e12	3.041	-9.213	3.068	7.43	-2.229	8.552	-1.447	-0.4272	-5.924
1.500009365e12	0.8643	-5.8	3.383	4.729	7.75	4.473	2.803	-8.251	-2.24
1.500009366e12	-1.654	-6.929	-9.34	4.041	-3.307	8.27	-7.921	7.933	-9.722
1.500009367e12	-7.95	1.036	7.083	-3.202	7.552	-9.218	5.846	7.19	5.363
1.500009368e12	-5.784	-7.262	2.367	-8.396	4.889	-5.867	7.213	-1.727	6.044
1.500009369e12	-3.669	1.182	6.577	-8.199	4.714	0.2905	-1.58	3.726	8.5
1.50000937e12	0.249	3.323	-1.122	-4.614	6.835	-2.384	-4.96	-0.3943	6.984
1.500009371e12	-0.592	0.04639	-1.438	-1.949	-9.161	-1.139	1.985	-7.855	-6.66
1.500009372e12	-3.889	-2.749	-4.438	-9.337	9.161	5.885	1.396	6.348	-4.309
1.500009373e12	-9.191	-9.042	5.929	9.552	2.045	-5.519	8.138	-0.02808	2.397
1.500009374e12	-5.116	6.32	-1.154	5.942	6.532	7.646	5.525	3.997	-5.327
1.500009375e12	-5.295	4.194	-1.897	6.122	4.247	8.02	-5.514	-2.289	-0.8948
1.500009376e12	2.422	-8.519	0.1685	-9.769	-7.139	8.899	6.287	-8.43	3.531
1.500009377e12	4.222	1.526	8.584	4.384	-0.9167	-6.915	8.038	-6.041	-9.634
1.500009378e12	5.807	3.212	7.136	5.862	1.788	-2.494	4.139	6.979	6.023
1.500009379e12	9.052	-0.4797	-7.611	0.1257	-5.12	4.146	-1.398	9.608	1.783
1.50000938e12	-6.206	0.4956	6.826	-8.754	8.083	-2.815	-0.8044	-5.721	-7.358
1.500009381e12	6.313	0.7837	8.169	1.625	-2.919	-0.8362	3.057	-4.314	-4.877
1.500009382e12	-0.7166	-7.858	-4.111	5.741	9.911	6.189	4.033	7.556	-9.435
1.500009383e12	-4.302	6.133	-9.385	4.159	-5.945	3.931	-8.473	-1.573	-2.48
1.500009384e12	-1.31	-0.5212	-3.281	3.746	0.6311	3.982	5.457	-0.7385	8.138
1.500009385e12	7.85	8.923	9.458	2.795	-5.677	-8.879	1.696	3.599	-1.295
1.500009386e12	-4.403	9.326	-9.773	9.303	-2.609	7.904	-8.726	2.817	-8.61
1.500009387e12	-1.207	-9.34	4.219	-1.221	-6.46	-8.269	4.088	9.398	-3.958
1.500009388e12	-4.049	8.311	-1.516	6.997	-0.5823	1.987	7.877	2.441	-2.611
1.500009389e12	5.571	6.786	-8.265	8.391	3.699	1.572	9.409	4.652	-9.774
1.50000939e12	-4.374	3.781	-6.233	2.413	-1.801	1.068	4.598	7.809	1.472
1.500009391e12	3.829	4.524	-5.457	1.609	5.54	8.45	-4.458	-9.562	5.004
1.500009392e12	7.209	-5.349	9.514	-2.488	9.917	-5.996	1.772	3.931	-5.403
1.500009393e12	3.862	5.858	8.312	4.489	1.989	5.01	6.99	-7.311	0.1404
1.500009394e12	5.116	-9.829	-3.015	-6.445	-4.551	-1.18	0.8069	-1.753	1.88
1.500009395e12	8.167	0.4346	-9.792	9.618	3.635	-7.096	6.415	5.632	-4.922
1.500009396e12	-3.455	-1.749	-1.978	0.8044	-4.79	1.134	2.742	0.127	-0.6799
1.500009397e12	-2.472	7.174	4.591	-8.889	2.206	-0.2209	1.729	-4.305	-0.9668
1.500009398e12	-2.125	0.4175	2.062	0.6104	-3.672	8.987	3.258	-6.155	1.028
1.500009399e12	4.518	-4.795	7.456	9.176	8.181	-1.678	5.298	-3.689	1.187
1.5000094e12	-9.537	-6.801	5.715	-2.344	8.167	-7.593	8.574	2.504	5.931
1.500009401e12	5.917	1.041	-2.297	4.417	6.637	4.39	-5.549	1.89	-6.262
1.500009402e12	6.013	0.1501	5.134	-7.766	-1.392	-6.409	-8.99	8.154	8.07
1.500009403e12	4.213	-5.044	7.31	-7.469	3.14	5.638	7.15	-7.947	-8.201
1.500009404e12	-7.886	-4.573	-8.661	0.929	-1.047	5.717	-0.5347	-4.692	-6.636
1.500009405e12	-6.423	-5.004	4.872	-5.591	-0.636	-5.361	9.471	-9.823	4.528
1.500009406e12	8.304	7.704	7.609	-1.033	9.878	0.4431	9.916	-5.962	-4.816
1.500009407e12	2.622	-1.174	5.853	-8.226	1.608	-5.439	6.598	6.718	2.031
1.500009408e12	-7.229	-7.1	5.481	8.868	6.727	-1.134	-5.674	-5.648	0.6213
1.500009409e12	-5.12	1.304	8.931	-7.339	-9.905	8.606	2.572	-8.768	-6.547
1.50000941e12	8.21	-4.825	9.619	8.621	7.598	-8.484	6.869	9.847	9.966
1.500009411e12	6.161	5.641	1.45	6.241	6.797	0.5017	-0.387	-8.093	-4.088
1.500009412e12	7.62	-9.612	7.073	-2.224	3.685	8.326	5.536	3.409	-2.743
1.500009413e12	-5.522	-9.305	0.7593	-3.442	4.553	-0.5493	-9.176	0.3577	-1.584
1.500009414e12	4.834	8.215	-3.063	-0.05371	4.269	8.799	-5.748	-3.835	0.238
1.500009415e12	3.954	2.355	-7.335	-2.972	0.7324	7.92	5.558	-9.8	-1.469
1.500009416e12	2.118	-7.228	5.009	5.386	-4.379	1.959	1.674	5.894	-4.645
1.500009417e12	3.323	-0.5273	-2.791	8.516	3.136	2.491	3.521	-2.499	7.971
1.500009418e12	-9.26	3.345	-3.412	-6.921	-5.249	-8.754	4.847	-2.734	-6.127
1.500009419e12	8.711	4.954	0.3821	-3.782	5.269	0.8887	2.885	-1.03	2.119
1.50000942e12	6.183	2.512	-4.541	9.766	-2.228	-0.3711	-0.6189	7.506	4.836
1.500009421e12	-5.425	2.506	-2.292	-5.212	-7.794	5.305	3.164	0.6775	1.868
1.500009422e12	1.865	-6.135	3.635	-6.156	9.781	1.227	-8.131	-7.568	-0.9241
1.500009423e12	9.442	-5.238	6.235	5.848	-3.312	8.81	1.946	-8.021	-5.426
1.500009424e12	7.626	2.678	9.054	8.115	-9.581	-3.937	-5.594	9.441	2.211
1.500009425e12	4.758	-2.393	-3.413	-6.897	6.124	4.172	-9.381	-9.677	2.817
1.500009426e12	1.243	-7.128	5.444	-7.733	-2.163	2.166	2.43	3.119	-8.192
1.500009427e12	-4.325	7.56	3.114	-1.057	-3.542	-5.135	3.053	-1.774	-1.976
1.500009428e12	-4.735	-6.874	9.993	-3.759	9.386	-8.192	0.9119	-2.82	7.037
1.500009429e12	6.295	-8.983	8.831	-6.804	5.536	9.125	5.83	-3.623	-1.185
1.50000943e12	-1.943	-3.472	-7.213	6.249	-7.141	4.115	2.654	-6.805	6.216
1.500009431e12	1.625	-1.661	3.834	7.662	-1.704	-4.744	4.684	-9.305	9.377
1.500009432e12	-4.659	-5.853	2.24	-8.619	-0.144	-9.004	4.407	2.739	-9.581
1.500009433e12	-6.234	2.728	-9.225	-2.372	4.919	4.685	5.834	-7.084	-6.731
1.500009434e12	0.8459	-8.119	6.273	-0.1001	-3.628	4.795	2.83	-7.834	4.095
1.500009435e12	-7.85	-8.126	-2.794	2.449	-0.9265	-1.385	-7.69	-1.608	-5.984
1.500009436e12	6.5	-6.897	-9.573	5.21	-3.741	8.108	-1.938	1.566	-0.5273
1.500009437e12	-0.8191	-7.362	1.337	-6.735	4.144	5.336	-2.438	3.6	0.7227
1.500009438e12	3.185	2.953	-6.094	-0.188	-9.292	1.968	-3.955	2.517	5.12
1.500009439e12	2.279	5.846	-6.055	-5.796	5.658	-3.883	-4.916	6.093	2.46
1.50000944e12	-3.953	8.405	4.211	3.148	0	5.961	-4.376	-5.033	3.409
1.500009441e12	-7.395	6.466	1.78	-6.284	-7.517	-2.599	-1.82	8.009	-5.77
1.500009442e12	2.474	-7.267	5.659	-3.864	-9.912	-5.131	5.793	3.312	-3.49
1.500009443e12	-3.636	-1.483	9.532	-5.392	2.325	3.557	7.075	2.534	-8.53
1.500009444e12	9.137	2.858	0.3748	2.678	-0.5493	6.154	6.903	4.961	-2.793
1.500009445e12	-3.06	9.645	-3.126	-1.692	2.408	-3.596	4.891	-3.354	5.15
1.500009446e12	5.36	-5.529	1.003	-8.324	-0.1819	7.983	-0.6506	-9.282	-2.321
1.500009447e12	-8.566	-4.309	-8.517	-8.495	3.112	1.495	5.157	-3.381	-1.687
1.500009448e12	-5.911	-9.94	-2.952	9.53	-7.963	8.683	-0.1904	3.418	9.139
1.500009449e12	4.586	-8.278	-8.175	-0.5713	-4.816	-6.611	-3.823	0.7446	9.187
1.50000945e12	2.77	-2.212	4.119	-8.319	-0.007324	7.207	-0.47	-2.142	6.427
1.500009451e12	7.434	7.836	7.252	-3.802	-5.433	7.078	-1.393	-6.724	7.998
1.500009452e12	4.702	-8.893	6.547	-5.405	-5.25	0.9851	-9.073	9.451	6.108
1.500009453e12	8.695	0.4041	8.529	-5.822	7.097	-4.039	-2.834	-9.517	0.3564
1.500009454e12	-0.1428	5.073	9.955	-4.969	-0.3003	9.138	4.558	2.041	-8.914
1.500009455e12	-3.391	-0.6494	0.7068	6.635	-8.34	-8.134	-5.325	7.289	-2.744
1.500009456e12	-0.01221	1.377	7.953	5.134	0.6128	6.245	1.329	-2.046	0.3735
1.500009457e12	-8.617	-8.134	4.766	0.188	0.9448	-1.555	-0.4175	-0.5798	7.31
1.500009458e12	-3.319	5.66	0.5237	-4.008	0.4382	-0.8813	-8.999	6.078	-3.083
1.500009459e12	-6.733	-5.765	-4.816	-0.4016	-8.792	1.519	4.475	-1.133	8.743
1.50000946e12	-6.692	-4.688	-2.434	1.169	3.436	2.422	0.9106	6.288	1.681
1.500009461e12	3.301	6.892	4.362	9.855	-2.194	9.404	-5.97	6.232	-4.919
1.500009462e12	-2.654	-5.741	6.335	6.602	-5.828	-0.3943	-8.699	-6.392	5.576
1.500009463e12	-1.842	8.682	9.674	0.6543	2.996	-2.472	4.938	4.215	8.81
1.500009464e12	-9.506	2.498	2.424	7.78	-6.254	2.625	-4.622	7.993	-4.413
1.500009465e12	6.154	5.127	-9.701	-1.589	9.014	1.788	9.598	-1.58	-4.258
1.500009466e12	-4.772	-6.703	-7.891	4.222	5.671	9.445	7.186	-8.53	8.95
1.500009467e12	-9.901	5.538	9.055	-4.341	0.4834	-3.463	-9.607	9.604	4.415
1.500009468e12	-1.078	-2.678	-6.959	-9.974	-1.826	-8.711	-3.003	3.975	-3.464
1.500009469e12	5.94	-9.863	3.419	-6.517	0.1953	9.963	-3.922	-9.608	7.43
1.50000947e12	-0.2686	8.231	6.803	6.277	-8.666	-3.273	-3.594	3.973	5.186
1.500009471e12	-4.38	4.878	0.4138	3.718	-7.985	-7.351	4.641	8.823	1.692
1.500009472e12	3.	2.334	1.53	-2.363	-1.403	-6.633	-7.159	-2.043	3.489
1.500009473e12	8.656	3.4	5.876	6.704	-9.02	1.748	-7.048	6.135	6.301
1.500009474e12	9.679	5.294	-8.562	-0.6689	-2.325	8.613	9.418	1.071	-5.161
1.500009475e12	8.4	8.058	-7.472	-5.156	0.8801	-5.216	-1.744	-0.3125	7.321
1.500009476e12	-1.796	9.996	-7.592	3.866	-4.05	-2.633	-7.153	4.624	0.7458
1.500009477e12	-6.562	0.06958	-7.834	-1.99	-9.939	2.625	-2.953	7.322	2.382
1.500009478e12	-6.257	7.124	-0.6238	6.426	9.762	-8.644	-4.68	7.445	-5.242
1.500009479e12	1.077	1.591	-3.672	2.963	-1.824	3.799	-4.836	1.801	-3.573
1.50000948e12	0.708	5.266	-0.675	4.347	2.334	-2.02	-9.05	-4.497	0.7092
1.500009481e12	-8.676	-1.862	7.938	4.98	2.515	-7.377	-4.84	-7.485	1.705
1.500009482e12	6.151	-2.034	3.528	6.46	-3.71	-9.663	2.128	-4.561	9.657
1.500009483e12	2.112	-1.117	3.868	-5.588	0.5505	3.525	-9.25	-4.583	-2.919
1.500009484e12	9.674	-4.257	5.84	6.311	-1.533	3.156	-7.211	2.261	-5.023
1.500009485e12	7.793	0.06226	-1.949	-2.753	-1.76	5.304	6.124	6.863	7.296
1.500009486e12	-4.939	-9.489	-1.636	-3.322	-9.968	-8.237	2.55	5.516	-1.243
1.500009487e12	-5.997	-3.862	4.55	-0.7837	-0.4248	5.112	8.341	3.204	-7.073
1.500009488e12	-2.201	3.406	-2.743	-3.624	-2.51	-0.5774	2.975	5.693	9.763
1.500009489e12	1.172	-6.317	-1.428	4.792	-6.824	7.433	-9.812	-0.968	6.007
1.50000949e12	-0.1819	-5.3	8.958	-0.4272	-3.723	-4.686	-9.869	6.782	-0.8301
1.500009491e12	6.466	-8.333	9.105	-9.984	2.29	6.615	-3.571	6.738	5.518
1.500009492e12	-9.594	2.806	8.512	-7.476	-7.504	-9.42	-6.125	8.146	9.128
1.500009493e12	7.655	5.082	-3.572	8.307	2.786	-8.523	-8.02	3.466	-7.588
1.500009494e12	5.201	-5.859	2.804	-2.41	3.563	4.452	-7.661	5.876	3.397
1.500009495e12	-0.6238	-2.467	5.966	-1.306	1.476	-0.08911	-5.597	-4.127	-7.604
1.500009496e12	-4.082	0.2332	-1.887	-6.842	1.061	-3.185	4.712	5.939	0.3015
1.500009497e12	-8.21	2.126	6.036	0.2856	-1.52	-9.406	-1.279	-1.317	5.062
1.500009498e12	-0.4016	-0.863	-7.491	7.935	-8.575	5.079	-5.934	8.751	-6.364
1.500009499e12	0.9827	-2.751	-5.604	8.864	-0.8728	-0.719	-3.988	-2.731	-9.335
1.5000095e12	-1.436	-0.2124	-4.478	-2.898	9.351	8.263	9.764	-4.839	-8.531
1.500009501e12	0.2722	-0.09766	5.468	8.647	1.329	-1.586	1.339	6.442	4.026
1.500009502e12	0.1953	-9.198	-1.373	0.7104	-2.834	-8.292	-7.417	4.631	-5.034
1.500009503e12	2.125	-6.155	5.789	0.1941	-8.442	-9.315	-1.107	-2.96	-9.825
1.500009504e12	-3.536	-2.589	-3.734	8.9	9.169	1.58	-9.449	-8.684	-3.643
1.500009505e12	8.032	-3.55	-4.163	8.026	-2.417	-6.658	7.755	5.496	6.427
1.500009506e12	-7.043	-4.858	-4.905	-1.665	-6.107	7.028	4.109	-4.441	5.321
1.500009507e12	-1.586	6.841	8.549	7.291	-5.981	5.059	-9.701	-5.535	6.044
1.500009508e12	7.622	-2.943	-1.237	-8.86	5.306	-8.097	1.326	-5.544	6.779
1.500009509e12	3.29	-8.944	5.193	-8.007	-9.819	-1.628	3.032	5.582	-6.331
1.50000951e12	9.083	9.061	0.7227	6.611	3.639	8.715	4.32	-6.666	6.746
1.500009511e12	-8.843	-8.264	-9.739	5.885	-1.201	8.052	0.3735	-0.7568	4.884
1.500009512e12	-5.847	1.055	-4.27	5.629	7.18	5.862	-1.508	-1.039	-0.04883
1.500009513e12	-3.744	-0.9302	-0.1453	5.439	1.028	-8.151	-8.71	4.315	-9.468
1.500009514e12	-0.05859	-4.576	-1.495	-4.994	-3.506	9.171	6.277	4.463	-8.854
1.500009515e12	-1.333	-5.966	7.162	-4.81	2.651	7.996	4.166	5.575	-0.8655
1.500009516e12	-5.438	4.624	1.046	2.773	6.243	-2.316	-8.542	4.53	6.075
1.500009517e12	3.969	4.8	5.176	7.559	1.332	-9.785	-0.7422	2.462	8.811
1.500009518e12	5.072	-8.518	-1.196	4.713	9.028	-0.5652	-4.415	4.545	6.616
1.500009519e12	-7.062	9.692	3.262	1.769	2.156	0.8264	-3.043	0.9021	-5.906
1.50000952e12	4.283	3.291	-5.651	6.661	6.047	-3.347	5.253	8.298	-1.705
1.500009521e12	2.034	7.306	-4.722	-1.339	5.405	-9.956	-9.512	-6.188	7.617
1.500009522e12	3.802	7.844	-7.467	0.3821	-9.077	5.082	-5.537	-1.278	-4.836
1.500009523e12	-7.28	-1.958	0.3235	0.8252	-1.013	1.067	-6.841	6.835	-9.664
1.500009524e12	8.521	-8.103	9.808	-2.615	3.655	7.858	-6.923	3.698	8.113
1.500009525e12	4.313	-9.866	2.69	1.125	-5.464	4.705	-9.537	1.185	-8.632
1.500009526e12	9.969	-8.403	5.197	7.886	1.838	-2.399	-7.145	-1.692	0.8496
1.500009527e12	-8.674	-9.894	-9.662	-2.694	1.715	-1.378	8.42	-8.312	9.73
1.500009528e12	-2.291	-5.056	-3.596	9.182	2.842	7.467	-4.457	-0.5847	-6.375
1.500009529e12	6.744	3.18	-1.117	-8.633	6.724	-8.226	-2.128	-9.041	5.315
1.50000953e12	-8.215	3.112	3.65	-6.92	6.149	7.19	-8.951	-4.617	-4.08
1.500009531e12	-3.076	7.726	8.792	0.6787	8.685	-9.457	-3.357	7.775	3.021
1.500009532e12	-2.949	-7.682	7.809	0.3064	1.278	2.589	1.39	1.667	-0.0354
1.500009533e12	8.981	-2.427	4.611	-9.948	-8.892	4.294	1.368	-4.37	9.114
1.500009534e12	-8.638	7.762	1.683	9.653	4.347	8.918	-0.3381	-0.7825	7.483
1.500009535e12	-0.9705	4.021	-3.699	2.502	-3.571	-4.016	7.545	9.855	2.124
1.500009536e12	4.049	7.493	-3.311	9.132	8.187	-9.038	3.3	-6.702	8.202
1.500009537e12	1.531	-6.588	7.151	7.875	5.42	-8.217	9.218	-7.036	8.979
1.500009538e12	8.901	2.039	-1.047	-1.064	7.653	-9.548	-6.427	-2.917	-5.306
1.500009539e12	6.342	-3.02	-4.717	2.487	9.786	-9.397	-9.303	9.072	5.327
1.50000954e12	-8.285	8.054	-7.286	1.633	8.898	9.74	5.925	0.03174	3.219
1.500009541e12	6.36	9.683	-1.118	0.7324	-0.3015	7.172	8.568	-6.326	-1.732
1.500009542e12	-3.936	-7.465	-2.124	5.391	3.146	-1.814	-3.872	-3.25	2.944
1.500009543e12	9.255	-9.309	4.977	1.964	8.212	-5.947	5.868	-5.757	-7.815
1.500009544e12	-8.007	-2.38	-8.394	-2.98	-1.575	-5.585	-0.4041	1.333	-0.8057
1.500009545e12	-5.696	3.674	3.195	2.109	3.151	-9.846	-6.461	-3.771	-9.39
1.500009546e12	-5.563	-7.14	2.744	-5.242	9.692	-1.564	-2.366	-4.622	-7.065
1.500009547e12	-6.189	9.628	-4.358	-1.084	-8.632	-6.731	1.488	3.472	-9.949
1.500009548e12	-2.1	1.748	0.8948	-7.086	7.71	8.129	-2.212	-6.189	9.586
1.500009549e12	-9.314	6.677	-1.639	0.9241	6.045	3.003	-6.633	0.4407	-3.268
1.50000955e12	-0.9534	-2.445	-2.642	-6.581	5.798	-3.699	-1.497	-9.991	8.031
1.500009551e12	9.7	4.067	-8.403	-1.763	9.312	-2.994	7.098	7.098	-6.229
1.500009552e12	-9.331	-3.146	2.86	-0.8691	8.619	4.791	5.974	-1.963	1.724
1.500009553e12	8.201	5.441	-5.629	-3.578	3.676	3.513	-3.812	1.064	4.103
1.500009554e12	-8.942	-9.307	4.016	5.334	7.859	9.551	-1.301	5.228	6.284
1.500009555e12	6.202	-1.818	-6.656	-7.937	3.489	-8.49	-2.812	-8.359	-5.74
1.500009556e12	-9.	-5.502	5.371	5.686	0.271	-3.176	-9.706	-8.807	-7.506
1.500009557e12	-4.222	-0.3845	9.354	5.602	-1.194	4.058	-3.942	-5.388	-0.3149
1.500009558e12	-9.57	-4.015	-1.135	8.607	5.718	-4.592	-9.916	-4.327	9.954
1.500009559e12	-2.347	-6.342	-6.409	-4.891	4.287	-1.198	5.09	9.919	4.229
1.50000956e12	-3.468	9.205	-2.882	-6.182	-9.955	-2.021	-4.291	1.537	-5.746
1.500009561e12	9.161	-5.447	5.602	1.869	-4.427	6.405	8.307	-2.98	-4.641
1.500009562e12	-8.019	-8.671	-1.578	5.99	5.702	-9.686	4.227	2.917	-0.7324
1.500009563e12	-2.261	-3.944	0.3589	-6.495	-0.2356	7.968	-5.405	-9.921	-1.024
1.500009564e12	6.682	9.834	-8.44	7.297	9.469	8.202	-1.005	0.9131	-0.1892
1.500009565e12	7.831	7.377	9.456	9.672	2.117	-4.977	1.694	-2.207	9.656
1.500009566e12	5.667	-4.655	-5.509	4.335	0.7764	-8.474	-5.59	8.44	-5.742
1.500009567e12	2.522	-7.113	5.239	-2.155	7.018	-6.301	6.547	-8.472	7.269
1.500009568e12	6.349	-1.215	-2.306	6.378	-0.4529	-2.831	-6.707	8.525	-0.04395
1.500009569e12	-8.28	0.4407	7.649	4.811	1.169	6.15	6.666	0.6018	9.374
1.50000957e12	-7.892	3.364	-9.907	3.995	-9.252	-1.104	-1.818	6.57	8.972
1.500009571e12	-6.323	-7.367	4.946	3.926	0.2734	-9.037	-8.135	-0.5005	-2.242
1.500009572e12	3.23	-7.798	-5.372	-7.609	7.986	4.977	-8.063	-5.797	-7.638
1.500009573e12	-8.75	-7.864	-7.943	-9.292	2.474	-3.527	-9.33	8.879	6.099
1.500009574e12	-1.824	4.902	-4.906	-0.3247	-9.827	-9.236	8.174	-1.362	5.393
1.500009575e12	-7.288	-3.849	-4.526	-1.975	-2.938	-2.863	-1.057	-2.383	-6.074
1.500009576e12	6.011	5.164	0.3198	-4.784	9.12	4.193	4.767	4.377	5.421
1.500009577e12	-2.128	7.949	6.399	-2.814	4.601	-8.213	-1.111	6.16	5.322
1.500009578e12	-1.989	9.81	-1.434	-2.787	8.772	-2.808	4.122	-3.972	-1.763
1.500009579e12	-6.353	-7.705	0.9009	-0.7642	-5.187	-3.165	-6.68	8.795	-5.1
1.50000958e12	-3.564	1.802	9.294	0.3809	1.14	-9.285	-7.955	-2.537	-2.806
1.500009581e12	7.788	-4.703	-9.348	3.817	7.33	0.5151	-3.068	-5.255	-7.046
1.500009582e12	1.171	-1.812	3.499	-7.614	0.2966	-3.263	-8.672	-2.601	-1.227
1.500009583e12	-9.41	-2.915	1.664	0.0708	-1.694	-9.432	-1.163	-1.24	1.432
1.500009584e12	-3.878	-0.3992	4.379	-3.938	-3.414	7.009	-0.6372	1.561	-4.037
1.500009585e12	2.758	6.846	6.108	9.711	4.424	-0.3247	2.3	3.784	7.657
1.500009586e12	3.918	1.879	5.792	5.338	-6.761	-2.106	-1.189	-7.158	0.3088
1.500009587e12	7.065	2.195	4.495	9.688	-2.015	3.794	8.656	-5.702	3.553
1.500009588e12	1.229	7.782	-5.42	3.389	3.661	2.95	5.551	-5.21	8.975
1.500009589e12	7.756	0.07568	8.295	3.636	7.245	0.8875	2.281	4.188	7.678
1.50000959e12	-0.6274	5.328	-7.987	6.345	-3.477	8.832	-1.46	3.143	-0.08667
1.500009591e12	-6.292	-9.631	7.437	-7.012	2.953	-5.283	-5.679	6.018	-7.201
1.500009592e12	-9.624	-7.872	2.151	-4.521	1.87	6.318	-4.514	-8.866	4.624
1.500009593e12	-0.04517	-3.647	-0.321	1.82	-4.153	1.399	-8.884	-1.299	-2.975
1.500009594e12	-8.289	-2.109	0.5896	-7.976	5.891	-9.644	-9.681	7.872	0.7031
1.500009595e12	-0.4419	2.07	-4.153	4.408	0.448	3.566	9.06	1.737	-4.696
1.500009596e12	5.625	-2.552	-3.207	5.802	7.098	7.725	8.467	2.878	1.483
1.500009597e12	-1.852	-7.944	-7.3	-0.6384	2.78	-1.493	-9.084	7.288	-0.0415
1.500009598e12	2.756	-1.152	6.113	-6.505	-4.609	-8.075	-8.455	-6.085	4.384
1.500009599e12	-8.812	-8.274	-4.214	0.05127	6.675	4.858	8.833	-9.659	-6.648
1.5000096e12	-1.187	4.13	7.833	-3.066	-1.833	4.788	3.579	-1.731	8.317
1.500009601e12	5.09	-3.397	-9.568	-5.439	1.753	-1.335	-0.3235	-9.984	0.09644
1.500009602e12	8.666	-0.3198	-9.802	-1.423	-9.9	-2.307	8.928	-6.736	-6.792
1.500009603e12	9.982	1.331	8.435	1.116	6.848	-5.62	7.002	-2.013	9.761
1.500009604e12	6.785	-4.47	7.281	0.1086	-7.047	-7.377	3.558	4.777	-6.847
1.500009605e12	-2.114	-2.008	3.116	2.164	3.19	-5.331	7.579	-7.416	-5.22
1.500009606e12	1.044	2.592	4.088	-9.858	7.733	5.128	-9.403	8.298	9.213
1.500009607e12	2.931	9.414	6.05	4.884	1.941	-6.63	5.923	-7.958	-2.888
1.500009608e12	0.7715	5.543	-8.855	8.385	3.978	-5.857	7.892	5.455	-6.75
1.500009609e12	0.3479	0.7739	-9.78	-5.253	0.1221	1.257	-4.198	8.456	-7.039
1.50000961e12	-3.197	-1.831	5.57	1.185	-0.3723	-0.5347	7.556	-9.829	0.1025
1.500009611e12	1.97	0.9253	-1.281	7.114	-3.506	3.423	8.271	-0.003662	9.818
1.500009612e12	7.119	6.984	4.719	8.184	-0.4773	1.344	6.382	8.86	-7.542
1.500009613e12	9.29	9.64	-6.343	5.103	6.765	-6.5	1.545	4.319	-2.673
1.500009614e12	-7.462	-5.503	-7.19	-4.518	4.744	-4.507	-9.253	-0.8423	-5.571
1.500009615e12	1.156	-3.075	-0.3406	2.98	-3.274	-7.826	6.565	4.165	-1.445
1.500009616e12	-2.665	-0.6104	7.59	-0.8301	6.98	-4.023	1.206	9.612	-8.746
1.500009617e12	-3.113	6.967	-1.609	-0.07935	-0.0354	-9.46	-0.1428	6.393	-4.012
1.500009618e12	-1.959	-9.266	-7.697	-4.136	-5.193	-0.2954	-5.204	-4.72	-5.922
1.500009619e12	7.146	1.722	6.569	-3.885	2.891	3.929	-9.323	2.922	3.655
1.50000962e12	2.128	4.558	-0.1099	9.102	-2.975	-5.859	8.036	-9.705	4.918
1.500009621e12	-5.433	-2.793	1.597	0.1538	3.461	-5.618	-8.95	9.83	-4.723
1.500009622e12	-4.301	3.685	-3.679	1.23	4.282	-4.243	8.252	-6.345	-0.4736
1.500009623e12	-7.632	8.981	6.129	9.326	-2.297	6.083	-9.29	0.3064	6.335
1.500009624e12	-7.229	-3.528	-8.152	-6.517	-5.591	1.704	9.484	3.198	-1.193
1.500009625e12	-6.926	-7.245	-0.2148	-4.585	-8.441	-3.733	5.203	3.127	5.048
1.500009626e12	5.767	2.783	5.59	-0.5835	7.906	-6.666	4.684	-4.114	-7.677
1.500009627e12	3.927	-0.6836	-6.426	-9.425	6.376	-1.219	8.795	-7.346	-6.818
1.500009628e12	3.434	8.787	-2.084	5.221	-9.131	-6.802	2.916	6.221	-5.873
1.500009629e12	-9.064	1.412	0.2124	4.55	7.49	4.847	4.28	3.14	-7.976
1.50000963e12	-9.489	6.611	-2.603	2.896	6.906	-4.022	-9.271	1.293	-8.528
1.500009631e12	-0.3357	-1.694	-1.331	-7.208	7.749	1.642	1.383	-3.369	5.325
1.500009632e12	1.074	-4.594	5.748	8.307	9.343	0.625	-3.635	0.7495	4.214
1.500009633e12	3.621	8.113	-0.6274	-1.394	2.635	-0.9363	-6.681	8.759	2.472
1.500009634e12	-1.31	8.049	9.374	-3.756	0.09277	-7.985	1.864	-3.073	-8.472
1.500009635e12	7.679	8.11	9.553	4.198	5.823	8.623	7.137	3.871	-8.015
1.500009636e12	-7.177	-1.693	8.461	-1.328	1.326	0.4968	-9.878	7.445	5.133
1.500009637e12	1.586	6.599	-6.836	3.267	-0.3748	1.294	7.12	9.526	0.3003
1.500009638e12	-7.006	7.932	-3.855	-8.276	2.871	9.536	-1.584	2.34	6.873
1.500009639e12	-9.426	0.3992	5.962	-0.2051	8.242	0.3552	-2.812	-1.252	9.23
1.50000964e12	-6.978	-4.644	-9.196	0.2002	8.374	3.322	-8.641	-6.013	-0.7568
1.500009641e12	3.788	1.395	-9.043	1.674	-3.932	2.386	-5.428	8.093	-3.844
1.500009642e12	0.7227	-6.151	6.991	6.438	-1.774	0.6726	-3.844	7.2	6.676
1.500009643e12	-5.038	9.413	1.575	8.013	-3.182	8.943	3.439	-4.395	-6.912
1.500009644e12	-2.699	-4.312	1.074	-0.5701	0.8801	-8.917	0.03418	-9.69	3.052
1.500009645e12	-8.9	-8.893	7.892	-8.492	8.258	-7.013	3.268	9.114	-0.9314
1.500009646e12	-9.738	-6.104	-0.7056	-0.7617	4.631	-0.3113	-1.1	7.672	-1.489
1.500009647e12	-8.324	3.125	2.472	0.4895	-4.668	9.347	-2.781	-1.432	-3.696
1.500009648e12	8.271	-6.287	-0.1917	8.163	-5.922	-3.23	-5.718	2.179	9.758
1.500009649e12	4.481	4.359	6.724	7.349	-0.9485	-4.307	-3.232	-3.907	4.332
1.50000965e12	-3.948	4.165	-5.957	4.227	-7.614	3.918	4.845	8.236	-8.378
1.500009651e12	-1.971	-2.612	-6.848	-4.628	4.528	8.119	-1.15	1.04	3.469
1.500009652e12	-5.811	-8.319	-3.785	-3.796	5.972	7.236	1.687	-7.782	-8.055
1.500009653e12	2.703	-4.447	7.043	-8.723	8.914	-1.027	-6.311	-6.383	-5.594
1.500009654e12	2.247	0.2039	-6.088	-8.03	-4.142	7.872	-3.445	-3.817	-5.366
1.500009655e12	3.138	-1.993	0.04272	-1.669	-4.718	-6.466	7.513	-1.206	-3.579
1.500009656e12	8.413	-4.376	-8.785	9.331	1.498	0.6384	-0.4492	-7.662	-8.834
1.500009657e12	6.882	-8.965	-7.118	-5.126	7.458	-3.829	-4.32	3.907	0.7263
1.500009658e12	3.983	-3.125	-9.594	-4.308	-5.36	6.326	3.267	-9.777	3.556
1.500009659e12	3.885	-0.7324	-6.588	-0.9534	-4.808	-4.12	4.971	-8.364	7.189
1.50000966e12	1.532	-2.118	-6.05	-9.656	4.021	-9.695	-8.363	5.334	-0.5957
1.500009661e12	6.077	-4.435	-4.254	-9.513	-7.683	6.356	-6.224	-4.736	-6.022
1.500009662e12	4.067	-7.054	-0.7153	4.286	-0.1294	-6.459	-9.364	-5.627	3.944
1.500009663e12	-8.488	-0.4688	7.067	5.594	0.03784	-5.42	-1.353	6.674	-3.854
1.500009664e12	-0.7898	5.84	0.3955	-4.901	-3.448	2.053	1.276	-3.333	-0.0708
1.500009665e12	-2.928	7.217	-4.54	-2.485	3.439	-7.222	-9.658	1.102	3.223
1.500009666e12	-4.186	-8.149	5.569	-0.6958	5.688	-3.63	-2.032	-4.808	1.375
1.500009667e12	3.234	0.4224	-4.03	-4.086	-0.2832	-7.166	-2.71	1.155	-2.762
1.500009668e12	-6.23	6.532	-4.049	4.434	-0.6738	-8.184	9.868	7.307	-8.63
1.500009669e12	7.052	7.346	-7.896	6.798	9.619	8.977	7.506	-3.864	8.118
1.50000967e12	-1.892	-1.963	5.026	8.762	-4.07	-2.682	0.1196	-2.065	1.852
1.500009671e12	-1.222	4.425	3.528	2.817	-6.676	7.411	-9.487	-6.738	-3.568
1.500009672e12	-4.817	3.022	8.53	-5.743	-9.75	-7.289	-2.793	6.836	-3.982
1.500009673e12	-2.164	3.108	3.258	-1.982	3.527	-1.77	-8.038	-1.677	7.557
1.500009674e12	-7.13	-1.636	8.047	5.831	-0.03662	-6.547	-1.302	6.967	-9.576
1.500009675e12	4.454	-3.335	-2.236	-7.028	3.364	8.533	-1.096	-3.562	2.277
1.500009676e12	7.123	-3.225	0.3394	8.727	-4.192	-6.588	-3.807	-4.855	-0.9131
1.500009677e12	-6.3	5.372	2.827	6.431	-9.006	5.333	-3.876	9.089	-0.9058
1.500009678e12	6.476	-3.12	-9.998	-1.448	-1.755	3.551	1.893	-6.284	-2.542
1.500009679e12	3.208	8.169	-7.856	-6.721	-4.933	-3.436	-8.564	5.123	-2.191
1.50000968e12	-9.833	-1.72	-7.751	4.611	7.766	8.153	8.38	-0.9241	1.881
1.500009681e12	8.203	-5.535	-9.88	8.848	1.393	9.735	-8.643	-8.539	2.086
1.500009682e12	7.463	-3.96	4.661	-5.496	-1.077	0.07935	8.069	-5.796	-0.1453
1.500009683e12	0.3064	-1.666	-9.995	-4.507	-5.718	5.211	-9.156	7.046	-1.542
1.500009684e12	3.444	-9.366	-5.035	-9.247	7.283	0.3101	1.133	-9.851	-2.528
1.500009685e12	-0.1025	5.341	4.996	0.7019	-3.086	1.293	5.632	8.43	-6.841
1.500009686e12	1.261	1.957	-4.888	-6.128	-0.3821	-1.641	4.939	-1.239	1.284
1.500009687e12	3.48	0.7007	5.441	-0.6812	6.941	8.896	5.303	4.817	7.218
1.500009688e12	1.902	6.837	4.104	5.267	5.526	6.876	-4.934	-9.314	-2.524
1.500009689e12	-4.967	5.992	-4.536	-1.749	-0.5127	-8.156	0.7227	-1.884	-6.952
1.50000969e12	-7.916	-5.996	-9.74	-0.6311	9.596	-0.8032	4.574	6.821	-0.5566
1.500009691e12	0.06836	-1.691	6.7	5.596	-0.4553	-5.131	0.2161	-9.174	7.733
1.500009692e12	4.093	7.722	-5.505	7.946	3.234	8.334	9.829	5.265	9.338
1.500009693e12	-0.7178	8.906	-2.841	-3.693	9.266	-0.9058	5.569	6.733	-2.39
1.500009694e12	-4.585	0.188	2.629	-6.313	-8.947	9.429	-5.906	-7.812	-5.526
1.500009695e12	0.7117	-0.6775	1.552	-3.514	-9.088	3.849	-8.589	1.029	2.528
1.500009696e12	5.568	-8.871	5.204	-5.596	-4.447	1.184	9.99	-8.903	1.525
1.500009697e12	-4.304	8.759	0.238	-0.1514	-7.732	-6.842	6.096	-5.439	9.485
1.500009698e12	-1.121	1.943	-0.5579	-7.462	8.423	7.159	-5.537	9.12	-1.261
1.500009699e12	4.972	-4.398	3.191	3.121	9.318	8.456	-8.395	9.563	-1.215
1.5000097e12	-3.429	-5.476	-6.465	-4.982	8.761	-0.946	-8.75	-7.43	-4.53
1.500009701e12	-6.658	-6.035	4.468	-6.423	-9.192	-4.73	8.782	9.738	-5.276
1.500009702e12	-8.44	-3.944	-2.794	-7.532	9.104	9.291	-6.974	-1.537	2.167
1.500009703e12	-3.711	1.238	2.543	0.4578	0.09521	0.1428	3.37	1.786	7.103
1.500009704e12	-6.816	-5.348	-8.13	4.758	1.268	8.208	-9.421	-6.106	-6.736
1.500009705e12	8.296	-9.559	-6.354	3.143	-0.5652	4.764	-4.661	-0.9753	-8.018
1.500009706e12	6.315	4.546	6.73	8.687	8.571	6.884	-0.6091	1.909	-8.783
1.500009707e12	-9.919	6.938	-0.9888	9.813	9.142	-9.283	0.238	6.663	-2.375
1.500009708e12	-7.738	4.625	7.446	-2.45	2.028	-2.969	8.618	-5.326	-3.589
1.500009709e12	-8.411	-0.06348	-4.501	9.482	-9.186	8.459	6.143	-4.447	9.136
1.50000971e12	-5.527	3.407	7.002	-2.311	6.124	-4.287	-5.63	2.734	6.858
1.500009711e12	8.364	6.194	-8.124	-7.361	7.241	0.2673	-0.116	-2.379	-1.708
1.500009712e12	3.055	-5.261	-4.696	2.289	4.246	-2.253	2.885	2.502	-9.167
1.500009713e12	-0.7922	-5.797	-7.227	4.626	-3.954	-8.895	7.457	8.246	5.236
1.500009714e12	-9.647	1.063	3.655	1.552	6.493	2.053	2.666	-9.078	-8.751
1.500009715e12	3.623	4.293	-6.769	-7.635	-7.198	0.4834	-9.935	3.994	-3.983
1.500009716e12	-1.689	7.908	8.586	-7.701	-5.768	8.695	0.1343	-8.741	5.392
1.500009717e12	0.7874	0.3552	-6.752	1.588	3.749	-3.524	5.514	2.316	8.557
1.500009718e12	-9.141	-8.99	-5.294	0.6689	5.769	6.809	8.9	-9.418	-0.9473
1.500009719e12	6.434	-8.595	6.494	7.955	1.671	6.282	-9.236	-5.654	0.003662
1.50000972e12	-1.863	4.996	5.872	3.18	1.178	-2.544	4.513	4.036	3.611
1.500009721e12	-2.04	1.123	0.6006	-2.744	6.735	0.7825	4.083	-1.42	-8.219
1.500009722e12	-3.116	6.561	7.473	8.175	4.487	5.969	9.852	-2.417	1.173
1.500009723e12	6.377	6.613	5.151	-8.17	5.446	3.096	-0.531	4.965	-0.02808
1.500009724e12	6.539	-6.794	-4.96	9.12	1.226	1.24	-6.913	9.18	0.7202
1.500009725e12	-1.108	7.969	-1.201	9.412	7.585	-0.4395	8.457	6.711	9.192
1.500009726e12	-7.394	5.612	-9.637	1.304	-8.921	-8.682	-5.873	7.48	-9.62
1.500009727e12	8.595	8.844	-9.878	-6.941	2.209	3.99	-4.785	7.388	-6.678
1.500009728e12	-9.197	5.901	-7.916	-1.729	-2.39	-9.5	-8.031	6.218	1.792
1.500009729e12	-0.7336	8.394	4.045	1.078	4.054	5.258	6.129	6.854	-3.931
1.50000973e12	-8.677	-9.105	5.172	-3.644	-0.354	4.551	-4.973	-5.334	-2.601
1.500009731e12	6.052	-3.862	-7.766	7.446	6.88	8.652	6.624	5.793	1.278
1.500009732e12	-8.156	1.012	-9.847	2.955	6.025	8.955	-9.457	6.79	-8.687
1.500009733e12	1.792	4.185	-1.006	-7.977	-5.309	1.586	2.982	-4.479	-3.645
1.500009734e12	-4.49	8.799	-1.479	1.442	4.266	5.773	8.25	-8.003	-9.491
1.500009735e12	-1.047	7.266	-5.697	8.152	9.526	-9.647	8.08	-0.8215	2.581
1.500009736e12	-4.255	-0.6372	3.19	5.739	-8.309	5.251	2.869	3.882	2.618
1.500009737e12	-8.427	-1.379	-3.427	-1.454	-7.346	7.078	1.758	-6.18	-6.788
1.500009738e12	5.835	-7.072	-0.1025	6.356	-2.04	4.014	-2.028	8.304	7.495
1.500009739e12	2.634	3.905	2.383	6.841	-8.448	-6.874	1.556	-2.103	-9.017
1.50000974e12	5.004	4.63	9.75	-8.385	-7.749	1.913	4.348	-5.139	-6.29
1.500009741e12	-9.436	-5.059	2.69	0.1917	-4.274	0.09521	-5.52	0.321	-2.568
1.500009742e12	9.606	6.4	6.818	5.662	-8.738	-1.847	3.53	-0.3076	8.838
1.500009743e12	6.096	5.842	8.352	-8.029	-4.06	-1.293	-7.66	1.819	2.997
1.500009744e12	3.762	6.343	-0.4163	7.899	-4.143	-0.7104	2.495	8.204	-7.815
1.500009745e12	3.661	-1.564	-9.084	-4.592	-2.786	6.238	-0.4138	2.871	-2.214
1.500009746e12	4.766	-4.5	-4.263	7.383	3.054	-9.642	9.357	0.7776	-0.04517
1.500009747e12	0.4968	-0.01221	-3.059	-5.316	-5.676	5.659	-9.535	2.811	9.799
1.500009748e12	-3.081	6.948	-1.241	4.753	-9.412	6.641	-3.875	2.424	-0.4871
1.500009749e12	2.772	3.047	6.572	-9.43	-9.208	0.481	6.195	-6.554	1.887
1.50000975e12	4.071	9.841	-7.577	-9.326	9.132	1.554	7.972	0.5322	-2.434
1.500009751e12	3.851	1.534	8.138	-5.962	-9.468	6.361	-1.591	6.212	-5.53
1.500009752e12	3.503	7.107	-8.855	-0.3735	7.479	9.55	0.6714	1.543	-4.425
1.500009753e12	5.312	1.755	-9.229	0.752	5.995	6.259	-5.984	-9.778	9.729
1.500009754e12	-9.73	5.282	-6.042	5.074	-9.314	8.307	-2.764	3.062	8.932
1.500009755e12	-5.143	4.332	-8.826	-9.135	-2.939	6.329	0.9839	7.59	6.788
1.500009756e12	-2.229	-7.262	0.5627	-1.87	-1.299	-2.311	7.82	-9.928	-0.5688
1.500009757e12	-5.519	8.572	-0.2576	-3.455	8.268	8.793	9.912	5.834	4.556
1.500009758e12	7.128	3.258	7.888	9.78	-1.062	3.638	4.698	-2.247	-4.266
1.500009759e12	0.8582	-4.385	-6.782	-3.938	-1.866	0.3552	-5.109	2.799	3.351
1.50000976e12	4.714	-3.257	9.199	-2.839	-6.519	-1.893	-7.335	6.543	-9.183
1.500009761e12	-7.889	-9.133	2.386	-1.267	6.482	-1.663	6.263	0.592	9.694
1.500009762e12	4.995	-9.573	6.237	-9.65	-4.926	4.893	2.938	-6.949	6.917
1.500009763e12	6.826	3.577	-8.864	-4.648	0.2588	-3.876	5.177	8.683	4.498
1.500009764e12	6.141	6.693	-1.49	0.6836	-4.312	8.062	-2.026	5.371	7.101
1.500009765e12	-3.695	0.6738	2.339	3.339	-0.1526	3.901	0.001221	6.353	-5.676
1.500009766e12	9.198	8.419	5.759	1.193	-3.165	-9.886	1.129	4.583	-2.3
1.500009767e12	-9.419	-8.787	-3.018	-3.888	-9.951	6.134	-7.639	-0.2563	-0.3333
1.500009768e12	-0.9741	-8.458	-9.347	0.8154	1.315	1.416	3.845	-3.799	8.21
1.500009769e12	2.839	-0.6897	-0.9119	-6.357	-9.943	7.415	-0.5066	-8.759	-2.084
1.50000977e12	4.296	5.795	-8.881	8.306	-4.685	-3.756	-6.584	-9.548	9.796
1.500009771e12	-5.458	8.098	-2.122	-2.823	-6.132	-0.08545	-7.534	8.188	-4.187
1.500009772e12	-0.5798	-0.6531	6.687	7.791	9.255	5.094	-9.154	-1.923	8.452
1.500009773e12	7.268	-8.481	1.534	4.093	2.889	9.875	-1.481	-7.721	1.188
1.500009774e12	-0.2454	3.197	1.863	4.747	3.146	-3.533	-9.131	8.18	-2.671
1.500009775e12	4.491	4.956	-5.228	-1.331	-9.93	-7.085	-0.1038	8.958	-5.071
1.500009776e12	-4.59	2.417	-8.285	8.116	3.303	6.675	5.198	-0.7544	0.2649
1.500009777e12	-3.722	0.238	-3.235	-5.079	-1.694	8.002	8.759	4.99	1.774
1.500009778e12	-3.073	9.709	-3.336	-0.5676	-3.177	-4.509	-0.07446	4.038	2.156
1.500009779e12	-5.33	8.96	-9.933	-5.887	3.274	-5.286	-6.091	-4.913	9.214
1.50000978e12	1.677	-6.6	8.525	5.504	3.749	-1.005	-5.024	1.931	-0.8032
1.500009781e12	6.902	-1.575	-5.741	-2.562	-7.593	0.2527	-9.015	0.614	9.398
1.500009782e12	-3.514	-7.366	-1.968	-7.079	-2.811	-0.4065	2.025	8.739	3.422
1.500009783e12	9.899	1.089	-6.434	-0.6482	2.772	-9.663	5.17	-3.292	7.596
1.500009784e12	-6.809	7.715	-3.898	-3.491	-0.1758	-6.017	-7.982	5.792	-4.752
1.500009785e12	8.103	-2.792	6.267	-6.337	0.04272	-3.945	4.091	-3.029	-6.177
1.500009786e12	-2.004	7.434	0.4102	-0.03662	2.942	-1.122	4.174	5.931	1.189
1.500009787e12	-7.563	5.082	9.868	-4.766	-6.432	-5.706	-4.487	8.202	6.539
1.500009788e12	-5.304	9.652	-1.049	-7.407	-4.498	-4.374	9.274	2.412	5.402
1.500009789e12	2.523	8.96	-9.8	5.658	-7.433	4.674	5.593	6.086	-9.209
1.50000979e12	-4.271	-6.935	-8.469	-0.2783	6.095	-6.501	-6.388	7.916	-1.97
1.500009791e12	-5.284	6.127	-2.679	5.63	7.235	-7.006	-5.227	-2.031	5.444
1.500009792e12	5.056	-2.037	-1.588	-1.095	1.862	-9.314	2.03	-1.642	-7.214
1.500009793e12	2.643	5.593	-0.2502	7.086	-7.041	-4.403	2.334	-0.06714	7.283
1.500009794e12	-5.143	-3.727	-6.566	9.343	-3.044	1.705	-4.313	-2.148	-5.878
1.500009795e12	6.882	-0.07446	-9.878	-6.849	-1.873	-8.496	-5.214	6.39	5.837
1.500009796e12	1.044	-2.572	-6.802	-6.508	-5.71	4.717	-4.388	-4.	-4.724
1.500009797e12	9.23	-5.525	-1.89	9.84	8.687	4.889	-6.158	-0.2661	-6.432
1.500009798e12	6.818	-4.137	2.058	-5.198	-6.567	5.996	7.039	3.807	7.805
1.500009799e12	-0.0647	5.549	2.445	8.879	7.841	2.179	5.305	7.75	-0.1965
1.5000098e12	-6.185	-0.155	-5.5	8.666	6.378	5.281	-0.863	-0.1697	-0.3003
1.500009801e12	7.312	6.853	1.191	-9.415	-0.8411	-8.186	9.622	5.287	-0.78
1.500009802e12	-6.915	9.464	-6.146	6.199	-1.765	5.941	0.9387	2.694	6.577
1.500009803e12	-4.075	4.41	1.168	4.131	-7.086	-2.791	-7.522	-6.233	-8.939
1.500009804e12	-6.818	-5.563	-5.547	3.387	-9.854	7.667	-0.06104	-1.25	3.464
1.500009805e12	-7.891	3.562	7.339	0.4871	-3.259	-3.547	-0.7153	-9.138	0.03418
1.500009806e12	7.505	8.756	-0.2332	-5.43	1.39	6.779	-4.647	1.782	-5.907
1.500009807e12	-5.521	-9.52	-2.253	8.81	-5.67	5.923	-0.7507	-1.31	2.944
1.500009808e12	-9.342	5.741	1.213	-7.385	-5.331	-5.139	4.03	5.352	-7.701
1.500009809e12	1.782	1.263	3.987	-3.11	2.057	0.02808	8.749	-0.5347	4.565
1.50000981e12	-5.103	8.446	4.314	6.792	4.912	5.78	9.315	-0.802	6.207
1.500009811e12	-1.123	3.883	-5.305	-1.838	-3.943	-9.548	2.922	8.964	0.542
1.500009812e12	-5.076	-1.868	-4.562	9.	-5.271	-9.456	-9.8	-6.172	1.368
1.500009813e12	6.346	-8.085	-0.5957	1.6	1.161	-8.002	-5.382	9.507	-0.365
1.500009814e12	1.282	5.673	-9.404	5.204	2.632	-6.801	-6.868	5.442	1.986
1.500009815e12	5.292	0.5627	-3.486	5.059	9.532	-9.539	-0.5383	-8.169	2.924
1.500009816e12	-6.37	-4.979	-8.855	3.068	-4.48	-4.64	-8.993	1.498	-5.323
1.500009817e12	-4.76	1.617	7.686	-8.22	-7.164	1.874	8.162	-5.581	-7.346
1.500009818e12	5.024	1.178	-7.711	6.068	-6.158	7.351	2.063	-8.184	5.857
1.500009819e12	1.207	3.467	-8.438	-4.686	6.277	9.584	8.861	-1.873	-3.594
1.50000982e12	-9.165	6.638	3.823	-9.731	-3.662	8.967	-0.8398	-1.196	7.968
1.500009821e12	-7.063	3.209	1.755	0.2905	-9.561	0.9265	-5.648	-1.177	-2.887
1.500009822e12	3.309	-7.213	6.989	2.799	7.291	3.225	-4.652	2.778	-5.991
1.500009823e12	-7.831	8.505	-7.124	-9.561	3.618	1.057	-7.41	7.982	-9.496
1.500009824e12	-7.131	1.698	4.883	4.579	5.673	0.9497	5.061	-8.864	-4.976
1.500009825e12	-0.8386	-7.131	-2.021	-8.026	6.746	4.325	-0.0293	6.046	-6.841
1.500009826e12	-9.062	3.042	-8.105	-9.728	5.131	4.131	-0.3027	-1.458	2.71
1.500009827e12	-1.031	9.093	-2.96	-1.838	8.716	-5.906	1.067	-0.929	-7.93
1.500009828e12	6.842	-2.46	0.8118	-7.762	-2.137	-1.384	-3.646	9.181	8.748
1.500009829e12	3.75	-8.865	-2.75	-5.001	-2.402	0.5518	-3.517	-8.206	-7.896
1.50000983e12	-1.702	0.3467	-6.395	-0.05859	8.521	-3.507	-7.926	-7.119	6.545
1.500009831e12	-3.333	-3.363	-1.25	2.517	4.602	-1.062	-8.87	5.996	2.12
1.500009832e12	-6.951	8.966	-0.6555	5.082	-4.445	-1.896	3.621	-1.511	8.303
1.500009833e12	8.376	0.01709	-4.265	9.794	4.526	6.262	-9.407	9.177	2.114
1.500009834e12	8.608	0.7361	-3.379	8.107	7.189	1.576	9.556	0.7141	-8.706
1.500009835e12	-2.572	-8.433	1.827	-2.352	-8.171	-5.157	-7.831	7.627	-5.786
1.500009836e12	-5.815	-6.172	8.22	5.254	9.81	9.828	-8.462	-5.435	-6.614
1.500009837e12	-3.662	-1.178	-7.677	5.864	-3.849	-0.199	5.652	7.113	-6.241
1.500009838e12	2.085	5.962	7.046	-1.025	8.812	8.599	-1.848	-3.394	0.8337
1.500009839e12	-9.423	0.1648	-9.036	-0.6519	-1.055	4.271	-7.029	8.574	-3.23
1.50000984e12	-2.001	-2.784	6.898	3.795	-0.08423	-7.875	-4.822	5.533	6.147
1.500009841e12	9.414	-9.421	-8.438	-7.035	-5.231	5.763	-0.459	-4.199	-1.772
1.500009842e12	8.635	-0.7739	-5.427	0.9558	-0.9631	3.771	-8.301	1.285	-2.655
1.500009843e12	-1.906	-4.651	2.81	1.038	-1.052	-8.562	1.15	6.998	7.238
1.500009844e12	-7.935	-3.777	-6.445	-3.519	-3.079	-3.77	2.833	4.191	7.417
1.500009845e12	0.02075	5.127	6.411	-1.377	-4.196	3.945	7.319	3.82	-6.886
1.500009846e12	-3.651	4.01	8.304	2.469	9.476	7.981	7.946	2.517	-0.5786
1.500009847e12	6.824	-5.569	-2.151	8.179	-4.279	-6.627	-5.062	4.952	5.85
1.500009848e12	-4.144	-8.005	8.594	9.329	9.507	-0.7361	-4.51	-1.2	8.667
1.500009849e12	-4.871	-3.483	-5.707	-7.404	-5.737	-2.572	1.812	-9.729	9.598
1.50000985e12	0.2014	5.114	-6.556	-4.464	8.27	-1.484	-6.692	-7.594	1.451
1.500009851e12	0.7214	-4.74	4.333	3.654	4.862	1.976	-5.106	-0.3687	-6.061
1.500009852e12	-2.197	-8.845	4.679	7.148	5.609	3.079	-8.828	-1.465	-3.42
1.500009853e12	-1.898	-1.21	6.207	-2.017	-2.065	-9.161	-3.558	-6.046	-1.187
1.500009854e12	-7.405	-7.031	4.658	-5.685	-5.707	2.181	-0.6738	4.222	-3.625
1.500009855e12	0.7544	-9.636	-3.534	-0.3882	-0.5396	3.197	7.428	-2.944	-0.4565
1.500009856e12	-3.438	-1.627	-3.234	8.064	2.51	-1.068	8.63	2.239	5.839
1.500009857e12	-9.031	-8.733	3.441	-5.908	-5.757	-8.741	0.4443	-5.215	-6.893
1.500009858e12	-3.414	-7.118	6.696	5.575	4.083	-4.121	-6.171	-4.889	-5.122
1.500009859e12	-4.53	-0.5762	-2.064	0.531	0.2087	-1.486	6.907	4.777	-5.573
1.50000986e12	5.511	-4.393	6.426	7.618	6.738	-9.423	-0.3784	9.171	4.773
1.500009861e12	-8.079	1.621	6.622	8.993	3.715	-8.331	-8.439	3.92	-8.265
1.500009862e12	9.253	6.188	1.361	-3.55	-3.921	2.562	-9.856	-0.5774	1.078
1.500009863e12	-1.117	3.547	-1.818	-7.26	3.367	5.208	-3.589	-0.01465	-8.954
1.500009864e12	-1.764	-3.473	5.712	-8.094	-4.424	-7.584	-8.344	3.096	-6.986
1.500009865e12	8.197	-1.158	2.616	1.973	8.794	-7.065	-5.206	-4.623	-3.695
1.500009866e12	-6.768	-4.731	-1.221	-0.01099	-8.046	-9.44	1.641	-4.136	4.18
1.500009867e12	-1.947	9.031	-1.245	4.141	-6.553	-2.135	-5.172	9.325	7.158
1.500009868e12	4.634	8.158	-0.7654	3.154	-5.485	1.708	-5.981	0.7483	6.173
1.500009869e12	5.104	-4.403	-2.528	9.915	2.153	-9.366	9.427	-8.218	-3.518
1.50000987e12	6.063	-9.813	0.719	1.91	-0.02441	5.204	-0.7678	-2.642	-0.1172
1.500009871e12	-7.62	-4.939	-9.061	-2.833	-8.167	4.988	-8.065	1.436	5.804
1.500009872e12	9.027	-8.66	3.009	-5.134	-3.978	-8.34	-9.9	-0.3735	-2.939
1.500009873e12	-7.019	4.099	0.2319	9.309	1.768	-7.926	-2.295	-8.635	-9.727
1.500009874e12	2.604	9.764	3.326	7.471	4.767	2.377	-5.078	-2.891	5.258
1.500009875e12	1.183	-3.745	3.887	0.1501	2.041	-5.791	5.156	-0.2014	-6.672
1.500009876e12	4.85	-9.851	1.685	1.498	4.084	-0.9509	4.279	3.389	0.2124
1.500009877e12	1.807	8.077	-8.225	-0.009766	-7.817	-8.868	-9.791	-9.69	-6.273
1.500009878e12	0.614	-7.793	-3.136	-5.758	3.085	-7.952	1.113	8.07	6.702
1.500009879e12	-1.509	-0.2185	4.297	-0.426	-2.71	-8.461	4.12	1.996	-5.959
1.50000988e12	0.5334	-2.144	7.789	-6.686	6.497	-8.892	2.629	-5.256	-4.255
1.500009881e12	-3.068	-5.079	-5.133	-3.322	8.014	4.89	-1.458	2.911	4.321
1.500009882e12	-6.766	0.6311	1.805	-1.649	3.582	3.958	-7.041	-3.696	-0.02686
1.500009883e12	3.062	-4.785	-0.177	-1.785	3.813	5.005	-6.414	-1.719	-3.45
1.500009884e12	7.676	0.09644	-4.648	0.21	2.142	-3.169	-5.398	1.885	-0.5872
1.500009885e12	0.6702	5.295	8.458	-6.57	-5.953	1.375	-9.768	-4.852	2.687
1.500009886e12	4.211	-1.296	8.81	-0.885	-6.404	6.416	6.292	-5.667	-2.147
1.500009887e12	-6.787	8.284	8.823	-9.819	3.715	3.751	-4.905	6.475	-1.368
1.500009888e12	8.397	2.421	-8.427	-2.157	0.21	-9.178	8.912	-9.199	2.657
1.500009889e12	-2.515	6.068	-9.502	8.722	-8.785	5.326	8.495	4.669	4.927
1.50000989e12	-2.23	-3.333	7.212	3.496	8.729	-9.42	7.532	-1.847	-7.651
1.500009891e12	6.587	4.194	-0.9119	-0.448	7.974	1.672	2.07	9.684	-1.265
1.500009892e12	-7.112	-5.602	5.551	-7.161	-2.289	0.1294	3.765	5.9	-1.571
1.500009893e12	-9.314	0.8228	6.486	8.859	5.811	-2.877	-4.261	-2.754	0.2905
1.500009894e12	-9.614	-5.569	-8.638	0.8875	5.898	1.685	-1.093	-3.999	2.325
1.500009895e12	7.867	-3.359	-8.065	8.878	7.163	9.161	6.207	-6.6	-2.308
1.500009896e12	2.419	-7.166	8.651	8.097	7.039	-3.184	-4.321	-9.086	-3.755
1.500009897e12	2.932	4.13	-6.487	1.708	7.539	4.049	-5.525	-6.08	-5.426
1.500009898e12	3.871	9.31	-3.293	-6.919	-1.228	8.596	1.14	-5.129	4.828
1.500009899e12	-6.256	-2.021	3.531	-8.453	0.3931	7.806	-3.616	8.887	-9.542
1.5000099e12	2.612	5.952	8.955	-1.313	5.348	-9.351	-1.831	2.365	3.888
1.500009901e12	-6.531	-0.6311	-4.146	5.356	-7.985	-9.248	5.808	-5.737	-7.527
1.500009902e12	-2.025	3.436	-1.218	-7.795	5.282	7.332	2.714	-9.983	6.635
1.500009903e12	0.116	9.387	8.	-6.051	6.047	-5.56	9.821	3.188	-2.412
1.500009904e12	9.05	-6.99	-3.458	-9.706	-6.901	-9.788	2.756	8.615	5.864
1.500009905e12	-3.899	-0.3003	-1.547	-8.416	8.44	4.546	-6.111	5.588	2.255
1.500009906e12	3.396	-6.393	1.516	3.373	2.565	-1.433	7.701	-1.23	5.353
1.500009907e12	-9.449	-9.465	-8.505	8.102	5.399	-9.441	7.219	-3.221	3.923
1.500009908e12	5.985	-2.048	6.504	7.926	0.4443	-2.827	4.333	-3.262	-1.246
1.500009909e12	7.612	-4.653	6.627	-6.997	3.834	6.534	-5.012	-3.914	7.246
1.50000991e12	4.53	-0.1062	5.287	1.37	8.823	8.328	-5.071	-5.717	-0.3076
1.500009911e12	0.1624	5.153	-7.808	7.068	-9.326	-9.84	-3.953	-2.635	-7.686
1.500009912e12	0.5347	-5.466	-8.657	-7.257	3.438	7.992	-2.158	2.3	0.3833
1.500009913e12	0.8948	-2.789	-1.338	9.552	0.4749	-0.3455	-2.168	-1.494	-9.824
1.500009914e12	-7.928	-4.685	8.604	5.51	1.212	3.241	-0.2234	-5.289	-0.9509
1.500009915e12	-4.06	-3.701	-4.508	-8.07	4.913	6.647	2.314	5.67	-8.652
1.500009916e12	-9.586	-0.4944	5.322	-5.966	1.074	-3.916	2.673	-2.212	-0.6177
1.500009917e12	6.368	-1.665	8.192	-3.019	-3.198	4.149	7.69	-3.126	2.762
1.500009918e12	-0.9875	-6.104	-3.931	-7.151	9.502	-5.385	5.037	8.204	7.496
1.500009919e12	-4.417	0.6165	-7.511	-1.393	4.434	-2.699	7.576	-7.317	-2.283
1.50000992e12	9.301	-1.938	3.674	0.7202	-4.985	0.2954	-5.409	9.734	1.606
1.500009921e12	9.678	4.764	-5.511	-4.011	-0.835	-2.155	6.007	-1.67	-2.899
1.500009922e12	-2.086	-2.148	-4.72	-7.269	4.098	-9.183	1.876	1.237	5.547
1.500009923e12	3.883	3.727	8.232	-3.724	-6.868	1.183	3.094	3.104	6.553
1.500009924e12	9.037	4.081	4.375	6.855	-3.676	-1.885	6.907	0.1062	-4.268
1.500009925e12	-5.363	-8.496	-4.614	9.519	2.616	-7.77	-4.207	3.864	-4.186
1.500009926e12	2.197	-9.388	-2.002	-7.192	1.671	-1.904	-7.882	-6.311	0.4578
1.500009927e12	-1.31	-7.374	-1.558	3.285	-3.253	2.682	-8.506	4.637	-2.145
1.500009928e12	-7.35	-9.552	7.72	8.197	-5.58	4.983	6.388	-2.688	-5.219
1.500009929e12	-9.369	5.17	-3.943	-2.993	7.854	3.579	3.595	-1.147	-4.373
1.50000993e12	-4.783	9.392	-5.557	-0.4163	7.543	5.402	9.047	0.3931	1.409
1.500009931e12	-5.658	3.95	-3.492	5.977	6.804	4.855	-7.617	8.436	6.122
1.500009932e12	-5.365	-0.8655	7.291	4.513	-2.635	1.675	-3.627	7.606	4.838
1.500009933e12	4.634	1.636	1.495	7.308	6.166	-7.97	-1.251	-4.911	-0.3113
1.500009934e12	1.071	-5.084	-9.866	-0.7324	-8.944	-5.784	-6.49	-6.304	8.785
1.500009935e12	-9.215	-9.18	-6.056	4.802	5.99	4.344	-7.368	-8.287	-3.066
1.500009936e12	0.9485	9.863	6.99	6.696	2.859	-7.131	-7.562	-5.399	6.538
1.500009937e12	-5.321	7.015	-5.303	2.46	-9.332	0.4016	1.577	-1.755	4.584
1.500009938e12	-6.367	-9.011	6.476	-2.196	5.332	-5.41	-7.308	7.439	-9.551
1.500009939e12	-2.56	-5.314	0.6628	3.91	-6.757	-3.259	9.397	-8.584	-1.044
1.50000994e12	-4.395	-1.766	-1.084	9.341	-3.809	-7.499	7.638	8.04	2.079
1.500009941e12	-8.562	1.603	0.7788	-8.381	2.212	9.74	8.394	6.84	-5.874
1.500009942e12	2.421	-1.622	-9.384	-9.78	-4.452	2.054	1.683	-7.504	3.019
1.500009943e12	4.647	2.771	-4.132	-8.193	1.357	-1.898	5.74	-4.36	-4.597
1.500009944e12	3.292	-8.527	-6.962	0.5066	-1.248	-1.393	8.408	-5.598	7.07
1.500009945e12	-7.378	-6.937	-0.003662	-3.894	-4.585	-1.857	-6.886	6.595	-1.523
1.500009946e12	-9.68	-1.589	-0.802	-4.33	-5.465	0.199	1.512	-7.496	1.006
1.500009947e12	3.099	0.5835	-4.933	9.418	-5.823	-5.656	9.821	1.505	9.93
1.500009948e12	-6.881	-3.242	1.167	-8.976	-1.022	5.474	-0.09399	6.016	5.623
1.500009949e12	-9.984	-0.7263	-9.65	8.135	-4.48	0.7373	8.059	6.58	-0.1038
1.50000995e12	-9.873	7.557	5.317	4.196	-2.08	-1.743	6.486	4.973	-7.939
1.500009951e12	-1.641	8.702	-5.801	-0.415	2.22	0.8447	7.805	-4.852	4.589
1.500009952e12	-7.842	7.422	-2.325	7.299	1.062	-5.481	-5.941	-4.617	1.249
1.500009953e12	-9.1	0.05615	9.438	-0.1953	-3.604	9.393	-1.77	-9.919	-4.282
1.500009954e12	-0.4382	8.538	6.152	-2.742	3.898	-5.511	-9.41	3.514	8.459
1.500009955e12	-5.175	-3.785	8.12	4.596	-0.7544	0.05249	3.345	-6.089	-7.327
1.500009956e12	-8.741	-6.143	-3.634	2.441	-8.992	3.81	5.753	-6.449	8.907
1.500009957e12	-2.491	7.969	7.821	6.033	1.11	-6.774	5.105	4.705	2.384
1.500009958e12	6.096	-4.987	-9.977	6.189	6.425	9.447	4.85	-0.5396	5.348
1.500009959e12	0.8594	0.7312	4.716	-4.053	-2.131	-0.02808	-6.804	3.362	-7.834
1.50000996e12	8.757	-1.898	1.116	-2.358	-1.792	1.704	-5.947	-2.499	-1.36
1.500009961e12	-2.567	7.747	-2.264	7.36	0.09399	1.459	-8.411	-1.134	-8.672
1.500009962e12	-4.689	-4.952	-9.041	-8.733	5.16	9.122	6.318	2.997	3.677
1.500009963e12	9.484	-6.544	6.456	-4.438	8.329	-1.481	1.011	6.077	1.288
1.500009964e12	-3.748	7.445	-7.548	-2.41	4.734	7.864	5.173	-9.74	4.004
1.500009965e12	1.349	-5.277	-2.885	3.615	8.477	-7.375	-3.89	4.364	-5.935
1.500009966e12	-9.739	1.656	-7.778	-8.8	-6.633	7.87	-4.34	-4.408	-0.06836
1.500009967e12	0.5237	1.166	1.847	-7.802	8.022	-9.43	8.566	-2.238	7.563
1.500009968e12	-6.143	-9.423	2.909	8.245	-1.433	1.602	-3.296	6.803	-6.536
1.500009969e12	-9.878	-4.675	4.481	5.721	7.976	8.323	6.005	7.875	-8.06
1.50000997e12	2.817	-6.21	-4.325	-6.89	3.385	-6.294	4.916	-7.677	3.462
1.500009971e12	-3.512	0.1709	-2.731	0.6616	-4.435	-0.9546	-5.624	0.6262	-5.58
1.500009972e12	-0.1245	5.259	-9.089	-3.702	-4.746	5.057	5.702	-3.105	-0.4553
1.500009973e12	6.903	7.574	9.089	-4.96	-5.481	2.462	3.21	-6.489	0.7373
1.500009974e12	7.952	-9.02	-9.06	-0.5542	8.573	3.054	-5.942	-5.616	6.527
1.500009975e12	3.315	4.861	8.833	-9.523	6.244	-0.8594	-5.745	7.362	1.1
1.500009976e12	-5.046	1.66	2.147	-8.694	-2.23	-8.751	-0.321	0.6665	-3.278
1.500009977e12	1.527	-2.166	-6.443	-4.987	-5.543	5.846	1.483	-0.3149	-9.852
1.500009978e12	0.5042	0.6555	9.159	-6.746	3.202	-9.33	8.993	-6.594	0.2881
1.500009979e12	-7.44	-5.93	6.639	8.384	0.8667	7.688	7.136	-5.713	-1.849
1.50000998e12	-1.853	-1.948	7.345	-8.401	-7.284	4.473	9.889	-5.741	-2.885
1.500009981e12	-8.989	-6.292	-7.239	-9.702	-5.387	-7.133	5.272	8.546	-1.309
1.500009982e12	-1.945	7.025	-2.745	-7.847	-1.771	2.986	6.625	9.504	1.289
1.500009983e12	4.479	7.302	-1.792	-2.14	-6.818	4.672	3.538	-9.891	-6.774
1.500009984e12	6.245	-8.901	-2.85	8.582	5.198	5.664	7.062	-8.425	-4.971
1.500009985e12	1.455	2.587	-6.387	-5.649	7.678	6.232	-4.68	-0.9375	1.61
1.500009986e12	1.991	-6.636	3.279	-3.119	9.814	-1.239	7.972	2.412	7.86
1.500009987e12	7.865	0.01953	-2.906	-3.248	4.115	-0.9753	-8.378	-8.191	7.955
1.500009988e12	-2.119	-3.32	-2.878	0.09644	-2.225	4.047	9.227	4.22	-5.129
1.500009989e12	5.869	-8.818	-0.1135	5.321	-4.891	2.893	-2.385	8.445	-6.763
1.50000999e12	9.941	-7.352	-6.963	2.178	7.976	-5.977	-8.877	9.391	8.538
1.500009991e12	-5.127	4.811	9.567	6.641	5.909	6.366	-6.187	0.2185	-1.266
1.500009992e12	-9.192	-9.08	-2.626	0.415	-0.2332	-1.41	-1.687	8.464	-3.702
1.500009993e12	-7.34	-1.346	-0.8105	-9.719	8.242	7.743	2.366	3.411	-8.751
1.500009994e12	2.379	-7.875	9.232	8.026	9.858	1.72	0.78	4.202	-3.022
1.500009995e12	6.783	-3.175	-9.142	-7.88	0.5115	-1.81	3.906	7.252	-0.3027
1.500009996e12	1.567	-8.167	-3.177	-9.266	5.57	-3.792	2.727	-1.008	-6.724
1.500009997e12	-1.825	9.297	8.602	6.882	5.618	9.906	3.094	9.36	-1.73
1.500009998e12	-5.321	4.077	1.902	7.312	-5.253	2.87	-7.107	-7.153	1.375
1.500009999e12	-5.316	2.889	-6.13	4.058	3.704	6.293	7.209	-4.193	-6.383
1.50001e12	-4.629	-9.927	4.951	4.336	8.749	1.761	-8.851	-0.7886	7.675