17/08/2025	10:04	-0.998393	-0.9835969	-0.9961054	-0.9993146	-0.9776874	-1.012786	-0.9809742	-0.99817	-1.003713	-0.9886816	-0.9846704	-0.9893505	-0.9981663	-0.9873504	-0.9781297	-0.9711491	-0.9711491
17/08/2025	10:14	-0.9987051	-0.9857756	-0.9967286	-0.9986914	-0.9773771	-1.013564	-0.9817489	-0.9986352	-1.002933	-0.9888371	-0.9846704	-0.9904372	-0.9966124	-0.9812749	-0.9775075	-0.9713039	-0.9713039
17/08/2025	10:54	-0.9955847	-0.9823518	-0.98707	-0.9969778	-0.9764461	-1.009986	-0.9757065	-0.9947581	-0.9993447	-0.9830846	-0.978296	-0.9795703	-0.9922613	-0.982677	-0.9823295	-0.9736256	-0.9736256
17/08/2025	11:44	-0.9974569	-0.9765936	-0.9918993	-0.9938622	-0.9736532	-1.006098	-0.974622	-0.9939826	-0.9901398	-0.9798197	-0.97301	-0.9763102	-0.9986325	-0.9792498	-0.9815518	-0.9696013	-0.9696013
17/08/2025	12:34	-0.9955847	-0.9849975	-0.996417	-0.9994703	-0.9773771	-1.011697	-0.981439	-0.9984801	-1.002621	-0.9882152	-0.9815609	-0.9907476	-0.9978555	-0.9889083	-0.9757964	-0.9713039	-0.9713039
17/08/2025	13:24	-1.000265	-0.9851531	-0.9984422	-0.9993146	-0.9784633	-1.013564	-0.9819038	-0.99817	-1.002621	-0.9882152	-0.9851368	-0.9915238	-0.9975448	-0.9903103	-0.9768853	-0.9736256	-0.9736256
17/08/2025	14:14	-0.9986271	-0.9862425	-0.997819	-1.000561	-0.9781529	-1.012475	-0.9820588	-0.9987903	-1.004025	-0.9875933	-0.9866915	-0.9909029	-0.9966124	-0.9871947	-0.9771964	-0.9742447	-0.9742447
17/08/2025	15:04	-0.9995632	-0.9863982	-0.9976633	-0.9997819	-0.9790839	-1.012942	-0.9823686	-0.9991005	-1.003713	-0.9880597	-0.9835821	-0.9909029	-0.9984771	-0.9893756	-0.977663	-0.9743995	-0.9743995
17/08/2025	15:54	-1.000031	-0.9839081	-0.9968843	-0.9993146	-0.9783081	-1.01232	-0.9809742	-0.9987903	-1.003245	-0.9883706	-0.9856032	-0.9913686	-0.9958354	-0.98626	-0.9761075	-0.9736256	-0.9736256
17/08/2025	16:44	-1.000655	-0.9840637	-0.9973517	-0.9986914	-0.9784633	-1.012008	-0.9823686	-0.9978598	-1.004649	-0.9880597	-0.9854478	-0.9879533	-0.9973894	-0.98626	-0.9765742	-0.9740899	-0.9740899
17/08/2025	17:34	-0.9994071	-0.9857756	-0.9973517	-0.9991588	-0.9784633	-1.013097	-0.9819038	-0.9980149	-1.003245	-0.9885261	-0.9854478	-0.9907476	-0.996457	-0.9864158	-0.9793741	-0.9734708	-0.9734708
17/08/2025	18:24	-0.998471	-0.9854644	-0.9965728	-0.9993146	-0.9784633	-1.011386	-0.9809742	-0.9980149	-1.004025	-0.9875933	-0.9849813	-0.9901267	-0.996457	-0.9881294	-0.9748631	-0.9737803	-0.9737803
17/08/2025	19:14	-0.9992511	-0.98562	-0.9975075	-0.9999377	-0.9781529	-1.012786	-0.9809742	-0.9989454	-1.003557	-0.9885261	-0.9856032	-0.9910581	-0.9973894	-0.9890641	-0.9773519	-0.9730064	-0.9730064
17/08/2025	20:04	-1.000109	-0.9846863	-0.9973517	-0.9991588	-0.9793942	-1.013097	-0.9829883	-0.9992556	-1.003089	-0.9889925	-0.9849813	-0.9912134	-0.9975448	-0.9887525	-0.9761075	-0.973316	-0.973316
17/08/2025	20:54	-0.9998752	-0.9860869	-0.9982864	-0.9994703	-0.9792391	-1.013408	-0.981439	-0.9983251	-1.004493	-0.9885261	-0.9857587	-0.9921448	-1.000186	-0.9901545	-0.9742409	-0.9739351	-0.9739351
17/08/2025	21:44	-0.9987831	-0.9871763	-0.998598	-1.000405	-0.9784633	-1.013875	-0.9820588	-0.9992556	-1.004805	-0.9880597	-0.9866915	-0.9924553	-0.9987879	-0.9907777	-0.9789074	-0.9736256	-0.9736256
17/08/2025	22:34	-0.9998752	-0.9871763	-0.9965728	-0.9993146	-0.9792391	-1.014497	-0.9383676	-1.000496	-1.004025	-0.9888371	-0.987158	-0.9919896	-0.9995649	-0.98626	-0.9775075	-0.9734708	-0.9383676
17/08/2025	23:24	-0.9990951	-0.9853088	-0.9957939	-0.9994703	-0.9786184	-1.01232	-0.9817489	-0.9992556	-1.004805	-0.989148	-0.9860697	-0.9898162	-1.000186	-0.9879736	-0.9809296	-0.9736256	-0.9736256
18/08/2025	00:14	-1.001981	-0.9860869	-0.9989095	-1.000405	-0.9787736	-1.014031	-0.9834531	-0.9998759	-1.004805	-0.9888371	-0.9860697	-0.9927658	-0.9981663	-0.9873504	-0.9806185	-0.9743995	-0.9743995
18/08/2025	01:04	-1.001903	-0.9873319	-0.9981306	-0.9997819	-0.9806356	-1.013408	-0.983763	-1.000031	-1.005117	-0.9903918	-0.9863806	-0.9926105	-0.9984771	-0.9868831	-0.9827962	-0.9748638	-0.9748638
18/08/2025	01:54	-0.9959748	-0.9884213	-0.9995327	-1.001028	-0.9806356	-1.014497	-0.9842278	-1.000496	-1.004337	-0.9899254	-0.9870025	-0.9923	-0.9987879	-0.9909334	-0.9798407	-0.9753281	-0.9753281
18/08/2025	02:44	-0.9975349	-0.9759711	-0.990653	-0.993239	-0.9733429	-1.005475	-0.9761713	-0.9956886	-0.9971605	-0.9804415	-0.9821828	-0.9865561	-0.9916397	-0.982677	-0.9785963	-0.971923	-0.971923
18/08/2025	03:34	-0.9950387	-0.9759711	-0.9934571	-0.9943295	-0.9741187	-1.007964	-0.9788052	-0.9942928	-0.9962244	-0.9866604	-0.975342	-0.9825199	-0.9891534	-0.9708375	-0.9770408	-0.9696013	-0.9696013
18/08/2025	04:24	-0.9962868	-0.9814181	-0.9956381	-0.9937064	-0.9708602	-1.007498	-0.9740022	-0.9930521	-1.001841	-0.9833955	-0.9784515	-0.988419	-0.9950584	-0.9854811	-0.9785963	-0.9709943	-0.9708602
18/08/2025	05:14	-0.9948047	-0.9745705	-0.9850449	-0.9898118	-0.9665156	-1.003609	-0.965326	-0.9849876	-0.9895157	-0.9756219	-0.9711443	-0.9817437	-0.9953692	-0.9787824	-0.977663	-0.9674344	-0.965326
18/08/2025	06:04	-0.9999532	-0.9870207	-0.9956381	-0.9977567	-0.9793942	-1.01232	-0.9823686	-0.99817	-1.005429	-0.9888371	-0.9852923	-0.9924553	-0.9961462	-0.9864158	-0.9733076	-0.9740899	-0.9733076
18/08/2025	06:54	-0.9960528	-0.9837525	-0.996417	-0.9963547	-0.9793942	-1.010453	-0.9789601	-0.9977047	-1.003869	-0.9877488	-0.9840485	-0.9910581	-0.9908628	-0.9875062	-0.9684856	-0.9726969	-0.9684856
18/08/2025	07:44	-0.9990171	-0.984375	-0.9971959	-0.9980683	-0.9781529	-1.010764	-0.9783404	-0.9983251	-1.002309	-0.9875933	-0.9840485	-0.9854694	-0.9917951	-0.9857926	-0.9753298	-0.9708395	-0.9708395
18/08/2025	08:34	-0.9889541	-0.9716135	-0.9901857	-0.9941737	-0.9728774	-1.005475	-0.9705937	-0.9842122	-0.9984086	-0.9824627	-0.9809391	0.9860904	-0.9860455	-0.9759783	-0.963508	-0.9604693	-0.9604693
18/08/2025	09:24	-0.9912943	-0.975193	-0.9945476	-0.9933948	-0.9651192	-1.00952	-0.976946	-0.9935174	-0.9948203	-0.9818408	-0.9806281	-0.9864009	-0.9945922	-0.9848579	-0.9781297	-0.9660414	-0.9651192
18/08/2025	10:14	-1.001279	-0.9851531	-0.997819	-0.9988472	-0.9789287	-1.013097	-0.981439	-0.9980149	-1.003245	-0.9885261	-0.9851368	-0.9904372	-0.996457	-0.9873504	-0.9784408	-0.9728517	-0.9728517
18/08/2025	11:04	-1.001747	-0.9853088	-0.9968843	-0.9994703	-0.9772219	-1.013253	-0.9794249	-0.9983251	-1.004025	-0.9883706	-0.9851368	-0.9918343	-0.9981663	-0.9829885	-0.983885	-0.9740899	-0.9740899
18/08/2025	11:14	-0.9994071	-0.9849975	-0.996417	-0.999003	-0.9779978	-1.012475	-0.981594	-0.9963089	-1.001841	-0.9866604	-0.9846704	-0.9902819	-0.9973894	-0.987662	-0.9796852	-0.9728517	-0.9728517
18/08/2025	11:54	-0.9969889	-0.9812625	-0.9922109	-0.9935506	-0.9727222	-1.009209	-0.979115	-0.9901055	-0.9952883	-0.9837065	-0.9789179	-0.9840723	-0.9963016	-0.9854811	-0.9809296	-0.9689822	-0.9689822
18/08/2025	12:44	-0.9995632	-0.98562	-0.9961054	-0.9991588	-0.9781529	-1.011697	-0.9822137	-0.9984801	-1.003089	-0.9879042	-0.9848259	-0.98904	-0.9966124	-0.9887525	-0.9734632	-0.9740899	-0.9734632
18/08/2025	13:34	-0.9926204	-0.9680341	-0.9917435	-0.9873193	-0.9665156	-1.005631	-0.9691993	-0.9891749	-0.9938842	-0.9767102	-0.969745	-0.9750683	-0.9837146	-0.9728627	-0.9747076	-0.9657318	-0.9657318
18/08/2025	14:24	-0.9946487	-0.984375	-0.995015	-0.9972894	-0.9761358	-1.011853	-0.9806644	-0.9916563	-1.002153	-0.9879042	-0.9806281	-0.9864009	-0.9969232	-0.9879736	-0.9729965	-0.9730064	-0.9729965
18/08/2025	15:14	-1.000187	-0.9848419	-0.9971959	-0.9979125	-0.9770668	-1.012008	-0.9801996	-0.9978598	-1.003557	-0.9877488	-0.9837376	-0.98904	-0.9970786	-0.9861042	-0.9729965	-0.9686726	-0.9686726
18/08/2025	16:04	-0.9991731	-0.9846863	-0.9968843	-0.9983799	-0.9772219	-1.012164	-0.9820588	-0.9984801	-1.003401	-0.986505	-0.9846704	-0.9905924	-0.9939707	-0.98626	-0.9785963	-0.9737803	-0.9737803
18/08/2025	16:54	-0.9987051	-0.9840637	-0.9968843	-0.9979125	-0.9770668	-1.011853	-0.9817489	-0.9983251	-1.000593	-0.9879042	-0.9852923	-0.9899714	-0.9945922	-0.9856368	-0.9733076	-0.9725421	-0.9725421
18/08/2025	17:44	-0.9915283	-0.9705242	-0.987849	-0.9899676	-0.9644985	-1.002675	-0.9642414	-0.9845223	-0.9937282	-0.977643	-0.9720771	-0.9770864	-0.9826268	-0.9759783	-0.9770408	-0.9691369	-0.9642414
18/08/2025	18:34	-0.9968329	-0.9837525	-0.9962612	-0.9958873	-0.9770668	-1.011542	-0.9797348	-0.9986352	-1.001529	-0.9883706	-0.9818719	-0.989661	-0.9955246	-0.9843906	-0.9739298	-0.971923	-0.971923
18/08/2025	19:24	-0.9940246	-0.9826631	-0.9934571	-0.9935506	-0.9750497	-1.005631	-0.976946	-0.9961538	-1.000437	-0.9837065	-0.984204	-0.9873323	-0.9970786	-0.9889083	-0.974552	-0.9696013	-0.9696013
18/08/2025	20:14	-0.9905142	-0.9759711	-0.9920551	-0.9933948	-0.9724119	-1.009053	-0.976946	-0.9966191	-0.9968485	-0.9802861	-0.9818719	-0.9826751	-0.9879102	-0.9781593	-0.9773519	-0.9658866	-0.9658866
18/08/2025	21:04	-0.9958188	-0.9769049	-0.9884721	-0.9913696	-0.9764461	-1.005631	-0.9788052	-0.9949132	-0.9907639	-0.9826182	-0.9751866	0.9856247	-0.9868225	-0.9848579	-0.9789074	-0.9714586	-0.9714586
18/08/2025	21:54	-1.001123	-0.9857756	-0.997819	-0.9994703	-0.9787736	-1.012475	-0.9836081	-0.9991005	-1.005117	-0.989148	-0.9857587	-0.9912134	-0.9992541	-0.9859484	-0.9784408	-0.9714586	-0.9714586
18/08/2025	22:44	-1.001357	-0.9865538	-0.998598	-0.9996261	-0.9797046	-1.012942	-0.9839179	-0.9991005	-1.005585	-0.9893035	-0.9859142	-0.9915238	-0.9986325	-0.9901545	-0.982174	-0.974709	-0.974709
18/08/2025	23:34	-0.998159	-0.984375	-0.9982864	-1.000405	-0.9793942	-1.013097	-0.9826785	-0.9997208	-1.004493	-0.9886816	-0.9856032	-0.9909029	-0.9995649	-0.987662	-0.9739298	-0.974709	-0.9739298
19/08/2025	00:24	-0.9974569	-0.9719248	-0.9915877	-0.9935506	-0.9733429	-1.007809	-0.9701289	-0.9918114	-0.9895157	-0.9788868	-0.9702114	0.9725845	-0.9874441	-0.9632041	-0.9785963	-0.9722325	-0.9632041
19/08/2025	01:14	-0.998003	-0.984375	-0.9984422	-1.000405	-0.9804804	-1.013408	-0.9829883	-0.9998759	-1.004961	-0.9902363	-0.9862251	-0.9930763	-0.9990987	-0.989843	-0.9824851	-0.9739351	-0.9739351
19/08/2025	02:04	-0.9971449	-0.9867094	-0.9989095	-1.000717	-0.9793942	-1.012475	-0.9832982	-1.000496	-1.003869	-0.9886816	-0.9862251	-0.9924553	-1.000031	-0.991245	-0.9751742	-0.976102	-0.9751742
19/08/2025	02:54	-1.000343	-0.9882657	-0.9987537	-1.001651	-0.9803252	-1.013875	-0.983763	-0.9995658	-1.00699	-0.9900808	-0.9876244	-0.9938525	-0.9989433	-0.9917124	-0.9799963	-0.9751734	-0.9751734
19/08/2025	03:44	-1.003932	-0.9881101	-0.9993769	-1.001807	-0.9812562	-1.013408	-0.9836081	-1.001272	-1.00699	-0.9910137	-0.9880908	-0.9941629	-0.9981663	-0.9909334	-0.9813962	-0.9742447	-0.9742447
19/08/2025	04:34	-0.998237	-0.9865538	-0.9948592	-0.9991588	-0.9798597	-1.013097	-0.9812841	-0.9970844	-1.005429	-0.9877488	-0.9866915	-0.9916791	-0.9980109	-0.9910892	-0.9720632	-0.9736256	-0.9720632
19/08/2025	05:24	-0.9901242	-0.9779943	-0.9909646	-0.9915254	-0.9733429	-1.00532	-0.974467	-0.9938275	-1.001061	-0.9846393	-0.9795398	-0.9842275	-0.9910182	-0.9812749	-0.9695744	-0.9657318	-0.9657318
19/08/2025	06:14	-1.001981	-0.9848419	-0.997819	-0.9979125	-0.9775323	-1.011542	-0.9829883	-0.9994107	-1.003869	-0.9889925	-0.9860697	-0.9891952	-0.9936599	-0.9797171	-0.979063	-0.974709	-0.974709
19/08/2025	07:04	-0.9956628	-0.9854644	-0.9937687	-0.9985356	-0.9795494	-1.011542	-0.9820588	-0.9977047	-1.004181	-0.9880597	-0.9849813	-0.9912134	-0.9939707	-0.984079	-0.9722188	-0.9734708	-0.9722188
19/08/2025	07:54	-0.9947267	-0.9770605	-0.9901857	-0.991837	-0.9736532	-1.00672	-0.9778756	-0.9958437	-1.001061	-0.9840174	-0.9829602	-0.9887295	-0.9844915	-0.9812749	-0.9460864	-0.9649579	-0.9460864
19/08/2025	08:44	-0.9916843	-0.9706798	-0.989251	-0.9879424	-0.9612401	-0.9995645	-0.9709036	-0.9891749	-0.9865514	-0.9711132	-0.9666356	0.9744473	-0.9854239	-0.9762899	-0.9706633	-0.9632553	-0.9612401
19/08/2025	10:24	-0.9991731	-0.9835969	-0.996417	-0.9983799	-0.9748945	-1.011697	-0.9784953	-0.9989454	-1.002309	-0.9875933	-0.9848259	-0.9891952	-0.9959908	-0.9878178	-0.9820184	-0.9728517	-0.9728517
19/08/2025	11:14	-0.9941026	-0.9755042	-0.987849	-0.9905907	-0.9679121	-1.002364	-0.9718332	-0.9936725	-0.9902958	-0.9799751	-0.9740983	-0.9789493	-0.9903966	-0.966164	-0.9826406	-0.97053	-0.966164
19/08/2025	12:04	-0.9825574	-0.9607196	-0.978502	-0.9795302	-0.947896	-0.9981645	-0.9588188	-0.9778536	-0.9874875	-0.9695585	-0.9618159	-0.9753788	-0.9865117	-0.9795613	-0.977663	-0.9702204	-0.947896
19/08/2025	12:54	-0.9912163	-0.9828187	-0.9951707	-0.9937064	-0.972567	-1.008275	-0.9797348	-0.9969293	-1.001529	-0.9868159	-0.9832711	-0.9887295	-0.99568	-0.9873504	-0.9775075	-0.9722325	-0.9722325
19/08/2025	13:44	-0.9994071	-0.9848419	-0.9965728	-0.9976009	-0.9758255	-1.010764	-0.97927	-0.9973945	-1.002621	-0.9871269	-0.9840485	-0.9899714	-0.9977001	-0.9890641	-0.9706633	-0.973316	-0.9706633
19/08/2025	14:34	-0.9903582	-0.9828187	-0.9940803	-0.9921486	-0.9731877	-1.006253	-0.9726078	-0.9930521	-0.9965364	-0.9767102	-0.9764303	0.9822094	-0.9785865	-0.9604	-0.9756409	-0.9654222	-0.9604
19/08/2025	15:24	-0.9969109	-0.984375	-0.9970401	-0.9983799	-0.9781529	-1.011075	-0.981594	-0.9983251	-1.002309	-0.9871269	-0.9843595	-0.9901267	-0.9980109	-0.9889083	-0.980774	-0.971923	-0.971923
19/08/2025	16:14	-0.9958188	-0.9806399	-0.9909646	-0.9929275	-0.9728774	-1.008897	-0.9612977	-0.9865385	-0.9945082	-0.9771766	-0.97301	-0.9714978	-0.9916397	-0.9773804	-0.9779741	-0.9680535	-0.9612977
19/08/2025	17:04	-0.9985491	-0.9853088	-0.9967286	-0.9994703	-0.9781529	-1.012008	-0.981594	-0.9977047	-1.002621	-0.9872823	-0.9852923	-0.9901267	-0.9973894	-0.9878178	-0.9737743	-0.9708395	-0.9708395
19/08/2025	17:54	-0.9999532	-0.9837525	-0.9971959	-0.9972894	-0.9773771	-1.010453	-0.9803545	-0.9941377	-1.002777	-0.9860386	-0.9845149	-0.9882638	-0.9917951	-0.9811191	-0.9733076	-0.9713039	-0.9713039
19/08/2025	18:44	-0.9958968	-0.9801731	-0.9934571	-0.9946411	-0.9741187	-1.007653	-0.9710585	-0.9944479	-0.9988767	-0.9826182	-0.9776741	0.9873323	-0.983093	-0.9829885	-0.9740854	-0.9686726	-0.9686726
19/08/2025	19:34	-0.9994851	-0.9846863	-0.9948592	-0.9985356	-0.9779978	-1.010764	-0.9803545	-0.9980149	-1.002153	-0.9868159	-0.9851368	-0.9899714	-0.9978555	-0.9882851	-0.9736187	-0.9726969	-0.9726969
19/08/2025	20:24	-0.998315	-0.9853088	-0.9971959	-0.9999377	-0.9761358	-1.009053	-0.9829883	-0.9984801	-1.003089	-0.9880597	-0.9849813	-0.9910581	-0.9981663	-0.9899988	-0.9793741	-0.9728517	-0.9728517
19/08/2025	21:14	-1.000109	-0.9859313	-0.9970401	-0.9996261	-0.976291	-1.012942	-0.9831433	-0.9963089	-1.004337	-0.9882152	-0.9856032	-0.9916791	-0.9977001	-0.9895314	-0.9789074	-0.9730064	-0.9730064
19/08/2025	22:04	-1.001123	-0.9867094	-0.9967286	-0.9997819	-0.9798597	-1.014031	-0.9825235	-0.9991005	-1.005429	-0.9889925	-0.9848259	-0.9919896	-0.9928829	-0.9895314	-0.9793741	-0.9716134	-0.9716134
19/08/2025	22:54	-1.001279	-0.9867094	-0.9979748	-1.000093	-0.9795494	-1.012786	-0.9836081	-0.9997208	-1.004337	-0.9897699	-0.9859142	-0.9926105	-0.996457	-0.989843	-0.9817073	-0.971923	-0.971923
19/08/2025	23:44	-1.002527	-0.9853088	-0.996417	-0.9979125	-0.9803252	-1.013097	-0.9836081	-0.9997208	-1.006053	-0.9893035	-0.9862251	-0.9921448	-0.9994095	-0.9899988	-0.9815518	-0.9740899	-0.9740899
20/08/2025	00:34	-1.002761	-0.9851531	-0.9976633	-1.000405	-0.9800149	-1.013564	-0.983763	-0.9997208	-1.004805	-0.989459	-0.9866915	-0.9926105	-0.996457	-0.9901545	-0.9799963	-0.9725421	-0.9725421
20/08/2025	01:24	-1.001435	-0.9860869	-0.9976633	-0.9993146	-0.9793942	-1.013097	-0.9808193	-0.9998759	-1.005429	-0.9902363	-0.9857587	-0.9924553	-1.000963	-0.9917124	-0.9751742	-0.9742447	-0.9742447
20/08/2025	02:14	-1.003152	-0.9887326	-1	-1.00134	-0.9809459	-1.015275	-0.9854673	-1.000806	-1.005273	-0.9903918	-0.9879353	-0.9936972	-1.002207	-0.9937375	-0.9840406	-0.9754829	-0.9754829
20/08/2025	03:04	-0.988174	-0.9762824	-0.9867585	-0.9887213	-0.9722567	-1.006098	-0.9682697	-0.9894851	-0.9937282	-0.9788868	-0.9745647	-0.9825199	-0.9903966	-0.9772246	-0.9715966	-0.9654222	-0.9654222
20/08/2025	03:54	-1.002683	-0.9849975	-0.9947034	-0.9991588	-0.9779978	-1.011542	-0.9840729	-0.9972395	-1.000437	-0.9874378	-0.9828047	-0.9924553	-0.9969232	-0.9895314	-0.9762631	-0.9722325	-0.9722325
20/08/2025	04:44	-0.9907483	-0.9835969	-0.9965728	-0.9974452	-0.9741187	-1.011075	-0.9794249	-0.9983251	-1.003713	-0.9838619	-0.9828047	-0.9902819	-0.997234	-0.9899988	-0.9824851	-0.9717682	-0.9717682
20/08/2025	05:34	-0.9915283	-0.9779943	-0.9926782	-0.9879424	-0.9742738	-0.9992534	-0.9757065	-0.9908809	-0.9956003	-0.9823072	-0.9795398	-0.9836066	-0.9770326	-0.9809634	-0.9793741	-0.9686726	-0.9686726
20/08/2025	06:24	-0.9964428	-0.975193	-0.9926782	-0.9971336	-0.9756703	-1.00952	-0.9738473	-0.9966191	-0.9998128	-0.983551	-0.9784515	-0.9854694	-0.990552	-0.9789382	-0.9686411	-0.9713039	-0.9686411
20/08/2025	07:14	-0.997925	-0.9842194	-0.9971959	-0.9985356	-0.9789287	-1.012164	-0.9805094	-0.9973945	-1.003401	-0.9875933	-0.9835821	-0.9902819	-0.996457	-0.9885967	-0.9754853	-0.9725421	-0.9725421
20/08/2025	08:04	-0.9964428	-0.9845306	-0.9962612	-0.999003	-0.9792391	-1.011542	-0.9805094	-0.9969293	-1.003089	-0.9869714	-0.984204	-0.9904372	-0.9928829	-0.9854811	-0.9669301	-0.97053	-0.9669301
20/08/2025	08:54	-0.9988611	-0.9784612	-0.9947034	-0.9966663	-0.9733429	-1.009209	-0.9656358	-0.9866935	-0.9990327	-0.9798197	-0.9814055	0.9864009	-0.9908628	-0.9829885	-0.9715966	-0.9720778	-0.9656358
20/08/2025	09:44	-0.997925	-0.9851531	-0.9962612	-0.9985356	-0.9770668	-1.012786	-0.9809742	-0.9986352	-0.9998128	-0.9874378	-0.9845149	-0.9901267	-0.9969232	-0.9867273	-0.9787519	-0.9730064	-0.9730064
20/08/2025	10:34	-1.000499	-0.9839081	-0.9959497	-0.9991588	-0.9775323	-1.012786	-0.9820588	-0.9987903	-1.003401	-0.9882152	-0.9851368	-0.9909029	-0.9986325	-0.9887525	-0.9792185	-0.9731612	-0.9731612
20/08/2025	11:24	-0.9899682	-0.9714579	-0.9912762	-0.9863846	-0.964964	-0.9972312	-0.9647062	-0.9915012	-0.9882676	-0.9717351	-0.9717662	0.9786388	-0.9916397	-0.984079	-0.9778186	-0.9661961	-0.9647062
20/08/2025	12:14	-0.9987831	-0.9840637	-0.9954823	-0.9955758	-0.9767565	-1.00952	-0.9778756	-0.9977047	-1.001061	-0.9849502	-0.9807836	-0.9893505	-0.9958354	-0.9870389	-0.9773519	-0.9709943	-0.9709943
20/08/2025	13:04	-0.997691	-0.9817293	-0.9934571	-0.9960431	-0.9736532	-1.00672	-0.9738473	-0.9887097	-0.9954443	-0.975	-0.9663246	-0.9693244	-0.9911735	-0.9825212	-0.977663	-0.9717682	-0.9663246
20/08/2025	13:54	-0.9941806	-0.975193	-0.9925224	-0.9947969	-0.9719464	-1.009209	-0.9705937	-0.9790943	-0.991856	-0.9718905	-0.9695896	-0.9780179	-0.9935045	-0.9605558	-0.9715966	-0.9654222	-0.9605558
20/08/2025	14:44	-0.9944146	-0.9781499	-0.9890952	-0.9890329	-0.9713257	-1.004075	-0.9718332	-0.987469	-0.9898278	-0.9706468	-0.9702114	-0.9744473	-0.9900858	-0.9714606	-0.975952	-0.9686726	-0.9686726
20/08/2025	15:34	-0.9997972	-0.9839081	-0.9970401	-0.9991588	-0.9778426	-1.012008	-0.9817489	-0.99817	-1.003557	-0.9877488	-0.9856032	-0.9913686	-0.9989433	-0.9884409	-0.9751742	-0.9734708	-0.9734708
20/08/2025	16:24	-1.000499	-0.9842194	-0.9957939	-0.9983799	-0.9786184	-1.012786	-0.9812841	-0.9980149	-1.002621	-0.9872823	-0.9849813	-0.9893505	-0.9984771	-0.9881294	-0.9767297	-0.9740899	-0.9740899
20/08/2025	17:14	-0.998315	-0.9859313	-0.9976633	-0.9994703	-0.9779978	-1.01232	-0.9812841	-0.9987903	-1.002621	-0.9882152	-0.9854478	-0.9901267	-0.9955246	-0.9885967	-0.9756409	-0.973316	-0.973316
20/08/2025	18:04	-0.9920744	-0.9803287	-0.9900299	-0.9915254	-0.9721015	-1.008275	-0.9738473	-0.9918114	-0.9929481	-0.9782649	-0.9745647	0.9837618	-0.9953692	-0.9836117	-0.966619	-0.9723873	-0.966619
20/08/2025	18:54	-0.9993291	-0.9842194	-0.9971959	-0.9991588	-0.9793942	-1.012008	-0.9826785	-0.9983251	-1.003713	-0.9879042	-0.9857587	-0.98904	-0.9963016	-0.9864158	-0.9771964	-0.9722325	-0.9722325
20/08/2025	19:04	-0.9987051	-0.9860869	-0.9956381	-0.9997819	-0.9767565	-1.013564	-0.9809742	-0.9977047	-1.004337	-0.9889925	-0.9843595	-0.9909029	-0.9984771	-0.9868831	-0.975952	-0.9725421	-0.9725421
20/08/2025	19:44	-0.9994851	-0.9851531	-0.9973517	-0.9988472	-0.9789287	-1.012008	-0.9822137	-0.99817	-1.004805	-0.9879042	-0.9859142	-0.9904372	-0.9973894	-0.9879736	-0.9784408	-0.9740899	-0.9740899
20/08/2025	20:34	-1.001123	-0.9793949	-0.9936129	-0.9960431	-0.976291	-1.006875	-0.9735374	-0.9908809	-0.9968485	-0.9840174	-0.9776741	-0.985159	-0.994903	-0.9798729	-0.9784408	-0.9730064	-0.9730064
20/08/2025	21:24	-1.000187	-0.986865	-0.9959497	-1.001028	-0.9795494	-1.014031	-0.9845377	-1.000186	-1.004961	-0.9893035	-0.9865361	-0.9909029	-1.000186	-0.9915566	-0.9809296	-0.9743995	-0.9743995
20/08/2025	22:14	-1.002449	-0.9870207	-0.997819	-0.9996261	-0.9786184	-1.013564	-0.9836081	-0.9998759	-1.005429	-0.9886816	-0.9854478	-0.9913686	-1.001119	-0.9915566	-0.979063	-0.9753281	-0.9753281
20/08/2025	23:04	-1.002839	-0.986865	-0.9984422	-1.000249	-0.9806356	-1.011542	-0.9831433	-0.9997208	-1.005585	-0.9885261	-0.9856032	-0.9921448	-0.9998757	-0.9915566	-0.9729965	-0.9742447	-0.9729965
20/08/2025	23:54	-1.001357	-0.9863982	-0.997819	-1.000249	-0.9787736	-1.013564	-0.9842278	-0.9997208	-1.002621	-0.9899254	-0.9865361	-0.9916791	-0.9994095	-0.9903103	-0.9812407	-0.9728517	-0.9728517
21/08/2025	00:44	-1.002137	-0.9877988	-0.998598	-1.000093	-0.9783081	-1.014186	-0.9834531	-1.000186	-1.005897	-0.989148	-0.986847	-0.9921448	-0.9992541	-0.991245	-0.9804629	-0.9748638	-0.9748638
21/08/2025	01:34	-0.9993291	-0.9755042	-0.992834	-0.9947969	-0.973498	-1.006253	-0.9786502	-0.9925868	-0.9965364	-0.9838619	-0.9793843	-0.9837618	-0.9950584	-0.9700586	-0.9804629	-0.9720778	-0.9700586
21/08/2025	02:24	-1.005492	-0.9891995	-1.000935	-1.00243	-0.9809459	1.014964	-0.9846926	-1.000806	-1.005741	-0.9907027	-0.9880908	-0.9944734	-1.002517	-0.9921797	-0.9815518	-0.9768759	-0.9768759
21/08/2025	03:14	-1.00323	-0.9885769	-1.000156	-1.001963	-0.9804804	1.015119	-0.9854673	-1.000651	-1.006677	-0.9902363	-0.987158	-0.9926105	-1.000186	-0.9931144	-0.9837295	-0.9756377	-0.9756377
21/08/2025	04:04	-0.9993291	-0.9807956	-0.9897183	-0.9960431	-0.9733429	-1.008586	-0.9777206	-0.9959988	-1.001841	-0.986194	-0.9810945	-0.9848485	-0.9967678	-0.9847021	-0.9789074	-0.9700656	-0.9700656
21/08/2025	04:54	-0.9916843	-0.9750374	-0.989251	-0.9887213	-0.9693086	-0.9987867	-0.9670302	-0.991036	-0.9984086	-0.9812189	-0.9737873	-0.9797255	-0.9742355	-0.9674103	-0.9695744	-0.9624814	-0.9624814
21/08/2025	05:44	-0.9834935	-0.9839081	-0.9920551	-0.9960431	-0.9731877	-1.003764	-0.9763262	-0.9972395	-1.002621	-0.986505	-0.9810945	-0.9882638	-0.997234	-0.9879736	-0.9670856	-0.9660414	-0.9660414
21/08/2025	06:34	-0.9987051	-0.9800174	-0.9925224	-0.9966663	-0.9722567	-1.011075	-0.9801996	-0.9967742	-1.000905	-0.9863495	-0.9789179	-0.9862457	-0.9844915	-0.9817423	-0.9673967	-0.9702204	-0.9673967
21/08/2025	07:24	-1.000733	-0.9815737	-0.9956381	-0.9983799	-0.9755151	-1.011542	-0.9831433	-0.9987903	-1.003245	-0.9880597	-0.9848259	-0.9902819	-0.9931937	-0.9881294	-0.9722188	-0.9689822	-0.9689822
21/08/2025	08:14	-0.9922304	-0.9842194	-0.9962612	-0.999003	-0.9747393	-1.006098	-0.9811292	-0.9973945	-0.9982526	-0.9871269	-0.9800062	-0.9870219	-0.9967678	-0.9797171	-0.9656857	-0.9725421	-0.9656857
21/08/2025	09:04	-0.9973009	-0.9775274	-0.9939245	-0.9947969	-0.9719464	-1.007186	-0.9775657	-0.9969293	-0.9895157	-0.9844838	-0.9798507	0.9857799	-0.9872887	-0.9600885	-0.9725299	-0.9713039	-0.9600885
21/08/2025	09:54	-0.9990171	-0.9863982	-0.9979748	-0.9994703	-0.9793942	-1.013408	-0.9826785	-0.9994107	-1.001997	-0.9886816	-0.9856032	-0.9907476	-0.9983217	-0.984079	-0.9803074	-0.9743995	-0.9743995
21/08/2025	10:44	-0.9971449	-0.9814181	-0.9909646	-0.9902792	-0.9738083	-1.003453	-0.974467	-0.9919665	-0.9993447	-0.9827736	-0.9801617	-0.9803465	-0.9941261	-0.9825212	-0.9820184	-0.9708395	-0.9708395
21/08/2025	11:34	-1.000577	-0.9846863	-0.9973517	-0.9972894	-0.9775323	-1.011075	-0.9766361	-0.9975496	-1.002777	-0.9871269	-0.9810945	-0.9887295	-0.9959908	-0.9865715	-0.9793741	-0.9734708	-0.9734708
21/08/2025	12:24	-1.001279	-0.9817293	-0.996417	-0.9974452	-0.9778426	-1.012008	-0.9783404	-0.9975496	-1.004181	-0.9866604	-0.9843595	-0.9910581	-0.9959908	-0.9818981	-0.9770408	-0.9726969	-0.9726969
21/08/2025	13:14	-0.9997192	-0.9854644	-0.9973517	-0.999003	-0.9787736	-1.012008	-0.9809742	-0.9959988	-1.003557	-0.9855721	-0.9829602	-0.9898162	-0.9981663	-0.989843	-0.9751742	-0.9725421	-0.9725421
21/08/2025	14:04	-1.001123	-0.9857756	-0.9981306	-0.999003	-0.9789287	-1.013875	-0.9812841	-0.9978598	-1.004181	-0.9886816	-0.9860697	-0.9915238	-0.9953692	-0.989843	-0.9770408	-0.9745542	-0.9745542
21/08/2025	14:54	-0.9933225	-0.9845306	-0.9971959	-0.9983799	-0.9775323	-1.010764	-0.9781854	-0.9952233	-1.001061	-0.9855721	-0.9821828	-0.9854694	-0.9616484	-0.9529225	-0.9754853	-0.9708395	-0.9529225
21/08/2025	15:44	-1.001513	-0.9817293	-0.9962612	-0.9983799	-0.9770668	-1.012786	-0.9764812	-0.9977047	-1.001841	-0.9871269	-0.9818719	-0.9888847	-0.9983217	-0.9853253	-0.9705077	-0.9716134	-0.9705077
21/08/2025	16:34	-1.001591	-0.9835969	-0.9967286	-0.9988472	-0.9767565	-1.012942	-0.9819038	-0.9980149	-1.003401	-0.9875933	-0.9863806	-0.9912134	-0.9955246	-0.9879736	-0.975952	-0.9731612	-0.9731612
21/08/2025	17:24	-0.9993291	-0.9820406	-0.9981306	-0.9986914	-0.9738083	-1.010297	-0.9817489	-0.9983251	-1.003089	-0.9871269	-0.9828047	-0.9862457	-0.9969232	-0.9836117	-0.9750187	-0.9736256	-0.9736256
21/08/2025	18:14	-0.998471	-0.9845306	-0.9975075	-1.000249	-0.9775323	-1.011853	-0.9829883	-0.9994107	-1.003401	-0.9889925	-0.9862251	-0.9912134	-0.9987879	-0.9884409	-0.9798407	-0.9716134	-0.9716134
21/08/2025	19:04	-1.001279	-0.9860869	-0.9979748	-1.000405	-0.9792391	-1.013408	-0.9828334	-0.9991005	-1.003713	-0.9886816	-0.9860697	-0.9907476	-0.9992541	-0.9895314	-0.9733076	-0.9731612	-0.9731612
21/08/2025	19:54	-0.9992511	-0.981885	-0.995015	-0.9988472	-0.9739635	-1.010764	-0.9817489	-0.9991005	-1.002621	-0.9882152	-0.9852923	-0.9898162	-0.9970786	-0.984079	-0.977663	-0.9726969	-0.9726969
21/08/2025	20:44	-1.001201	-0.9881101	-0.9982864	-1.000405	-0.9792391	-1.014186	-0.9845377	-0.9997208	-1.003245	-0.9902363	-0.9866915	-0.9912134	-1.000808	-0.9926471	-0.9779741	-0.9750186	-0.9750186
21/08/2025	21:34	-1.002761	-0.9845306	-0.9992211	-1.000561	-0.9803252	-1.014808	-0.983763	-1.000341	-1.003245	-0.9896144	-0.987158	-0.9927658	-0.9984771	-0.9885967	-0.9762631	-0.9742447	-0.9742447
21/08/2025	22:24	-1.001435	-0.9877988	-1.000156	-1.00134	-0.9789287	1.014964	-0.9831433	-0.9998759	-1.006209	-0.989459	-0.9873134	-0.9916791	-1.000186	-0.9909334	-0.9793741	-0.9753281	-0.9753281
21/08/2025	23:14	-1.003074	-0.9890438	-0.9992211	-1.000872	-0.9809459	-1.015119	-0.983763	-1.000186	-1.005429	-0.9889925	-0.9862251	-0.9933867	-1.001274	-0.9889083	-0.9818629	-0.9757925	-0.9757925
22/08/2025	00:04	-0.998471	-0.9823518	-0.9898741	-0.9926159	-0.9708602	-1.005009	-0.9749318	-0.9890199	-0.9892037	-0.9829291	-0.9831157	-0.9871771	-0.9883764	-0.9787824	-0.979063	-0.9717682	-0.9708602
22/08/2025	00:54	-1.002449	-0.9877988	-0.9989095	-1.001651	-0.981101	-1.014808	-0.9850025	-1.001582	-1.007146	-0.9907027	-0.9870025	-0.9936972	-0.9994095	-0.9896872	-0.9826406	-0.9750186	-0.9750186
22/08/2025	01:44	-1.003074	-0.9884213	-1.000623	-1.001807	-0.9814114	-1.016053	-0.9850025	-1.000341	-1.006209	-0.9902363	-0.9884017	-0.993542	-1.002362	-0.9937375	-0.9845072	-0.9736256	-0.9736256
22/08/2025	02:34	-1.00518	-0.9896663	-0.9996884	-1.003053	-0.9823424	-1.016053	-0.9859321	-1.001737	-1.00855	-0.9914801	-0.9885572	-0.9943182	-0.9992541	-0.9949838	-0.9803074	-0.9767211	-0.9767211
22/08/2025	03:24	-1.00401	-0.9887326	-1.000623	-1.003053	-0.9821872	1.014964	-0.9845377	-1.000962	-1.00777	-0.9914801	-0.9891791	-0.9949391	-1.000031	-0.9910892	-0.9832628	-0.9773403	-0.9773403
22/08/2025	04:14	-1.002449	-0.9884213	-1.000156	-1.001963	-0.981101	1.014808	-0.9839179	-1.000651	-1.006521	-0.9902363	-0.987158	-0.9930763	-1.002207	-0.9924913	-0.9843517	-0.9740899	-0.9740899
22/08/2025	05:04	-0.998471	-0.9862425	-0.9943918	-0.9963547	-0.9784633	-1.008431	-0.9797348	-0.9953784	-1.003557	-0.9874378	-0.9820274	-0.98904	-0.9959908	-0.9845464	-0.9770408	-0.9708395	-0.9708395
22/08/2025	05:54	-0.9964428	-0.9859313	-0.9971959	-0.9980683	-0.9770668	-1.007964	-0.9784953	-0.9989454	-1.001685	-0.9854167	-0.9817164	-0.9882638	-0.9983217	-0.989843	-0.9823295	-0.9722325	-0.9722325
22/08/2025	06:44	-0.9827134	-0.98313	-0.9876932	-0.9891887	-0.973498	-1.005164	-0.9726078	-0.9680831	-0.9884236	-0.9787313	-0.978296	-0.9784836	-0.9849577	-0.9742647	-0.9557305	-0.9637197	-0.9557305
22/08/2025	07:34	-0.9921524	-0.9775274	-0.9817734	-0.9951084	-0.971636	-1.00672	-0.9726078	-0.9955335	-0.9988767	-0.9816853	-0.9804726	-0.9828304	-0.9854239	-0.9753552	-0.9706633	-0.96697	-0.96697
22/08/2025	08:24	-0.9954287	-0.9781499	-0.9909646	-0.9937064	-0.9738083	-1.007809	-0.9755516	-0.9927419	-0.9990327	-0.9815299	-0.9801617	0.9829856	-0.9927275	-0.9843906	-0.9672412	-0.9692917	-0.9672412
22/08/2025	09:14	-1.000499	-0.9829744	-0.9973517	-0.999003	-0.9733429	-1.012475	-0.97927	-0.9921216	-0.9898278	-0.9846393	-0.978296	-0.983917	-0.9973894	-0.9742647	-0.9798407	-0.9714586	-0.9714586
22/08/2025	10:04	-0.9905922	-0.9708354	-0.9869143	-0.9837363	-0.9492925	-1.00252	-0.9580441	-0.9733561	-0.9796867	-0.9627177	-0.9541978	-0.9699454	-0.9894642	-0.9742647	-0.9789074	-0.962791	-0.9492925
22/08/2025	10:54	-0.9997192	-0.978928	-0.9937687	-0.9971336	-0.9748945	-1.011542	-0.9803545	-0.9972395	-1.001997	-0.9855721	-0.9809391	-0.9856247	-0.9945922	-0.9885967	-0.9823295	-0.9728517	-0.9728517
22/08/2025	11:44	-1.003074	-0.9859313	-0.9992211	-0.9999377	-0.9786184	-1.014031	-0.9764812	-0.9963089	-1.004337	-0.986505	-0.9845149	-0.9907476	-0.9980109	-0.9892198	-0.980774	-0.9700656	-0.9700656
22/08/2025	12:34	-0.9840396	-0.9621203	-0.9816176	-0.9831132	-0.95643	-1.00112	-0.9557201	-0.9828164	-0.9843672	-0.9683147	-0.9657027	-0.963891	-0.9888426	-0.9515204	-0.9757964	-0.9672796	-0.9515204
22/08/2025	13:24	-1.000421	-0.9846863	-0.9923667	-0.9949526	-0.9781529	-1.007809	-0.9774108	-0.9902605	-0.9998128	-0.9826182	-0.9798507	-0.9818989	-0.9933491	-0.9871947	-0.9734632	-0.9734708	-0.9734632
22/08/2025	14:14	-1.001591	-0.9834412	-0.9970401	-0.9997819	-0.9786184	-1.012631	-0.9809742	-0.9992556	-0.9991887	-0.9846393	-0.9834266	-0.9895057	-0.9977001	-0.9896872	-0.9740854	-0.9734708	-0.9734708
22/08/2025	15:04	-0.9916843	-0.9703685	-0.9811503	-0.9851383	-0.963102	-0.9973868	-0.9661006	-0.98933	-0.9835871	-0.9709577	-0.9655473	-0.9705663	-0.9902412	-0.9831443	-0.971441	-0.9682083	-0.963102
22/08/2025	15:54	-0.998393	-0.9814181	-0.9945476	-0.9965105	-0.97536	-1.011542	-0.9781854	-0.9961538	-1.002777	-0.9874378	-0.9856032	-0.9895057	-0.9921059	-0.982677	-0.9770408	-0.9708395	-0.9708395
22/08/2025	16:44	-1.000031	-0.9862425	-0.9968843	-0.99542	-0.9792391	-1.012475	-0.9780305	-0.9997208	-1.001841	-0.9880597	-0.9865361	-0.9909029	-0.9977001	-0.9893756	-0.975952	-0.9739351	-0.9739351
22/08/2025	17:34	-0.9969889	-0.9828187	-0.9912762	-0.9943295	-0.9738083	-1.008431	-0.9764812	-0.9956886	-0.9982526	-0.9760883	-0.9800062	0.9864009	-0.9875995	-0.9828328	-0.9614858	-0.9666605	-0.9614858
23/08/2025	11:04	-1.002371	-0.986865	-0.9989095	-1.000249	-0.9793942	-1.013408	-0.9836081	-0.9989454	-1.005273	-0.9889925	-0.9865361	-0.9915238	-1.000186	-0.9892198	-0.9809296	-0.9748638	-0.9748638
23/08/2025	11:54	-1.002761	-0.9860869	-0.9990653	-1.000561	-0.9779978	-1.014497	-0.9822137	-0.9994107	-1.004805	-0.9899254	-0.9859142	-0.9923	-1.000342	-0.9904661	-0.9832628	-0.9740899	-0.9740899
23/08/2025	12:44	-0.9926204	-0.9689679	-0.9830197	-0.9862288	-0.963102	-1.003453	-0.9643964	-0.992897	-0.9951323	-0.9683147	-0.9719216	-0.980657	-0.9947476	-0.9836117	-0.9785963	-0.9657318	-0.963102
23/08/2025	13:34	-1.000343	-0.9859313	-0.9984422	-0.9997819	-0.9790839	-1.012942	-0.9808193	-1.000186	-1.004337	-0.9882152	-0.9852923	-0.9910581	-0.9952138	-0.9903103	-0.9743965	-0.9731612	-0.9731612
23/08/2025	14:24	-1.001435	-0.9842194	-0.9971959	-1.000405	-0.9789287	-1.013097	-0.9826785	-1.000186	-1.004025	-0.9885261	-0.9865361	-0.9909029	-0.9922613	-0.98626	-0.9733076	-0.9748638	-0.9733076
23/08/2025	15:14	-0.9931665	-0.9851531	-0.9979748	-1.000405	-0.9797046	-1.01092	-0.981439	-1.000031	-1.004181	-0.9886816	-0.9863806	-0.9904372	-0.9987879	-0.9901545	-0.9796852	-0.9739351	-0.9739351
23/08/2025	16:04	-0.9985491	-0.98313	-0.9954823	-0.9971336	-0.9739635	-1.011075	-0.9778756	-0.9958437	-0.9999688	-0.9882152	-0.9821828	-0.9893505	-0.9950584	-0.9889083	-0.9734632	-0.9730064	-0.9730064
23/08/2025	16:54	-1.000421	-0.9845306	-0.9987537	-1.000561	-0.9781529	-1.012631	-0.9832982	-0.9994107	-1.004337	-0.9885261	-0.9856032	-0.9905924	-0.9986325	-0.9892198	-0.9796852	-0.9745542	-0.9745542
23/08/2025	17:44	-1.001903	-0.9851531	-0.9981306	-1.000093	-0.9793942	-1.013875	-0.983763	-0.9998759	-1.004961	-0.9896144	-0.9852923	-0.9919896	-0.9984771	-0.991245	-0.9789074	-0.9748638	-0.9748638
23/08/2025	18:34	-0.9993291	-0.9867094	-0.9987537	-0.9999377	-0.9793942	-1.012008	-0.9832982	-0.9989454	-1.005429	-0.9889925	-0.986847	-0.9909029	-0.9992541	-0.9889083	-0.9757964	-0.9728517	-0.9728517
23/08/2025	19:24	-0.998393	-0.9859313	-0.997819	-0.9996261	-0.9790839	-1.013097	-0.9832982	-1.000031	-1.005273	-0.9883706	-0.9863806	-0.9923	-0.9969232	-0.989843	-0.9653746	-0.9714586	-0.9653746
23/08/2025	20:14	-0.9996412	-0.9876432	-0.9993769	-0.9997819	-0.9797046	-1.014031	-0.9840729	-1.000496	-1.006521	-0.9902363	-0.986847	-0.9930763	-0.9995649	-0.9914008	-0.9810851	-0.9725421	-0.9725421
23/08/2025	21:04	-1.000967	-0.9874875	-0.9990653	-1.001963	-0.9798597	-1.013408	-0.983763	-1.000806	-1.005741	-0.9905473	-0.987158	-0.9919896	-1.001274	-0.9890641	-0.9823295	-0.9748638	-0.9748638
23/08/2025	21:54	-1.000421	-0.9845306	-0.9981306	-1.000093	-0.9792391	-1.014964	-0.983763	-0.9998759	-1.003713	-0.9872823	-0.9859142	-0.988419	-1.000653	-0.9839232	-0.9743965	-0.9750186	-0.9743965
23/08/2025	22:44	-1.003308	-0.9876432	-0.9984422	-1.001963	-0.9804804	-1.014808	-0.9843827	-1.001272	-1.006209	-0.9896144	-0.9874689	-0.9932315	-1.002207	-0.9918681	-0.9810851	-0.9756377	-0.9756377
23/08/2025	23:34	-1.003464	-0.9881101	-0.9987537	-1.00134	-0.9803252	-1.015119	-0.9850025	-1.001427	-1.006053	-0.9900808	-0.9880908	-0.9933867	-0.9998757	-0.9910892	-0.982174	-0.9750186	-0.9750186
24/08/2025	00:24	-1.002137	-0.9881101	-0.9995327	-1.000717	-0.9809459	-1.015119	-0.9846926	-1.001117	-1.006365	-0.9897699	-0.9879353	-0.9913686	-1.001119	-0.9910892	-0.980774	-0.9759473	-0.9759473
24/08/2025	01:14	-1.003542	-0.9871763	-0.9987537	-1.000249	-0.9797046	-1.014186	-0.9846926	-1.001117	-1.005585	-0.9905473	-0.9873134	-0.992921	-0.9997203	-0.9893756	-0.9829517	-0.9762568	-0.9762568
24/08/2025	02:04	-1.005102	-0.9881101	-1.000935	-1.001496	-0.981101	1.015897	-0.9834531	-1.002047	-1.00777	-0.9907027	-0.9877799	-0.9938525	-1.000186	-0.9929586	-0.9810851	-0.9754829	-0.9754829
24/08/2025	02:54	-1.004244	-0.9896663	-1.000623	-1.002274	-0.9824975	-1.015897	-0.9859321	-1.001737	-1.00699	-0.9910137	-0.9891791	-0.9952496	-0.9997203	-0.9889083	-0.982174	-0.9753281	-0.9753281
24/08/2025	03:44	-1.00635	-0.9888882	-1.000312	-1.00134	-0.982032	-1.015119	-0.9846926	-1.001737	-1.006677	-0.9908582	-0.9877799	-0.9944734	-1.002051	-0.9937375	-0.9866849	-0.9773403	-0.9773403
24/08/2025	04:34	-1.005414	-0.9891995	-1.000935	-1.002742	-0.9821872	-1.016519	-0.9857771	-1.002202	-1.007302	-0.9914801	-0.9885572	-0.9944734	-1.003139	-0.9937375	-0.9860627	-0.9767211	-0.9767211
24/08/2025	05:24	-1.004556	-0.9895107	-0.9976633	-1.000249	-0.9817217	-1.014497	-0.9842278	-1.002357	-1.007146	-0.9900808	-0.9888682	-0.9936972	-1.00174	-0.9839232	-0.9820184	-0.9762568	-0.9762568
24/08/2025	06:14	-1.001513	-0.9888882	-0.9996884	-1.001651	-0.9809459	-1.015586	-0.9853123	-1.001427	-1.007302	-0.9910137	-0.9879353	-0.9936972	-0.9950584	-0.9917124	-0.982174	-0.9765664	-0.9765664
24/08/2025	07:04	-1.004244	-0.9887326	-1.000312	-1.001651	-0.9818769	-1.016053	-0.9851574	-1.001117	-1.007302	-0.9913246	-0.9882463	-0.9936972	-1.002051	-0.9920239	-0.9877738	-0.9768759	-0.9768759
24/08/2025	07:54	-1.004088	-0.9882657	-1	-1.001807	-0.9809459	-1.012942	-0.9820588	-1.001892	-1.006365	-0.9897699	-0.9874689	-0.9930763	-1.002828	-0.9926471	-0.9866849	-0.9771855	-0.9771855
24/08/2025	08:44	-1.001981	-0.9846863	-0.998598	-0.9991588	-0.9789287	-1.013097	-0.9822137	-0.9986352	-1.003401	-0.9880597	-0.9866915	-0.9918343	-1.000186	-0.9907777	-0.9765742	-0.9708395	-0.9708395
24/08/2025	09:34	-0.9985491	-0.9778386	-0.9937687	-0.9940179	-0.9728774	-1.002987	-0.97927	-0.99817	-0.9971605	-0.9871269	-0.9824938	-0.9837618	-0.99568	-0.9864158	-0.9834184	-0.9708395	-0.9708395
24/08/2025	10:24	-1.001201	-0.9865538	-0.9981306	-1.000717	-0.9790839	-1.014031	-0.9832982	-1.000341	-1.004805	-0.9885261	-0.9865361	-0.9910581	-1.001119	-0.9867273	-0.9817073	-0.9740899	-0.9740899
24/08/2025	11:14	-1.00362	-0.9860869	-0.9984422	-0.9996261	-0.9801701	-1.012786	-0.9829883	-0.9987903	-1.004649	-0.9872823	-0.9862251	-0.9904372	-1.001274	-0.9901545	-0.9813962	-0.9745542	-0.9745542
24/08/2025	12:04	-1.000811	-0.9787724	-0.9971959	-0.9944853	-0.9759806	-1.009209	-0.9822137	-0.9987903	-1.002621	-0.986505	-0.9829602	-0.9877981	-0.9983217	-0.9833001	-0.9831073	-0.9720778	-0.9720778
24/08/2025	12:54	-1.001747	-0.9859313	-0.9990653	-0.9993146	-0.9792391	-1.013097	-0.9828334	-0.9998759	-1.006365	-0.9886816	-0.9866915	-0.9924553	-0.9958354	-0.9915566	-0.975952	-0.9750186	-0.9750186
24/08/2025	13:44	-0.9889541	-0.9713023	-0.9884721	-0.9884098	-0.9634124	-1.002364	-0.9707486	-0.991036	-0.9962244	-0.9757774	-0.9736318	-0.9784836	-0.9717491	-0.9613347	-0.9708188	-0.9657318	-0.9613347
24/08/2025	14:34	-0.9919964	-0.9731698	-0.9900299	-0.993239	-0.9739635	-1.005786	-0.9775657	-0.9908809	-0.9980966	-0.9829291	-0.9779851	-0.9828304	-0.9936599	-0.9742647	-0.9778186	-0.9665057	-0.9665057
24/08/2025	15:24	-1.000577	-0.9865538	-0.9967286	-0.9999377	-0.9795494	-1.013875	-0.981594	-0.9980149	-1.004181	-0.989148	-0.9852923	-0.9923	-0.9995649	-0.9899988	-0.9748631	-0.9743995	-0.9743995
24/08/2025	16:14	-1.002215	-0.9842194	-0.9981306	-1.000249	-0.9793942	-1.013253	-0.9828334	-0.9992556	-1.004649	-0.9883706	-0.986847	-0.9913686	-0.9950584	-0.9892198	-0.9792185	-0.9743995	-0.9743995
24/08/2025	17:04	-1.002215	-0.9867094	-0.998598	-1.000249	-0.9784633	-1.012631	-0.9839179	-1.000341	-1.003245	-0.9882152	-0.9846704	-0.9926105	-0.996457	-0.9879736	-0.9771964	-0.9725421	-0.9725421
24/08/2025	17:54	-1.000655	-0.984375	-0.9961054	-0.9993146	-0.9783081	-1.013253	-0.9836081	-0.9992556	-1.004961	-0.9886816	-0.9851368	-0.9905924	-0.9961462	-0.9861042	-0.9792185	-0.9734708	-0.9734708
24/08/2025	18:44	-1.000421	-0.984375	-0.9973517	-1.000093	-0.9790839	-1.013097	-0.9823686	-0.9989454	-1.004961	-0.9885261	-0.9860697	-0.9910581	-0.9981663	-0.9895314	-0.9731521	-0.9731612	-0.9731521
24/08/2025	19:34	-1.001825	-0.9871763	-0.9984422	-0.9999377	-0.9795494	-1.014186	-0.9826785	-0.99817	-1.004493	-0.9893035	-0.9870025	-0.9919896	-0.9989433	-0.9870389	-0.9757964	-0.9731612	-0.9731612
24/08/2025	20:24	-1.001201	-0.9862425	-0.9996884	-1.000405	-0.9803252	-1.015119	-0.9842278	-1.000341	-1.006209	-0.9907027	-0.9866915	-0.992921	-1.000031	-0.9893756	-0.9719077	-0.9745542	-0.9719077
24/08/2025	21:14	-1.002371	-0.9877988	-0.9989095	-1.000561	-0.9804804	-1.014964	-0.9846926	-1.000806	-1.005273	-0.9899254	-0.9876244	-0.9919896	-0.9981663	-0.9899988	-0.9751742	-0.9753281	-0.9751742
24/08/2025	22:04	-1.001903	-0.9879544	-0.9992211	-1.000872	-0.9797046	-1.015431	-0.9845377	-1.000496	-1.005741	-0.9897699	-0.9870025	-0.9924553	-1.000963	-0.9910892	-0.9784408	-0.9759473	-0.9759473
24/08/2025	22:54	-1.003776	-0.9865538	-0.9992211	-1.001807	-0.9807907	-1.015275	-0.9845377	-1.000651	-1.005117	-0.9907027	-0.9874689	-0.992921	-0.9973894	-0.9873504	-0.9743965	-0.9726969	-0.9726969
24/08/2025	23:44	-1.001825	-0.9865538	-0.9990653	-1.001496	-0.981101	-1.015275	-0.9853123	-1.000341	-1.004337	-0.989459	-0.9877799	-0.9932315	-1.000963	-0.9921797	-0.9820184	-0.9757925	-0.9757925
25/08/2025	00:34	-0.9995632	-0.9865538	-0.9990653	-1.000561	-0.9806356	-1.013097	-0.9850025	-1.000962	-1.006677	-0.9896144	-0.9873134	-0.992921	-1.000497	-0.9917124	-0.9829517	-0.9757925	-0.9757925
25/08/2025	01:24	-1.003698	-0.9876432	-1.000779	-1.002742	-0.9814114	-1.015431	-0.9857771	-1.001582	-1.008394	-0.9905473	-0.9885572	-0.9944734	-1.001119	-0.9924913	-0.985285	-0.977495	-0.977495
25/08/2025	02:14	-0.9890321	-0.9793949	-0.9901857	-0.9940179	-0.9733429	-1.004231	-0.9771009	-0.9952233	-0.9977846	-0.98324	-0.9817164	-0.9862457	-0.9900858	-0.9734858	-0.9757964	-0.971923	-0.971923
25/08/2025	03:04	-1.003698	-0.9881101	-0.9984422	-1.001651	-0.9818769	-1.015586	-0.9863969	-1.001117	-1.007458	-0.9911692	-0.9880908	-0.9950944	-0.9994095	-0.9917124	-0.96833	-0.9716134	-0.96833
25/08/2025	03:54	-0.9924644	-0.9804843	-0.9947034	-0.9949526	-0.9775323	-1.008586	-0.9775657	-0.9973945	-0.9999688	-0.9863495	-0.9834266	0.9898162	-0.9963016	-0.9831443	-0.9770408	-0.9726969	-0.9726969
25/08/2025	04:44	-0.9994851	-0.9797062	-0.996417	-0.9982241	-0.9755151	-1.011075	-0.9741572	-0.9969293	-1.000593	-0.9879042	-0.9821828	-0.9904372	-0.981539	-0.9853253	-0.9733076	-0.9694465	-0.9694465
25/08/2025	05:34	-0.9931665	-0.9708354	-0.994236	-0.9937064	-0.9736532	-1.004231	-0.9743121	-0.9952233	-0.9968485	-0.9816853	-0.9800062	-0.9853142	-0.9871333	-0.9843906	-0.9614858	-0.9700656	-0.9614858
25/08/2025	06:24	-0.9916843	-0.9775274	-0.9947034	-0.9983799	-0.9742738	-1.011542	-0.9757065	-0.9970844	-1.003401	-0.9843284	-0.9823383	-0.9893505	-0.9865117	-0.9797171	-0.9703522	-0.9626362	-0.9626362
25/08/2025	07:14	-0.9876279	-0.9797062	-0.9951707	-0.9944853	-0.971636	-1.008897	-0.9772558	-0.9966191	-1.000593	-0.986194	-0.9810945	-0.9876428	-0.9863563	-0.9776919	-0.9655301	-0.9703752	-0.9655301
25/08/2025	08:04	-0.9887981	-0.9854644	-0.9968843	-0.9979125	-0.9776874	-1.010764	-0.9806644	-0.9989454	-1.004493	-0.9883706	-0.9852923	-0.9904372	-0.9950584	-0.9881294	-0.9725299	-0.9708395	-0.9708395
25/08/2025	08:54	-0.9986271	-0.9849975	-0.9962612	-0.9982241	-0.9779978	-1.012942	-0.9823686	-0.9986352	-1.002777	-0.986505	-0.9857587	-0.9910581	-0.9885318	-0.9885967	-0.963508	-0.96697	-0.963508
25/08/2025	09:44	-0.9997192	-0.9863982	-0.9979748	-0.9993146	-0.9778426	-1.01372	-0.9809742	-0.9998759	-1.003869	-0.9880597	-0.9835821	-0.9904372	-0.9945922	-0.9901545	-0.9761075	-0.9725421	-0.9725421
25/08/2025	10:34	-0.9935565	-0.9795505	-0.9909646	-0.9930833	-0.971636	-1.009986	-0.974622	-0.9941377	-1.001061	-0.9793532	-0.9824938	-0.9882638	-0.9922613	-0.9750436	-0.9737743	-0.9706847	-0.9706847
25/08/2025	11:24	-1.001279	-0.9826631	-0.9961054	-0.9988472	-0.9781529	-1.013564	-0.972143	-0.9924318	-1.002309	-0.98324	-0.9817164	-0.9862457	-0.9944368	-0.9798729	-0.9784408	-0.973316	-0.972143
25/08/2025	12:14	-0.9990171	-0.9823518	-0.9962612	-0.9988472	-0.9766013	-1.011853	-0.9822137	-0.9986352	-1.002933	-0.9872823	-0.9857587	-0.9902819	-0.9959908	-0.9892198	-0.9751742	-0.9734708	-0.9734708
25/08/2025	13:04	-1.001669	-0.98562	-0.9970401	-0.999003	-0.9789287	1.013408	-0.9823686	-0.9992556	-1.002933	-0.9888371	-0.9821828	-0.9919896	-0.9959908	-0.9906219	-0.9795296	-0.9739351	-0.9739351
25/08/2025	13:54	-0.9997972	-0.9862425	-0.9979748	-0.9993146	-0.9798597	-1.012786	-0.9820588	-0.9986352	-1.003245	-0.9897699	-0.9870025	-0.9915238	-0.9990987	-0.9910892	-0.9789074	-0.9740899	-0.9740899
25/08/2025	14:44	-1.000109	-0.9863982	-0.9976633	-1.000872	-0.9787736	-1.015119	-0.9811292	-1.000031	-1.003869	-0.9880597	-0.9865361	-0.9909029	-0.9977001	-0.9881294	-0.9829517	-0.9742447	-0.9742447
25/08/2025	15:34	-1.001045	-0.9846863	-0.9933013	-0.9963547	-0.9783081	-1.010297	-0.974467	-0.9987903	-0.9973165	-0.986194	-0.9837376	-0.9862457	-0.9994095	-0.987662	-0.9750187	-0.9736256	-0.9736256
25/08/2025	16:24	-0.9832595	-0.9621203	-0.9814619	-0.9776608	-0.9531715	-1.000031	-0.9600583	-0.9882444	-0.9948203	-0.9734453	-0.9702114	0.9756893	-0.9793635	-0.9781593	-0.96833	-0.96697	-0.9531715
25/08/2025	17:14	-1.000109	-0.9853088	-0.998598	-0.9997819	-0.9792391	-1.013564	-0.9826785	-0.9994107	-1.004025	-0.9871269	-0.9856032	-0.9921448	-0.9966124	-0.9893756	-0.9796852	-0.9745542	-0.9745542
25/08/2025	18:04	-0.998315	-0.9839081	-0.9926782	-0.9941737	-0.9750497	-1.007964	-0.9789601	-0.9967742	-1.003713	-0.9879042	-0.9829602	-0.9857799	-0.9952138	-0.9882851	-0.9705077	-0.9654222	-0.9654222
25/08/2025	18:54	-1.000967	-0.9839081	-0.9961054	-0.9965105	-0.9773771	-1.010453	-0.9781854	-0.9933623	-1.002777	-0.9812189	-0.9817164	-0.9888847	-0.9927275	-0.9845464	-0.9750187	-0.9709943	-0.9709943
25/08/2025	19:44	-0.9975349	-0.9865538	-0.9981306	-0.9999377	-0.9787736	-1.012786	-0.9822137	-0.9998759	-1.005585	-0.9897699	-0.9857587	-0.9927658	-0.9975448	-0.9879736	-0.9793741	-0.9740899	-0.9740899
25/08/2025	20:34	-1.001435	-0.9884213	-0.9989095	-1.000249	-0.9814114	-1.014653	-0.9819038	-1.000341	-1.005429	-0.9900808	-0.9870025	-0.9921448	-1.000653	-0.9901545	-0.980774	-0.9742447	-0.9742447
25/08/2025	21:24	-1.001591	-0.9882657	-0.9992211	-1.000717	-0.9809459	-1.013875	-0.9828334	-1.000031	-1.004649	-0.9886816	-0.9873134	-0.992921	-0.9978555	-0.9901545	-0.9729965	-0.9742447	-0.9729965
25/08/2025	22:14	-0.9974569	-0.9834412	-0.9953265	-0.99542	-0.973498	-1.008897	-0.9822137	-0.9992556	-1.002621	-0.9875933	-0.9859142	-0.9882638	-0.9966124	-0.9889083	-0.9824851	-0.9748638	-0.973498
25/08/2025	23:04	-1.002137	-0.9887326	-0.9998442	-1.001963	-0.9821872	-1.016208	-0.9848475	-1.001582	-1.007146	-0.9913246	-0.9888682	-0.9930763	-0.9969232	-0.9940491	-0.9815518	-0.9743995	-0.9743995
25/08/2025	23:54	-1.005102	-0.9862425	-1.000312	-1.001963	-0.981101	1.014964	-0.9859321	-1.000962	-1.007458	-0.9908582	-0.9873134	-0.9933867	-0.9997203	-0.9918681	-0.9845072	-0.9765664	-0.9765664
26/08/2025	00:44	-1.00557	-0.9882657	-0.9998442	-1.001807	-0.9809459	-1.016053	-0.9842278	-1.001427	-1.006521	-0.9905473	-0.9874689	-0.9912134	-1.002051	-0.9928028	-0.9829517	-0.9767211	-0.9767211
26/08/2025	01:34	-1.002449	-0.9888882	-0.9998442	-1.00243	-0.9809459	-1.016053	-0.986087	-1.001582	-1.007458	-0.9911692	-0.9876244	-0.9938525	-0.9978555	-0.9917124	-0.9812407	-0.9739351	-0.9739351
26/08/2025	02:24	-1.003386	-0.9902888	-0.9998442	-1.002898	-0.9814114	-1.015275	-0.9865518	-1.002202	-1.00855	-0.9916356	-0.9891791	-0.9950944	-1.002517	-0.9937375	-0.9863738	-0.9781142	-0.9781142
26/08/2025	03:14	-1.003464	-0.9884213	-0.9975075	-1.00134	-0.9804804	-1.012786	-0.9851574	-1.000806	-1.005585	-0.9905473	-0.986847	-0.9938525	-1.001119	-0.993426	-0.9837295	-0.9771855	-0.9771855
26/08/2025	04:04	-0.9998752	-0.9888882	-0.9998442	-1.000872	-0.9821872	-1.01372	-0.983763	-1.001117	-1.005429	-0.9899254	-0.9874689	-0.9938525	-1.000497	-0.9940491	-0.9804629	-0.9750186	-0.9750186
26/08/2025	04:54	-0.9832595	-0.9800174	-0.989251	-0.9938622	-0.9769116	-1.009831	-0.9667204	-0.9902605	-1.000281	-0.9833955	-0.9762749	-0.985159	-0.9872887	-0.9868831	-0.9809296	-0.9651127	-0.9651127
26/08/2025	05:44	-1.002059	-0.9867094	-0.9990653	-1.000872	-0.9804804	-1.012786	-0.9811292	-1.000186	-1.005741	-0.9893035	-0.9846704	-0.9912134	-0.9997203	-0.9924913	-0.9801518	-0.9745542	-0.9745542
26/08/2025	06:34	-0.9947267	-0.9747261	-0.9908088	-0.9946411	-0.9660501	-1.000031	-0.96765	-0.9961538	-0.9956003	-0.9812189	-0.9798507	-0.9842275	-0.9927275	-0.9811191	-0.9701966	-0.9651127	-0.9651127
26/08/2025	07:24	-0.9975349	-0.9867094	-0.9961054	-0.9993146	-0.9801701	-1.013408	-0.9822137	-0.992897	-1.001841	-0.9882152	-0.9859142	-0.9918343	-0.9931937	-0.9842348	-0.974552	-0.9720778	-0.9720778
26/08/2025	08:14	-0.9906702	-0.9720804	-0.9808387	-0.9842036	-0.953637	-0.9995645	-0.972298	-0.9899504	-0.9865514	-0.9784204	-0.9748756	-0.9746026	-0.9944368	-0.9864158	-0.9678634	-0.9708395	-0.953637
26/08/2025	09:04	-1.001903	-0.9859313	-0.9926782	-0.9993146	-0.9792391	-1.012786	-0.9803545	-0.9989454	-1.002777	-0.9858831	-0.9863806	-0.9891952	-0.9869779	-0.9867273	-0.9656857	-0.9720778	-0.9656857
26/08/2025	09:54	-1.001201	-0.9828187	-0.9951707	-0.9977567	-0.9772219	-1.009986	-0.9783404	-0.9977047	-1.000593	-0.9879042	-0.9843595	-0.9901267	-0.9947476	-0.9850137	-0.9771964	-0.9748638	-0.9748638
26/08/2025	10:44	-1.000031	-0.9860869	-0.9982864	-0.9999377	-0.9786184	-1.012786	-0.9801996	-0.9973945	-1.002465	-0.9869714	-0.9828047	-0.9907476	-0.9983217	-0.989843	-0.9751742	-0.9739351	-0.9739351
26/08/2025	11:34	-1.000733	-0.984375	-0.998598	-0.9997819	-0.9790839	-1.011853	-0.9829883	-1.000341	-1.001217	-0.9863495	-0.9846704	-0.9895057	-0.9986325	-0.9892198	-0.980774	-0.9736256	-0.9736256
26/08/2025	12:24	-0.9973789	-0.9790837	-0.9957939	-0.9969778	-0.976291	-1.011853	-0.981594	-0.99817	-1.001061	-0.9852612	-0.9823383	-0.9895057	-0.988998	-0.9809634	-0.9775075	-0.9731612	-0.9731612
26/08/2025	13:14	-0.9996412	-0.98562	-0.9973517	-0.9974452	-0.9787736	-1.011697	-0.9822137	-0.9978598	-1.003557	-0.9872823	-0.9851368	-0.9910581	-0.9947476	-0.9885967	-0.9733076	-0.9699108	-0.9699108
26/08/2025	14:04	-1.001435	-0.9860869	-0.9970401	-0.9982241	-0.9786184	-1.012631	-0.981594	-0.99817	-1.002777	-0.9882152	-0.9845149	-0.9898162	-0.9952138	-0.9899988	-0.9803074	-0.9726969	-0.9726969
26/08/2025	14:54	-0.9987051	-0.9728586	-0.9886279	-0.9963547	-0.974429	-1.010453	-0.9797348	-0.9963089	-0.992012	-0.9795087	-0.9776741	-0.9820541	-0.9958354	-0.9817423	-0.9782852	-0.9711491	-0.9711491
26/08/2025	15:44	-0.9932445	-0.9842194	-0.9936129	-0.9946411	-0.9741187	-1.008742	-0.9803545	-0.9955335	-1.001529	-0.9833955	-0.9831157	-0.9887295	-0.9935045	-0.9879736	-0.9756409	-0.9700656	-0.9700656
26/08/2025	16:34	-0.9964428	-0.9823518	-0.9908088	-0.9951084	-0.9623262	-1.008586	-0.9784953	-0.9975496	-0.9782826	-0.9799751	-0.9745647	0.9756893	-0.9917951	-0.9847021	-0.9715966	-0.9737803	-0.9623262
26/08/2025	17:24	-0.9997192	-0.9849975	-0.9971959	-0.9985356	-0.9773771	-1.013253	-0.981439	-0.996464	-1.003089	-0.9882152	-0.9860697	-0.9912134	-0.9969232	-0.9896872	-0.9736187	-0.9725421	-0.9725421
26/08/2025	18:14	-1.000421	-0.9865538	-0.9976633	-0.9980683	-0.9779978	-1.012164	-0.9808193	-0.9994107	-1.004181	-0.9883706	-0.9849813	-0.9907476	-0.9961462	-0.9870389	-0.9736187	-0.973316	-0.973316
26/08/2025	19:04	-1.000733	-0.986865	-0.9981306	-0.999003	-0.9789287	-1.011697	-0.9808193	-0.9989454	-1.004337	-0.9879042	-0.9862251	-0.9915238	-0.9978555	-0.98626	-0.9771964	-0.9745542	-0.9745542
26/08/2025	19:54	-1.001591	-0.986865	-0.9976633	-1.000093	-0.9800149	-1.011075	-0.9829883	-0.9995658	-1.004181	-0.9874378	-0.9856032	-0.9916791	-0.9984771	-0.9879736	-0.9764186	-0.9722325	-0.9722325
26/08/2025	20:44	-0.9991731	-0.9825075	-0.9917435	-0.9980683	-0.9714809	-1.011853	-0.9811292	-0.9995658	-1.002621	-0.9849502	-0.9849813	-0.9868666	-0.996457	-0.9904661	-0.9779741	-0.9737803	-0.9714809
26/08/2025	21:34	-0.9941026	-0.9767493	-0.992834	-0.9974452	-0.9772219	-1.011231	-0.9800446	-0.9936725	-0.9888917	-0.9791978	-0.9744092	-0.9808122	-0.9973894	-0.9875062	-0.9726854	-0.9730064	-0.9726854
26/08/2025	22:24	-1.004634	-0.9876432	-0.9992211	-1.001963	-0.9815665	-1.015275	-0.9851574	-1.000806	-1.006677	-0.9899254	-0.9879353	-0.9932315	-1.001274	-0.9926471	-0.9849739	-0.974709	-0.974709
28/08/2025	12:38	-0.9992511	-0.9823518	-0.997819	-0.9999377	-0.9781529	-1.010453	-0.9805094	-0.9978598	-1.003557	-0.9871269	-0.9852923	-0.9893505	-0.9959908	-0.9851695	-0.9750187	-0.9740899	-0.9740899
28/08/2025	12:48	-0.9990951	-0.9800174	-0.9933013	-0.9976009	-0.9770668	-1.010609	-0.97927	-0.9952233	-1.002309	-0.9868159	-0.9815609	-0.9895057	-0.9852685	-0.98626	-0.9770408	-0.9700656	-0.9700656
28/08/2025	12:58	-1.000889	-0.9832856	-0.9959497	-0.996822	-0.9756703	-1.010609	-0.9806644	-0.9980149	-1.001061	-0.9863495	-0.9846704	-0.9871771	-0.9973894	-0.9825212	-0.9734632	-0.9717682	-0.9717682
28/08/2025	13:08	-0.9921524	-0.9686566	-0.9903415	-0.989656	-0.9595333	-1.006098	-0.9715233	-0.9925868	-0.9906078	-0.9777985	-0.975653	-0.9805017	-0.9911735	-0.9722395	-0.9778186	-0.9694465	-0.9595333
28/08/2025	13:18	-0.998237	-0.98313	-0.9959497	-0.9938622	-0.9748945	-1.006409	-0.9795798	-0.9956886	-1.001217	-0.9855721	-0.9826493	-0.989661	-0.9961462	-0.9889083	-0.9754853	-0.9709943	-0.9709943
28/08/2025	13:28	-1.000889	-0.9862425	-0.9971959	-0.9988472	-0.9783081	-1.010609	-0.981439	-0.9984801	-0.9980966	-0.9854167	-0.9837376	-0.9904372	-0.9950584	-0.9864158	-0.9750187	-0.971923	-0.971923
28/08/2025	13:38	-0.988486	-0.9680341	-0.9827081	-0.9877866	-0.9666708	-1.002364	-0.9712134	-0.9919665	-0.9835871	-0.9785759	-0.9712998	-0.9725845	-0.9913289	-0.9758225	-0.9743965	-0.9697561	-0.9666708
28/08/2025	13:48	-0.9892661	-0.973948	-0.9915877	-0.9893445	-0.9696189	-0.9933425	-0.9648612	-0.9885546	-0.9834311	-0.9770211	-0.9708333	0.9756893	-0.9866671	-0.9666314	-0.9773519	-0.9629458	-0.9629458
29/08/2025	03:38	-1.003932	-0.9899776	-0.997819	-1.002274	-0.9818769	-1.016053	-0.9865518	-1.001582	-1.008082	-0.9905473	-0.9884017	-0.9941629	-0.9990987	-0.9928028	-0.9855961	-0.9757925	-0.9757925
29/08/2025	03:48	-1.00518	-0.9885769	-0.9987537	-1.000249	-0.9793942	-1.012786	-0.9843827	-1.000962	-1.004025	-0.989148	-0.9860697	-0.9912134	-0.9987879	-0.9928028	-0.9809296	-0.9742447	-0.9742447
29/08/2025	03:58	-1.001591	-0.9888882	-1	-1.001184	-0.9814114	-1.012008	-0.9842278	-0.9983251	-1.005897	-0.9900808	-0.9870025	-0.993542	-0.9961462	-0.9920239	-0.9799963	-0.9725421	-0.9725421
29/08/2025	04:08	-1.002917	-0.9890438	-0.9993769	-1.000561	-0.9809459	-1.014497	-0.9854673	-1.001582	-1.006365	-0.9902363	-0.9865361	-0.9924553	-1.000963	-0.993426	-0.9873071	-0.9765664	-0.9765664
29/08/2025	04:18	-0.9760828	-0.9557395	-0.9682203	-0.9686254	-0.9514647	-0.9857205	-0.9504524	-0.976768	-0.9863954	-0.9684701	-0.9705224	0.9655986	-0.98387	-0.9783151	-0.9616414	-0.9637197	-0.9504524
29/08/2025	04:28	-1.004166	-0.9884213	-1.000312	-1.00134	-0.9809459	1.014808	-0.9848475	-1.001117	-1.006053	-0.9902363	-0.986847	-0.9926105	-1.000186	-0.9903103	-0.9815518	-0.9743995	-0.9743995
29/08/2025	04:38	-0.9873159	-0.9769049	-0.9814619	-0.989656	-0.9689983	-1.00532	-0.9685796	-0.991036	-0.9995007	-0.9771766	-0.9789179	-0.9814332	-0.974857	-0.961179	-0.9711299	-0.965577	-0.961179
29/08/2025	04:48	-0.9926985	-0.9862425	-0.997819	-0.9955758	-0.9761358	-1.00812	-0.9811292	-0.9983251	-1.006053	-0.9882152	-0.9824938	-0.9877981	-0.9961462	-0.987662	-0.9771964	-0.9736256	-0.9736256
29/08/2025	04:58	-0.9937126	-0.9798618	-0.9908088	-0.9940179	-0.9733429	-1.007964	-0.9738473	-0.9922767	-0.9988767	-0.9830846	-0.9804726	0.9860904	-0.9896196	-0.9792498	-0.9605525	-0.9680535	-0.9605525
29/08/2025	05:08	-0.9951167	-0.973948	-0.9852006	-0.9899676	-0.9722567	-0.9973868	-0.9726078	-0.9899504	-0.9751623	-0.9767102	-0.9678794	0.975534	-0.9903966	-0.98626	-0.9740854	-0.9706847	-0.9678794
29/08/2025	05:18	-0.9863018	-0.9755042	-0.9897183	-0.9904349	-0.9691534	-1.006564	-0.9701289	-0.9932072	-0.9982526	-0.9837065	-0.9814055	0.9783284	-0.9871333	-0.9762899	-0.9703522	-0.964184	-0.964184
29/08/2025	05:28	-0.9920744	-0.9756599	-0.9836428	-0.9937064	-0.9708602	-1.004387	-0.9755516	-0.9933623	-0.9987207	-0.9821517	-0.9804726	0.9879533	-0.9821606	-0.9758225	-0.9737743	-0.9677439	-0.9677439
29/08/2025	05:38	-0.9988611	-0.975193	-0.9945476	-0.9951084	-0.9756703	-1.011231	-0.9783404	-0.9950682	-0.9853033	-0.9843284	-0.9798507	-0.9803465	-0.9868225	-0.9742647	-0.9498196	-0.9699108	-0.9498196
29/08/2025	05:48	-0.9951167	-0.9809512	-0.990653	-0.991837	-0.974429	-1.005786	-0.9726078	-0.991036	-0.9943522	-0.9827736	-0.9790734	-0.9820541	-0.994903	-0.9836117	-0.9765742	-0.9722325	-0.9722325
29/08/2025	05:58	-0.9921524	-0.9804843	-0.991432	-0.9915254	-0.9708602	-1.010453	-0.9777206	-0.9953784	-0.9984086	-0.9818408	-0.9790734	-0.9801913	-0.9930383	-0.9848579	-0.9719077	-0.9658866	-0.9658866
29/08/2025	06:08	-0.9999532	-0.9812625	-0.9976633	-1.000249	-0.9786184	-1.012475	-0.9826785	-0.9986352	-1.003713	-0.9880597	-0.9863806	-0.9895057	-0.9936599	-0.9879736	-0.9711299	-0.9728517	-0.9711299
29/08/2025	06:18	-0.9916843	-0.9783055	-0.9866027	-0.9926159	-0.9693086	-1.004075	-0.9647062	-0.987469	-0.9971605	-0.9815299	-0.98125	-0.9860904	-0.9888426	-0.9708375	-0.9723743	-0.9644936	-0.9644936
29/08/2025	06:28	-0.9925424	-0.9801731	-0.9961054	-0.9976009	-0.9733429	-1.011386	-0.9771009	-0.9949132	-1.003245	-0.9840174	-0.9775187	-0.9809675	-0.9911735	-0.9825212	-0.9645968	-0.9697561	-0.9645968
29/08/2025	06:38	-0.9971449	-0.9671003	-0.9903415	-0.9915254	-0.9711706	-0.9994089	-0.9662556	-0.9840571	-0.9943522	-0.9801306	-0.9793843	-0.9780179	-0.9916397	-0.9747321	-0.9619525	-0.9668153	-0.9619525
29/08/2025	06:48	-0.9858337	-0.9616534	-0.9771	-0.9863846	-0.9528612	-1.000187	-0.9619175	-0.9817308	-0.9814029	-0.9639614	-0.9646144	-0.9759998	-0.9914843	-0.9700586	-0.9692633	-0.9717682	-0.9528612
29/08/2025	06:58	-1.000421	-0.9828187	-0.9973517	-0.9997819	-0.9787736	-1.013564	-0.9832982	-0.99817	-1.003869	-0.9883706	-0.9828047	-0.9904372	-0.9987879	-0.9881294	-0.9691078	-0.9725421	-0.9691078
29/08/2025	07:08	-0.9926204	-0.9686566	-0.9816176	-0.9876309	-0.9637227	-1.002675	-0.960678	-0.9694789	-0.972354	-0.9666045	-0.9694341	-0.9685482	-0.9939707	-0.9817423	-0.9784408	-0.9631005	-0.960678
29/08/2025	07:18	-0.9919964	-0.9795505	-0.9925224	-0.9941737	-0.9688431	-1.007186	-0.9766361	-0.9958437	-1.002465	-0.9840174	-0.9793843	-0.9843828	-0.9872887	-0.982677	-0.9720632	-0.9663509	-0.9663509
29/08/2025	07:28	-0.9933225	-0.9778386	-0.992834	-0.9947969	-0.9708602	-1.003298	-0.97927	-0.9952233	-0.9980966	-0.9843284	-0.9818719	-0.9862457	-0.9925721	-0.9843906	-0.9706633	-0.9672796	-0.9672796
29/08/2025	07:38	-0.9985491	-0.9797062	-0.9947034	-0.9940179	-0.9764461	-1.006875	-0.9812841	-0.9975496	-1.004181	-0.9866604	-0.9829602	-0.9888847	-0.9922613	-0.987662	-0.9661523	-0.9709943	-0.9661523
29/08/2025	07:48	-0.9887981	-0.9790837	-0.9926782	-0.9929275	-0.9756703	-1.006253	-0.9743121	-0.9916563	-0.9980966	-0.9827736	-0.9750311	0.9803465	-0.9848023	-0.9798729	-0.9669301	-0.9663509	-0.9663509
29/08/2025	07:58	-0.9959748	-0.9806399	-0.9939245	-0.9947969	-0.9776874	-1.009675	-0.9750868	-0.9916563	-0.9996568	-0.9838619	-0.9790734	0.9879533	-0.9928829	-0.9837674	-0.9633524	-0.9596954	-0.9596954
29/08/2025	08:08	-0.9877839	-0.9734811	-0.9814619	-0.9921486	-0.9719464	-1.002831	-0.9755516	-0.9936725	-0.9970045	-0.9819963	-0.9775187	0.9769312	-0.9852685	-0.9776919	-0.965219	-0.9672796	-0.965219
29/08/2025	08:18	-0.9987051	-0.9859313	-0.9954823	-0.9988472	-0.9793942	-1.012475	-0.9778756	-0.9975496	-1.002309	-0.9849502	-0.9851368	-0.9871771	-0.9907074	-0.9889083	-0.9607081	-0.96697	-0.9607081
29/08/2025	08:28	-0.9912943	-0.9783055	-0.9915877	-0.9926159	-0.9724119	-1.007809	-0.9755516	-0.9936725	-1.000905	-0.9815299	-0.9781405	-0.9829856	-0.9928829	-0.9837674	-0.9649079	-0.96697	-0.9649079
29/08/2025	08:38	-0.9964428	-0.9784612	-0.9903415	-0.9938622	-0.9750497	-1.009675	-0.9747769	-0.9939826	-0.9851473	-0.9767102	-0.9764303	0.976155	-0.9913289	-0.9820538	-0.9681745	-0.9675892	-0.9675892
29/08/2025	08:48	-0.9954287	-0.9795505	-0.9875374	-0.9877866	-0.9699292	-1.003609	-0.9648612	-0.9915012	-0.9977846	-0.9796642	-0.9748756	0.9818989	-0.9885318	-0.9795613	-0.9729965	-0.9621719	-0.9621719
29/08/2025	08:58	-0.9951947	-0.9783055	-0.9954823	-0.9963547	-0.9755151	-1.009675	-0.9781854	-0.9955335	-0.9906078	-0.980597	-0.9742537	-0.9769312	-0.994903	-0.9845464	-0.9725299	-0.9685178	-0.9685178
29/08/2025	09:08	-0.9836495	-0.9680341	-0.9844217	-0.9866962	-0.967757	-1.005786	-0.9755516	-0.9897953	-0.9912319	-0.972046	-0.9723881	-0.9707216	-0.9896196	-0.9778477	-0.9747076	-0.9694465	-0.967757
29/08/2025	09:18	-0.997925	-0.9825075	-0.9939245	-0.9983799	-0.9730325	-1.010297	-0.979115	-0.9959988	-1.001997	-0.9813744	-0.9834266	-0.989661	-0.9877548	-0.9861042	-0.9706633	-0.9709943	-0.9706633
29/08/2025	09:28	-1.000577	-0.9851531	-0.9956381	-0.9979125	-0.9778426	-1.012164	-0.9805094	-0.9961538	-1.001685	-0.9874378	-0.9826493	-0.989661	-0.9980109	-0.9839232	-0.9784408	-0.9722325	-0.9722325
29/08/2025	09:38	-0.9971449	-0.9826631	-0.9922109	-0.9952642	-0.9719464	-1.009831	-0.9750868	-0.9905707	-0.9948203	-0.9816853	-0.9767413	0.9805017	-0.9955246	-0.980496	-0.9734632	-0.9709943	-0.9709943
29/08/2025	09:58	-0.997691	-0.9845306	-0.9953265	-0.9980683	-0.9758255	-1.011697	-0.976791	-0.9963089	-1.003401	-0.9841729	-0.9831157	-0.9893505	-0.9927275	-0.9864158	-0.9756409	-0.9709943	-0.9709943
29/08/2025	10:08	-0.9923864	-0.9675672	-0.990653	-0.9877866	-0.9663605	-1.002209	-0.9650161	-0.9882444	-0.9832751	-0.9726679	-0.9728545	-0.9753788	-0.990552	-0.9857926	-0.966619	-0.9671248	-0.9650161
29/08/2025	10:18	-0.9921524	-0.9825075	-0.995015	-0.991837	-0.9766013	-1.000964	-0.9695092	-0.9935174	-1.000593	-0.9846393	-0.9818719	-0.9868666	-0.9835592	-0.9834559	-0.9644413	-0.9686726	-0.9644413
29/08/2025	10:28	-0.9831035	-0.9762824	-0.9852006	-0.9904349	-0.9682224	-1.002675	-0.9620724	-0.987469	-0.9993447	-0.9757774	-0.978607	-0.9829856	-0.9827822	-0.9713048	-0.9686411	-0.9643388	-0.9620724
29/08/2025	10:38	-0.9996412	-0.9863982	-0.9965728	-0.9985356	-0.9792391	-1.012786	-0.9797348	-0.9963089	-0.9999688	-0.9882152	-0.9852923	0.9904372	-0.9980109	-0.9875062	-0.9739298	-0.971923	-0.971923
29/08/2025	10:48	-0.9832595	-0.943445	-0.9689993	-0.9743893	-0.9485166	-0.9849428	-0.9626921	-0.976768	-0.9520719	-0.9666045	-0.9515547	-0.9482116	-0.9911735	-0.9808076	-0.9787519	-0.9683631	-0.943445
29/08/2025	10:58	-0.998393	-0.9829744	-0.991432	-0.9940179	-0.9702396	-1.009364	-0.9719881	-0.9944479	-0.9965364	-0.9802861	-0.9744092	-0.9791046	-0.9930383	-0.98626	-0.975952	-0.9706847	-0.9702396
29/08/2025	11:08	-0.9999532	-0.9839081	-0.9959497	-0.999003	-0.9787736	-1.012786	-0.9825235	-0.9963089	-0.9963804	-0.9871269	-0.9851368	-0.9893505	-0.994903	-0.9910892	-0.9787519	-0.9736256	-0.9736256
29/08/2025	11:18	-1.001123	-0.9857756	-0.9973517	-0.999003	-0.9779978	-1.013564	-0.9825235	-0.9989454	-1.003557	-0.9879042	-0.9848259	-0.9891952	-0.9973894	-0.9893756	-0.9764186	-0.9730064	-0.9730064
29/08/2025	11:28	-0.9990951	-0.9832856	-0.9971959	-0.9983799	-0.9790839	-1.012786	-0.981594	-0.9997208	-1.003557	-0.9880597	-0.9851368	-0.9904372	-0.9977001	-0.9856368	-0.9799963	-0.9734708	-0.9734708
29/08/2025	11:38	-0.9955847	-0.9857756	-0.9934571	-0.9972894	-0.9790839	-1.010453	-0.9757065	-0.9969293	-1.001061	-0.9872823	-0.983893	-0.98904	-0.9902412	-0.9833001	-0.9613303	-0.9691369	-0.9613303
29/08/2025	11:48	-0.9988611	-0.9804843	-0.9901857	-0.9907465	-0.9745842	-1.007964	-0.9784953	-0.9956886	-0.9881116	-0.9838619	-0.9744092	0.976776	-0.99568	-0.9787824	-0.9779741	-0.9703752	-0.9703752
29/08/2025	11:58	-0.9954287	-0.9807956	-0.9943918	-0.9963547	-0.976291	-1.009675	-0.979115	-0.9944479	-1.001997	-0.986194	-0.9804726	-0.9885743	-0.9952138	-0.9837674	-0.9765742	-0.9649579	-0.9649579
29/08/2025	12:08	-0.9968329	-0.9761267	-0.9887836	-0.9933948	-0.9742738	-1.005475	-0.9758614	-0.9947581	-0.9929481	-0.9823072	-0.9781405	0.9842275	-0.9953692	-0.9839232	-0.977663	-0.973316	-0.973316
29/08/2025	12:18	-0.9997192	-0.9806399	-0.9953265	-0.9971336	-0.9752048	-1.008586	-0.9801996	-0.98933	-1.000437	-0.9858831	-0.9823383	-0.9874876	-0.9891534	-0.9828328	-0.9706633	-0.9711491	-0.9706633
29/08/2025	12:28	-0.9994851	-0.9849975	-0.9968843	-0.9980683	-0.9786184	-1.01232	-0.9819038	-0.9975496	-1.003557	-0.9871269	-0.984204	-0.9882638	-0.9981663	-0.9865715	-0.9798407	-0.9736256	-0.9736256
29/08/2025	12:38	-0.9839616	-0.9723917	-0.9788136	-0.9759472	-0.9610849	-0.9892982	-0.9639316	-0.9759926	-0.972822	-0.9701803	-0.9661692	0.9561289	-0.9779649	-0.9658524	-0.9729965	-0.9649579	-0.9561289
29/08/2025	12:48	-0.9965208	-0.9823518	-0.9954823	-0.9976009	-0.9755151	-1.011075	-0.9811292	-0.9967742	-1.002153	-0.9860386	-0.9831157	-0.9879533	-0.9961462	-0.9871947	-0.9723743	-0.9703752	-0.9703752
29/08/2025	12:58	-0.9926985	-0.9720804	-0.984266	-0.9888771	-0.97536	-1.004853	-0.974622	-0.9921216	-0.9807788	-0.9781095	-0.9699005	-0.9777074	-0.9917951	-0.9725511	-0.9722188	-0.9691369	-0.9691369
29/08/2025	13:08	-0.9937906	-0.9835969	-0.9939245	-0.9972894	-0.9789287	-1.00672	-0.9727628	-0.9925868	-1.001373	-0.9829291	-0.9834266	-0.9879533	-0.9921059	-0.9848579	-0.972841	-0.9638744	-0.9638744
29/08/2025	13:18	-0.9962868	-0.9797062	-0.987849	-0.9961989	-0.9699292	-1.008897	-0.9761713	-0.9919665	-0.9934161	-0.9796642	-0.9762749	-0.9801913	-0.9963016	-0.9801844	-0.9677078	-0.9668153	-0.9668153
29/08/2025	13:28	-0.9891101	-0.9734811	-0.9887836	-0.9854499	-0.9710154	-0.9992534	-0.9623823	-0.9902605	-0.9857713	-0.9670709	-0.9632152	-0.9733607	-0.9868225	-0.9772246	-0.9785963	-0.97053	-0.9623823
29/08/2025	13:38	-0.9934785	-0.976438	-0.9943918	-0.9933948	-0.9738083	-1.006409	-0.9735374	-0.9935174	-0.9999688	-0.9759328	-0.9790734	-0.9805017	-0.9874441	-0.9828328	-0.9756409	-0.9603145	-0.9603145
29/08/2025	13:48	-0.9950387	-0.9834412	-0.9962612	-0.9966663	-0.9770668	-1.008586	-0.9786502	-0.9967742	-1.002777	-0.9858831	-0.9829602	-0.9876428	-0.9967678	-0.9871947	-0.9779741	-0.9723873	-0.9723873
29/08/2025	13:58	-0.9962868	-0.9779943	-0.9909646	-0.9946411	-0.9717912	-1.007031	-0.9701289	-0.9958437	-0.9885796	-0.9790423	-0.9762749	0.9801913	-0.9874441	-0.9660082	-0.9736187	-0.9711491	-0.9660082
29/08/2025	14:08	-0.9952727	-0.9812625	-0.9900299	-0.9866962	-0.97536	-1.003764	-0.9620724	-0.9887097	-0.9951323	-0.9740672	-0.9768968	-0.9781731	-0.9933491	-0.9834559	-0.9739298	-0.971923	-0.9620724
29/08/2025	14:18	-0.9930105	-0.9737923	-0.9844217	-0.9916812	-0.9570506	-1.00812	-0.9639316	-0.9849876	-0.9736021	-0.9768657	-0.970056	-0.9635805	-0.9894642	-0.9744205	-0.9715966	-0.9674344	-0.9570506
29/08/2025	14:28	-1.000109	-0.9849975	-0.9965728	-0.9977567	-0.9781529	-1.012631	-0.9819038	-0.9994107	-1.003401	-0.9866604	-0.984204	-0.9893505	-0.9953692	-0.9885967	-0.9792185	-0.9723873	-0.9723873
29/08/2025	14:38	-0.9874719	-0.9744148	-0.9886279	-0.9913696	-0.973498	-1.00392	-0.974622	-0.9859181	-0.9929481	-0.9754664	-0.9688122	-0.9769312	-0.9891534	-0.9806518	-0.9753298	-0.9665057	-0.9665057
29/08/2025	14:48	-0.9990951	-0.9862425	-0.9962612	-0.9976009	-0.9779978	-1.012008	-0.9801996	-0.9967742	-1.002309	-0.9829291	-0.9831157	-0.9905924	-0.9987879	-0.9881294	-0.9770408	-0.9723873	-0.9723873
29/08/2025	14:58	-0.9895781	-0.9809512	-0.9945476	-0.9926159	-0.9738083	-1.008742	-0.9775657	-0.9925868	-0.9929481	-0.9807525	-0.9806281	0.9837618	-0.9903966	-0.9800287	-0.9715966	-0.9706847	-0.9706847
29/08/2025	15:08	-0.9994071	-0.9832856	-0.9970401	-0.9991588	-0.9772219	-1.01232	-0.9826785	-0.9994107	-1.002309	-0.9879042	-0.9849813	-0.9898162	-0.9941261	-0.9889083	-0.9764186	-0.9717682	-0.9717682
29/08/2025	15:18	-1.001825	-0.9848419	-0.9968843	-0.9991588	-0.9773771	-1.012008	-0.9798897	-0.9952233	-1.004181	-0.9872823	-0.9849813	-0.9915238	-0.9978555	-0.9837674	-0.9810851	-0.973316	-0.973316
29/08/2025	15:28	-0.9987051	-0.9853088	-0.9971959	-0.9996261	-0.9769116	-1.01092	-0.9819038	-0.9984801	-1.000437	-0.9872823	-0.9815609	-0.9843828	-0.9987879	-0.9873504	-0.975952	-0.9728517	-0.9728517
29/08/2025	15:38	-1.000967	-0.9851531	-0.9975075	-0.9988472	-0.976291	-1.01232	-0.9832982	-0.9995658	-1.003557	-0.9880597	-0.9862251	-0.9913686	-0.9984771	-0.9893756	-0.9773519	-0.9730064	-0.9730064
29/08/2025	15:48	-1.000967	-0.9862425	-0.9973517	-0.9999377	-0.9784633	-1.012008	-0.9806644	-0.9986352	-1.003557	-0.9883706	-0.9845149	-0.9910581	-0.9967678	-0.9895314	-0.974552	-0.973316	-0.973316
29/08/2025	15:58	-1.000031	-0.981885	-0.9971959	-0.9996261	-0.976291	-1.012786	-0.9811292	-0.9983251	-1.001997	-0.9877488	-0.9845149	-0.9905924	-0.9981663	-0.9893756	-0.9768853	-0.9731612	-0.9731612
29/08/2025	16:08	-0.9965989	-0.9842194	-0.996417	-0.9993146	-0.9772219	-1.01232	-0.9829883	-0.9975496	-1.002465	-0.9880597	-0.9848259	-0.9895057	-0.9987879	-0.9889083	-0.9736187	-0.9731612	-0.9731612
29/08/2025	16:18	-0.9934785	-0.9730142	-0.9859796	-0.9902792	-0.967757	-1.005786	-0.9752417	-0.9913462	-0.9968485	-0.9821517	-0.9804726	-0.9850037	-0.9900858	-0.9818981	-0.9630413	-0.9680535	-0.9630413
04/09/2025	09:38	-0.997847	-0.9825075	-0.98707	-0.9902792	-0.9707051	-1.00392	-0.9710585	-0.9942928	-1.000281	-0.9791978	-0.9818719	-0.9853142	-0.988998	-0.984079	-0.9695744	-0.9618623	-0.9618623
04/09/2025	10:28	-0.9938686	-0.9730142	-0.9880047	-0.9927717	-0.9700844	-1.004387	-0.9681148	-0.9953784	-0.9927921	-0.980908	-0.9702114	-0.9808122	-0.997234	-0.9837674	-0.9692633	-0.9708395	-0.9681148
04/09/2025	11:18	-0.9901242	-0.9596302	-0.9883163	-0.9876309	-0.9581368	-1.003609	-0.965171	-0.9885546	-0.9818709	-0.9732898	-0.9723881	-0.9752235	-0.988998	-0.9753552	-0.9754853	-0.9672796	-0.9581368
04/09/2025	12:08	-0.9994071	-0.9826631	-0.9968843	-0.9916812	-0.9733429	-1.006253	-0.9747769	-0.9975496	-0.9980966	-0.9829291	-0.9759639	0.9826751	-0.9958354	-0.9854811	-0.9737743	-0.9717682	-0.9717682
04/09/2025	12:58	-1.001201	-0.9839081	-0.9959497	-0.9966663	-0.9738083	-1.010297	-0.9795798	-0.9973945	-1.003401	-0.9827736	-0.9810945	-0.9887295	-0.9981663	-0.9875062	-0.9764186	-0.9713039	-0.9713039
04/09/2025	13:48	-0.9987051	-0.9863982	-0.9979748	-0.9997819	-0.9786184	-1.011075	-0.9832982	-0.9983251	-1.004649	-0.9883706	-0.9862251	-0.9912134	-0.9969232	-0.9873504	-0.9775075	-0.9731612	-0.9731612
04/09/2025	14:38	-0.9954287	-0.9806399	-0.9920551	-0.9957316	-0.97536	-1.010297	-0.9789601	-0.9916563	-0.9980966	-0.9841729	-0.9820274	-0.9877981	-0.9875995	-0.9814307	-0.9698855	-0.9675892	-0.9675892
04/09/2025	15:28	-0.9991731	-0.9846863	-0.9967286	-0.996822	-0.9778426	-1.011542	-0.981594	-0.9956886	-1.002153	-0.9879042	-0.9834266	-0.9909029	-0.9975448	-0.9882851	-0.9778186	-0.9714586	-0.9714586
04/09/2025	16:18	-1.003308	-0.9874875	-1.000156	-1.001496	-0.9803252	-1.015586	-0.9857771	-1.001892	-1.006521	-0.9911692	-0.9880908	-0.993542	-1.002673	-0.9935818	-0.9876182	-0.9770307	-0.9770307
04/09/2025	17:08	-0.9989391	-0.9859313	-0.9976633	-0.9988472	-0.9786184	-1.013875	-0.9834531	-0.9987903	-1.005897	-0.9879042	-0.9843595	-0.9912134	-0.9983217	-0.9865715	-0.9644413	-0.9736256	-0.9644413
04/09/2025	17:58	-0.9930885	-0.9806399	-0.990653	-0.9926159	-0.9742738	-1.007186	-0.9702838	-0.992897	-1.001061	-0.9852612	-0.9810945	-0.9893505	-0.9900858	-0.9818981	-0.9551083	-0.9689822	-0.9551083
04/09/2025	18:48	-0.997613	-0.9862425	-0.9981306	-1.000093	-0.9770668	-1.012942	-0.9836081	-0.9997208	-1.004025	-0.9885261	-0.9860697	-0.9918343	-0.9967678	-0.9890641	-0.9751742	-0.9736256	-0.9736256
04/09/2025	19:38	-1.002371	-0.9853088	-0.9975075	-0.9988472	-0.9801701	-1.012475	-0.9800446	-0.99817	-0.9966925	-0.9801306	-0.9804726	-0.9854694	-0.9936599	-0.9865715	-0.9722188	-0.9731612	-0.9722188
04/09/2025	20:28	-1.000265	-0.9859313	-0.997819	-0.9985356	-0.9767565	-1.008897	-0.981594	-0.9987903	-1.003869	-0.9866604	-0.9837376	-0.9874876	-0.9930383	-0.9833001	-0.9801518	-0.973316	-0.973316
04/09/2025	21:18	-1.001903	-0.9888882	-1	-1.00134	-0.9817217	-1.014808	-0.9850025	-1.000031	-1.006365	-0.9905473	-0.9870025	-0.9930763	-0.9998757	-0.9910892	-0.9826406	-0.9737803	-0.9737803
04/09/2025	22:08	-1.003542	-0.9876432	-0.9998442	-1.000405	-0.9814114	-1.015119	-0.9845377	-0.9991005	-1.006365	-0.9896144	-0.9870025	-0.9933867	-0.9995649	-0.9917124	-0.9754853	-0.974709	-0.974709
04/09/2025	22:48	-1.002917	-0.9870207	-0.9995327	-1.00134	-0.9798597	-1.014186	-0.9836081	-1.001582	-1.005897	-0.9907027	-0.9874689	-0.9923	-0.9984771	-0.9875062	-0.980774	-0.9762568	-0.9762568
04/09/2025	22:58	-1.002449	-0.9876432	-1.000467	-1.00134	-0.9814114	1.015431	-0.9853123	-1.000962	-1.007146	-0.9903918	-0.9877799	-0.9938525	-1.000031	-0.9921797	-0.9826406	-0.9740899	-0.9740899
04/09/2025	23:48	-1.003152	-0.9860869	-0.9989095	-1.001184	-0.9798597	-1.012942	-0.9854673	-1.000031	-1.003401	-0.9899254	-0.9876244	-0.9924553	-1.000653	-0.9907777	-0.9834184	-0.9745542	-0.9745542
05/09/2025	00:38	-1.00362	-0.9893551	-0.9973517	-1.002586	-0.9824975	-1.013564	-0.9842278	-1.000341	-1.008082	-0.9908582	-0.9882463	-0.9941629	-1.000808	-0.9928028	-0.9813962	-0.9767211	-0.9767211
05/09/2025	01:28	-1.00401	-0.9882657	-1.000156	-1.001651	-0.9806356	1.014342	-0.9839179	-1.002047	-1.006209	-0.9883706	-0.9873134	-0.9938525	-1.001585	-0.9868831	-0.9855961	-0.9759473	-0.9759473
05/09/2025	02:18	-1.001591	-0.9890438	-1.000623	-1.00134	-0.9803252	1.014497	-0.9831433	-1.000806	-1.007614	-0.9902363	-0.9876244	-0.9946287	-0.9984771	-0.9918681	-0.9796852	-0.9768759	-0.9768759
05/09/2025	03:08	-1.002137	-0.9877988	-0.9990653	-0.9996261	-0.9815665	-1.013097	-0.9839179	-0.9989454	-1.006521	-0.9902363	-0.9873134	-0.9936972	-1.000031	-0.9915566	-0.9726854	-0.9743995	-0.9726854
05/09/2025	03:58	-1.001123	-0.9881101	-0.9992211	-1.000561	-0.9809459	-1.015119	-0.9826785	-1.000651	-1.005429	-0.9888371	-0.9860697	-0.9888847	-0.9963016	-0.9887525	-0.9843517	-0.9734708	-0.9734708
05/09/2025	04:48	-1.002449	-0.9876432	-1.000623	-1.001963	-0.9817217	-1.01372	-0.9854673	-1.000651	-1.006209	-0.9889925	-0.9882463	-0.9940077	-1.002673	-0.9917124	-0.9799963	-0.9728517	-0.9728517
05/09/2025	05:38	-0.9990951	-0.9867094	-0.9976633	-0.9997819	-0.9795494	-1.012164	-0.9808193	-0.9992556	-1.004025	-0.9886816	-0.9873134	-0.9910581	-0.9984771	-0.9885967	-0.9770408	-0.9726969	-0.9726969
05/09/2025	06:28	-0.9925424	-0.9795505	-0.9917435	-0.9949526	-0.9717912	-1.007964	-0.9763262	-0.9938275	-0.9895157	-0.9824627	-0.9740983	0.9809675	-0.9914843	-0.9822096	-0.9677078	-0.9683631	-0.9677078
05/09/2025	07:18	-0.988174	-0.976438	-0.9887836	-0.9888771	-0.9638779	-1.003764	-0.9757065	-0.9883995	-0.9995007	-0.9795087	-0.9792289	-0.980657	-0.9935045	-0.9803402	-0.9669301	-0.9637197	-0.9637197
05/09/2025	08:08	-0.9958968	-0.9817293	-0.995015	-0.9977567	-0.9766013	-1.011075	-0.9775657	-0.9973945	-1.002465	-0.9843284	-0.9800062	-0.9881085	-0.9844915	-0.9845464	-0.9670856	-0.9697561	-0.9670856
05/09/2025	08:58	-0.9961308	-0.9678785	-0.9936129	-0.9940179	-0.9671363	-1.00532	-0.9659457	-0.9896402	-0.9896717	-0.9754664	-0.9750311	-0.9766207	-0.9894642	-0.9775361	-0.9619525	-0.9680535	-0.9619525
05/09/2025	09:48	-0.9949607	-0.9834412	-0.9900299	-0.9916812	-0.9748945	-1.005009	-0.9749318	-0.9959988	-0.9940402	-0.9819963	-0.9793843	0.9814332	-0.9855793	-0.9675661	-0.9756409	-0.9696013	-0.9675661
05/09/2025	10:38	-0.9897341	-0.9681897	-0.987849	-0.9862288	-0.9696189	-1.00112	-0.9736924	-0.9925868	-0.9999688	-0.9796642	-0.9775187	-0.9746026	-0.9837146	-0.9751994	-0.9692633	-0.9699108	-0.9681897
05/09/2025	11:28	-1.001669	-0.9853088	-0.9975075	-1.000093	-0.9795494	-1.012631	-0.9829883	-0.9983251	-1.004025	-0.9888371	-0.9846704	-0.9910581	-0.997234	-0.9864158	-0.972841	-0.9734708	-0.972841
05/09/2025	12:18	-0.9825574	-0.9803287	-0.9915877	-0.9926159	-0.9717912	-1.00252	-0.9753966	-0.994603	-1.002153	-0.9804415	-0.9810945	-0.9814332	-0.9773434	-0.9706817	-0.9723743	-0.9683631	-0.9683631
05/09/2025	13:08	-0.997691	-0.9839081	-0.9931456	-0.9982241	-0.9787736	-1.011386	-0.9809742	-0.9986352	-0.9998128	-0.9872823	-0.9846704	-0.9882638	-0.9970786	-0.9839232	-0.9781297	-0.9731612	-0.9731612
05/09/2025	13:58	-0.9990951	-0.9834412	-0.9937687	-0.9947969	-0.974429	-1.009053	-0.9760164	-0.9963089	-0.9952883	-0.9804415	-0.9810945	-0.9842275	-0.9973894	-0.9806518	-0.9798407	-0.9720778	-0.9720778
05/09/2025	14:48	-0.998471	-0.9842194	-0.9945476	-0.9960431	-0.9752048	-1.007653	-0.9750868	-0.9972395	-1.001997	-0.9847948	-0.9814055	-0.9874876	-0.9914843	-0.9809634	-0.9722188	-0.9699108	-0.9699108
05/09/2025	15:38	-0.9997972	-0.9849975	-0.9961054	-0.9985356	-0.9784633	-1.012631	-0.9812841	-0.9986352	-1.003245	-0.9879042	-0.9856032	-0.9913686	-0.9970786	-0.9853253	-0.9761075	-0.9728517	-0.9728517
05/09/2025	16:28	-0.9986271	-0.9857756	-0.9971959	-0.9976009	-0.9789287	-1.011853	-0.9820588	-0.9986352	-1.000125	-0.9879042	-0.983893	-0.9902819	-0.9969232	-0.9836117	-0.9793741	-0.9722325	-0.9722325
05/09/2025	17:18	-0.9969889	-0.9848419	-0.9959497	-0.9971336	-0.9775323	-1.011853	-0.9828334	-0.9939826	-1.002933	-0.9869714	-0.9845149	-0.9901267	-0.9944368	-0.9847021	-0.9677078	-0.9730064	-0.9677078
05/09/2025	18:08	-0.9915283	-0.966011	-0.9853564	-0.9828016	-0.9686879	-1.000031	-0.9634668	-0.9876241	-0.9948203	-0.9785759	-0.9754975	-0.9770864	-0.9737693	-0.9681892	-0.9709744	-0.9657318	-0.9634668
05/09/2025	18:58	-0.9933225	-0.9828187	-0.9912762	-0.9912139	-0.9697741	-1.00532	-0.9772558	-0.9972395	-1.000749	-0.9821517	-0.9817164	-0.9873323	-0.9886872	-0.9868831	-0.9750187	-0.9677439	-0.9677439
05/09/2025	19:48	-0.9916063	-0.9753486	-0.985668	-0.9905907	-0.9694638	-1.001742	-0.9732276	-0.9955335	-1.001529	-0.9830846	-0.9764303	-0.9803465	-0.9936599	-0.9820538	-0.9753298	-0.9587667	-0.9587667
05/09/2025	20:38	-0.9938686	-0.9755042	-0.9828639	-0.9873193	-0.964033	-1.005631	-0.9643964	-0.9901055	-0.9904518	-0.9743781	-0.9688122	-0.9770864	-0.9880656	-0.9543245	-0.9753298	-0.9646483	-0.9543245
05/09/2025	21:28	-1.001747	-0.9873319	-0.9987537	-1.000561	-0.9797046	-1.012786	-0.9840729	-1.000651	-1.006053	-0.9896144	-0.9862251	-0.9923	-0.9990987	-0.9921797	-0.9795296	-0.9750186	-0.9750186
05/09/2025	22:18	-1.000811	-0.9877988	-0.9987537	-1.000561	-0.9803252	-1.012786	-0.9829883	-1.000186	-1.005897	-0.9897699	-0.9874689	-0.9932315	-1.000808	-0.9920239	-0.9793741	-0.9745542	-0.9745542
05/09/2025	23:08	-1.002137	-0.9879544	-0.9987537	-1.000093	-0.9807907	-1.01372	-0.9842278	-1.000962	-1.003869	-0.9896144	-0.9865361	-0.9923	-0.9967678	-0.9903103	-0.980774	-0.9742447	-0.9742447
05/09/2025	23:58	-1.000421	-0.9882657	-0.9982864	-1.000405	-0.9804804	-1.012008	-0.9832982	-0.9997208	-1.007146	-0.9897699	-0.9876244	-0.992921	-0.9990987	-0.9914008	-0.9739298	-0.9745542	-0.9739298
06/09/2025	00:48	-1.000889	-0.9885769	-0.9979748	-1.001496	-0.9807907	-1.013408	-0.983763	-0.9998759	-1.005585	-0.9897699	-0.9857587	-0.9923	-0.9986325	-0.9907777	-0.9812407	-0.9731612	-0.9731612
06/09/2025	01:38	-1.001981	-0.9879544	-1.000623	-1.001807	-0.9817217	-1.015897	-0.9853123	-1.001737	-1.005585	-0.9910137	-0.9879353	-0.9927658	-0.9998757	-0.9929586	-0.9854405	-0.9743995	-0.9743995
06/09/2025	02:28	-1.002917	-0.9893551	-1.000312	-1.003053	-0.9818769	-1.016208	-0.9851574	-1.001737	-1.007302	-0.9907027	-0.9884017	-0.9946287	-0.9995649	-0.9915566	-0.9865294	-0.9737803	-0.9737803
06/09/2025	03:18	-1.002605	-0.9877988	-0.9990653	-1.002119	-0.9812562	-1.015431	-0.9853123	-1.001582	-1.006209	-0.9903918	-0.986847	-0.9941629	-1.002207	-0.9929586	-0.9860627	-0.9757925	-0.9757925
06/09/2025	04:08	-1.002527	-0.9882657	-0.9984422	-0.9997819	-0.9806356	-1.013408	-0.9848475	-0.9997208	-1.005897	-0.9905473	-0.9876244	-0.9933867	-1.001896	-0.9907777	-0.9796852	-0.9765664	-0.9765664
06/09/2025	04:58	-0.9908263	-0.9874875	-0.9982864	-1.001028	-0.9807907	-1.012475	-0.9823686	-1.000496	-1.006365	-0.989459	-0.9865361	-0.992921	-0.9978555	-0.9899988	-0.980774	-0.9751734	-0.9751734
06/09/2025	05:48	-0.9760828	-0.9755042	-0.9917435	-0.9938622	-0.9738083	-1.006564	-0.9701289	-0.9916563	-0.9854593	-0.9819963	-0.98125	-0.9811227	-0.9834038	-0.976913	-0.9743965	-0.9692917	-0.9692917
06/09/2025	06:38	-0.9797491	-0.9714579	-0.9873816	-0.9873193	-0.964033	-0.9998756	-0.9673401	-0.9800248	-0.9940402	-0.9763993	-0.9747201	0.9773969	-0.977188	-0.9677218	-0.9622636	-0.9624814	-0.9622636
06/09/2025	07:28	-0.9902802	-0.975193	-0.9884721	-0.9905907	-0.9629469	-0.9995645	-0.9685796	-0.9885546	-0.9941962	-0.9748445	-0.9703669	0.9759998	-0.9840254	-0.9727069	-0.9684856	-0.9646483	-0.9629469
06/09/2025	08:18	-0.9948827	-0.9801731	-0.9923667	-0.9946411	-0.9736532	-1.007342	-0.9747769	-0.9963089	-0.9977846	-0.9823072	-0.9740983	0.9877981	-0.9866671	-0.9669429	-0.9677078	-0.9694465	-0.9669429
06/09/2025	09:08	-0.9856777	-0.9686566	-0.9894068	-0.9910581	-0.9699292	-0.9967646	-0.9752417	-0.9918114	-0.9993447	-0.9824627	-0.9824938	-0.9834513	-0.983093	-0.9822096	-0.9689522	-0.9666605	-0.9666605
06/09/2025	09:58	-0.9990951	-0.9815737	-0.9954823	-0.9974452	-0.9781529	-1.011697	-0.9788052	-0.9966191	-1.002777	-0.9869714	-0.9845149	-0.98904	-0.9930383	-0.9759783	-0.9736187	-0.9717682	-0.9717682
06/09/2025	10:48	-0.9990171	-0.984375	-0.9954823	-0.9966663	-0.9773771	-1.011075	-0.9788052	-0.9959988	-1.002933	-0.9838619	-0.983893	-0.9901267	-0.9958354	-0.9800287	-0.9792185	-0.9665057	-0.9665057
06/09/2025	12:28	-0.9969889	-0.98562	-0.9956381	-0.9988472	-0.9789287	-1.011853	-0.981439	-0.9978598	-1.004493	-0.9882152	-0.9846704	-0.9899714	-0.9953692	-0.9885967	-0.9771964	-0.9711491	-0.9711491
06/09/2025	13:18	-0.9967549	-0.984375	-0.9957939	-0.9986914	-0.9766013	-1.012008	-0.9812841	-0.9969293	-1.001529	-0.9844838	-0.9832711	-0.9901267	-0.994903	-0.9899988	-0.9723743	-0.9722325	-0.9722325
06/09/2025	14:08	-0.9994071	-0.9854644	-0.9975075	-0.9994703	-0.9789287	-1.011697	-0.9819038	-0.9991005	-1.004493	-0.9871269	-0.9849813	-0.9910581	-0.9916397	-0.9875062	-0.9782852	-0.9722325	-0.9722325
06/09/2025	14:58	-0.998471	-0.9851531	-0.9970401	-0.9993146	-0.9795494	-1.011542	-0.9811292	-0.9978598	-1.004337	-0.9877488	-0.9856032	-0.9913686	-0.9981663	-0.9867273	-0.9770408	-0.9734708	-0.9734708
06/09/2025	15:48	-0.9946487	-0.9787724	-0.9853564	-0.993239	-0.9731877	-1.004698	-0.9757065	-0.9933623	-1.000437	-0.9790423	-0.9821828	-0.9846932	-0.9930383	-0.9868831	-0.9722188	-0.9689822	-0.9689822
06/09/2025	16:38	-0.9923864	-0.9770605	-0.992834	-0.9957316	-0.971636	-1.008742	-0.976946	-0.9955335	-0.9998128	-0.98324	-0.9773632	-0.9876428	-0.9944368	-0.9881294	-0.9795296	-0.97053	-0.97053
06/09/2025	17:28	-0.9987831	-0.984375	-0.9925224	-0.9951084	-0.9769116	-1.008742	-0.9778756	-0.9972395	-1.002465	-0.9838619	-0.9810945	-0.9842275	-0.996457	-0.9868831	-0.9804629	-0.9730064	-0.9730064
06/09/2025	18:18	-0.9870819	-0.9716135	-0.9873816	-0.9806206	-0.9693086	-0.998009	-0.9691993	-0.9873139	-0.9868635	-0.9711132	-0.9674129	0.9742921	-0.9916397	-0.9702144	-0.9715966	-0.9688274	-0.9674129
06/09/2025	19:08	-0.9993291	-0.9853088	-0.9979748	-0.9991588	-0.9787736	-1.007653	-0.981439	-0.9983251	-1.003557	-0.9874378	-0.9856032	-0.9895057	-0.9969232	-0.9882851	-0.9750187	-0.9702204	-0.9702204
06/09/2025	19:58	-0.9996412	-0.9865538	-0.9971959	-0.9986914	-0.9795494	-1.012008	-0.9831433	-0.9987903	-1.005273	-0.9882152	-0.9856032	-0.9916791	-0.9975448	-0.9889083	-0.9771964	-0.9737803	-0.9737803
06/09/2025	20:48	-0.9988611	-0.9842194	-0.9970401	-0.9971336	-0.9775323	-1.009831	-0.9819038	-0.99817	-1.002621	-0.9860386	-0.9843595	-0.9891952	-1.000031	-0.9893756	-0.9798407	-0.9736256	-0.9736256
06/09/2025	21:38	-0.9993291	-0.9871763	-0.9992211	-1.000249	-0.9801701	-1.013408	-0.9828334	-1.000186	-1.006053	-0.9897699	-0.9866915	-0.9921448	-0.9959908	-0.9915566	-0.9829517	-0.9750186	-0.9750186
06/09/2025	22:28	-0.9987831	-0.9865538	-0.9989095	-1.000717	-0.9801701	-1.015119	-0.9839179	-1.000031	-1.006053	-0.989459	-0.9860697	-0.9933867	-0.9994095	-0.9901545	-0.9817073	-0.9751734	-0.9751734
06/09/2025	23:18	-0.9969109	-0.9748817	-0.9934571	-0.9927717	-0.9728774	-1.005009	-0.9753966	-0.9930521	-0.9862394	-0.9756219	-0.975342	-0.9805017	-0.9860455	-0.9753552	-0.9770408	-0.9722325	-0.9722325
07/09/2025	00:08	-1.000733	-0.9867094	-0.9987537	-1.000872	-0.9793942	-1.011231	-0.9832982	-0.9986352	-1.005585	-0.9879042	-0.9859142	-0.9921448	-0.9981663	-0.9901545	-0.9798407	-0.9750186	-0.9750186
07/09/2025	00:58	-0.9974569	-0.9873319	-0.9981306	-1.000405	-0.9801701	-1.011853	-0.9832982	-0.9995658	-1.006209	-0.989459	-0.9865361	-0.9923	-0.9995649	-0.9881294	-0.9787519	-0.9756377	-0.9756377
07/09/2025	01:48	-1.001669	-0.9873319	-0.998598	-1.001807	-0.9814114	-1.015742	-0.9851574	-1.001272	-1.007458	-0.9908582	-0.987158	-0.9938525	-0.9984771	-0.9929586	-0.9857516	-0.9742447	-0.9742447
07/09/2025	02:38	-1.001357	-0.9877988	-1.000312	-1.001963	-0.9807907	-1.016053	-0.9851574	-1.000962	-1.006833	-0.9903918	-0.9874689	-0.9933867	-1.001274	-0.9899988	-0.9813962	-0.976102	-0.976102
07/09/2025	03:28	-1.000967	-0.9890438	-0.9987537	-1.001496	-0.9818769	-1.014808	-0.9817489	-0.9991005	-1.007926	-0.9896144	-0.9876244	-0.9930763	-1.000031	-0.9921797	-0.9812407	-0.9764116	-0.9764116
07/09/2025	04:18	-1.002449	-0.9890438	-0.9995327	-1.001651	-0.9818769	-1.014964	-0.9840729	-1.000651	-1.006677	-0.9899254	-0.987158	-0.993542	-1.002051	-0.9932702	-0.9813962	-0.9759473	-0.9759473
07/09/2025	05:08	-1.002917	-0.9867094	-1.000467	-1.001651	-0.9814114	-1.015119	-0.9853123	-1.001892	-1.006365	-0.9908582	-0.986847	-0.9943182	-1.000653	-0.9896872	-0.9849739	-0.9764116	-0.9764116
07/09/2025	05:58	-1.002683	-0.9890438	-0.998598	-1.001496	-0.9807907	-1.013253	-0.9850025	-1.000496	-1.00699	-0.989459	-0.9873134	-0.9938525	-0.9997203	-0.9928028	-0.9773519	-0.9753281	-0.9753281
07/09/2025	06:48	-1.001045	-0.9851531	-0.9940803	-0.9997819	-0.9803252	-1.014342	-0.981594	-1.000186	-1.004805	-0.989148	-0.9870025	-0.9926105	-0.9891534	-0.9850137	-0.9723743	-0.9714586	-0.9714586
07/09/2025	07:38	-0.9994071	-0.9865538	-0.9975075	-1.000872	-0.9797046	-1.013253	-0.983763	-1.000031	-1.005585	-0.989148	-0.9862251	-0.9919896	-0.9981663	-0.9892198	-0.9793741	-0.9692917	-0.9692917
07/09/2025	08:28	-0.9994851	-0.9854644	-0.9962612	-1.000093	-0.9779978	-1.012164	-0.9826785	-1.000031	-1.003713	-0.9896144	-0.9862251	-0.9913686	-0.9936599	-0.9873504	-0.9692633	-0.9750186	-0.9692633
07/09/2025	09:18	-0.9974569	-0.9829744	-0.9956381	-0.9972894	-0.9766013	-1.006409	-0.9693542	-0.9935174	-1.003089	-0.9852612	-0.9835821	-0.9893505	-0.9945922	-0.976913	-0.9686411	-0.9702204	-0.9686411
07/09/2025	10:08	-1.001591	-0.9837525	-0.9970401	-0.9993146	-0.9792391	-1.012164	-0.9829883	-0.9983251	-1.003245	-0.9882152	-0.9854478	-0.9912134	-0.9997203	-0.9910892	-0.9773519	-0.9730064	-0.9730064
07/09/2025	10:58	-1.001591	-0.9845306	-0.9973517	-0.9993146	-0.9793942	-1.013564	-0.9812841	-0.9997208	-1.003869	-0.9882152	-0.9857587	-0.989661	-1.000031	-0.9893756	-0.9804629	-0.9742447	-0.9742447
07/09/2025	11:48	-1.001279	-0.9862425	-0.997819	-0.9997819	-0.9800149	-1.012008	-0.9809742	-0.9987903	-1.003557	-0.9872823	-0.9848259	-0.9919896	-1.000186	-0.9885967	-0.975952	-0.9728517	-0.9728517
07/09/2025	12:38	-0.9988611	-0.9853088	-0.9976633	-0.9994703	-0.9772219	-1.011853	-0.9829883	-0.9997208	-1.004493	-0.9893035	-0.9854478	-0.9916791	-0.9966124	-0.9904661	-0.9761075	-0.9737803	-0.9737803
07/09/2025	13:28	-1.001825	-0.9865538	-0.997819	-0.9971336	-0.9795494	-1.014186	-0.9829883	-1.000341	-1.004649	-0.9896144	-0.9862251	-0.9916791	-0.9977001	-0.9914008	-0.9787519	-0.9739351	-0.9739351
07/09/2025	14:18	-1.000343	-0.98562	-0.9971959	-0.9997819	-0.9789287	-1.013875	-0.981439	-0.9991005	-1.004649	-0.9874378	-0.9846704	-0.9916791	-0.99568	-0.9906219	-0.9804629	-0.9745542	-0.9745542
07/09/2025	15:08	-1.000967	-0.9846863	-0.9965728	-0.9969778	-0.97536	-1.009364	-0.9828334	-0.9978598	-1.004337	-0.9883706	-0.9848259	-0.9909029	-0.9997203	-0.9878178	-0.9756409	-0.9725421	-0.9725421
07/09/2025	15:28	-0.9988611	-0.9863982	-0.9975075	-0.9994703	-0.9779978	-1.01372	-0.9819038	-0.9989454	-1.001841	-0.9882152	-0.9849813	-0.9904372	-0.9978555	-0.9890641	-0.9736187	-0.9725421	-0.9725421
07/09/2025	15:58	-0.9986271	-0.9862425	-0.9951707	-0.9972894	-0.9781529	-1.010142	-0.9819038	-0.9986352	-1.004649	-0.9885261	-0.9848259	-0.9916791	-0.9978555	-0.9864158	-0.9773519	-0.9742447	-0.9742447
07/09/2025	16:48	-0.9999532	-0.98562	-0.9962612	-0.9986914	-0.9772219	-1.011386	-0.9811292	-0.9986352	-1.002309	-0.9879042	-0.9852923	-0.9901267	-0.9953692	-0.9842348	-0.9719077	-0.9728517	-0.9719077
07/09/2025	17:38	-1.000577	-0.9854644	-0.996417	-0.9996261	-0.9787736	-1.013408	-0.9820588	-0.9973945	-1.004181	-0.9880597	-0.9845149	-0.9901267	-0.9902412	-0.9865715	-0.9717521	-0.9743995	-0.9717521
07/09/2025	18:28	-0.9951947	-0.9840637	-0.9951707	-0.9980683	-0.9781529	-1.011697	-0.9831433	-0.99817	-1.003089	-0.9868159	-0.9845149	-0.9895057	-0.99568	-0.9879736	-0.9754853	-0.9725421	-0.9725421
07/09/2025	19:18	-1.000421	-0.9849975	-0.9982864	-1.000249	-0.9793942	-1.013253	-0.9822137	-0.9992556	-1.004961	-0.9883706	-0.9856032	-0.9910581	-0.9963016	-0.9884409	-0.9748631	-0.9720778	-0.9720778
07/09/2025	20:08	-1.000889	-0.9851531	-0.9971959	-1.000093	-0.9787736	-1.01232	-0.9832982	-0.9994107	-1.004961	-0.9888371	-0.9848259	-0.9905924	-0.9980109	-0.9871947	-0.9798407	-0.9734708	-0.9734708
07/09/2025	20:58	-1.000421	-0.9854644	-0.997819	-0.9982241	-0.9790839	-1.01232	-0.9840729	-0.9992556	-1.005117	-0.9889925	-0.9852923	-0.9910581	-1.000497	-0.991245	-0.9782852	-0.9722325	-0.9722325
07/09/2025	21:48	-1.000343	-0.9863982	-0.9979748	-1.000093	-0.9797046	-1.014031	-0.9828334	-1.000031	-1.004649	-0.9827736	-0.9852923	-0.9918343	-0.9981663	-0.9903103	-0.9798407	-0.974709	-0.974709
07/09/2025	22:38	-0.9988611	-0.9857756	-0.997819	-0.9994703	-0.9793942	-1.012786	-0.9842278	-1.000031	-1.005741	-0.9893035	-0.9865361	-0.9919896	-0.9958354	-0.9871947	-0.9782852	-0.974709	-0.974709
07/09/2025	23:28	-1.001435	-0.9862425	-0.9984422	-0.9999377	-0.9801701	-1.013875	-0.9828334	-0.9997208	-1.005741	-0.9871269	-0.9857587	-0.9912134	-0.9953692	-0.9903103	-0.9815518	-0.9742447	-0.9742447
08/09/2025	00:18	-0.997925	-0.9884213	-0.9992211	-1.001807	-0.9801701	-1.014497	-0.9836081	-1.000806	-1.004649	-0.9900808	-0.9862251	-0.9926105	-0.9987879	-0.9887525	-0.9851294	-0.9743995	-0.9743995
08/09/2025	01:08	-0.998393	-0.9870207	-0.9970401	-0.9969778	-0.9738083	-1.01232	-0.9806644	-0.9987903	-1.004337	-0.9860386	-0.983893	-0.98904	-0.9981663	-0.9871947	-0.9799963	-0.9723873	-0.9723873
08/09/2025	01:58	-1.003152	-0.9895107	-0.9996884	-1.002119	-0.982032	-1.014653	-0.9854673	-1.001737	-1.007146	-0.9905473	-0.9877799	-0.9944734	-1.000963	-0.9928028	-0.9798407	-0.9759473	-0.9759473
08/09/2025	02:48	-1.002683	-0.9896663	-1.000467	-1.001963	-0.982032	1.015431	-0.9853123	-1.002202	-1.00777	-0.9902363	-0.9882463	-0.9932315	-1.001585	-0.9881294	-0.9855961	-0.9751734	-0.9751734
08/09/2025	03:38	-0.9997192	-0.9870207	-0.998598	-1.000561	-0.9807907	-1.014031	-0.9822137	-1.000496	-1.005117	-0.9882152	-0.9866915	-0.9916791	-1.001896	-0.9889083	-0.9761075	-0.9771855	-0.9761075
08/09/2025	04:28	-1.002449	-0.986865	-0.9982864	-0.9996261	-0.9817217	-1.014186	-0.9853123	-1.000341	-1.007302	-0.9908582	-0.9862251	-0.9932315	-1.000031	-0.9890641	-0.9818629	-0.9737803	-0.9737803
08/09/2025	05:18	-0.9901242	-0.9790837	-0.9933013	-0.9955758	-0.9739635	-1.004853	-0.9735374	-0.9942928	-0.9970045	-0.9788868	-0.9801617	0.9820541	-0.990552	-0.9817423	-0.9773519	-0.9728517	-0.9728517
08/09/2025	06:08	-0.9986271	-0.9759711	-0.9945476	-0.9949526	-0.9728774	-1.007964	-0.9788052	-0.9972395	-0.9968485	-0.9833955	-0.9796953	0.9864009	-0.9910182	-0.9753552	-0.9617969	-0.9706847	-0.9617969
08/09/2025	06:58	-0.9934005	-0.9747261	-0.9841102	-0.9877866	-0.9685328	-1.000964	-0.9733825	-0.9922767	-0.9948203	-0.9728234	-0.9784515	0.9831408	-0.9916397	-0.9817423	-0.9491974	-0.9700656	-0.9491974
08/09/2025	07:48	-0.9888761	-0.9762824	-0.9900299	-0.991837	-0.9748945	-1.006253	-0.9747769	-0.9871588	-1.000749	-0.9824627	-0.9800062	-0.9843828	-0.9759448	-0.9713048	-0.9653746	-0.9651127	-0.9651127
08/09/2025	08:38	-0.9933225	-0.9772161	-0.9876932	-0.9893445	-0.9694638	-1.001898	-0.974622	-0.9950682	-0.9927921	-0.9815299	-0.9789179	-0.9829856	-0.9886872	-0.957596	-0.9667745	-0.9685178	-0.957596
08/09/2025	09:28	-0.9969889	-0.9835969	-0.9929898	-0.9919928	-0.9775323	-1.008897	-0.9795798	-0.9963089	-1.000437	-0.986194	-0.9815609	-0.9888847	-0.9958354	-0.9859484	-0.9740854	-0.9694465	-0.9694465
08/09/2025	10:18	-0.9742106	-0.9719248	-0.9739843	-0.9854499	-0.963102	-0.9986312	-0.9605231	-0.9769231	-0.973134	-0.9687811	-0.9661692	-0.9707216	-0.9841808	-0.9789382	-0.9672412	-0.9665057	-0.9605231
08/09/2025	11:08	-0.9931665	-0.9790837	-0.9934571	-0.9930833	-0.9736532	-1.007653	-0.9750868	-0.9927419	-0.9909199	-0.9785759	-0.9770522	0.9784836	-0.9935045	-0.9833001	-0.9747076	-0.9682083	-0.9682083
08/09/2025	11:58	-0.9962868	-0.9812625	-0.9900299	-0.9912139	-0.9741187	-1.006875	-0.9656358	-0.9887097	-0.992012	-0.9757774	-0.9737873	-0.9809675	-0.9852685	-0.9767572	-0.9761075	-0.9706847	-0.9656358
08/09/2025	12:48	-0.9910603	-0.9736367	-0.9864469	-0.9919928	-0.9703947	-1.007653	-0.972143	-0.9885546	-0.9885796	-0.9781095	-0.9764303	-0.9798808	-0.9939707	-0.9730184	-0.9775075	-0.9689822	-0.9689822
08/09/2025	13:38	-0.9925424	-0.9851531	-0.9940803	-0.9960431	-0.9778426	-1.00952	-0.9784953	-0.996464	-0.9976286	-0.9846393	-0.9818719	-0.9859352	-0.997234	-0.9865715	-0.9675523	-0.9717682	-0.9675523
08/09/2025	14:28	-1.000889	-0.9857756	-0.9971959	-0.9983799	-0.9769116	-1.011542	-0.9817489	-0.9992556	-1.003869	-0.9877488	-0.9851368	-0.9907476	-0.996457	-0.9885967	-0.9733076	-0.9720778	-0.9720778
08/09/2025	15:18	-0.9986271	-0.9842194	-0.9962612	-0.9986914	-0.9781529	-1.011386	-0.9797348	-0.9986352	-1.003401	-0.9888371	-0.9848259	-0.9904372	-0.9935045	-0.9859484	-0.9779741	-0.9711491	-0.9711491
08/09/2025	16:08	-0.9962088	-0.9853088	-0.9976633	-0.9985356	-0.9770668	-1.010764	-0.981594	-0.9983251	-1.003557	-0.9875933	-0.984204	-0.9901267	-0.9955246	-0.9871947	-0.9742409	-0.9717682	-0.9717682
08/09/2025	16:58	-0.9986271	-0.9811068	-0.9970401	-0.9982241	-0.9742738	-1.011075	-0.9817489	-0.9966191	-1.001685	-0.9857276	-0.9826493	-0.9898162	-0.9981663	-0.9889083	-0.9678634	-0.9720778	-0.9678634
08/09/2025	17:18	-0.9990951	-0.9840637	-0.9961054	-0.9977567	-0.9770668	-1.012631	-0.9788052	-0.9969293	-1.003557	-0.9871269	-0.9856032	-0.9910581	-0.9936599	-0.9890641	-0.9775075	-0.9717682	-0.9717682
08/09/2025	17:48	-0.9969889	-0.9828187	-0.9953265	-0.9979125	-0.9764461	-1.012008	-0.9758614	-0.9952233	-0.9962244	-0.9860386	-0.9824938	0.9853142	-0.9955246	-0.9848579	-0.9691078	-0.9694465	-0.9691078
08/09/2025	18:38	-1.000343	-0.9853088	-0.9973517	-0.9983799	-0.9790839	-1.012631	-0.9823686	-0.9978598	-1.003869	-0.9880597	-0.9857587	-0.988419	-0.9977001	-0.9873504	-0.9785963	-0.9717682	-0.9717682
08/09/2025	19:28	-0.9950387	-0.9809512	-0.9959497	-0.9930833	-0.9733429	-1.00812	-0.9771009	-0.9922767	-0.9985647	-0.9830846	-0.9787624	-0.9832961	-0.9980109	-0.9885967	-0.975952	-0.9737803	-0.9733429
08/09/2025	20:18	-0.9931665	-0.9671003	-0.9876932	-0.9907465	-0.9572058	-1.00532	-0.9602132	-0.9899504	-0.9838992	-0.9711132	-0.9733209	-0.9736711	-0.9928829	-0.9756667	-0.9796852	-0.9683631	-0.9572058
08/09/2025	21:08	-1.001747	-0.9879544	-0.998598	-1.000405	-0.9800149	-1.014342	-0.983763	-0.9984801	-1.004649	-0.9896144	-0.9846704	-0.9918343	-0.9942815	-0.991245	-0.9740854	-0.9742447	-0.9740854
08/09/2025	21:58	-0.997925	-0.9882657	-0.9993769	-1.001651	-0.9800149	-1.014342	-0.9842278	-1.000962	-1.006677	-0.9905473	-0.9876244	-0.9933867	-1.000808	-0.9914008	-0.9792185	-0.973316	-0.973316
08/09/2025	22:48	-0.9975349	-0.9811068	-0.9909646	-0.9969778	-0.9742738	-1.011386	-0.9740022	-0.9919665	-0.992324	-0.9773321	-0.9742537	-0.9775522	-0.9963016	-0.9809634	-0.9793741	-0.9709943	-0.9709943
08/09/2025	23:38	-0.998315	-0.9871763	-0.9970401	-1.001028	-0.9807907	-1.013564	-0.9825235	-0.9961538	-1.007146	-0.9889925	-0.9865361	-0.9918343	-1.000031	-0.9924913	-0.9784408	-0.9725421	-0.9725421
09/09/2025	00:28	-1.001981	-0.9888882	-1	-1.001963	-0.9812562	-1.014342	-0.9850025	-1.001272	-1.006209	-0.9908582	-0.9877799	-0.9936972	-0.9984771	-0.9915566	-0.9831073	-0.9736256	-0.9736256
09/09/2025	01:18	-1.002449	-0.9890438	-0.9959497	-1.001184	-0.9814114	-1.014497	-0.9859321	-1.000651	-1.006521	-0.9913246	-0.9882463	-0.9930763	-0.9997203	-0.9928028	-0.9770408	-0.9759473	-0.9759473
09/09/2025	02:08	-1.002996	-0.9884213	-1	-1.001807	-0.9814114	-1.014808	-0.9831433	-1.001117	-1.006365	-0.9908582	-0.9884017	-0.9938525	-1.001119	-0.9931144	-0.9868405	-0.9754829	-0.9754829
09/09/2025	02:58	-1.001903	-0.9821962	-0.9996884	-0.9994703	-0.9773771	-1.01372	-0.9823686	-0.9975496	-1.002309	-0.9882152	-0.984204	-0.9885743	-0.9969232	-0.987662	-0.9834184	-0.9757925	-0.9757925
09/09/2025	03:48	-1.005492	-0.9842194	-0.9976633	-1.000561	-0.9778426	-1.014653	-0.9820588	-0.9997208	-0.9991887	-0.9871269	-0.9824938	-0.989661	-1.001585	-0.9873504	-0.9866849	-0.9748638	-0.9748638
09/09/2025	04:38	-0.9909823	-0.9837525	-0.9915877	-0.991837	-0.9767565	-1.005164	-0.9718332	-0.9952233	-0.9998128	-0.9826182	-0.9759639	-0.9815884	-0.9879102	-0.9825212	-0.9719077	-0.9694465	-0.9694465
09/09/2025	05:28	-0.9726504	-0.9692791	-0.989251	-0.9933948	-0.9696189	-1.007342	-0.9738473	-0.9916563	-0.9960684	-0.980597	-0.9787624	-0.9826751	-0.9801405	-0.9723953	-0.9767297	-0.9683631	-0.9683631
09/09/2025	06:18	-0.9904362	-0.9723917	-0.9828639	-0.9865404	-0.9702396	-0.9846317	-0.9603681	-0.98933	-0.9990327	-0.9754664	-0.9784515	-0.9798808	-0.9886872	-0.976913	-0.9703522	-0.9665057	-0.9603681
09/09/2025	07:08	-0.9909823	-0.9759711	-0.9915877	-0.9935506	-0.9719464	-1.005475	-0.9781854	-0.9955335	-1.000281	-0.9826182	-0.9803172	-0.9870219	-0.990552	-0.9773804	-0.9673967	-0.9631005	-0.9631005
09/09/2025	07:58	-0.9866138	-0.963054	-0.9883163	-0.9818669	-0.9565852	-0.9945869	-0.9701289	-0.9873139	-0.9689216	-0.9639614	-0.9723881	0.9711873	-0.9930383	-0.976913	-0.9659968	-0.9680535	-0.9565852
09/09/2025	08:48	-0.9934785	-0.9700573	-0.9814619	-0.9862288	-0.9621711	-0.9995645	-0.9634668	-0.9880893	-0.9784386	-0.9683147	-0.9736318	-0.9750683	-0.9849577	-0.9734858	-0.9748631	-0.9665057	-0.9621711
09/09/2025	09:38	-0.9942586	-0.9792393	-0.9962612	-0.9982241	-0.974429	-1.011697	-0.9803545	-0.9966191	-1.001997	-0.9872823	-0.9851368	-0.988419	-0.9888426	-0.9871947	-0.9673967	-0.9626362	-0.9626362
09/09/2025	10:28	-0.9909823	-0.9769049	-0.9936129	-0.9940179	-0.9745842	-1.011075	-0.9732276	-0.9919665	-0.9857713	-0.9787313	-0.975342	-0.9758445	-0.9950584	-0.9831443	-0.9778186	-0.9696013	-0.9696013
09/09/2025	11:18	-0.9990951	-0.9840637	-0.9965728	-0.9972894	-0.9773771	-1.009053	-0.9809742	-0.9989454	-1.004181	-0.9860386	-0.9848259	-0.989661	-0.9969232	-0.9878178	-0.9781297	-0.9726969	-0.9726969
09/09/2025	12:08	-0.9891881	-0.9745705	-0.9886279	-0.9891887	-0.9682224	-1.004387	-0.9707486	-0.9916563	-0.9952883	-0.9790423	-0.9725435	0.9818989	-0.989775	-0.9798729	-0.9703522	-0.9668153	-0.9668153
09/09/2025	12:58	-0.9943366	-0.9778386	-0.9898741	-0.9868519	-0.9719464	-1.00252	-0.9763262	-0.9932072	-0.9970045	-0.9804415	-0.9761194	-0.9832961	-0.9921059	-0.9803402	-0.9729965	-0.9657318	-0.9657318
09/09/2025	13:48	-0.998081	-0.9820406	-0.9915877	-0.9972894	-0.9769116	-1.010609	-0.9771009	-0.9963089	-1.002309	-0.9866604	-0.9824938	-0.9867114	-0.9975448	-0.9885967	-0.9717521	-0.9717682	-0.9717521
09/09/2025	14:38	-0.9798271	-0.9655441	-0.9809945	-0.9891887	-0.957361	-0.9973868	-0.9743121	-0.9915012	-0.992168	-0.9773321	-0.9765858	-0.9808122	-0.9832484	-0.9717722	-0.9695744	-0.9696013	-0.957361
09/09/2025	15:28	-0.9989391	-0.9862425	-0.9976633	-0.9983799	-0.9790839	-1.010764	-0.981439	-0.9992556	-1.003245	-0.9866604	-0.9846704	-0.9905924	-0.9970786	-0.9899988	-0.9739298	-0.9730064	-0.9730064
09/09/2025	16:18	-0.9940246	-0.9769049	-0.9957939	-0.9901234	-0.9643433	-1.000653	-0.9747769	-0.9919665	-0.9873315	-0.9788868	-0.9765858	0.9809675	-0.9942815	-0.9834559	-0.9694189	-0.9696013	-0.9643433
09/09/2025	17:08	-0.9919964	-0.9786168	-0.9848891	-0.9910581	-0.9689983	-1.006098	-0.9591287	-0.983902	-0.982183	-0.9706468	-0.9653918	-0.9699454	-0.9801405	-0.9786266	-0.9757964	-0.9661961	-0.9591287
09/10/2025	23:54	-0.9928545	-0.9815737	-0.9889394	-0.9929275	-0.9739635	-1.003764	-0.9774108	-0.9911911	-0.9987207	-0.9819963	-0.9800062	0.9864009	-0.988221	-0.9847021	-0.9734632	-0.9663509	-0.9663509
10/10/2025	20:44	-0.9853657	-0.9723917	-0.985668	-0.9793744	-0.9652743	-0.9984756	-0.96765	-0.9832816	-0.9785946	-0.9676928	-0.9692786	-0.9676167	-0.9795189	-0.9627368	-0.9644413	-0.961398	-0.961398
03/11/2025	18:21	-0.9845856	-0.9781499	-0.9869143	-0.9893445	-0.9705499	-1.004542	-0.9696641	-0.987469	-0.9948203	-0.9802861	-0.9720771	-0.9780179	-0.9792081	-0.9686565	-0.9706633	-0.9632553	-0.9632553
04/11/2025	02:01	-0.9877059	-0.9572958	-0.9844217	-0.9852941	-0.9613952	-0.998009	-0.9609879	-0.9809553	-0.9792187	-0.9715796	-0.9632152	0.9662196	-0.9824714	-0.964762	-0.9715966	-0.960005	-0.9572958
04/11/2025	02:51	-0.9937906	-0.9786168	-0.9889394	-0.9926159	-0.9738083	-1.006253	-0.9758614	-0.9927419	-0.9937282	-0.9826182	-0.9787624	0.9840723	-0.9924167	-0.9831443	-0.9757964	-0.9689822	-0.9689822
04/11/2025	19:41	-0.9930105	-0.9809512	-0.9929898	-0.9937064	-0.9742738	-1.00672	-0.979115	-0.9941377	-0.9999688	-0.9829291	-0.9793843	-0.9859352	-0.9914843	-0.9831443	-0.972841	-0.9678987	-0.9678987
04/11/2025	20:51	-0.9914503	-0.9807956	-0.9920551	-0.9943295	-0.9733429	-1.003764	-0.9750868	-0.9925868	-0.9982526	-0.9826182	-0.9776741	0.9842275	-0.9910182	-0.9823654	-0.96833	-0.9657318	-0.9657318
05/11/2025	03:41	-0.9891101	-0.973948	-0.9833313	-0.9834247	-0.9654295	-0.9952091	-0.9636217	-0.9856079	-0.9910759	-0.9734453	-0.9650808	0.9739816	-0.9826268	-0.9783151	-0.9773519	-0.9661961	-0.9636217
05/11/2025	16:11	-0.9799051	-0.9656997	-0.9802156	-0.9813996	-0.9618607	-0.9981645	-0.9682697	-0.9873139	-0.9851473	-0.972357	-0.9712998	0.9733607	-0.9824714	-0.9664756	-0.957286	-0.9581476	-0.957286
06/11/2025	01:41	-0.9920744	-0.9817293	-0.9936129	-0.9946411	-0.9741187	-1.004698	-0.9783404	-0.9936725	-1.000437	-0.9830846	-0.9796953	-0.9864009	-0.9944368	-0.9854811	-0.9787519	-0.9686726	-0.9686726
06/11/2025	13:51	-0.9791251	-0.9506038	-0.9805272	-0.9723642	-0.95643	-0.9850983	-0.9575793	-0.9817308	-0.9812469	-0.9670709	-0.9619714	-0.9570604	-0.968175	-0.9613347	-0.9523084	-0.9589215	-0.9506038
07/11/2025	05:01	-0.9916063	-0.9795505	-0.9920551	-0.9929275	-0.9730325	-1.006409	-0.9774108	-0.9932072	-0.9952883	-0.9807525	-0.9765858	0.9836066	-0.9908628	-0.9825212	-0.9753298	-0.9683631	-0.9683631
07/11/2025	19:51	-0.9873939	-0.9778386	-0.9881605	-0.9901234	-0.9702396	-1.002209	-0.9743121	-0.9908809	-0.9962244	-0.9791978	-0.9764303	0.9832961	-0.9903966	-0.9817423	-0.974552	-0.965577	-0.965577
08/11/2025	03:31	-0.9895781	-0.9797062	-0.9895626	-0.988254	-0.9714809	-1.002675	-0.974622	-0.9911911	-0.9984086	-0.9807525	-0.9767413	-0.9834513	-0.9916397	-0.9828328	-0.9764186	-0.9665057	-0.9665057
08/11/2025	08:31	-0.9813093	-0.9769049	-0.9876932	-0.9885656	-0.9697741	-1.002053	-0.9718332	-0.9877792	-0.9934161	-0.9756219	-0.9744092	0.9814332	-0.9844915	-0.9789382	-0.9670856	-0.9629458	-0.9629458
08/11/2025	17:21	-0.9744446	-0.9702129	-0.985668	-0.9868519	-0.965895	-0.9973868	-0.9736924	-0.9870037	-0.9931041	-0.9757774	-0.9728545	-0.980036	-0.981539	-0.9789382	-0.9663079	-0.9615527	-0.9615527
08/11/2025	18:31	-0.9746006	-0.9688123	-0.9845775	-0.9806206	-0.9644985	-1.000342	-0.9626921	-0.9811104	-0.9912319	-0.9725124	-0.9731654	0.9766207	-0.9821606	-0.9728627	-0.962108	-0.9535042	-0.9535042
09/11/2025	02:21	-0.9889541	-0.9778386	-0.989251	-0.9899676	-0.9705499	-1.003298	-0.9758614	-0.9894851	-0.9960684	-0.9788868	-0.9764303	-0.9792598	-0.9880656	-0.9818981	-0.9742409	-0.9658866	-0.9658866
09/11/2025	09:41	-0.9820894	-0.9753486	-0.9861353	-0.9884098	-0.9702396	-1.003453	-0.9741572	-0.9882444	-0.9941962	-0.9785759	-0.9745647	0.9822094	-0.9852685	-0.980496	-0.9689522	-0.9606241	-0.9606241
09/11/2025	19:01	-0.9828694	-0.9769049	-0.9866027	-0.9890329	-0.9676018	-0.9990978	-0.9718332	-0.9890199	-0.9952883	-0.9777985	-0.9733209	-0.9814332	-0.9866671	-0.9753552	-0.966619	-0.9621719	-0.9621719
10/11/2025	11:51	-0.9850537	-0.9737923	-0.9867585	-0.9823342	-0.9680673	-1.002209	-0.9719881	-0.9865385	-0.992636	-0.9768657	-0.9739428	-0.9792598	-0.9813836	-0.976913	-0.9630413	-0.9603145	-0.9603145
10/11/2025	12:01	-0.9863018	-0.9756599	-0.9880047	-0.9893445	-0.9697741	-1.001898	-0.9730726	-0.9879342	-0.9951323	-0.977954	-0.9751866	-0.9795703	-0.9787419	-0.9773804	-0.9594637	-0.9612432	-0.9594637
10/11/2025	12:11	-0.9842736	-0.9744148	-0.9875374	-0.9876309	-0.9683776	-0.9970757	-0.9724529	-0.9876241	-0.9938842	-0.9774876	-0.972699	0.9781731	-0.9810728	-0.9778477	-0.9608636	-0.9618623	-0.9608636
10/11/2025	12:21	-0.9852097	-0.9700573	-0.9867585	-0.9871635	-0.9643433	-1.000653	-0.9701289	-0.9854529	-0.9915439	-0.9745336	-0.9722326	0.9769312	-0.9806067	-0.9776919	-0.9586859	-0.9538138	-0.9538138
10/11/2025	12:31	-0.9628994	-0.9482694	-0.96417	-0.9651982	-0.9334657	-0.9788763	-0.9492129	-0.969634	-0.9689216	-0.9554104	-0.9548197	-0.9567499	-0.9664657	-0.9519878	-0.9442198	-0.9470035	-0.9334657
10/11/2025	12:41	-0.9844296	-0.9755042	-0.9875374	-0.989656	-0.9694638	-1.002053	-0.9719881	-0.9899504	-0.9931041	-0.9787313	-0.9745647	-0.9794151	-0.9826268	-0.9766014	-0.9649079	-0.9615527	-0.9615527
10/11/2025	12:51	-0.9746006	-0.960564	-0.9719591	-0.9792186	-0.9497579	-0.9938091	-0.9507623	-0.9806452	-0.9601847	-0.9670709	-0.9576182	0.9561289	-0.9778095	-0.9686565	-0.9638191	-0.9513373	-0.9497579
10/11/2025	13:01	-0.9802172	-0.9730142	-0.9844217	-0.9871635	-0.9663605	-1.001742	-0.9664105	-0.9871588	-0.9840552	-0.975	-0.9688122	-0.976776	-0.9832484	-0.9706817	-0.9512195	-0.9604693	-0.9512195
10/11/2025	13:11	-0.9825574	-0.9642991	-0.9802156	-0.98249	-0.9568955	-0.9961424	-0.9605231	-0.9795596	-0.9748502	-0.9630286	-0.9521766	-0.9564394	-0.9837146	-0.9737974	-0.9552638	-0.9589215	-0.9521766
10/11/2025	18:41	-0.9866138	-0.9755042	-0.9853564	-0.9873193	-0.9638779	-0.9994089	-0.974622	-0.9870037	-0.9902958	-0.9740672	-0.9716107	0.9780179	-0.9851131	-0.9778477	-0.9633524	-0.9635649	-0.9633524
11/11/2025	03:11	-0.9944146	-0.9803287	-0.990653	-0.991837	-0.9721015	-1.00532	-0.9772558	-0.9927419	-0.9987207	-0.9824627	-0.9765858	-0.9848485	-0.9931937	-0.984079	-0.9782852	-0.9680535	-0.9680535
11/11/2025	04:01	-0.9853657	-0.978928	-0.9897183	-0.9885656	-0.9727222	-1.00252	-0.9740022	-0.9904156	-0.9979406	-0.9798197	-0.975653	-0.9825199	-0.988998	-0.982677	-0.9672412	-0.9666605	-0.9666605
11/11/2025	04:51	-0.9775649	-0.969746	-0.9830197	-0.9848268	-0.9679121	-0.994898	-0.9667204	-0.9862283	-0.991856	-0.9630286	-0.969745	-0.9791046	-0.9768772	-0.9731742	-0.9605525	-0.9553616	-0.9553616
11/11/2025	05:41	-0.9633674	-0.9699016	-0.9802156	-0.9803091	-0.964033	-0.994898	-0.9612977	-0.980335	-0.9851473	-0.9698694	-0.9655473	-0.9683929	-0.9759448	-0.956817	-0.9639746	-0.9547424	-0.9547424
11/11/2025	06:31	-0.9808412	-0.966011	-0.982085	-0.9801533	-0.9559645	-0.9906981	-0.9628471	-0.9820409	-0.9746942	-0.9684701	-0.9678794	-0.9690139	-0.9807621	-0.9734858	-0.9561971	-0.9592311	-0.9559645
11/11/2025	07:21	-0.9822454	-0.9736367	-0.9855122	-0.9842036	-0.9638779	-0.9983201	-0.9670302	-0.9831266	-0.9898278	-0.9734453	-0.9669465	-0.9752235	-0.981539	-0.9681892	-0.9381533	-0.9598502	-0.9381533
11/11/2025	08:11	-0.9795931	-0.9669447	-0.9822408	-0.9849826	-0.9607746	-0.998009	-0.9668753	-0.9840571	-0.9838992	-0.9734453	-0.9685012	0.9704111	-0.9809175	-0.9613347	-0.9694189	-0.9593858	-0.9593858
11/11/2025	09:01	-0.9750686	-0.9677229	-0.9775673	-0.9817111	-0.9609297	-0.9894537	-0.9561849	-0.9778536	-0.9798427	-0.9648943	-0.955908	0.9669958	-0.9728369	-0.9638273	-0.9560416	-0.9584572	-0.955908
11/11/2025	09:51	-0.9816213	-0.9720804	-0.9809945	-0.9821785	-0.9638779	-0.9992534	-0.9718332	-0.9856079	-0.9877996	-0.9728234	-0.9708333	-0.9750683	-0.9849577	-0.9739531	-0.9638191	-0.960005	-0.960005
11/11/2025	10:41	-0.9813093	-0.9737923	-0.9730496	-0.9790628	-0.9606194	-0.9900759	-0.9625372	-0.9795596	-0.9829631	-0.9689366	-0.9647699	-0.9711873	-0.9807621	-0.9758225	-0.9561971	-0.9586119	-0.9561971
11/11/2025	11:31	-0.9869259	-0.9753486	-0.9862911	-0.989656	-0.966826	-1.001587	-0.9704388	-0.9888648	-0.9935721	-0.972046	-0.9643035	-0.976776	-0.9799851	-0.9770688	-0.9644413	-0.9621719	-0.9621719
11/11/2025	12:21	-0.9739765	-0.9621203	-0.9760095	-0.9790628	-0.9576713	-0.9892982	-0.9575793	-0.9826613	-0.9857713	-0.9652052	-0.9661692	-0.972274	-0.9750124	-0.968345	-0.9613303	-0.9569094	-0.9569094
11/11/2025	13:11	-0.9827134	-0.9658553	-0.9819292	-0.9848268	-0.9595333	-1.000342	-0.9693542	-0.9808002	-0.9796867	-0.9739117	-0.9657027	0.9752235	-0.9793635	-0.9737974	-0.9524639	-0.9562902	-0.9524639
11/11/2025	14:01	-0.9819333	-0.9695904	-0.9828639	-0.9849826	-0.9627917	-1.000498	-0.9691993	-0.9685484	-0.9789066	-0.9732898	-0.9714552	0.9685482	-0.9846469	-0.9747321	-0.9680189	-0.9583024	-0.9583024
11/11/2025	14:51	-0.9819333	-0.9680341	-0.9775673	-0.9829574	-0.9586023	-0.9928758	-0.9671852	-0.9834367	-0.9732901	-0.9700249	-0.9683458	-0.9693244	-0.9790527	-0.9674103	-0.9617969	-0.956445	-0.956445
11/11/2025	15:41	-0.9842736	-0.9705242	-0.9855122	-0.9876309	-0.9672915	-1.000342	-0.9659457	-0.9868486	-0.9931041	-0.975	-0.9725435	-0.9772417	-0.9776542	-0.9745763	-0.9400199	-0.9604693	-0.9400199
11/11/2025	16:31	-0.988018	-0.9745705	-0.98707	-0.9885656	-0.9669811	-1.000498	-0.9733825	-0.9882444	-0.9946643	-0.9785759	-0.9745647	-0.9815884	-0.9792081	-0.9797171	-0.9631969	-0.9631005	-0.9631005
11/11/2025	17:21	-0.9806852	-0.969746	-0.9813061	-0.9832689	-0.9626365	-0.9969201	-0.9691993	-0.9852978	-0.9879556	-0.9740672	-0.9681903	0.9770864	-0.9761002	-0.9764457	-0.9678634	-0.9632553	-0.9626365
11/11/2025	18:11	-0.9817773	-0.9619646	-0.9802156	-0.9849826	-0.9632572	-0.9959868	-0.9654809	-0.9758375	-0.9790627	-0.9653607	-0.9574627	-0.9556632	-0.976411	-0.9681892	-0.9583748	-0.9570641	-0.9556632
11/11/2025	19:01	-0.9802172	-0.9669447	-0.9761653	-0.9750125	-0.9522406	-0.9938091	-0.9608329	-0.9781638	-0.9845232	-0.9673818	-0.9675684	-0.9750683	-0.9646009	-0.9688123	-0.9512195	-0.9535042	-0.9512195
11/11/2025	19:51	-0.9817773	-0.9747261	-0.9873816	-0.9856057	-0.9697741	-1.001898	-0.974622	-0.9902605	-0.9960684	-0.9784204	-0.9731654	-0.9820541	-0.9891534	-0.9797171	-0.9681745	-0.9638744	-0.9638744
11/11/2025	20:41	-0.9870819	-0.9671003	-0.9788136	-0.9832689	-0.9598436	-0.9973868	-0.9602132	-0.9837469	-0.9851473	-0.9650498	-0.9708333	-0.9711873	-0.9767218	-0.9742647	-0.9608636	-0.9555163	-0.9555163
11/11/2025	21:31	-0.9847416	-0.9691235	-0.9844217	-0.9849826	-0.9623262	-0.9994089	-0.965326	-0.9856079	-0.9862394	-0.9732898	-0.9666356	0.9719635	-0.98387	-0.9717722	-0.9608636	-0.9634101	-0.9608636
11/11/2025	22:21	-0.9905142	-0.9795505	-0.9903415	-0.991837	-0.9721015	-1.00392	-0.976946	-0.9905707	-0.9980966	-0.9812189	-0.9775187	-0.9834513	-0.990552	-0.9812749	-0.9734632	-0.9668153	-0.9668153
11/11/2025	23:11	-0.988642	-0.9775274	-0.9900299	-0.988254	-0.9705499	-1.000342	-0.9755516	-0.9922767	-0.9963804	-0.9807525	-0.9775187	-0.9826751	-0.9891534	-0.980496	-0.9616414	-0.9635649	-0.9616414
11/11/2025	23:41	-0.9816213	-0.9708354	-0.9837986	-0.98249	-0.9666708	-0.9986312	-0.9595935	-0.9831266	-0.9910759	-0.9715796	-0.9702114	-0.9707216	-0.9779649	-0.9713048	-0.9675523	-0.9610884	-0.9595935
12/11/2025	00:51	-0.9914503	-0.9713023	-0.9858238	-0.9868519	-0.9683776	-0.9990978	-0.9701289	-0.9873139	-0.9904518	-0.9773321	-0.9740983	-0.9803465	-0.9891534	-0.9761341	-0.9725299	-0.9640292	-0.9640292
05/12/2025	14:16	-0.9643035	-0.955117	-0.9707129	-0.9725199	-0.954568	-0.9871205	-0.9476636	-0.9718052	-0.9829631	-0.9589863	-0.9540423	-0.9645119	-0.9686412	-0.9600885	-0.9482641	-0.9457652	-0.9457652
05/12/2025	15:06	-0.9770969	-0.966011	-0.9769442	-0.9732989	-0.9615504	-0.9928758	-0.9659457	-0.9808002	-0.9859274	-0.9704913	-0.9675684	0.9665301	-0.9723707	-0.9666314	-0.9222872	-0.9544329	-0.9222872
05/12/2025	15:56	-0.978969	-0.9582296	-0.9758537	-0.9779723	-0.954568	-0.9911648	-0.9597484	-0.9784739	-0.9817149	-0.9647388	-0.9521766	-0.9687034	-0.9736139	-0.9639831	-0.9445309	-0.952266	-0.9445309
05/12/2025	16:46	-0.9803732	-0.9644547	-0.9774115	-0.9762587	-0.9596884	-0.9897648	-0.958354	-0.9775434	-0.9814029	-0.9622512	-0.9594838	0.9679272	-0.9768772	-0.9596211	-0.9484196	-0.9518016	-0.9484196
05/12/2025	17:36	-0.9770969	-0.9666335	-0.9795925	-0.9782839	-0.9537922	-0.9933425	-0.9602132	-0.9780087	-0.9762544	-0.9613184	-0.9521766	-0.9657538	-0.9768772	-0.9691239	-0.9653746	-0.9562902	-0.9521766
05/12/2025	18:26	-0.9802172	-0.9647659	-0.9808387	-0.9813996	-0.9559645	-0.9976979	-0.9684246	-0.9831266	-0.9877996	-0.9701803	-0.9653918	-0.9713425	-0.9846469	-0.9716164	-0.9639746	-0.9561355	-0.9559645
05/12/2025	19:16	-0.9797491	-0.9608752	-0.9767884	-0.9782839	-0.9604643	-0.9930314	-0.9592836	-0.9806452	-0.9748502	-0.9712687	-0.964148	0.9683929	-0.9664657	-0.9642946	-0.9532417	-0.9527303	-0.9527303
05/12/2025	20:06	-0.9825574	-0.9719248	-0.9817734	-0.9820227	-0.9629469	-0.9950535	-0.9696641	-0.9818859	-0.9873315	-0.9739117	-0.9680348	-0.9741369	-0.9778095	-0.9706817	-0.9600859	-0.9567546	-0.9567546
05/12/2025	20:56	-0.9800612	-0.9695904	-0.9837986	-0.9835805	-0.9635675	-0.9924092	-0.965326	-0.9811104	-0.9907639	-0.9745336	-0.9655473	0.9736711	-0.9774988	-0.9751994	-0.9602414	-0.9572189	-0.9572189
05/12/2025	21:46	-0.9830255	-0.9737923	-0.985668	-0.9856057	-0.9682224	-0.9978534	-0.9704388	-0.9866935	-0.9941962	-0.9754664	-0.9734764	0.9791046	-0.9866671	-0.9767572	-0.9667745	-0.9624814	-0.9624814
05/12/2025	22:36	-0.9766288	-0.9666335	-0.9823966	-0.98249	-0.95643	0.994898	-0.9609879	-0.9797146	-0.9771905	-0.9662935	-0.9627488	-0.9708768	-0.9726815	-0.9650735	-0.9669301	-0.9587667	-0.95643
05/12/2025	23:26	-0.9838055	-0.9742592	-0.9864469	-0.9871635	-0.9676018	-0.9983201	-0.972298	-0.9879342	-0.992168	-0.9768657	-0.9734764	-0.9798808	-0.9812282	-0.9776919	-0.9645968	-0.9583024	-0.9583024
05/12/2025	23:46	-0.9792811	-0.9714579	-0.9817734	-0.9804649	-0.9644985	-0.9956757	-0.9690444	-0.9837469	-0.9899838	-0.9704913	-0.9664801	-0.9741369	-0.9790527	-0.9753552	-0.9658412	-0.9535042	-0.9535042
06/12/2025	00:16	-0.9799051	-0.9653884	-0.9774115	-0.9796859	-0.9568955	-0.9919425	-0.9640865	-0.9776985	-0.9818709	-0.9700249	-0.9613495	-0.9693244	-0.9717491	-0.9594654	-0.965219	-0.9555163	-0.9555163
06/12/2025	01:06	-0.9805292	-0.9745705	-0.98707	-0.9863846	-0.9685328	-1.000653	-0.9729177	-0.9871588	-0.9946643	-0.9777985	-0.9736318	-0.9798808	-0.9863563	-0.9775361	-0.9611747	-0.962791	-0.9611747
06/12/2025	01:56	-0.9844296	-0.9702129	-0.9814619	-0.9834247	-0.9621711	-0.9973868	-0.967495	-0.9814206	-0.9860834	-0.9666045	-0.9646144	0.9687034	-0.9720599	-0.9574402	-0.9695744	-0.9587667	-0.9574402
06/12/2025	02:46	-0.9873939	-0.9761267	-0.9886279	-0.9874751	-0.9694638	-0.9995645	-0.9743121	-0.9879342	-0.9954443	-0.9781095	-0.9734764	-0.9812779	-0.9866671	-0.9801844	-0.9698855	-0.9618623	-0.9618623
06/12/2025	03:36	-0.9903582	-0.9758155	-0.9886279	-0.9893445	-0.9679121	-1.00252	-0.9738473	-0.9880893	-0.9951323	-0.9748445	-0.9737873	-0.980657	-0.9894642	-0.9801844	-0.974552	-0.9643388	-0.9643388
06/12/2025	04:26	-0.9795931	-0.970991	-0.9848891	-0.9813996	-0.9662053	-0.9908537	-0.9707486	-0.9873139	-0.9932601	-0.9770211	-0.9733209	0.9786388	-0.9747016	-0.9734858	-0.9619525	-0.9593858	-0.9593858
06/12/2025	05:16	-0.9856777	-0.9722361	-0.9872258	-0.9879424	-0.9680673	-1.000653	-0.9733825	-0.9860732	-0.9932601	-0.9773321	-0.97301	-0.9798808	-0.9855793	-0.9773804	-0.9681745	-0.9612432	-0.9612432
06/12/2025	06:06	-0.978189	-0.9716135	-0.9833313	-0.9848268	-0.964033	-0.9975423	-0.9670302	-0.9794045	-0.9893597	-0.9737562	-0.969745	-0.9769312	-0.9762556	-0.9717722	-0.9521528	-0.9524208	-0.9521528
06/12/2025	06:56	-0.9794371	-0.9706798	-0.9831755	-0.9851383	-0.9643433	-0.9945869	-0.9702838	-0.982196	-0.9896717	-0.9732898	-0.9709888	0.9777074	-0.9731477	-0.9722395	-0.9533972	-0.9572189	-0.9533972
06/12/2025	07:46	-0.9775649	-0.969746	-0.9822408	-0.9793744	-0.963102	-0.9952091	-0.9656358	-0.9811104	-0.9835871	-0.9700249	-0.9605721	-0.9739816	-0.9714383	-0.9669429	-0.9421976	-0.9567546	-0.9421976
06/12/2025	08:36	-0.9738205	-0.9722361	-0.9847333	-0.9812438	-0.9655847	-0.994898	-0.9696641	-0.9834367	-0.9906078	-0.9729789	-0.9709888	0.9750683	-0.9801405	-0.9705259	-0.947953	-0.9567546	-0.947953
06/12/2025	09:26	-0.9795931	-0.9722361	-0.983487	-0.9849826	-0.9662053	-0.9961424	-0.9690444	-0.9859181	-0.9915439	-0.975	-0.9714552	-0.9764655	-0.9770326	-0.9727069	-0.9614858	-0.9603145	-0.9603145
06/12/2025	10:16	-0.9825574	-0.9706798	-0.983487	-0.9848268	-0.9632572	-0.9964535	-0.9670302	-0.9820409	-0.9892037	-0.9726679	-0.9689677	0.9714978	-0.9781203	-0.9750436	-0.9645968	-0.9573737	-0.9573737
06/12/2025	11:06	-0.9831815	-0.9719248	-0.9848891	-0.9857615	-0.9654295	-0.9989423	-0.9696641	-0.9843672	-0.992168	-0.972046	-0.9675684	-0.9746026	-0.9810728	-0.9717722	-0.9616414	-0.9592311	-0.9592311
06/12/2025	11:56	-0.9802172	-0.9728586	-0.9844217	-0.9843594	-0.9644985	-0.9967646	-0.9712134	-0.9852978	-0.9902958	-0.9734453	-0.9717662	-0.9773969	-0.9765664	-0.9722395	-0.9566638	-0.9570641	-0.9566638
06/12/2025	12:46	-0.9806852	-0.9700573	-0.9823966	-0.9815553	-0.9584471	-0.9970757	-0.965171	-0.9818859	-0.9837431	-0.9709577	-0.9664801	0.9690139	-0.9776542	-0.9685007	-0.9490418	-0.9555163	-0.9490418
06/12/2025	13:36	-0.9794371	-0.9722361	-0.9848891	-0.9835805	-0.9657398	-0.996609	-0.9690444	-0.9825062	-0.9898278	-0.9753109	-0.9712998	0.976776	-0.9826268	-0.9730184	-0.9605525	-0.952266	-0.952266
06/12/2025	14:26	-0.978813	-0.9702129	-0.983487	-0.9852941	-0.9651192	-0.998009	-0.9685796	-0.9829715	-0.9899838	-0.9739117	-0.9703669	-0.976776	-0.9765664	-0.9716164	-0.9579082	-0.9579928	-0.9579082
06/12/2025	15:16	-0.9827134	-0.9725473	-0.984266	-0.9849826	-0.9646537	-0.9972312	-0.9713684	-0.9832816	-0.9913879	-0.9751555	-0.9709888	0.9770864	-0.9792081	-0.9761341	-0.9656857	-0.9598502	-0.9598502
06/12/2025	16:06	-0.978345	-0.9622759	-0.9766326	-0.9747009	-0.9556542	-0.9869649	-0.9640865	-0.9829715	-0.9767224	-0.9669154	-0.964148	-0.9694796	-0.9762556	-0.9664756	-0.9610192	-0.9576833	-0.9556542
06/12/2025	16:56	-0.9841176	-0.9725473	-0.9848891	-0.9862288	-0.9660501	-0.9984756	-0.9691993	-0.9865385	-0.9929481	-0.9740672	-0.9723881	-0.9758445	-0.9809175	-0.9750436	-0.9445309	-0.9562902	-0.9445309
06/12/2025	17:46	-0.9859898	-0.9733254	-0.9847333	-0.9849826	-0.965895	-1.000031	-0.9718332	-0.9840571	-0.992636	-0.9757774	-0.9722326	-0.9786388	-0.9848023	-0.9762899	-0.9691078	-0.9601597	-0.9601597
06/12/2025	18:36	-0.9761608	-0.9731698	-0.9861353	-0.9866962	-0.9671363	-0.998009	-0.972298	-0.9854529	-0.991856	-0.9757774	-0.9722326	-0.9770864	-0.9813836	-0.9751994	-0.9630413	-0.9586119	-0.9586119
06/12/2025	19:26	-0.9816213	-0.9621203	-0.9830197	-0.9826458	-0.9607746	-0.996609	-0.9626921	-0.982196	-0.9845232	-0.9684701	-0.9675684	-0.9683929	-0.9770326	-0.9613347	-0.9636635	-0.9607789	-0.9607746
06/12/2025	20:16	-0.9778769	-0.9681897	-0.979904	-0.9831132	-0.9615504	-0.9941202	-0.9671852	-0.9818859	-0.9893597	-0.9711132	-0.9680348	0.9732054	-0.9799851	-0.9713048	-0.966619	-0.9601597	-0.9601597
06/12/2025	21:06	-0.978657	-0.9737923	-0.9859796	-0.986073	-0.9666708	-0.9987867	-0.9712134	-0.987469	-0.992324	-0.9748445	-0.9725435	-0.9791046	-0.9810728	-0.9780035	-0.9625747	-0.9601597	-0.9601597
06/12/2025	21:56	-0.9816213	-0.973948	-0.9873816	-0.986073	-0.9674466	-0.9972312	-0.9727628	-0.9870037	-0.9913879	-0.9767102	-0.9720771	-0.9797255	-0.983093	-0.9751994	-0.9664634	-0.961398	-0.961398
06/12/2025	22:46	-0.9839616	-0.9741036	-0.9872258	-0.9876309	-0.9683776	-0.99972	-0.9695092	-0.9879342	-0.9946643	-0.977643	-0.9737873	-0.9777074	-0.9827822	-0.9792498	-0.9720632	-0.961398	-0.961398
06/12/2025	23:36	-0.9841176	-0.9742592	-0.9864469	-0.9871635	-0.9676018	-1.000498	-0.9736924	-0.987469	-0.9931041	-0.9763993	-0.9728545	-0.9798808	-0.9855793	-0.979094	-0.9667745	-0.9621719	-0.9621719
07/12/2025	00:26	-0.9853657	-0.9753486	-0.9862911	-0.9873193	-0.9666708	-1.000187	-0.9738473	-0.9873139	-0.9912319	-0.977643	-0.9739428	-0.9778626	-0.9866671	-0.9783151	-0.9617969	-0.9631005	-0.9617969
07/12/2025	01:16	-0.9833375	-0.9742592	-0.9875374	-0.9879424	-0.9689983	-0.9987867	-0.9736924	-0.9883995	-0.9949763	-0.9773321	-0.9723881	-0.9798808	-0.9872887	-0.9794055	-0.96973	-0.9635649	-0.9635649
07/12/2025	02:06	-0.9799051	-0.9742592	-0.9853564	-0.9865404	-0.967757	-0.9987867	-0.972143	-0.9871588	-0.9935721	-0.9768657	-0.9731654	-0.9809675	-0.981539	-0.9780035	-0.9614858	-0.9610884	-0.9610884
07/12/2025	02:56	-0.9855217	-0.9765936	-0.9873816	-0.9879424	-0.9691534	-0.9998756	-0.9749318	-0.9876241	-0.9957564	-0.9773321	-0.9742537	-0.9803465	-0.9857347	-0.9795613	-0.9681745	-0.964184	-0.964184
07/12/2025	03:46	-0.9820894	-0.9759711	-0.9880047	-0.9885656	-0.9689983	-1.001587	-0.9730726	-0.9879342	-0.9946643	-0.9787313	-0.9719216	0.9815884	-0.9854239	-0.9803402	-0.9715966	-0.9643388	-0.9643388
07/12/2025	04:36	-0.9842736	-0.9708354	-0.9866027	-0.9879424	-0.9691534	-1.000653	-0.969974	-0.9859181	-0.9948203	-0.9774876	-0.9745647	-0.9808122	-0.9869779	-0.9781593	-0.9687967	-0.9624814	-0.9624814
07/12/2025	05:26	-0.9842736	-0.9756599	-0.9872258	-0.988254	-0.9686879	-1.000653	-0.9712134	-0.9876241	-0.9945082	-0.9771766	-0.9737873	-0.9795703	-0.9874441	-0.9792498	-0.9649079	-0.9623266	-0.9623266
07/12/2025	06:16	-0.978501	-0.969746	-0.9837986	-0.9851383	-0.9679121	-0.9955202	-0.96765	-0.9860732	-0.9871755	-0.9732898	-0.9709888	-0.9783284	-0.9778095	-0.9741089	-0.9619525	-0.9586119	-0.9586119
07/12/2025	07:06	-0.9855217	-0.9744148	-0.9852006	-0.9863846	-0.9665156	-0.9978534	-0.9716782	-0.9871588	-0.99248	-0.9743781	-0.9728545	-0.9791046	-0.9795189	-0.9770688	-0.9627302	-0.9624814	-0.9624814
07/12/2025	07:56	-0.9820894	-0.9731698	-0.9845775	-0.9856057	-0.9665156	-0.9978534	-0.9715233	-0.9862283	-0.992636	-0.9757774	-0.9714552	0.9786388	-0.983093	-0.9773804	-0.9675523	-0.9618623	-0.9618623
07/12/2025	08:46	-0.9822454	-0.9734811	-0.9862911	-0.9838921	-0.966826	-0.9972312	-0.9724529	-0.9868486	-0.9909199	-0.9763993	-0.9709888	0.9780179	-0.9827822	-0.9762899	-0.9647524	-0.9615527	-0.9615527
07/12/2025	09:36	-0.9795931	-0.9717692	-0.9822408	-0.9826458	-0.9637227	-0.9978534	-0.9665654	-0.9840571	-0.9907639	-0.9743781	-0.9702114	-0.9766207	-0.9844915	-0.9731742	-0.9649079	-0.960005	-0.960005
07/12/2025	10:26	-0.9777209	-0.9706798	-0.9833313	-0.9813996	-0.9648088	-0.9958313	-0.9688894	-0.9851427	-0.9877996	-0.972046	-0.9664801	0.9759998	-0.9806067	-0.97333	-0.9614858	-0.9579928	-0.9579928
07/12/2025	11:16	-0.9834935	-0.9731698	-0.9847333	-0.9865404	-0.9652743	-0.9942758	-0.9702838	-0.9865385	-0.9915439	-0.9746891	-0.9719216	-0.9778626	-0.9767218	-0.9750436	-0.9619525	-0.9589215	-0.9589215
07/12/2025	12:06	-0.978189	-0.9731698	-0.9850449	-0.9838921	-0.9620159	-0.9961424	-0.9693542	-0.985763	-0.991856	-0.9729789	-0.9708333	-0.9780179	-0.977188	-0.9750436	-0.9538639	-0.9584572	-0.9538639
07/12/2025	12:56	-0.9825574	-0.9717692	-0.984266	-0.9835805	-0.9646537	-0.9964535	-0.9705937	-0.9828164	-0.9884236	-0.9739117	-0.9712998	0.9778626	-0.9781203	-0.9750436	-0.951064	-0.9528851	-0.951064
07/12/2025	13:46	-0.9827134	-0.9730142	-0.9862911	-0.9873193	-0.9671363	-0.9970757	-0.9702838	-0.9873139	-0.992636	-0.9765547	-0.9728545	0.9781731	-0.9835592	-0.9762899	-0.9670856	-0.9612432	-0.9612432
07/12/2025	14:36	-0.9806852	-0.9741036	-0.985668	-0.9857615	-0.9663605	-0.9976979	-0.9713684	-0.9862283	-0.992168	-0.9759328	-0.9720771	-0.9787941	-0.9790527	-0.9770688	-0.9661523	-0.957838	-0.957838
07/12/2025	15:26	-0.9841176	-0.9745705	-0.9861353	-0.9849826	-0.9663605	-0.9995645	-0.972298	-0.9870037	-0.9929481	-0.9763993	-0.9722326	0.9783284	-0.9787419	-0.976913	-0.9647524	-0.9586119	-0.9586119
07/12/2025	16:16	-0.9830255	-0.9725473	-0.984266	-0.9849826	-0.9663605	-0.9964535	-0.972143	-0.9852978	-0.9915439	-0.9753109	-0.9703669	-0.9777074	-0.9784311	-0.9759783	-0.9627302	-0.9555163	-0.9555163
07/12/2025	17:06	-0.9842736	-0.9720804	-0.9862911	-0.9843594	-0.9641882	-0.998009	-0.9702838	-0.9863834	-0.9901398	-0.975	-0.9702114	-0.976776	-0.983093	-0.9745763	-0.9653746	-0.9607789	-0.9607789
07/12/2025	17:56	-0.9795931	-0.9727029	-0.9823966	-0.9840479	-0.964964	-0.9989423	-0.9688894	-0.9845223	-0.9876435	-0.9725124	-0.9702114	0.9746026	-0.9722153	-0.97333	-0.9551083	-0.9607789	-0.9551083
07/12/2025	18:46	-0.9838055	-0.9741036	-0.98707	-0.986073	-0.9651192	-0.9970757	-0.9709036	-0.9860732	-0.992012	-0.9763993	-0.9719216	-0.9787941	-0.9834038	-0.9764457	-0.9649079	-0.960005	-0.960005
07/12/2025	19:36	-0.9794371	-0.9588521	-0.9761653	-0.9799975	-0.9522406	-0.9922536	-0.9585089	-0.9758375	-0.9776585	-0.9662935	-0.9633706	-0.9659091	-0.9703506	-0.9717722	-0.954175	-0.9483965	-0.9483965
07/12/2025	20:26	-0.9820894	-0.9730142	-0.985668	-0.9856057	-0.966826	-0.9995645	-0.972143	-0.987469	-0.9927921	-0.9765547	-0.9725435	-0.9781731	-0.9832484	-0.9759783	-0.9614858	-0.9612432	-0.9612432
07/12/2025	21:16	-0.9825574	-0.9741036	-0.9869143	-0.9868519	-0.9672915	-1.000187	-0.9726078	-0.9876241	-0.9931041	-0.9762438	-0.97301	-0.9789493	-0.9852685	-0.9786266	-0.9700411	-0.9620171	-0.9620171
07/12/2025	22:06	-0.9803732	-0.9647659	-0.9845775	-0.9807764	-0.9599988	-0.9931869	-0.9684246	-0.983902	-0.9896717	-0.9725124	-0.970056	-0.9721187	-0.9714383	-0.9692797	-0.9650635	-0.9586119	-0.9586119
07/12/2025	22:56	-0.9774089	-0.9744148	-0.9867585	-0.98249	-0.9680673	-0.9952091	-0.9726078	-0.9871588	-0.9935721	-0.9771766	-0.9714552	-0.9783284	-0.9851131	-0.9761341	-0.966619	-0.9621719	-0.9621719
07/12/2025	23:46	-0.9855217	-0.9747261	-0.9861353	-0.9874751	-0.9683776	-0.9964535	-0.9732276	-0.9876241	-0.9934161	-0.9770211	-0.9725435	-0.9805017	-0.98387	-0.9787824	-0.9560416	-0.9570641	-0.9560416
08/12/2025	00:36	-0.9833375	-0.9733254	-0.9867585	-0.9845152	-0.9676018	-0.9989423	-0.9729177	-0.9871588	-0.9941962	-0.9757774	-0.9723881	-0.9794151	-0.9857347	-0.9784708	-0.9661523	-0.9565998	-0.9565998
08/12/2025	01:26	-0.9841176	-0.9722361	-0.9855122	-0.9854499	-0.9686879	-0.9989423	-0.9709036	-0.987469	-0.9946643	-0.9777985	-0.9737873	0.980036	-0.9809175	-0.9775361	-0.9698855	-0.9618623	-0.9618623
08/12/2025	02:16	-0.9853657	-0.9745705	-0.9850449	-0.9842036	-0.9691534	-0.9958313	-0.9741572	-0.9879342	-0.9956003	-0.9773321	-0.9747201	-0.9801913	-0.9860455	-0.9781593	-0.9675523	-0.9620171	-0.9620171
08/12/2025	03:06	-0.9714803	-0.9627428	-0.9736727	-0.9795302	-0.9531715	-0.994898	-0.9557201	-0.9690136	-0.9799988	-0.9600746	-0.9605721	0.9690139	-0.968952	-0.9594654	-0.9619525	-0.9483965	-0.9483965
08/12/2025	03:56	-0.9875499	-0.9756599	-0.9887836	-0.9885656	-0.9693086	-0.9947424	-0.9736924	-0.9891749	-0.9945082	-0.9784204	-0.9742537	-0.9808122	-0.9844915	-0.9784708	-0.9686411	-0.9635649	-0.9635649
08/12/2025	04:46	-0.9873939	-0.9762824	-0.9887836	-0.9891887	-0.967757	-0.9992534	-0.9710585	-0.9876241	-0.9952883	-0.9785759	-0.9739428	0.9801913	-0.9802959	-0.9770688	-0.9669301	-0.962791	-0.962791
08/12/2025	05:36	-0.9847416	-0.9742592	-0.9864469	-0.9873193	-0.967757	-0.9984756	-0.9726078	-0.9866935	-0.9935721	-0.9754664	-0.9719216	0.9786388	-0.9844915	-0.9773804	-0.9658412	-0.9607789	-0.9607789
08/12/2025	06:26	-0.9730404	-0.9723917	-0.9841102	-0.9843594	-0.9665156	-0.9983201	-0.9678049	-0.9823511	-0.99248	-0.9729789	-0.9719216	-0.976155	-0.9834038	-0.9713048	-0.9526195	-0.9575285	-0.9526195
08/12/2025	07:16	-0.9803732	-0.9653884	-0.9809945	-0.9781281	-0.9615504	-0.9885204	-0.9639316	-0.9835918	-0.9890477	-0.9704913	-0.9666356	-0.9721187	-0.9778095	-0.9714606	-0.9557305	-0.9539685	-0.9539685
08/12/2025	08:06	-0.9813093	-0.9745705	-0.9830197	-0.9870077	-0.9643433	-0.9986312	-0.9733825	-0.9877792	-0.9927921	-0.9768657	-0.9716107	-0.9784836	-0.9793635	-0.9714606	-0.9650635	-0.9567546	-0.9567546
08/12/2025	08:16	-0.9819333	-0.9641434	-0.9809945	-0.9792186	-0.9626365	-0.9925647	-0.9702838	-0.9852978	-0.9879556	-0.9739117	-0.9705224	-0.9711873	-0.9770326	-0.9766014	-0.9423532	-0.9610884	-0.9423532
08/12/2025	08:26	-0.978813	-0.9674116	-0.9800598	-0.9778166	-0.9579816	-0.9964535	-0.9574244	-0.9789392	-0.9910759	-0.9703358	-0.9663246	0.9742921	-0.9728369	-0.9695912	-0.929287	-0.9446818	-0.929287
08/12/2025	08:36	-0.9828694	-0.9759711	-0.9867585	-0.9843594	-0.967757	-1.000964	-0.9712134	-0.987469	-0.9941962	-0.9763993	-0.9728545	-0.9786388	-0.9813836	-0.979094	-0.9622636	-0.9620171	-0.9620171
08/12/2025	08:46	-0.9825574	-0.9734811	-0.9859796	-0.9857615	-0.9651192	-0.9981645	-0.9729177	-0.9862283	-0.9890477	-0.9771766	-0.9712998	-0.976776	-0.9768772	-0.9742647	-0.9638191	-0.9603145	-0.9603145
08/12/2025	08:56	-0.9746006	-0.9730142	-0.9859796	-0.9854499	-0.9676018	-0.99972	-0.9712134	-0.9868486	-0.99248	-0.9748445	-0.9723881	-0.9770864	-0.9832484	-0.976913	-0.9653746	-0.9603145	-0.9603145
08/12/2025	09:06	-0.9794371	-0.9755042	-0.985668	-0.9868519	-0.9676018	-0.9998756	-0.9735374	-0.9868486	-0.9909199	-0.9768657	-0.9722326	0.9787941	-0.9840254	-0.9776919	-0.9638191	-0.962791	-0.962791
08/12/2025	09:16	-0.949482	-0.9719248	-0.9814619	-0.973922	-0.9584471	-0.981054	-0.9620724	-0.9769231	-0.9873315	-0.9672264	-0.964148	-0.9746026	-0.957142	-0.9613347	-0.9505973	-0.9581476	-0.949482
08/12/2025	09:26	-0.9795931	-0.9747261	-0.9836428	-0.9848268	-0.9655847	-0.9978534	-0.9713684	-0.987469	-0.9910759	-0.9757774	-0.9703669	0.9789493	-0.9827822	-0.9759783	-0.9577526	-0.960005	-0.9577526
08/12/2025	09:36	-0.9841176	-0.9727029	-0.9859796	-0.9877866	-0.966826	-0.9983201	-0.9704388	-0.9870037	-0.9917	-0.9770211	-0.9733209	-0.9772417	-0.9806067	-0.9762899	-0.963508	-0.9567546	-0.9567546
08/12/2025	09:46	-0.9808412	-0.9695904	-0.9837986	-0.9849826	-0.9666708	-0.998009	-0.9684246	-0.9870037	-0.9871755	-0.9746891	-0.9706779	0.9778626	-0.9801405	-0.957596	-0.904399	-0.9542781	-0.904399
08/12/2025	09:56	-0.9833375	-0.9744148	-0.9853564	-0.9870077	-0.9651192	-0.9987867	-0.9656358	-0.9862283	-0.9912319	-0.975	-0.9723881	-0.9764655	-0.9759448	-0.9770688	-0.9507529	-0.9569094	-0.9507529
08/12/2025	10:06	-0.9842736	-0.9716135	-0.9847333	-0.9857615	-0.9651192	-0.998009	-0.9724529	-0.9868486	-0.991856	-0.975	-0.9719216	-0.9773969	-0.9734585	-0.9756667	-0.9459308	-0.9575285	-0.9459308
08/12/2025	10:16	-0.9769408	-0.9727029	-0.9855122	-0.9838921	-0.9669811	-0.9955202	-0.9710585	-0.9866935	-0.9917	-0.9754664	-0.972699	-0.9764655	-0.9816944	-0.9742647	-0.9361312	-0.9539685	-0.9361312
08/12/2025	10:26	-0.9824014	-0.9734811	-0.9861353	-0.9866962	-0.964033	-0.9978534	-0.9712134	-0.9828164	-0.99248	-0.9739117	-0.9725435	-0.9756893	-0.9523247	-0.9753552	-0.9565082	-0.9592311	-0.9523247
08/12/2025	10:36	-0.9708562	-0.9655441	-0.9803714	-0.9787512	-0.9595333	-0.9945869	-0.9622273	-0.9842122	-0.9842112	-0.9711132	-0.9675684	-0.9704111	-0.9695736	-0.9677218	-0.9263315	-0.9558259	-0.9263315
08/12/2025	10:46	-0.9825574	-0.9737923	-0.9844217	-0.9863846	-0.963102	-0.9976979	-0.9712134	-0.9856079	-0.9895157	-0.9748445	-0.9702114	0.9759998	-0.9784311	-0.9772246	-0.9507529	-0.9596954	-0.9507529
08/12/2025	10:56	-0.9805292	-0.9706798	-0.9853564	-0.9859172	-0.9651192	-0.9978534	-0.9702838	-0.9870037	-0.9909199	-0.9754664	-0.9708333	-0.9773969	-0.9816944	-0.975511	-0.9642857	-0.960005	-0.960005
08/12/2025	11:06	-0.9838055	-0.9730142	-0.9858238	-0.9845152	-0.9644985	-0.9973868	-0.9688894	-0.9840571	-0.9907639	-0.9753109	-0.9702114	-0.9781731	-0.9743909	-0.9761341	-0.9641302	-0.9552068	-0.9552068
08/12/2025	11:16	-0.978657	-0.9727029	-0.984266	-0.9859172	-0.9660501	-0.9992534	-0.9687345	-0.9859181	-0.9915439	-0.9748445	-0.9708333	-0.976776	-0.9834038	-0.9713048	-0.9575971	-0.9606241	-0.9575971
08/12/2025	11:26	-0.9834935	-0.9723917	-0.9861353	-0.9865404	-0.9657398	-0.9961424	-0.9693542	-0.9852978	-0.9909199	-0.9751555	-0.970056	0.9775522	-0.9747016	-0.9756667	-0.9488863	-0.9595406	-0.9488863
08/12/2025	12:16	-0.9836495	-0.9734811	-0.9847333	-0.9838921	-0.9644985	-0.9987867	-0.9715233	-0.9851427	-0.992168	-0.9751555	-0.9714552	0.9780179	-0.981539	-0.9753552	-0.9610192	-0.9593858	-0.9593858
08/12/2025	13:06	-0.9831815	-0.9728586	-0.9828639	-0.9854499	-0.9662053	-0.9986312	-0.9705937	-0.9859181	-0.9902958	-0.9714241	-0.9703669	-0.9763102	-0.9795189	-0.9727069	-0.9588415	-0.957838	-0.957838
08/12/2025	13:56	-0.9841176	-0.9748817	-0.9866027	-0.9871635	-0.9663605	-0.9990978	-0.9718332	-0.9870037	-0.9932601	-0.9754664	-0.9712998	-0.9787941	-0.9806067	-0.9761341	-0.9639746	-0.9579928	-0.9579928
08/12/2025	14:46	-0.9838055	-0.9733254	-0.9873816	-0.9854499	-0.9669811	-0.9978534	-0.9712134	-0.9870037	-0.9917	-0.9768657	-0.9716107	-0.9791046	-0.9795189	-0.9775361	-0.9681745	-0.9596954	-0.9596954
08/12/2025	15:36	-0.9806852	-0.9705242	-0.9862911	-0.9831132	-0.966826	-0.9959868	-0.969974	-0.9866935	-0.9896717	-0.9754664	-0.9685012	-0.9773969	-0.9812282	-0.9759783	-0.9653746	-0.9615527	-0.9615527
08/12/2025	16:26	-0.9819333	-0.9717692	-0.9844217	-0.9842036	-0.9652743	-0.9989423	-0.969974	-0.9852978	-0.9898278	-0.9746891	-0.9717662	0.9770864	-0.9747016	-0.976913	-0.9547972	-0.9598502	-0.9547972
08/12/2025	17:16	-0.9817773	-0.9734811	-0.985668	-0.9856057	-0.9663605	-0.9986312	-0.9707486	-0.9866935	-0.9907639	-0.9767102	-0.9725435	0.9784836	-0.9816944	-0.9736416	-0.949664	-0.9606241	-0.949664
08/12/2025	18:06	-0.9816213	-0.9720804	-0.9859796	-0.9862288	-0.9671363	-0.9992534	-0.9693542	-0.9865385	-0.992324	-0.9762438	-0.9716107	0.9741369	-0.9841808	-0.9722395	-0.9694189	-0.961398	-0.961398
08/12/2025	18:56	-0.9834935	-0.9734811	-0.9867585	-0.9865404	-0.9660501	-0.9983201	-0.9730726	-0.9852978	-0.99248	-0.9756219	-0.9722326	-0.9766207	-0.9816944	-0.9773804	-0.9659968	-0.9573737	-0.9573737
08/12/2025	19:46	-0.9820894	-0.9728586	-0.9848891	-0.9865404	-0.9666708	-0.9987867	-0.9715233	-0.9870037	-0.9931041	-0.9756219	-0.9709888	-0.9781731	-0.9807621	-0.9766014	-0.9624191	-0.9624814	-0.9624191
08/12/2025	20:36	-0.9731965	-0.960564	-0.9771	-0.9798417	-0.9548784	0.991787	-0.949058	-0.9794045	-0.9687656	-0.9580535	-0.9565299	-0.9648224	-0.976411	-0.9585307	-0.9602414	-0.9524208	-0.949058
08/12/2025	21:26	-0.9825574	-0.9755042	-0.9872258	-0.9871635	-0.9676018	-0.9987867	-0.9724529	-0.9882444	-0.9949763	-0.9765547	-0.9733209	-0.9803465	-0.9862009	-0.971928	-0.9636635	-0.9634101	-0.9634101
08/12/2025	22:16	-0.9848977	-0.9747261	-0.9872258	-0.988254	-0.967757	-0.9992534	-0.9741572	-0.9877792	-0.9948203	-0.9765547	-0.9740983	-0.9797255	-0.9860455	-0.9766014	-0.9686411	-0.9604693	-0.9604693
08/12/2025	23:06	-0.9742886	-0.9758155	-0.987849	-0.984671	-0.9696189	-1.000342	-0.972143	-0.9870037	-0.9937282	-0.9784204	-0.9740983	-0.9801913	-0.9801405	-0.9761341	-0.9546416	-0.9629458	-0.9546416
09/12/2025	09:06	-0.9799051	-0.9728586	-0.9816176	-0.9796859	-0.964033	-0.9944313	-0.9665654	-0.9842122	-0.9910759	-0.9718905	-0.9672575	0.972274	-0.9722153	-0.9681892	-0.9552638	-0.9575285	-0.9552638
09/12/2025	09:56	-0.9624314	-0.9669447	-0.976321	-0.9787512	-0.9548784	-0.9938091	-0.9665654	-0.9817308	-0.9881116	-0.9676928	-0.9636816	0.9669958	-0.9736139	-0.9702144	-0.9519973	-0.9539685	-0.9519973
09/12/2025	10:46	-0.9738205	-0.9705242	-0.9797483	-0.9829574	-0.9624814	-0.9919425	-0.9626921	-0.9811104	-0.9859274	-0.9697139	-0.9705224	-0.9744473	-0.9719045	-0.9737974	-0.9532417	-0.9570641	-0.9532417
09/12/2025	11:36	-0.9769408	-0.9569846	-0.9794367	-0.9790628	-0.9590678	-0.990387	-0.9568047	-0.9781638	-0.9781266	-0.9628731	-0.9605721	0.967772	-0.9762556	-0.9664756	-0.9535528	-0.9535042	-0.9535042
09/12/2025	12:26	-0.9831815	-0.970991	-0.9831755	-0.984671	-0.9638779	-0.9944313	-0.963002	-0.9806452	-0.9892037	-0.9704913	-0.9633706	-0.9719635	-0.9675535	-0.9660082	-0.9515306	-0.9573737	-0.9515306
09/12/2025	13:16	-0.978033	-0.9661666	-0.9816176	-0.9812438	-0.9626365	-0.9970757	-0.9631569	-0.9818859	-0.9888917	-0.9706468	-0.9695896	0.9741369	-0.9734585	-0.9694354	-0.9552638	-0.9454557	-0.9454557
09/12/2025	14:06	-0.9752247	-0.9671003	-0.9760095	-0.9781281	-0.9592229	-0.993498	-0.9633118	-0.9772333	-0.9857713	-0.9680037	-0.9647699	0.9674615	-0.9739247	-0.9664756	-0.9585304	-0.9547424	-0.9547424
09/12/2025	14:56	-0.9764728	-0.9602527	-0.9744516	-0.9715852	-0.9523957	-0.9860316	-0.9605231	-0.9804901	-0.9815589	-0.9645833	-0.961505	0.9701006	-0.9672427	-0.9605558	-0.9543305	-0.9570641	-0.9523957
09/12/2025	15:46	-0.9817773	-0.9695904	-0.9844217	-0.9849826	-0.9624814	-0.9978534	-0.9688894	-0.9852978	-0.9907639	-0.9729789	-0.9709888	-0.9770864	-0.9801405	-0.9758225	-0.9619525	-0.9593858	-0.9593858
09/12/2025	16:36	-0.9721043	-0.9622759	-0.9732054	-0.9759472	-0.9607746	-0.9911648	-0.9643964	-0.9811104	-0.982651	-0.9648943	-0.9597948	0.9651329	-0.9747016	-0.9552592	-0.954175	-0.9559807	-0.954175
09/12/2025	17:26	-0.9833375	-0.9720804	-0.9850449	-0.9862288	-0.9651192	-0.9981645	-0.9693542	-0.9851427	-0.9885796	-0.9757774	-0.969745	0.9784836	-0.9774988	-0.9770688	-0.966619	-0.9569094	-0.9569094
09/12/2025	18:16	-0.978345	-0.968501	-0.9755421	-0.98249	-0.9604643	0.9955202	-0.9599033	-0.9823511	-0.9862394	-0.9711132	-0.9652363	-0.9688587	-0.9753232	-0.943264	-0.9580637	-0.956445	-0.943264
09/12/2025	19:06	-0.9844296	-0.975193	-0.98707	-0.9870077	-0.9672915	-1.000498	-0.972143	-0.9873139	-0.992636	-0.9760883	-0.9734764	-0.9795703	-0.982316	-0.9787824	-0.9663079	-0.9621719	-0.9621719
09/12/2025	19:56	-0.9767848	-0.9703685	-0.9809945	-0.978907	-0.9635675	-0.9938091	-0.9643964	-0.9772333	-0.9895157	-0.9680037	-0.9708333	0.9735159	-0.9711275	-0.9666314	-0.9600859	-0.9544329	-0.9544329
09/12/2025	20:46	-0.9841176	-0.9736367	-0.9855122	-0.9865404	-0.967757	-0.9983201	-0.9718332	-0.9880893	-0.9935721	-0.9767102	-0.9737873	0.9801913	-0.9788973	-0.9753552	-0.9667745	-0.9623266	-0.9623266
09/12/2025	21:36	-0.9809973	-0.9758155	-0.9880047	-0.9876309	-0.9697741	-1.000653	-0.9740022	-0.9883995	-0.9951323	-0.977643	-0.9740983	-0.9801913	-0.9848023	-0.9786266	-0.9661523	-0.9609336	-0.9609336
09/12/2025	22:26	-0.9836495	-0.976438	-0.9880047	-0.9876309	-0.9688431	-1.000653	-0.9736924	-0.9870037	-0.9949763	-0.9763993	-0.9734764	-0.9811227	-0.9854239	-0.9797171	-0.9677078	-0.9615527	-0.9615527
09/12/2025	23:16	-0.9845856	-0.9759711	-0.9859796	-0.9863846	-0.9691534	-0.9964535	-0.9747769	-0.9891749	-0.992636	-0.9773321	-0.9744092	0.9805017	-0.9855793	-0.9806518	-0.9686411	-0.9637197	-0.9637197
10/12/2025	00:06	-0.9814653	-0.9756599	-0.9867585	-0.9888771	-0.9689983	-1.001431	-0.9743121	-0.9891749	-0.9946643	-0.9790423	-0.9747201	0.9808122	-0.9858901	-0.9772246	-0.9719077	-0.962791	-0.962791
10/12/2025	00:56	-0.9817773	-0.9681897	-0.9839544	-0.98249	-0.9621711	-0.9941202	-0.9631569	-0.9763027	-0.9876435	-0.9703358	-0.9655473	-0.971032	-0.9796743	-0.9488721	-0.9678634	-0.9545877	-0.9488721
10/12/2025	01:46	-0.9844296	-0.9745705	-0.9895626	-0.9868519	-0.9693086	-1.001431	-0.9743121	-0.9890199	-0.9960684	-0.9774876	-0.9744092	0.9808122	-0.983093	-0.9781593	-0.9650635	-0.9640292	-0.9640292
10/12/2025	02:36	-0.9934785	-0.9781499	-0.9903415	-0.9909023	-0.9714809	-1.004231	-0.976791	-0.9908809	-0.9973165	-0.9799751	-0.975653	-0.9831408	-0.9908628	-0.9825212	-0.9768853	-0.9657318	-0.9657318
10/12/2025	03:26	-0.9848977	-0.9762824	-0.9886279	-0.9893445	-0.9696189	-1.001587	-0.9736924	-0.9897953	-0.9963804	-0.9791978	-0.9758085	0.9815884	-0.9875995	-0.9803402	-0.9684856	-0.9643388	-0.9643388
10/12/2025	04:16	-0.9917624	-0.9762824	-0.989251	-0.9884098	-0.9691534	-1.002209	-0.974622	-0.9887097	-0.9956003	-0.9773321	-0.9742537	-0.9803465	-0.9896196	-0.980496	-0.974552	-0.9649579	-0.9649579
10/12/2025	05:06	-0.9579069	-0.9577627	-0.9679088	-0.9726757	-0.9455685	-0.9784097	-0.9535511	-0.9766129	-0.9814029	-0.9592973	-0.9618159	-0.9604757	-0.9610269	-0.9686565	-0.9614858	-0.955052	-0.9455685
10/12/2025	05:56	-0.9805292	-0.9671003	-0.9760095	-0.9807764	-0.9581368	-0.9938091	-0.9643964	-0.9739764	-0.9645532	-0.9645833	-0.952954	0.9489878	-0.9810728	-0.9709933	-0.9658412	-0.960005	-0.9489878
10/12/2025	06:46	-0.9733525	-0.9604084	-0.9671299	-0.9706505	-0.9525509	-0.9858761	-0.9620724	-0.9730459	-0.9812469	-0.9701803	-0.9594838	-0.9665301	-0.9712829	-0.9700586	-0.9421976	-0.957838	-0.9421976
10/12/2025	07:36	-0.978189	-0.9695904	-0.9837986	-0.9837363	-0.9657398	-0.9976979	-0.9701289	-0.9852978	-0.9887356	-0.9734453	-0.9702114	0.9764655	-0.974857	-0.9703701	-0.9607081	-0.9581476	-0.9581476
10/12/2025	08:26	-0.9647716	-0.9422	-0.9629237	-0.9647308	-0.9336209	-0.9868094	-0.953706	-0.9798697	-0.9778145	-0.9633396	-0.9537313	-0.9607861	-0.9628916	-0.9547919	-0.9477974	-0.9516469	-0.9336209
10/12/2025	09:16	-0.968984	-0.9669447	-0.976321	-0.9773492	-0.9562748	-0.9906981	-0.9664105	-0.9797146	-0.9795307	-0.9709577	-0.958551	-0.9652881	-0.9762556	-0.9691239	-0.9197984	-0.9542781	-0.9197984
10/12/2025	10:06	-0.9608712	-0.9647659	-0.9769442	-0.973922	-0.953637	-0.985565	-0.9605231	-0.9780087	-0.97251	-0.9703358	-0.9638371	-0.9708768	-0.9719045	-0.9642946	-0.9488863	-0.94592	-0.94592
10/12/2025	10:56	-0.9677359	-0.9532495	-0.9674414	-0.968158	-0.9471202	-0.982454	-0.9512271	-0.9699442	-0.9703258	-0.9616294	-0.9566853	-0.9586128	-0.9641348	-0.9440429	-0.9303758	-0.9338472	-0.9303758
10/12/2025	11:46	-0.9352846	-0.932551	-0.9331692	-0.9169055	-0.9131393	-0.9323668	-0.9273674	-0.9316377	-0.8985584	-0.9275808	-0.9251244	0.91173	-0.9605607	-0.9529225	-0.9560416	-0.9439079	-0.8985584
10/12/2025	12:36	-0.9772529	-0.9608752	-0.9791251	-0.9771934	-0.9558093	-0.9927203	-0.9600583	-0.9792494	-0.9682976	-0.9669154	-0.9607276	-0.9618728	-0.9751678	-0.9660082	-0.963508	-0.9593858	-0.9558093
10/12/2025	13:26	-0.9700761	-0.9518489	-0.9772557	-0.9779723	-0.947896	-0.9889871	-0.9586639	-0.9758375	-0.972354	-0.9613184	-0.955908	-0.9584575	-0.9659995	-0.9669429	-0.9619525	-0.956445	-0.947896
10/12/2025	14:16	-0.9682039	-0.9683454	-0.9794367	-0.9801533	-0.9576713	-0.9897648	-0.9631569	-0.9801799	-0.9904518	-0.9714241	-0.9688122	-0.971653	-0.9706614	-0.9613347	-0.9596192	-0.9491704	-0.9491704
10/12/2025	15:06	-0.9794371	-0.9675672	-0.982085	-0.9818669	-0.9596884	-0.9950535	-0.9643964	-0.9834367	-0.9849913	-0.9698694	-0.966791	-0.9702558	-0.9709722	-0.9711491	-0.9574415	-0.9525755	-0.9525755
10/12/2025	15:56	-0.9763168	-0.9667891	-0.976321	-0.9807764	-0.9617056	-0.9933425	-0.9642414	-0.9815757	-0.982651	-0.9711132	-0.9478234	-0.9649776	-0.970506	-0.9614905	-0.960397	-0.9544329	-0.9478234
10/12/2025	16:46	-0.9755367	-0.9638322	-0.9809945	-0.9778166	-0.9607746	-0.9930314	-0.9645513	-0.9817308	-0.9857713	-0.9715796	-0.964148	0.9728949	-0.9750124	-0.9702144	-0.9566638	-0.9531947	-0.9531947
10/12/2025	17:36	-0.9705442	-0.9569846	-0.9728938	-0.9750125	-0.9494476	-0.9858761	-0.9555652	-0.9719603	-0.9650212	-0.9568097	-0.9521766	-0.9550422	-0.9712829	-0.9577517	-0.9591526	-0.9569094	-0.9494476
10/12/2025	18:26	-0.9834935	-0.9745705	-0.9859796	-0.9856057	-0.965895	-0.9986312	-0.972298	-0.9871588	-0.9934161	-0.9759328	-0.9711443	-0.9792598	-0.983093	-0.9759783	-0.9686411	-0.9601597	-0.9601597
10/12/2025	19:16	-0.9663318	-0.9485807	-0.9644816	-0.9602131	-0.9514647	-0.977943	-0.9417762	-0.9691687	-0.9756303	-0.9505908	-0.9453358	0.9506955	-0.9659995	-0.9515204	-0.9540194	-0.9476226	-0.9417762
10/12/2025	20:06	-0.9824014	-0.9737923	-0.9864469	-0.9851383	-0.9657398	-0.9986312	-0.9715233	-0.9877792	-0.9927921	-0.9757774	-0.97301	-0.9784836	-0.9852685	-0.9767572	-0.9681745	-0.9593858	-0.9593858
10/12/2025	20:56	-0.9842736	-0.9742592	-0.9869143	-0.988254	-0.9683776	-0.9970757	-0.9726078	-0.9880893	-0.9943522	-0.9765547	-0.9737873	0.9797255	-0.9750124	-0.9784708	-0.9680189	-0.9624814	-0.9624814
10/12/2025	21:46	-0.9838055	-0.9747261	-0.98707	-0.9874751	-0.9674466	-0.9995645	-0.9729177	-0.9870037	-0.9952883	-0.9774876	-0.9739428	-0.9798808	-0.9858901	-0.9780035	-0.9557305	-0.9618623	-0.9557305
10/12/2025	22:36	-0.9806852	-0.9750374	-0.9853564	-0.9852941	-0.966826	-1.000653	-0.9730726	-0.9871588	-0.9948203	-0.9760883	-0.9737873	-0.9801913	-0.9841808	-0.9787824	-0.9700411	-0.962791	-0.962791
10/12/2025	23:26	-0.9708562	-0.9742592	-0.9825523	-0.98249	-0.967757	-1.000498	-0.9707486	-0.987469	-0.9912319	-0.9762438	-0.9722326	-0.9792598	-0.9798297	-0.9762899	-0.9627302	-0.9598502	-0.9598502
11/12/2025	00:16	-0.9834935	-0.9678785	-0.9819292	-0.978907	-0.9596884	-0.9927203	-0.9633118	-0.9795596	-0.9817149	-0.9670709	-0.9601057	0.9693244	-0.9790527	-0.9742647	-0.9669301	-0.9576833	-0.9576833
11/12/2025	01:06	-0.9817773	-0.9758155	-0.987849	-0.9877866	-0.967757	-1.001276	-0.9738473	-0.9882444	-0.9943522	-0.9777985	-0.9742537	-0.9798808	-0.9860455	-0.9778477	-0.966619	-0.9631005	-0.9631005
11/12/2025	01:56	-0.9852097	-0.9745705	-0.9872258	-0.9884098	-0.9691534	-1.00112	-0.9727628	-0.98933	-0.992168	-0.9768657	-0.9717662	-0.9770864	-0.9834038	-0.9792498	-0.9736187	-0.9634101	-0.9634101
11/12/2025	02:46	-0.9925424	-0.9772161	-0.9898741	-0.9899676	-0.9708602	-1.002209	-0.9760164	-0.9899504	-0.9956003	-0.9795087	-0.9754975	0.9822094	-0.9860455	-0.9761341	-0.9761075	-0.9648031	-0.9648031
11/12/2025	03:36	-0.9855217	-0.9761267	-0.9883163	-0.9885656	-0.9694638	-1.001587	-0.974622	-0.9887097	-0.9946643	-0.9774876	-0.9723881	-0.9805017	-0.9883764	-0.9797171	-0.9712855	-0.9618623	-0.9618623
11/12/2025	04:26	-0.9714803	-0.963054	-0.9805272	-0.9796859	-0.9596884	-0.9938091	-0.9662556	-0.9766129	-0.9854593	-0.9706468	-0.9678794	0.9662196	-0.9734585	-0.9635157	-0.9617969	-0.9558259	-0.9558259
11/12/2025	05:16	-0.9646156	-0.961809	-0.9808387	-0.9831132	-0.9531715	-0.9945869	-0.9701289	-0.9825062	-0.9896717	-0.9703358	-0.9695896	0.9744473	-0.9740801	-0.9730184	-0.958997	-0.9547424	-0.9531715
11/12/2025	06:06	-0.9760047	-0.9703685	-0.9822408	-0.9732989	-0.9590678	-0.9978534	-0.9665654	-0.9808002	-0.9899838	-0.9739117	-0.9691231	-0.9753788	-0.9785865	-0.9713048	-0.9537083	-0.9598502	-0.9537083
11/12/2025	06:56	-0.9763168	-0.9675672	-0.9764768	-0.9790628	-0.9606194	-0.9944313	-0.9586639	-0.9840571	-0.9899838	-0.9714241	-0.9680348	-0.9724292	-0.9745462	-0.964762	-0.9460864	-0.9539685	-0.9460864
11/12/2025	07:46	-0.9725724	-0.9552727	-0.9791251	-0.9762587	-0.953637	-0.9945869	-0.9605231	-0.9776985	-0.9803108	-0.9687811	-0.9625933	0.9662196	-0.9659995	-0.9551034	-0.9320869	-0.9497895	-0.9320869
11/12/2025	08:36	-0.959155	-0.9552727	-0.965572	-0.9613036	-0.9418446	-0.9732765	-0.9529313	-0.9719603	-0.9672054	-0.9588308	-0.9527985	-0.9469697	-0.9628916	-0.9656967	-0.9474863	-0.9442174	-0.9418446
11/12/2025	09:26	-0.9728844	-0.9666335	-0.9792809	-0.9785955	-0.9612401	-0.9919425	-0.9642414	-0.9818859	-0.9879556	-0.9706468	-0.9666356	-0.9727397	-0.9700398	-0.9681892	-0.9513751	-0.9569094	-0.9513751
11/12/2025	10:16	-0.96836	-0.9638322	-0.9780346	-0.9750125	-0.9589126	-0.9928758	-0.9628471	-0.9781638	-0.9853033	-0.9600746	-0.9647699	-0.9649776	-0.9667765	-0.955415	-0.9516862	-0.9504086	-0.9504086
11/12/2025	11:06	-0.9809973	-0.9706798	-0.9837986	-0.9826458	-0.9612401	-0.9955202	-0.9701289	-0.9863834	-0.9873315	-0.9708022	-0.9674129	-0.9735159	-0.9784311	-0.9716164	-0.9653746	-0.9607789	-0.9607789
11/12/2025	11:56	-0.9710122	-0.9621203	-0.9766326	-0.9687812	-0.9615504	-0.9869649	-0.9602132	-0.9718052	-0.9789066	-0.963495	-0.9591729	0.967772	-0.9624254	-0.9638273	-0.9474863	-0.9384906	-0.9384906
11/12/2025	12:48	-0.9813093	-0.9702129	-0.9814619	-0.9820227	-0.9632572	-0.9976979	-0.9616076	-0.9811104	-0.9890477	-0.9681592	-0.9664801	-0.9730502	-0.9733031	-0.9713048	-0.9591526	-0.9559807	-0.9559807
11/12/2025	13:28	-0.9725724	-0.9600971	-0.9791251	-0.9807764	-0.9528612	-0.993498	-0.9637766	-0.9783189	-0.9623689	-0.9625622	-0.9608831	0.9607861	-0.9647563	-0.9630484	-0.9457753	-0.9507182	-0.9457753
11/12/2025	14:53	-0.978813	-0.9683454	-0.9822408	-0.9838921	-0.9644985	-0.9967646	-0.9684246	-0.9846774	-0.9890477	-0.9732898	-0.9689677	0.9741369	-0.9784311	-0.9727069	-0.9530861	-0.9538138	-0.9530861
11/12/2025	15:43	-0.978345	-0.9671003	-0.9761653	-0.9748567	-0.9603091	-0.9878982	-0.9664105	-0.9818859	-0.9806228	-0.9672264	-0.9619714	0.9707216	-0.9715937	-0.9702144	-0.9619525	-0.9491704	-0.9491704
11/12/2025	16:33	-0.9792811	-0.9566733	-0.9735169	-0.9737662	-0.9550335	-0.9894537	-0.9540159	-0.9761476	-0.9679855	-0.963806	-0.9579291	0.9623385	-0.9731477	-0.9630484	-0.9551083	-0.9510277	-0.9510277
11/12/2025	17:23	-0.9731965	-0.9621203	-0.9800598	-0.9771934	-0.9586023	-0.9905426	-0.9526215	-0.9776985	-0.9782826	-0.9675373	-0.9608831	-0.962649	-0.9762556	-0.9685007	-0.9608636	-0.9528851	-0.9526215
11/12/2025	18:13	-0.9824014	-0.9728586	-0.985668	-0.9862288	-0.9666708	-0.9992534	-0.9709036	-0.9852978	-0.9912319	-0.9746891	-0.9716107	0.9766207	-0.9832484	-0.9728627	-0.9549527	-0.9583024	-0.9549527
11/12/2025	19:03	-0.9813093	-0.9725473	-0.9855122	-0.9849826	-0.9672915	-0.9972312	-0.9716782	-0.9870037	-0.9932601	-0.9759328	-0.9723881	-0.9778626	-0.9840254	-0.9745763	-0.958997	-0.9604693	-0.958997
11/12/2025	19:53	-0.9824014	-0.9733254	-0.9859796	-0.9856057	-0.9660501	-0.9962979	-0.9705937	-0.9856079	-0.992636	-0.9757774	-0.9689677	0.976155	-0.977188	-0.9753552	-0.9610192	-0.9617075	-0.9610192
11/12/2025	20:43	-0.9824014	-0.9736367	-0.9853564	-0.986073	-0.9669811	-0.9992534	-0.9688894	-0.9848325	-0.991856	-0.9745336	-0.9703669	-0.9773969	-0.9818498	-0.9758225	-0.9577526	-0.9584572	-0.9577526
11/12/2025	21:33	-0.9858337	-0.973948	-0.9872258	-0.9852941	-0.9651192	-0.9992534	-0.9710585	-0.9871588	-0.9934161	-0.9689366	-0.9731654	0.9741369	-0.9826268	-0.9762899	-0.9600859	-0.9572189	-0.9572189
11/12/2025	22:23	-0.9809973	-0.9723917	-0.9855122	-0.9866962	-0.9669811	-0.9983201	-0.9735374	-0.9880893	-0.9943522	-0.9771766	-0.9739428	-0.9798808	-0.9848023	-0.9780035	-0.9664634	-0.9612432	-0.9612432
11/12/2025	23:13	-0.9836495	-0.973948	-0.98707	-0.9859172	-0.9674466	-1.000809	-0.9712134	-0.9882444	-0.9941962	-0.972357	-0.9725435	-0.9789493	-0.9851131	-0.9772246	-0.96973	-0.9581476	-0.9581476
12/12/2025	00:03	-0.9728844	-0.968501	-0.9827081	-0.975324	-0.9598436	-0.9910092	-0.9640865	-0.9795596	-0.9863954	-0.9714241	-0.9685012	-0.9702558	-0.9678642	-0.9636715	-0.9597748	-0.9521112	-0.9521112
12/12/2025	00:53	-0.9845856	-0.9664778	-0.9837986	-0.9835805	-0.9612401	-0.9964535	-0.9678049	-0.9856079	-0.9888917	-0.9726679	-0.9708333	-0.9711873	-0.9809175	-0.9709933	-0.9672412	-0.9612432	-0.9612401
12/12/2025	01:43	-0.9870819	-0.9769049	-0.9886279	-0.9891887	-0.9688431	-0.9969201	-0.9753966	-0.98933	-0.9960684	-0.977954	-0.9745647	-0.9801913	-0.9857347	-0.9808076	-0.9708188	-0.9640292	-0.9640292
12/12/2025	02:33	-0.9872379	-0.9762824	-0.987849	-0.9885656	-0.9686879	-1.000342	-0.9733825	-0.98933	-0.9959124	-0.9782649	-0.975342	-0.9809675	-0.9863563	-0.980496	-0.9725299	-0.9635649	-0.9635649
12/12/2025	03:23	-0.987862	-0.9762824	-0.9886279	-0.9884098	-0.9694638	-1.000653	-0.9753966	-0.98933	-0.9956003	-0.9788868	-0.9748756	-0.9815884	-0.9883764	-0.9783151	-0.9726854	-0.964184	-0.964184
12/12/2025	04:13	-0.9742886	-0.9604084	-0.9816176	-0.9714295	-0.9559645	-0.9874316	-0.9611428	-0.9733561	-0.9899838	-0.9676928	-0.9685012	-0.9663748	-0.9641348	-0.9688123	-0.9574415	-0.952266	-0.952266
12/12/2025	05:03	-0.9746006	-0.9583852	-0.9769442	-0.978907	-0.9572058	-0.9908537	-0.9611428	-0.9790943	-0.9857713	-0.9681592	-0.9601057	0.9683929	-0.9751678	-0.9700586	-0.9563527	-0.9497895	-0.9497895
12/12/2025	05:53	-0.9817773	-0.9733254	-0.9847333	-0.9870077	-0.9674466	-0.9990978	-0.9726078	-0.9883995	-0.9929481	-0.9768657	-0.9723881	-0.9786388	-0.968175	-0.9758225	-0.940331	-0.9609336	-0.940331
12/12/2025	06:43	-0.9792811	-0.9695904	-0.9844217	-0.9845152	-0.9644985	-0.9972312	-0.9705937	-0.9837469	-0.9893597	-0.9700249	-0.9669465	-0.9746026	-0.9781203	-0.9744205	-0.9599303	-0.9587667	-0.9587667
12/12/2025	07:33	-0.9777209	-0.9683454	-0.9837986	-0.9835805	-0.9644985	-0.9938091	-0.9681148	-0.982196	-0.9892037	-0.9726679	-0.9691231	0.9756893	-0.9740801	-0.9747321	-0.9505973	-0.9595406	-0.9505973
12/12/2025	08:23	-0.9797491	-0.9725473	-0.9844217	-0.9849826	-0.9655847	-0.9969201	-0.9687345	-0.9843672	-0.9899838	-0.9734453	-0.9702114	-0.9750683	-0.9785865	-0.9731742	-0.9512195	-0.9527303	-0.9512195
12/12/2025	09:13	-0.9678919	-0.9641434	-0.9769442	-0.9809322	-0.9596884	-0.9894537	-0.9670302	-0.9825062	-0.9849913	-0.9698694	-0.9664801	-0.9707216	-0.9747016	-0.9699028	-0.9457753	-0.9453009	-0.9453009
12/12/2025	10:03	-0.9671118	-0.9406437	-0.9663509	-0.9672233	-0.9455685	-0.9888315	-0.9506073	-0.9688586	-0.9779705	-0.9602301	-0.9633706	-0.9637357	-0.9402039	-0.9563497	-0.9488863	-0.944527	-0.9402039
12/12/2025	10:53	-0.9746006	-0.9619646	-0.9800598	-0.9781281	-0.9606194	-0.993498	-0.9643964	-0.9747519	-0.9859274	-0.9652052	-0.9629042	0.967151	-0.9739247	-0.9688123	-0.9593081	-0.9565998	-0.9565998
12/12/2025	11:43	-0.9643035	-0.9320842	-0.9448529	-0.956007	-0.9316038	-0.9630102	-0.9416212	-0.9631203	-0.9558163	-0.9459266	-0.94176	-0.9354819	-0.9583851	-0.9293993	-0.9482641	-0.9547424	-0.9293993
12/12/2025	12:33	-0.9727284	-0.9677229	-0.9774115	-0.9829574	-0.9618607	-0.9947424	-0.9620724	-0.9801799	-0.9863954	-0.9701803	-0.9653918	-0.972274	-0.970506	-0.962581	-0.955886	-0.936788	-0.936788
12/12/2025	13:23	-0.9819333	-0.9703685	-0.9814619	-0.9837363	-0.9620159	-0.9970757	-0.9684246	-0.9828164	-0.9898278	-0.9742226	-0.9680348	-0.9758445	-0.9767218	-0.9695912	-0.9513751	-0.9581476	-0.9513751
12/12/2025	14:13	-0.9605592	-0.9639878	-0.9760095	-0.9764145	-0.9627917	-0.9852539	-0.953706	-0.9781638	-0.9849913	-0.9687811	-0.9663246	0.9704111	-0.9678642	-0.9600885	-0.9561971	-0.9493252	-0.9493252
12/12/2025	15:03	-0.9772529	-0.9624315	-0.9710244	-0.9740778	-0.9567403	-0.9864983	-0.9552553	-0.9761476	-0.9750062	-0.9610075	-0.9605721	-0.9598547	-0.974857	-0.9476259	-0.9477974	-0.9559807	-0.9476259
12/12/2025	15:53	-0.9680479	-0.9675672	-0.9795925	-0.9795302	-0.95643	-0.9871205	-0.9631569	-0.9769231	-0.9871755	-0.9669154	-0.9638371	-0.9682377	-0.9729923	-0.9680334	-0.9565082	-0.9528851	-0.9528851
12/12/2025	16:43	-0.9702322	-0.9642991	-0.9730496	-0.9697159	-0.9586023	-0.9854094	-0.9588188	-0.9744417	-0.9701697	-0.9606965	-0.9484453	-0.9629595	-0.9754786	-0.966164	-0.9673967	-0.956445	-0.9484453
12/12/2025	17:33	-0.9794371	-0.9647659	-0.9789693	-0.9809322	-0.9570506	-0.9942758	-0.9673401	-0.9784739	-0.9862394	-0.9700249	-0.966791	0.9674615	-0.9790527	-0.9727069	-0.9569749	-0.9579928	-0.9569749
12/12/2025	18:23	-0.978813	-0.9552727	-0.976321	-0.9726757	-0.9508441	-0.9866538	-0.9529313	-0.9766129	-0.9789066	-0.9633396	-0.9563744	-0.958147	-0.968175	-0.9547919	-0.9636635	-0.9544329	-0.9508441
12/12/2025	19:13	-0.9803732	-0.9744148	-0.9864469	-0.9870077	-0.9655847	-0.9998756	-0.9716782	-0.9862283	-0.9927921	-0.9760883	-0.9725435	-0.9795703	-0.9813836	-0.9775361	-0.96973	-0.9583024	-0.9583024
12/12/2025	20:03	-0.9797491	-0.9737923	-0.9841102	-0.9857615	-0.9663605	-0.99972	-0.9718332	-0.9854529	-0.992636	-0.9759328	-0.9712998	-0.9784836	-0.9795189	-0.9736416	-0.9537083	-0.9610884	-0.9537083
12/12/2025	20:53	-0.9811533	-0.9742592	-0.9872258	-0.9874751	-0.9662053	-0.99972	-0.9732276	-0.9880893	-0.991856	-0.9763993	-0.9736318	-0.9795703	-0.9812282	-0.9773804	-0.9670856	-0.9621719	-0.9621719
12/12/2025	21:43	-0.9852097	-0.9747261	-0.9841102	-0.9848268	-0.9679121	-0.998009	-0.9710585	-0.9879342	-0.9940402	-0.9767102	-0.9706779	0.9794151	-0.9813836	-0.9781593	-0.9617969	-0.9618623	-0.9617969
12/12/2025	22:33	-0.9758487	-0.9597859	-0.9797483	-0.9768819	-0.9626365	-0.9883649	-0.9575793	-0.9772333	-0.9634611	-0.9614739	-0.9479789	-0.9527136	-0.9753232	-0.9569728	-0.9663079	-0.9539685	-0.9479789
12/12/2025	23:23	-0.9845856	-0.9742592	-0.9866027	-0.9849826	-0.9676018	-0.9994089	-0.9738473	-0.9880893	-0.9938842	-0.9771766	-0.9739428	-0.9794151	-0.9834038	-0.9781593	-0.9705077	-0.9609336	-0.9609336
13/12/2025	00:13	-0.9841176	-0.9744148	-0.9866027	-0.9874751	-0.9683776	-0.9990978	-0.9733825	-0.9845223	-0.9949763	-0.9763993	-0.972699	0.9797255	-0.9837146	-0.9742647	-0.9658412	-0.9621719	-0.9621719
13/12/2025	01:03	-0.9839616	-0.9734811	-0.9872258	-0.9870077	-0.9699292	-0.9987867	-0.9707486	-0.9868486	-0.9949763	-0.9726679	-0.9742537	-0.9795703	-0.9759448	-0.9751994	-0.9445309	-0.9638744	-0.9445309
13/12/2025	01:53	-0.9864578	-0.9727029	-0.9872258	-0.9885656	-0.9685328	-0.9978534	-0.9724529	-0.9883995	-0.9940402	-0.9753109	-0.9750311	-0.9808122	-0.981539	-0.9741089	-0.9691078	-0.9615527	-0.9615527
13/12/2025	02:43	-0.9869259	-0.9756599	-0.98707	-0.9873193	-0.9669811	-1.000031	-0.9732276	-0.9885546	-0.9948203	-0.977643	-0.9728545	-0.9801913	-0.9855793	-0.9781593	-0.9708188	-0.9618623	-0.9618623
13/12/2025	03:33	-0.9820894	-0.9762824	-0.98707	-0.9852941	-0.9682224	-1.000809	-0.9724529	-0.9876241	-0.9949763	-0.977643	-0.9747201	-0.9812779	-0.9851131	-0.9784708	-0.9684856	-0.9640292	-0.9640292
13/12/2025	04:23	-0.988018	-0.9761267	-0.9875374	-0.9862288	-0.9672915	-0.9958313	-0.9727628	-0.9876241	-0.9941962	-0.9753109	-0.9731654	0.9798808	-0.9854239	-0.9766014	-0.9602414	-0.961398	-0.9602414
13/12/2025	05:13	-0.9770969	-0.9731698	-0.9850449	-0.9857615	-0.9671363	-0.9930314	-0.9710585	-0.9862283	-0.9907639	-0.975	-0.9709888	-0.9777074	-0.981539	-0.9739531	-0.9418865	-0.9587667	-0.9418865
13/12/2025	06:03	-0.978501	-0.960564	-0.9774115	-0.9771934	-0.9586023	-0.9896093	-0.9662556	-0.9780087	-0.9818709	-0.9659826	-0.9685012	-0.9690139	-0.9790527	-0.9677218	-0.9437531	-0.9570641	-0.9437531
13/12/2025	06:53	-0.9802172	-0.9713023	-0.9847333	-0.9852941	-0.966826	-0.9998756	-0.9716782	-0.9862283	-0.9901398	-0.9754664	-0.9733209	0.9777074	-0.9742355	-0.976913	-0.9512195	-0.9587667	-0.9512195
13/12/2025	07:43	-0.9814653	-0.9706798	-0.9774115	-0.9826458	-0.9627917	-0.9931869	-0.9648612	-0.9815757	-0.9884236	-0.9746891	-0.970056	0.976776	-0.9734585	-0.969747	-0.9602414	-0.9531947	-0.9531947
13/12/2025	08:33	-0.9827134	-0.9691235	-0.9859796	-0.9856057	-0.9669811	-0.9992534	-0.9682697	-0.9859181	-0.9931041	-0.9759328	-0.972699	0.9780179	-0.9770326	-0.9762899	-0.9580637	-0.9553616	-0.9553616
13/12/2025	09:23	-0.9747566	-0.9720804	-0.9847333	-0.9795302	-0.9627917	-0.9981645	-0.969974	-0.983902	-0.9898278	-0.972357	-0.9714552	-0.9770864	-0.9736139	-0.9700586	-0.955886	-0.9592311	-0.955886
13/12/2025	10:13	-0.9811533	-0.9678785	-0.9833313	-0.9815553	-0.9610849	-0.996609	-0.9640865	-0.9832816	-0.9863954	-0.9703358	-0.9686567	0.9687034	-0.9793635	-0.9607116	-0.9656857	-0.9572189	-0.9572189
13/12/2025	11:03	-0.978813	-0.9683454	-0.9771	-0.9737662	-0.9559645	0.9897648	-0.9639316	-0.9800248	-0.9665814	-0.9628731	-0.9627488	-0.963891	-0.9729923	-0.9717722	-0.9663079	-0.9545877	-0.9545877
13/12/2025	11:53	-0.9763168	-0.9674116	-0.9809945	-0.9823342	-0.9612401	-0.9973868	-0.9661006	-0.9818859	-0.9910759	-0.9718905	-0.9683458	-0.9772417	-0.9677089	-0.9716164	-0.9521528	-0.9572189	-0.9521528
13/12/2025	12:43	-0.978657	-0.9711467	-0.9850449	-0.9828016	-0.9648088	-0.9967646	-0.9691993	-0.9842122	-0.9904518	-0.972046	-0.9717662	-0.9778626	-0.9684858	-0.9716164	-0.9437531	-0.9576833	-0.9437531
13/12/2025	13:33	-0.978657	-0.9730142	-0.9850449	-0.9842036	-0.965895	-0.9978534	-0.9705937	-0.9854529	-0.9913879	-0.9742226	-0.9722326	-0.9772417	-0.9673981	-0.9700586	-0.9588415	-0.9601597	-0.9588415
13/12/2025	14:23	-0.9822454	-0.9745705	-0.9848891	-0.9852941	-0.9674466	-0.9984756	-0.9685796	-0.9870037	-0.9910759	-0.9751555	-0.9709888	-0.9773969	-0.9806067	-0.9753552	-0.9622636	-0.9576833	-0.9576833
13/12/2025	15:13	-0.9830255	-0.9733254	-0.9859796	-0.9849826	-0.9669811	-0.9973868	-0.9719881	-0.9876241	-0.991856	-0.9754664	-0.972699	-0.9770864	-0.9798297	-0.9759783	-0.9628858	-0.9617075	-0.9617075
13/12/2025	16:03	-0.9792811	-0.9689679	-0.9819292	-0.9842036	-0.9648088	-0.9978534	-0.9678049	-0.9814206	-0.9874875	-0.9728234	-0.9699005	-0.9753788	-0.9714383	-0.971928	-0.9487307	-0.9604693	-0.9487307
13/12/2025	16:53	-0.9811533	-0.9728586	-0.9861353	-0.9859172	-0.9669811	-0.9984756	-0.969974	-0.9846774	-0.9927921	-0.9767102	-0.9728545	0.9778626	-0.9820052	-0.9734858	-0.9610192	-0.9572189	-0.9572189
13/12/2025	17:43	-0.9813093	-0.9745705	-0.9861353	-0.9865404	-0.9652743	-1.000342	-0.972298	-0.9868486	-0.992636	-0.9754664	-0.9720771	-0.9773969	-0.982316	-0.9766014	-0.9633524	-0.9593858	-0.9593858
13/12/2025	18:33	-0.9825574	-0.9703685	-0.9864469	-0.9865404	-0.9672915	-0.9983201	-0.9716782	-0.9859181	-0.9938842	-0.9767102	-0.9725435	-0.9780179	-0.9843362	-0.9767572	-0.9684856	-0.9609336	-0.9609336
13/12/2025	19:23	-0.9844296	-0.9736367	-0.9864469	-0.9863846	-0.966826	-0.9994089	-0.9709036	-0.9849876	-0.9927921	-0.9736007	-0.9728545	0.9778626	-0.9827822	-0.9703701	-0.9563527	-0.9583024	-0.9563527
13/12/2025	20:13	-0.9800612	-0.973948	-0.985668	-0.9866962	-0.9660501	-0.9983201	-0.9716782	-0.9863834	-0.9932601	-0.9763993	-0.9725435	-0.9792598	-0.9742355	-0.9737974	-0.9582193	-0.9601597	-0.9582193
13/12/2025	21:03	-0.9811533	-0.9686566	-0.974919	-0.9779723	-0.9581368	-0.9902315	-0.9554103	-0.9778536	-0.982183	-0.96676	-0.9602612	-0.9713425	-0.9666211	-0.9566613	-0.9628858	-0.9592311	-0.9554103
13/12/2025	21:53	-0.9819333	-0.9742592	-0.9858238	-0.9877866	-0.9682224	-0.9989423	-0.9726078	-0.9871588	-0.9929481	-0.9765547	-0.9728545	-0.9791046	-0.9848023	-0.976913	-0.9691078	-0.9542781	-0.9542781
13/12/2025	22:43	-0.9814653	-0.9747261	-0.985668	-0.9840479	-0.9669811	-0.9998756	-0.972298	-0.9880893	-0.9948203	-0.977643	-0.9731654	-0.9801913	-0.9827822	-0.979094	-0.9701966	-0.9618623	-0.9618623
13/12/2025	23:33	-0.9847416	-0.9638322	-0.9825523	-0.9806206	-0.9553438	-0.9945869	-0.9612977	-0.9763027	-0.9871755	-0.9672264	-0.9594838	-0.9739816	-0.9737693	-0.9630484	-0.9669301	-0.9603145	-0.9553438
14/12/2025	00:23	-0.9838055	-0.975193	-0.9803714	-0.9863846	-0.9679121	-0.9994089	-0.9733825	-0.9887097	-0.9931041	-0.977954	-0.9699005	-0.9803465	-0.9818498	-0.9801844	-0.9677078	-0.9606241	-0.9606241
14/12/2025	01:13	-0.9844296	-0.9730142	-0.98707	-0.9863846	-0.9672915	-1.000342	-0.9729177	-0.9876241	-0.9934161	-0.9759328	-0.9731654	-0.9784836	-0.9806067	-0.9794055	-0.9663079	-0.9604693	-0.9604693
14/12/2025	02:03	-0.9825574	-0.975193	-0.9875374	-0.9873193	-0.9689983	-0.9989423	-0.9729177	-0.9870037	-0.9952883	-0.9770211	-0.9747201	0.9801913	-0.9866671	-0.9783151	-0.9645968	-0.9632553	-0.9632553
14/12/2025	02:53	-0.9870819	-0.9773718	-0.9875374	-0.9891887	-0.9703947	-1.001276	-0.9733825	-0.9901055	-0.9966925	-0.977643	-0.9758085	-0.9823646	-0.9874441	-0.9797171	-0.9742409	-0.9635649	-0.9635649
14/12/2025	03:43	-0.9903582	-0.9765936	-0.9894068	-0.988254	-0.9702396	-1.001898	-0.9747769	-0.9891749	-0.9952883	-0.9790423	-0.9742537	-0.9811227	-0.9866671	-0.9780035	-0.9729965	-0.9638744	-0.9638744
14/12/2025	04:33	-0.9869259	-0.975193	-0.9866027	-0.988254	-0.9689983	-1.00112	-0.972298	-0.9880893	-0.9960684	-0.9784204	-0.9747201	-0.9801913	-0.9801405	-0.979094	-0.9664634	-0.9576833	-0.9576833
14/12/2025	05:23	-0.9867698	-0.9756599	-0.9876932	-0.989656	-0.9689983	-1.000342	-0.9741572	-0.98933	-0.9951323	-0.9767102	-0.9747201	-0.9795703	-0.9879102	-0.9787824	-0.9715966	-0.9638744	-0.9638744
14/12/2025	06:13	-0.9839616	-0.9727029	-0.9844217	-0.9880982	-0.9680673	-0.9975423	-0.9704388	-0.9888648	-0.9938842	-0.9757774	-0.9745647	-0.9798808	-0.9827822	-0.9780035	-0.96833	-0.9583024	-0.9583024
14/12/2025	07:03	-0.9721043	-0.9636765	-0.980683	-0.981088	-0.9646537	-0.985565	-0.9611428	-0.9831266	-0.9874875	-0.9731343	-0.9650808	-0.9739816	-0.9733031	-0.9734858	-0.9650635	-0.9581476	-0.9581476
14/12/2025	07:53	-0.9817773	-0.9742592	-0.9858238	-0.9863846	-0.9671363	-0.9967646	-0.9695092	-0.9859181	-0.9890477	-0.9753109	-0.9722326	-0.9797255	-0.9835592	-0.9713048	-0.9645968	-0.957838	-0.957838
14/12/2025	08:43	-0.9838055	-0.9733254	-0.9833313	-0.9857615	-0.9676018	-0.9984756	-0.9701289	-0.9811104	-0.992324	-0.9760883	-0.9720771	0.9786388	-0.9802959	-0.9744205	-0.9659968	-0.9590763	-0.9590763
14/12/2025	09:33	-0.9813093	-0.9744148	-0.9859796	-0.9852941	-0.965895	-0.9978534	-0.9696641	-0.9826613	-0.9912319	-0.9760883	-0.9720771	0.9783284	-0.981539	-0.9767572	-0.9627302	-0.9595406	-0.9595406
14/12/2025	10:23	-0.9795931	-0.9720804	-0.984266	-0.9868519	-0.9655847	-1.000187	-0.9718332	-0.9851427	-0.9927921	-0.9753109	-0.9716107	-0.9773969	-0.9820052	-0.9745763	-0.9608636	-0.955052	-0.955052
14/12/2025	11:13	-0.9716363	-0.9733254	-0.9847333	-0.981088	-0.9666708	-0.9931869	-0.9637766	-0.9848325	-0.992636	-0.9753109	-0.9720771	-0.976776	-0.9757894	-0.9653851	-0.9533972	-0.9556711	-0.9533972
14/12/2025	12:03	-0.978501	-0.970991	-0.9794367	-0.9829574	-0.964033	-0.9962979	-0.9661006	-0.9809553	-0.9892037	-0.972357	-0.970056	-0.9749131	-0.9754786	-0.9706817	-0.9555749	-0.9545877	-0.9545877
14/12/2025	12:53	-0.9828694	-0.9731698	-0.9850449	-0.9843594	-0.967757	-0.9995645	-0.972298	-0.9851427	-0.9929481	-0.9756219	-0.9705224	-0.9789493	-0.982316	-0.9764457	-0.9622636	-0.9603145	-0.9603145
14/12/2025	13:43	-0.9819333	-0.9627428	-0.9797483	-0.9821785	-0.9613952	-0.9953646	-0.9687345	-0.9866935	-0.9876435	-0.9701803	-0.9686567	-0.9711873	-0.9818498	-0.9764457	-0.9554194	-0.9595406	-0.9554194
14/12/2025	14:33	-0.9838055	-0.973948	-0.9866027	-0.9856057	-0.9665156	-0.9989423	-0.9687345	-0.9856079	-0.992324	-0.9773321	-0.9719216	-0.9789493	-0.9753232	-0.9772246	-0.9600859	-0.9606241	-0.9600859
14/12/2025	15:23	-0.9797491	-0.9736367	-0.9858238	-0.9862288	-0.9663605	-1.000031	-0.9716782	-0.9873139	-0.9931041	-0.9722015	-0.9712998	0.9769312	-0.9832484	-0.9772246	-0.9658412	-0.9601597	-0.9601597
14/12/2025	16:13	-0.9824014	-0.9734811	-0.9847333	-0.9849826	-0.9665156	-0.9983201	-0.9715233	-0.9849876	-0.992012	-0.9751555	-0.9720771	0.9763102	-0.9722153	-0.9750436	-0.9487307	-0.9565998	-0.9487307
14/12/2025	17:03	-0.9834935	-0.9722361	-0.9862911	-0.9852941	-0.9651192	-0.9989423	-0.9710585	-0.9862283	-0.9868635	-0.9732898	-0.9686567	-0.9764655	-0.983093	-0.976913	-0.9687967	-0.9617075	-0.9617075
14/12/2025	17:53	-0.9831815	-0.9725473	-0.985668	-0.9852941	-0.9652743	-0.9995645	-0.9704388	-0.9871588	-0.992324	-0.9768657	-0.9716107	-0.9772417	-0.9832484	-0.9758225	-0.9673967	-0.9604693	-0.9604693
14/12/2025	18:43	-0.9833375	-0.9734811	-0.9861353	-0.9866962	-0.9666708	-0.9989423	-0.9704388	-0.987469	-0.992636	-0.9760883	-0.9722326	-0.9783284	-0.9855793	-0.9781593	-0.9698855	-0.9606241	-0.9606241
14/12/2025	19:33	-0.9834935	-0.9730142	-0.9873816	-0.9856057	-0.966826	-0.9989423	-0.9715233	-0.9873139	-0.9932601	-0.9773321	-0.972699	-0.9787941	-0.9849577	-0.9775361	-0.9664634	-0.9604693	-0.9604693
14/12/2025	20:23	-0.9838055	-0.9722361	-0.9858238	-0.9857615	-0.9680673	-0.9976979	-0.9724529	-0.9879342	-0.992636	-0.9765547	-0.9737873	0.9787941	-0.9827822	-0.9766014	-0.9610192	-0.9598502	-0.9598502
14/12/2025	21:13	-0.9827134	-0.9755042	-0.9852006	-0.9866962	-0.9648088	-1.000498	-0.9709036	-0.9877792	-0.9937282	-0.9754664	-0.9728545	0.9795703	-0.9832484	-0.9772246	-0.9543305	-0.9626362	-0.9543305
14/12/2025	22:03	-0.9842736	-0.9728586	-0.9852006	-0.9832689	-0.9663605	-0.9975423	-0.9718332	-0.9877792	-0.9940402	-0.9748445	-0.9733209	-0.9786388	-0.9841808	-0.9778477	-0.9672412	-0.9631005	-0.9631005
14/12/2025	22:53	-0.9833375	-0.9755042	-0.9859796	-0.9873193	-0.967757	-0.9994089	-0.972298	-0.9873139	-0.992168	-0.9771766	-0.9744092	-0.9787941	-0.9733031	-0.9772246	-0.9659968	-0.9621719	-0.9621719
14/12/2025	23:43	-0.9824014	-0.9741036	-0.98707	-0.9848268	-0.9672915	-0.9990978	-0.972298	-0.9882444	-0.9945082	-0.9760883	-0.9722326	-0.9801913	-0.9858901	-0.9786266	-0.9655301	-0.9610884	-0.9610884
15/12/2025	00:33	-0.9856777	-0.9759711	-0.9873816	-0.9877866	-0.9689983	-1.00112	-0.9729177	-0.9890199	-0.9941962	-0.9767102	-0.9750311	-0.9811227	-0.9860455	-0.9794055	-0.9638191	-0.9632553	-0.9632553
15/12/2025	01:23	-0.9630554	-0.9675672	-0.9837986	-0.9843594	-0.9606194	-0.9964535	-0.9668753	-0.9848325	-0.9899838	-0.972357	-0.9689677	0.9738264	-0.9768772	-0.9741089	-0.9569749	-0.9547424	-0.9547424
15/12/2025	02:13	-0.9845856	-0.9748817	-0.9876932	-0.9884098	-0.9694638	-1.001431	-0.9729177	-0.9888648	-0.9945082	-0.9784204	-0.9725435	0.9791046	-0.9880656	-0.9798729	-0.9622636	-0.9593858	-0.9593858
15/12/2025	03:03	-0.9856777	-0.9770605	-0.9894068	-0.9898118	-0.9703947	-1.002209	-0.9755516	-0.9899504	-0.9957564	-0.9787313	-0.9747201	0.9809675	-0.9885318	-0.9806518	-0.9742409	-0.9651127	-0.9651127
15/12/2025	03:53	-0.9908263	-0.9772161	-0.9883163	-0.9888771	-0.9694638	-1.002831	-0.9743121	-0.9885546	-0.9959124	-0.9785759	-0.9751866	0.9808122	-0.9885318	-0.9801844	-0.9734632	-0.9637197	-0.9637197
15/12/2025	04:43	-0.9739765	-0.9457794	-0.9786578	-0.9796859	-0.9494476	-0.9902315	-0.9631569	-0.9784739	-0.9865514	-0.9697139	-0.9643035	-0.9696349	-0.9619592	-0.9663198	-0.941731	-0.9392645	-0.9392645
15/12/2025	05:33	-0.9604031	-0.9554283	-0.9697782	-0.9620825	-0.9586023	-0.9799652	-0.9552553	-0.9665323	-0.9812469	-0.9510572	-0.9602612	-0.9652881	-0.9569866	-0.9630484	-0.9575971	-0.9405027	-0.9405027
15/12/2025	06:23	-0.9767848	-0.9692791	-0.9769442	-0.9750125	-0.9567403	-0.9838539	-0.960678	-0.9783189	-0.9851473	-0.9653607	-0.9647699	0.9697901	-0.9576082	-0.969747	-0.9602414	-0.9519564	-0.9519564
15/12/2025	07:13	-0.9571268	-0.953872	-0.9699339	-0.9642635	-0.9519302	-0.9752987	-0.9512271	-0.9662221	-0.9803108	-0.9592973	-0.9565299	0.9564394	-0.9482844	-0.9418619	-0.9409532	-0.9465391	-0.9409532
15/12/2025	08:03	-0.9692961	-0.9653884	-0.979904	-0.9820227	-0.9612401	-0.9947424	-0.965171	-0.967773	-0.9853033	-0.9611629	-0.9669465	-0.9721187	-0.976411	-0.9655409	-0.9414199	-0.9456105	-0.9414199
15/12/2025	08:53	-0.9755367	-0.9720804	-0.9844217	-0.9856057	-0.965895	-0.9976979	-0.9696641	-0.9852978	-0.992012	-0.9736007	-0.9677239	-0.9780179	-0.9802959	-0.9739531	-0.9440642	-0.9552068	-0.9440642
15/12/2025	09:43	-0.9760047	-0.9652328	-0.9817734	-0.9840479	-0.9643433	-0.9955202	-0.9687345	-0.9817308	-0.9879556	-0.9712687	-0.9686567	-0.9718082	-0.9774988	-0.9727069	-0.962108	-0.9572189	-0.9572189
15/12/2025	10:33	-0.9755367	-0.9622759	-0.9753863	-0.9745451	-0.9606194	-0.9844761	-0.9510721	-0.9710298	-0.9753183	-0.957898	-0.9604167	0.9628043	-0.9633578	-0.9663198	-0.9571304	-0.9425149	-0.9425149
15/12/2025	11:23	-0.9777209	-0.9723917	-0.9847333	-0.9829574	-0.9669811	-0.9987867	-0.9687345	-0.9852978	-0.9910759	-0.9732898	-0.9717662	-0.975534	-0.9787419	-0.9666314	-0.9580637	-0.9565998	-0.9565998
15/12/2025	12:13	-0.9794371	-0.9596302	-0.9771	-0.9795302	-0.9570506	-0.9902315	-0.9661006	-0.9817308	-0.972666	-0.9684701	-0.9672575	-0.9688587	-0.9719045	-0.9670987	-0.9437531	-0.9581476	-0.9437531
15/12/2025	13:03	-0.9713243	-0.9680341	-0.980683	-0.9762587	-0.9634124	-0.9950535	-0.9639316	-0.9820409	-0.9778145	-0.9709577	-0.9699005	0.9733607	-0.9725261	-0.9619579	-0.9526195	-0.9561355	-0.9526195
15/12/2025	13:53	-0.978657	-0.9699016	-0.983487	-0.9813996	-0.9635675	-0.987276	-0.9633118	-0.980335	-0.9892037	-0.9718905	-0.9680348	-0.9721187	-0.9625808	-0.969747	-0.9518417	-0.9521112	-0.9518417
15/12/2025	14:43	-0.9827134	-0.9675672	-0.9827081	-0.9835805	-0.9606194	-0.9956757	-0.9670302	-0.9848325	-0.9838992	-0.9714241	-0.9661692	-0.9732054	-0.9770326	-0.9667871	-0.9689522	-0.9565998	-0.9565998
15/12/2025	15:33	-0.9844296	-0.9725473	-0.9855122	-0.9873193	-0.965895	-1.000187	-0.9701289	-0.9851427	-0.9931041	-0.9753109	-0.9717662	-0.9781731	-0.9804513	-0.9748878	-0.962108	-0.9590763	-0.9590763
15/12/2025	16:23	-0.9756927	-0.9691235	-0.9722707	-0.9767261	-0.9544129	-0.9902315	-0.9650161	-0.9834367	-0.9885796	-0.9678483	-0.9688122	-0.9680825	-0.9725261	-0.9692797	-0.9538639	-0.9516469	-0.9516469
15/12/2025	17:13	-0.9778769	-0.9633653	-0.9797483	-0.9799975	-0.9641882	-0.9933425	-0.9642414	-0.9801799	-0.9853033	-0.9673818	-0.9685012	-0.9704111	-0.976411	-0.9624252	-0.9607081	-0.9519564	-0.9519564
15/12/2025	18:03	-0.9770969	-0.9635209	-0.9728938	-0.9731431	-0.9534819	-0.9869649	-0.958354	-0.9755273	-0.9796867	-0.963495	-0.9577736	-0.9637357	-0.9700398	-0.9522994	-0.9672412	-0.9556711	-0.9522994
15/12/2025	18:53	-0.9813093	-0.9742592	-0.9845775	-0.9873193	-0.9672915	-0.9983201	-0.9716782	-0.9880893	-0.9932601	-0.9765547	-0.972699	0.9787941	-0.9826268	-0.9772246	-0.9659968	-0.9612432	-0.9612432
15/12/2025	19:43	-0.9799051	-0.9683454	-0.9792809	-0.98249	-0.9589126	-0.9947424	-0.9645513	-0.9809553	-0.9906078	-0.9717351	-0.9664801	-0.972274	-0.9804513	-0.9745763	-0.9594637	-0.9544329	-0.9544329
15/12/2025	20:33	-0.9731965	-0.9622759	-0.979904	-0.9675349	-0.9562748	-0.9829206	-0.965326	-0.9811104	-0.9835871	-0.9684701	-0.9657027	-0.9680825	-0.9778095	-0.9686565	-0.9596192	-0.9538138	-0.9538138
15/12/2025	21:23	-0.9725724	-0.9717692	-0.9803714	-0.9831132	-0.9626365	-0.9958313	-0.9634668	-0.975062	-0.9879556	-0.9728234	-0.9672575	0.9725845	-0.9733031	-0.9663198	-0.9591526	-0.9565998	-0.9565998
15/12/2025	22:13	-0.9799051	-0.9633653	-0.9722707	-0.9761029	-0.9541025	-0.9885204	-0.9585089	-0.9710298	-0.9775025	-0.9602301	-0.9545087	-0.9615623	-0.9672427	-0.9706817	-0.9642857	-0.9586119	-0.9541025
15/12/2025	23:03	-0.9844296	-0.9689679	-0.9825523	-0.9851383	-0.9643433	-0.9952091	-0.9614527	-0.9780087	-0.9832751	-0.9703358	-0.9636816	-0.9683929	-0.9804513	-0.9664756	-0.9678634	-0.9596954	-0.9596954
15/12/2025	23:53	-0.9830255	-0.9734811	-0.98707	-0.984671	-0.9682224	-0.998009	-0.9740022	-0.9876241	-0.9940402	-0.9771766	-0.9747201	-0.9803465	-0.9848023	-0.9775361	-0.96833	-0.9615527	-0.9615527
16/12/2025	00:43	-0.9850537	-0.973948	-0.9827081	-0.9854499	-0.9654295	-0.9955202	-0.9716782	-0.9845223	-0.9906078	-0.9731343	-0.9692786	0.9738264	-0.9827822	-0.9610232	-0.9692633	-0.9629458	-0.9610232
16/12/2025	01:33	-0.9856777	-0.9636765	-0.9813061	-0.9807764	-0.9587574	-0.9955202	-0.9681148	-0.9814206	-0.9779705	-0.9625622	-0.9618159	-0.9705663	-0.9782757	-0.9639831	-0.9709744	-0.9609336	-0.9587574
16/12/2025	02:23	-0.9844296	-0.977683	-0.989251	-0.989656	-0.9697741	-1.002053	-0.9738473	-0.9890199	-0.9960684	-0.9790423	-0.9751866	-0.9822094	-0.9894642	-0.9814307	-0.9708188	-0.9651127	-0.9651127
16/12/2025	03:13	-0.9914503	-0.976438	-0.9897183	-0.9905907	-0.9702396	-1.003609	-0.9761713	-0.9902605	-0.9962244	-0.9791978	-0.9759639	-0.9818989	-0.9883764	-0.9795613	-0.9756409	-0.9654222	-0.9654222
16/12/2025	04:03	-0.9599351	-0.9666335	-0.9755421	-0.9761029	-0.9607746	-0.9880538	-0.9643964	-0.9828164	-0.982495	-0.9739117	-0.9624378	0.9719635	-0.9782757	-0.9709933	-0.9535528	-0.9558259	-0.9535528
16/12/2025	04:53	-0.9622753	-0.9644547	-0.9688435	-0.9740778	-0.9603091	-0.9833873	-0.9608329	-0.9804901	-0.982339	-0.9681592	-0.9674129	0.9674615	-0.9664657	-0.954013	-0.9566638	-0.950873	-0.950873
16/12/2025	05:43	-0.9750686	-0.9674116	-0.9778789	-0.9804649	-0.9579816	-0.9952091	-0.9532412	-0.976768	-0.9781266	-0.9645833	-0.9624378	0.9685482	-0.9778095	-0.9702144	-0.9624191	-0.9542781	-0.9532412
16/12/2025	06:33	-0.978033	-0.9641434	-0.9788136	-0.9793744	-0.9565852	-0.9902315	-0.9665654	-0.9773883	-0.9890477	-0.9680037	-0.9702114	0.9691692	-0.968175	-0.9705259	-0.944842	-0.9500991	-0.944842
16/12/2025	07:23	-0.9635235	-0.9671003	-0.9711802	-0.9718968	-0.9544129	-0.9833873	-0.9600583	-0.9776985	-0.9773465	-0.960541	-0.9608831	0.9544213	-0.9776542	-0.9705259	-0.9487307	-0.9559807	-0.9487307
16/12/2025	08:13	-0.9708562	-0.9632097	-0.9813061	-0.9793744	-0.9592229	-0.9947424	-0.9595935	-0.9814206	-0.9860834	-0.9683147	-0.9655473	-0.9735159	-0.9692628	-0.9582191	-0.9594637	-0.9567546	-0.9567546
16/12/2025	09:03	-0.9747566	-0.9638322	-0.978502	-0.9787512	-0.9606194	-0.9941202	-0.9585089	-0.9773883	-0.9580005	-0.9547886	-0.9562189	0.9499193	-0.9742355	-0.9700586	-0.9641302	-0.9570641	-0.9499193
16/12/2025	09:53	-0.9777209	-0.9633653	-0.9831755	-0.9818669	-0.9561197	-0.996609	-0.9695092	-0.9856079	-0.9814029	-0.9687811	-0.9630597	0.9696349	-0.9792081	-0.9742647	-0.9636635	-0.9556711	-0.9556711
16/12/2025	10:43	-0.9760047	-0.9558952	-0.9728938	-0.9694043	-0.9477408	-0.9877427	-0.9541708	-0.9693238	-0.9453632	-0.9588308	-0.9426928	-0.9354819	-0.9692628	-0.9666314	-0.9600859	-0.9556711	-0.9354819
16/12/2025	11:33	-0.9827134	-0.9675672	-0.9794367	-0.9835805	-0.9618607	-0.9944313	-0.9654809	-0.9843672	-0.9895157	-0.9718905	-0.969745	0.9718082	-0.9813836	-0.9706817	-0.9667745	-0.9598502	-0.9598502
16/12/2025	12:23	-0.9822454	-0.9716135	-0.9811503	-0.9809322	-0.9654295	-0.9911648	-0.9667204	-0.9856079	-0.9898278	-0.9732898	-0.9709888	-0.9744473	-0.9818498	-0.9723953	-0.9650635	-0.9496347	-0.9496347
16/12/2025	13:13	-0.978189	-0.9639878	-0.9830197	-0.9829574	-0.9612401	-0.9938091	-0.9597484	-0.9832816	-0.982339	-0.9704913	-0.9629042	-0.9682377	-0.9759448	-0.9638273	-0.9642857	-0.9511825	-0.9511825
16/12/2025	14:03	-0.9814653	-0.9694348	-0.9831755	-0.9835805	-0.964033	-0.9947424	-0.9684246	-0.9820409	-0.9902958	-0.972357	-0.970056	-0.9758445	-0.9790527	-0.9745763	-0.9678634	-0.9579928	-0.9579928
16/12/2025	14:53	-0.9769408	-0.9548058	-0.9794367	-0.975324	-0.9568955	-0.988676	-0.9608329	-0.9804901	-0.9842112	-0.9670709	-0.9618159	-0.9654434	-0.9669319	-0.9627368	-0.9628858	-0.952266	-0.952266
16/12/2025	15:43	-0.9769408	-0.9681897	-0.9767884	-0.9818669	-0.9601539	-0.993498	-0.9656358	-0.9798697	-0.9890477	-0.9644279	-0.9674129	0.9711873	-0.9801405	-0.9709933	-0.9641302	-0.9565998	-0.9565998
16/12/2025	16:33	-0.9435534	-0.9081175	-0.9221087	-0.9532029	-0.9095705	-0.9696989	-0.9451847	-0.9590881	-0.8932539	-0.9188744	-0.9251244	-0.9148348	-0.9723707	-0.9628926	-0.9583748	-0.943134	-0.8932539
16/12/2025	17:23	-0.9816213	-0.9723917	-0.9855122	-0.9854499	-0.9655847	-0.9973868	-0.9710585	-0.9852978	-0.992012	-0.9729789	-0.9714552	0.9753788	-0.9818498	-0.9753552	-0.9670856	-0.9586119	-0.9586119
16/12/2025	18:13	-0.9795931	-0.9656997	-0.9828639	-0.9792186	-0.9604643	-0.9925647	-0.9664105	-0.9812655	-0.9765664	-0.9656716	-0.964459	0.9724292	-0.9829376	-0.9633599	-0.9684856	-0.9584572	-0.9584572
16/12/2025	19:03	-0.9825574	-0.967256	-0.9862911	-0.9832689	-0.9651192	-0.9956757	-0.9681148	-0.9804901	-0.9893597	-0.9715796	-0.9678794	0.9724292	-0.9709722	-0.9605558	-0.9454642	-0.9530399	-0.9454642
16/12/2025	19:53	-0.9839616	-0.9680341	-0.9809945	-0.9806206	-0.9612401	-0.9931869	-0.9671852	-0.9837469	-0.9854593	-0.9740672	-0.9664801	-0.9746026	-0.9801405	-0.9593096	-0.9692633	-0.956445	-0.956445
16/12/2025	20:43	-0.9861458	-0.9761267	-0.9859796	-0.9877866	-0.9672915	-0.9990978	-0.9735374	-0.9887097	-0.9954443	-0.977643	-0.9745647	0.980036	-0.9854239	-0.9786266	-0.9694189	-0.962791	-0.962791
16/12/2025	21:33	-0.978813	-0.9765936	-0.9855122	-0.986073	-0.9694638	-1.001898	-0.9730726	-0.9891749	-0.9956003	-0.977643	-0.9745647	-0.980036	-0.9872887	-0.9787824	-0.9712855	-0.9621719	-0.9621719
16/12/2025	22:23	-0.9825574	-0.9758155	-0.9875374	-0.9879424	-0.9694638	-1.001431	-0.9724529	-0.9896402	-0.9965364	-0.9777985	-0.9754975	0.9812779	-0.9846469	-0.9801844	-0.9655301	-0.9643388	-0.9643388
16/12/2025	23:13	-0.9638355	-0.9700573	-0.985668	-0.9815553	-0.9618607	-0.9953646	-0.9687345	-0.9843672	-0.9859274	-0.972357	-0.9709888	-0.9750683	-0.9801405	-0.975511	-0.9677078	-0.960005	-0.960005
17/12/2025	00:03	-0.9850537	-0.9758155	-0.9880047	-0.988254	-0.9693086	-1.00112	-0.9733825	-0.9883995	-0.9940402	-0.9791978	-0.9754975	-0.9812779	-0.9885318	-0.9797171	-0.971441	-0.9626362	-0.9626362
17/12/2025	00:53	-0.9819333	-0.9653884	-0.979904	-0.981088	-0.9641882	-0.9933425	-0.9600583	-0.9828164	-0.9873315	-0.9695585	-0.9638371	-0.9697901	-0.9785865	-0.9720837	-0.9686411	-0.9618623	-0.9600583
17/12/2025	01:43	-0.9873939	-0.9759711	-0.9869143	-0.9888771	-0.9688431	-1.000498	-0.9726078	-0.9896402	-0.9957564	-0.9788868	-0.9750311	0.9795703	-0.9875995	-0.9783151	-0.9723743	-0.9620171	-0.9620171
17/12/2025	02:33	-0.988018	-0.9762824	-0.9867585	-0.9893445	-0.9700844	-1.003298	-0.9709036	-0.9870037	-0.9962244	-0.9767102	-0.9758085	-0.9823646	-0.9891534	-0.9817423	-0.9694189	-0.9623266	-0.9623266
17/12/2025	03:23	-0.9797491	-0.9692791	-0.9797483	-0.9817111	-0.9637227	-0.9969201	-0.9662556	-0.982196	-0.9842112	-0.9729789	-0.9635261	0.9704111	-0.9740801	-0.9466912	-0.9675523	-0.9603145	-0.9466912
17/12/2025	04:13	-0.9819333	-0.9632097	-0.9816176	-0.9820227	-0.9607746	-0.996609	-0.9527764	-0.9794045	-0.9754743	-0.9658271	-0.9551306	0.9620281	-0.9788973	-0.961179	-0.9695744	-0.9581476	-0.9527764
17/12/2025	05:03	-0.9744446	-0.9716135	-0.9797483	-0.9837363	-0.9657398	-0.9967646	-0.9678049	-0.9826613	-0.9912319	-0.9708022	-0.9692786	-0.9713425	-0.9739247	-0.9714606	-0.9608636	-0.9575285	-0.9575285
17/12/2025	05:53	-0.9730404	-0.9700573	-0.9774115	-0.9728315	-0.9624814	-0.9815207	-0.960678	-0.9840571	-0.9907639	-0.9675373	-0.9686567	0.9728949	-0.9677089	-0.9677218	-0.9624191	-0.9553616	-0.9553616
17/12/2025	06:43	-0.9730404	-0.9647659	-0.9780346	-0.9792186	-0.9581368	-0.9821429	-0.9580441	-0.9764578	-0.9877996	-0.9661381	-0.9627488	-0.972274	-0.96227	-0.9596211	-0.9519973	-0.9500991	-0.9500991
17/12/2025	07:33	-0.9811533	-0.9622759	-0.9800598	-0.9776608	-0.955499	-0.9927203	-0.9656358	-0.9814206	-0.9768784	-0.9712687	-0.9619714	0.9694796	-0.9768772	-0.9644504	-0.9624191	-0.9581476	-0.955499
17/12/2025	08:23	-0.9747566	-0.9554283	-0.9666625	-0.9651982	-0.9530164	-0.9827651	-0.9557201	-0.9794045	-0.9831191	-0.9659826	-0.9630597	-0.9482116	-0.9659995	-0.9632041	-0.9532417	-0.9545877	-0.9482116
17/12/2025	09:13	-0.9809973	-0.9680341	-0.979904	-0.9829574	-0.9652743	-0.9947424	-0.969974	-0.9863834	-0.9865514	-0.9728234	-0.9695896	-0.9724292	-0.9736139	-0.9730184	-0.9644413	-0.9558259	-0.9558259
17/12/2025	10:03	-0.978657	-0.9694348	-0.9847333	-0.986073	-0.9665156	-0.998009	-0.9695092	-0.9804901	-0.9915439	-0.9739117	-0.9712998	-0.9752235	-0.9695736	-0.9737974	-0.9588415	-0.956445	-0.956445
17/12/2025	10:53	-0.9672678	-0.959319	-0.9756979	-0.9698716	-0.957361	-0.988676	-0.9530863	-0.9662221	-0.9796867	-0.9630286	-0.9604167	-0.9629595	-0.9560542	-0.9543245	-0.9594637	-0.9513373	-0.9513373
17/12/2025	11:43	-0.9794371	-0.9518489	-0.9783462	-0.9771934	-0.9534819	-0.9945869	-0.965326	-0.9773883	-0.97251	-0.9631841	-0.9568408	-0.9704111	-0.9714383	-0.9650735	-0.9597748	-0.9556711	-0.9518489
17/12/2025	12:33	-0.9742886	-0.9694348	-0.979904	-0.984671	-0.9626365	-0.996609	-0.9640865	-0.9804901	-0.9860834	-0.9700249	-0.9672575	-0.9713425	-0.9781203	-0.9666314	-0.9376867	-0.9535042	-0.9376867
17/12/2025	13:23	-0.9716363	-0.9569846	-0.9700897	-0.9680022	-0.9565852	-0.9777875	-0.9650161	-0.9798697	-0.982651	-0.9675373	-0.9660137	0.9660643	-0.9725261	-0.9702144	-0.9627302	-0.9530399	-0.9530399
17/12/2025	14:13	-0.9806852	-0.9677229	-0.9822408	-0.9842036	-0.9612401	-0.9984756	-0.9696641	-0.9851427	-0.9882676	-0.9736007	-0.9699005	-0.9753788	-0.9734585	-0.9741089	-0.9449975	-0.9573737	-0.9449975
17/12/2025	15:03	-0.9809973	-0.9745705	-0.9830197	-0.9854499	-0.966826	-0.9973868	-0.9702838	-0.9856079	-0.9929481	-0.9743781	-0.9723881	0.9756893	-0.9799851	-0.9748878	-0.9611747	-0.9596954	-0.9596954
17/12/2025	15:53	-0.9772529	-0.9706798	-0.9825523	-0.9798417	-0.9615504	-0.9994089	-0.9665654	-0.9780087	-0.9882676	-0.9748445	-0.9694341	-0.976155	-0.9677089	-0.9702144	-0.9625747	-0.9470035	-0.9470035
17/12/2025	16:43	-0.9845856	-0.9730142	-0.9867585	-0.9859172	-0.9663605	-0.9959868	-0.972143	-0.9871588	-0.9902958	-0.9754664	-0.9716107	0.976776	-0.981539	-0.9753552	-0.9673967	-0.9572189	-0.9572189
17/12/2025	17:33	-0.9808412	-0.9722361	-0.9833313	-0.9837363	-0.9648088	-0.9969201	-0.9654809	-0.9849876	-0.9899838	-0.9732898	-0.9706779	-0.9750683	-0.9806067	-0.9727069	-0.9429754	-0.9586119	-0.9429754
17/12/2025	18:23	-0.9708562	-0.9683454	-0.9786578	-0.9757914	-0.9581368	-0.9908537	-0.9661006	-0.9792494	-0.9898278	-0.9647388	-0.9689677	-0.9704111	-0.9816944	-0.9745763	-0.9569749	-0.9575285	-0.9569749
17/12/2025	19:13	-0.9850537	-0.9636765	-0.9809945	-0.9813996	-0.955499	-0.996609	-0.9639316	-0.9828164	-0.982183	-0.9697139	-0.9610386	-0.9676167	-0.9779649	-0.957596	-0.9639746	-0.9562902	-0.955499
17/12/2025	20:03	-0.9831815	-0.9756599	-0.9861353	-0.9837363	-0.9663605	-0.9975423	-0.9735374	-0.9877792	-0.9941962	-0.9765547	-0.9717662	-0.9797255	-0.9827822	-0.971928	-0.9692633	-0.9570641	-0.9570641
17/12/2025	20:53	-0.9853657	-0.9741036	-0.98707	-0.9890329	-0.9689983	-0.9994089	-0.9729177	-0.9890199	-0.9929481	-0.9759328	-0.9745647	-0.9809675	-0.9868225	-0.9780035	-0.9694189	-0.9631005	-0.9631005
17/12/2025	21:43	-0.9850537	-0.9755042	-0.9881605	-0.9873193	-0.9705499	-1.001276	-0.9730726	-0.98933	-0.9956003	-0.9771766	-0.9751866	-0.9797255	-0.9807621	-0.9787824	-0.9678634	-0.9609336	-0.9609336
17/12/2025	22:33	-0.9752247	-0.9727029	-0.9833313	-0.9771934	-0.9663605	-0.9956757	-0.9726078	-0.9856079	-0.9913879	-0.9753109	-0.9747201	-0.9789493	-0.9840254	-0.9773804	-0.9670856	-0.962791	-0.962791
17/12/2025	23:23	-0.9825574	-0.9585408	-0.9772557	-0.9803091	-0.9593781	-0.9945869	-0.9657908	-0.9823511	-0.9815589	-0.9670709	-0.9608831	-0.9713425	-0.9729923	-0.9635157	-0.9695744	-0.9583024	-0.9583024
18/12/2025	00:13	-0.9877059	-0.977683	-0.9872258	-0.9887213	-0.9703947	-0.9990978	-0.9750868	-0.9896402	-0.9957564	-0.9781095	-0.975342	-0.9803465	-0.9875995	-0.9789382	-0.9719077	-0.9610884	-0.9610884
18/12/2025	01:03	-0.9806852	-0.9756599	-0.9886279	-0.988254	-0.9697741	-1.000809	-0.9724529	-0.9883995	-0.9963804	-0.9754664	-0.9750311	-0.980657	-0.9860455	-0.9808076	-0.9691078	-0.9615527	-0.9615527
18/12/2025	01:53	-0.9903582	-0.9772161	-0.9876932	-0.9887213	-0.9699292	-1.003142	-0.9749318	-0.9890199	-0.9963804	-0.9771766	-0.9754975	0.9808122	-0.9841808	-0.9787824	-0.9638191	-0.9635649	-0.9635649
18/12/2025	02:43	-0.9867698	-0.9787724	-0.9897183	-0.9902792	-0.9717912	-1.00252	-0.9755516	-0.9902605	-0.9962244	-0.9801306	-0.9759639	-0.9825199	-0.9875995	-0.9811191	-0.9739298	-0.9646483	-0.9646483
18/12/2025	03:33	-0.9926985	-0.9779943	-0.9889394	-0.9899676	-0.9697741	-1.003298	-0.9766361	-0.9896402	-0.9962244	-0.9788868	-0.9734764	0.9795703	-0.9879102	-0.9800287	-0.9750187	-0.9654222	-0.9654222
18/12/2025	04:23	-0.9875499	-0.9769049	-0.9894068	-0.9898118	-0.9703947	-1.003453	-0.9761713	-0.9902605	-0.9966925	-0.9799751	-0.9765858	0.9822094	-0.9885318	-0.980496	-0.9733076	-0.9652675	-0.9652675
18/12/2025	05:13	-0.9817773	-0.9753486	-0.9853564	-0.9865404	-0.9685328	-0.9987867	-0.9707486	-0.9871588	-0.9929481	-0.9751555	-0.9737873	-0.9792598	-0.9818498	-0.9761341	-0.9568193	-0.9409671	-0.9409671
18/12/2025	06:03	-0.9710122	-0.9677229	-0.980683	-0.9799975	-0.9632572	-0.9945869	-0.963002	-0.9815757	-0.9834311	-0.9680037	-0.9672575	-0.9696349	-0.9725261	-0.9711491	-0.9446864	-0.9541233	-0.9446864
18/12/2025	06:53	-0.9746006	-0.9717692	-0.982085	-0.9779723	-0.9593781	-0.9938091	-0.967495	-0.9854529	-0.9884236	-0.963495	-0.9691231	-0.9750683	-0.9768772	-0.9716164	-0.9633524	-0.9502538	-0.9502538
18/12/2025	07:43	-0.9705442	-0.9653884	-0.9761653	-0.9782839	-0.9567403	-0.9864983	-0.9544807	-0.9766129	-0.9838992	-0.9642724	-0.9633706	-0.9657538	-0.9659995	-0.9582191	-0.9515306	-0.947313	-0.947313
18/12/2025	08:33	-0.978969	-0.9725473	-0.9831755	-0.9852941	-0.9651192	-0.9976979	-0.9671852	-0.9849876	-0.9812469	-0.9742226	-0.9674129	0.9756893	-0.9770326	-0.9751994	-0.9459308	-0.9552068	-0.9459308
18/12/2025	09:23	-0.9682039	-0.9636765	-0.9823966	-0.9831132	-0.9626365	-0.994898	-0.9662556	-0.9829715	-0.9873315	-0.9740672	-0.9619714	0.9702558	-0.9785865	-0.9653851	-0.955886	-0.9499443	-0.9499443
18/12/2025	10:13	-0.978189	-0.9658553	-0.982085	-0.9806206	-0.9607746	-0.9975423	-0.9688894	-0.9825062	-0.9885796	-0.9734453	-0.9719216	-0.9739816	-0.9692628	-0.9734858	-0.9504418	-0.9570641	-0.9504418
18/12/2025	11:03	-0.9824014	-0.9723917	-0.9827081	-0.9835805	-0.9635675	-0.9975423	-0.9626921	-0.9843672	-0.9879556	-0.9748445	-0.9666356	-0.9733607	-0.9722153	-0.9669429	-0.9597748	-0.957838	-0.957838
18/12/2025	11:53	-0.9756927	-0.9664778	-0.9825523	-0.9815553	-0.9599988	-0.9955202	-0.9626921	-0.9818859	-0.9787506	-0.9669154	-0.9663246	-0.9673063	-0.9751678	-0.9689681	-0.9560416	-0.9601597	-0.9560416
18/12/2025	12:43	-0.9825574	-0.9632097	-0.9791251	-0.9843594	-0.9599988	-0.9970757	-0.960678	-0.9828164	-0.9843672	-0.9670709	-0.9647699	0.9736711	-0.975634	-0.9741089	-0.9596192	-0.9596954	-0.9596192
18/12/2025	13:33	-0.9833375	-0.9734811	-0.9839544	-0.9870077	-0.9657398	-0.998009	-0.969819	-0.9834367	-0.992636	-0.9715796	-0.9712998	-0.9759998	-0.9734585	-0.9751994	-0.9669301	-0.9598502	-0.9598502
18/12/2025	14:23	-0.9760047	-0.9621203	-0.9769442	-0.9790628	-0.9556542	-0.9930314	-0.9563399	-0.9781638	-0.9768784	-0.9628731	-0.9579291	-0.9595442	-0.9687966	-0.9711491	-0.9555749	-0.9435983	-0.9435983
18/12/2025	15:13	-0.9755367	-0.953872	-0.9814619	-0.9784397	-0.9368793	-0.9916314	-0.9530863	-0.966067	-0.9645532	-0.9527674	-0.9481343	-0.9536451	-0.9804513	-0.9699028	-0.9638191	-0.9553616	-0.9368793
18/12/2025	16:03	-0.9671118	-0.9450012	-0.9689993	-0.960992	-0.9297418	-0.9724988	-0.9532412	-0.9700993	-0.9455192	-0.9418843	-0.9478234	0.9384314	-0.9728369	-0.955415	-0.9423532	-0.9528851	-0.9297418
18/12/2025	16:53	-0.9824014	-0.9647659	-0.9845775	-0.9838921	-0.9618607	-0.9970757	-0.9623823	-0.9854529	-0.9890477	-0.9653607	-0.9643035	-0.9693244	-0.9747016	-0.9717722	-0.9650635	-0.9575285	-0.9575285
18/12/2025	17:43	-0.9817773	-0.970991	-0.9802156	-0.9820227	-0.9663605	-0.9930314	-0.965326	-0.9863834	-0.9907639	-0.9661381	-0.9709888	-0.967151	-0.9790527	-0.97333	-0.9672412	-0.9528851	-0.9528851
18/12/2025	18:33	-0.9848977	-0.9652328	-0.982085	-0.9796859	-0.9589126	-0.9952091	-0.9647062	-0.9835918	-0.9803108	-0.9695585	-0.9627488	0.9687034	-0.9820052	-0.9632041	-0.9575971	-0.9604693	-0.9575971
18/12/2025	19:23	-0.978345	-0.9700573	-0.9845775	-0.9849826	-0.9638779	-0.9981645	-0.9640865	-0.9800248	-0.9876435	-0.9729789	-0.9725435	0.9735159	-0.9787419	-0.9725511	-0.9633524	-0.9572189	-0.9572189
18/12/2025	20:13	-0.9707002	-0.967256	-0.9780346	-0.970339	-0.9620159	-0.9889871	-0.9668753	-0.9831266	-0.9885796	-0.9700249	-0.9657027	-0.9642014	-0.9745462	-0.9691239	-0.9614858	-0.9544329	-0.9544329
18/12/2025	21:03	-0.9841176	-0.9747261	-0.9872258	-0.9856057	-0.966826	-1.000342	-0.9738473	-0.9887097	-0.9957564	-0.9784204	-0.9736318	-0.9797255	-0.9857347	-0.9758225	-0.9641302	-0.9618623	-0.9618623
18/12/2025	21:53	-0.9877059	-0.9762824	-0.9876932	-0.9868519	-0.9685328	-1.001431	-0.9741572	-0.9879342	-0.9962244	-0.977954	-0.9751866	-0.9815884	-0.9816944	-0.9748878	-0.9698855	-0.9620171	-0.9620171
18/12/2025	22:43	-0.9858337	-0.9607196	-0.9795925	-0.9812438	-0.9606194	-0.9916314	-0.9608329	-0.9806452	-0.9770344	-0.9620958	-0.958551	0.954887	-0.9709722	-0.9717722	-0.9709744	-0.9607789	-0.954887
18/12/2025	23:33	-0.987862	-0.9641434	-0.983487	-0.9856057	-0.9637227	-0.9994089	-0.9690444	-0.9817308	-0.9765664	-0.9703358	-0.9653918	-0.9753788	-0.9796743	-0.9641388	-0.9675523	-0.9589215	-0.9589215
19/12/2025	00:23	-0.9875499	-0.9758155	-0.9895626	-0.9891887	-0.9714809	-1.002987	-0.9760164	-0.9902605	-0.9968485	-0.9796642	-0.9759639	0.9825199	-0.9894642	-0.9812749	-0.9733076	-0.9652675	-0.9652675
19/12/2025	01:13	-0.9897341	-0.9778386	-0.9881605	-0.9895002	-0.9703947	-1.001431	-0.9761713	-0.9890199	-0.9974725	-0.9785759	-0.9765858	0.9823646	-0.9886872	-0.9811191	-0.9740854	-0.9638744	-0.9638744
19/12/2025	02:03	-0.9858337	-0.9761267	-0.98707	-0.9901234	-0.9717912	-1.001742	-0.9753966	-0.9915012	-0.9976286	-0.9785759	-0.9758085	-0.9834513	-0.9875995	-0.9822096	-0.974552	-0.9623266	-0.9623266
19/12/2025	02:53	-0.9866138	-0.9772161	-0.9883163	-0.9891887	-0.9708602	-1.000809	-0.9749318	-0.9908809	-0.9973165	-0.9788868	-0.975342	-0.9820541	-0.9796743	-0.9815865	-0.9706633	-0.9654222	-0.9654222
19/12/2025	03:43	-0.9928545	-0.9798618	-0.9903415	-0.9913696	-0.9722567	-1.005475	-0.9763262	-0.9902605	-0.9973165	-0.9799751	-0.9770522	0.9826751	-0.9910182	-0.9823654	-0.9775075	-0.965577	-0.965577
19/12/2025	04:33	-0.9895781	-0.9778386	-0.989251	-0.9901234	-0.9689983	-1.002987	-0.9750868	-0.9896402	-0.9959124	-0.977643	-0.9748756	-0.9822094	-0.9899304	-0.9812749	-0.9743965	-0.9649579	-0.9649579
19/12/2025	05:23	-0.9724164	-0.9583852	-0.9760095	-0.977505	-0.9544129	-0.9914759	-0.9654809	-0.978629	-0.9781266	-0.9672264	-0.9672575	-0.9673063	-0.9729923	-0.964762	-0.9644413	-0.9524208	-0.9524208
19/12/2025	06:13	-0.9803732	-0.9733254	-0.9853564	-0.984671	-0.9590678	-0.9970757	-0.9656358	-0.9795596	-0.9863954	-0.9722015	-0.9705224	0.9752235	-0.9663103	-0.9753552	-0.9432865	-0.952266	-0.9432865
19/12/2025	07:03	-0.9749126	-0.969746	-0.9771	-0.9773492	-0.9558093	0.9947424	-0.9650161	-0.9815757	-0.9887356	-0.9739117	-0.9639925	-0.9679272	-0.9736139	-0.9664756	-0.9457753	-0.9510277	-0.9457753
19/12/2025	07:53	-0.9813093	-0.9742592	-0.9866027	-0.9754798	-0.966826	-0.998009	-0.9634668	-0.9811104	-0.992012	-0.9722015	-0.9734764	-0.975534	-0.9684858	-0.9748878	-0.9687967	-0.9538138	-0.9538138
19/12/2025	08:43	-0.9836495	-0.9661666	-0.984266	-0.9838921	-0.9635675	-0.9984756	-0.9657908	-0.9814206	-0.9865514	-0.9736007	-0.9695896	0.972274	-0.9802959	-0.9691239	-0.96833	-0.9632553	-0.9632553
19/12/2025	09:33	-0.9735085	-0.9677229	-0.9661952	-0.9701832	-0.946034	-0.9819873	-0.960678	-0.9758375	-0.9614329	-0.9580535	-0.9475124	-0.9438649	-0.9787419	-0.9713048	-0.9681745	-0.9561355	-0.9438649
19/12/2025	10:23	-0.9847416	-0.9734811	-0.985668	-0.9851383	-0.964964	-0.9989423	-0.9701289	-0.9870037	-0.9895157	-0.9740672	-0.9723881	-0.9746026	-0.9835592	-0.9737974	-0.9689522	-0.961398	-0.961398
19/12/2025	11:13	-0.9802172	-0.9716135	-0.9828639	-0.9815553	-0.9623262	-0.9967646	-0.9670302	-0.9848325	-0.9907639	-0.9751555	-0.967102	0.9764655	-0.9810728	-0.9741089	-0.9695744	-0.9573737	-0.9573737
19/12/2025	12:03	-0.9820894	-0.9610309	-0.9805272	-0.9818669	-0.9607746	-0.9961424	-0.9659457	-0.9826613	-0.9831191	-0.9675373	-0.9635261	-0.9705663	-0.9743909	-0.9501184	-0.9694189	-0.9598502	-0.9501184
19/12/2025	12:53	-0.9799051	-0.968501	-0.9800598	-0.9806206	-0.9648088	-0.9950535	-0.9684246	-0.9749069	-0.9868635	-0.9728234	-0.9689677	0.9713425	-0.9785865	-0.9741089	-0.9617969	-0.9553616	-0.9553616
19/12/2025	13:43	-0.9839616	-0.9744148	-0.9841102	-0.9840479	-0.9652743	-1.000031	-0.9704388	-0.9880893	-0.9935721	-0.9777985	-0.9740983	0.9794151	-0.9824714	-0.9756667	-0.96833	-0.9617075	-0.9617075
19/12/2025	14:33	-0.9703882	-0.9711467	-0.9836428	-0.981088	-0.9615504	-0.9961424	-0.965171	-0.9811104	-0.9810909	-0.9695585	-0.9691231	-0.9721187	-0.9792081	-0.9694354	-0.9607081	-0.9548972	-0.9548972
19/12/2025	15:23	-0.9700761	-0.9451569	-0.9732054	-0.9714295	-0.9385861	-0.9863427	-0.9535511	-0.9775434	-0.9522279	-0.9484142	-0.9545087	-0.9373448	-0.9816944	-0.9586864	-0.9655301	-0.9593858	-0.9373448
19/12/2025	16:13	-0.9814653	-0.9727029	-0.9769442	-0.9829574	-0.9634124	-0.996609	-0.9693542	-0.9745968	-0.9711058	-0.9697139	-0.9632152	0.9648224	-0.9816944	-0.966164	-0.9667745	-0.9590763	-0.9590763
19/12/2025	17:03	-0.9830255	-0.9753486	-0.9853564	-0.9873193	-0.9685328	-0.99972	-0.9724529	-0.987469	-0.9934161	-0.9759328	-0.9733209	-0.9781731	-0.9855793	-0.9787824	-0.9673967	-0.9603145	-0.9603145
19/12/2025	17:53	-0.9822454	-0.975193	-0.9866027	-0.9885656	-0.9686879	-1.000653	-0.9726078	-0.9877792	-0.9943522	-0.9782649	-0.9739428	-0.980657	-0.9868225	-0.9772246	-0.9684856	-0.9624814	-0.9624814
19/12/2025	18:43	-0.9839616	-0.9737923	-0.9867585	-0.9879424	-0.9674466	-0.9992534	-0.9733825	-0.9890199	-0.9945082	-0.9774876	-0.9742537	-0.9805017	-0.9844915	-0.9789382	-0.9709744	-0.9637197	-0.9637197
19/12/2025	19:33	-0.9758487	-0.9619646	-0.9800598	-0.9776608	-0.9581368	-0.9916314	-0.9664105	-0.9808002	-0.9835871	-0.972357	-0.9678794	0.9747578	-0.968175	-0.9574402	-0.9613303	-0.9604693	-0.9574402
19/12/2025	20:23	-0.9830255	-0.9755042	-0.9869143	-0.9879424	-0.9696189	-1.00112	-0.9727628	-0.9891749	-0.9954443	-0.9784204	-0.9731654	-0.980036	-0.9849577	-0.9792498	-0.9698855	-0.9637197	-0.9637197
19/12/2025	21:13	-0.9852097	-0.9767493	-0.9880047	-0.9885656	-0.9700844	-0.9995645	-0.9749318	-0.9897953	-0.9946643	-0.9787313	-0.9747201	-0.9794151	-0.9883764	-0.9812749	-0.9708188	-0.9629458	-0.9629458
19/12/2025	22:03	-0.9834935	-0.9770605	-0.9895626	-0.9891887	-0.9703947	-1.001742	-0.9749318	-0.9904156	-0.9962244	-0.9784204	-0.975342	-0.9814332	-0.9868225	-0.9801844	-0.9731521	-0.9643388	-0.9643388
19/12/2025	22:53	-0.9828694	-0.9705242	-0.9808387	-0.9781281	-0.9613952	-0.9906981	-0.9690444	-0.9837469	-0.9734461	-0.9712687	-0.9562189	-0.9669958	-0.982316	-0.9705259	-0.9719077	-0.9584572	-0.9562189
19/12/2025	23:43	-0.9753807	-0.9675672	-0.9800598	-0.9725199	-0.9568955	-0.9832317	-0.9657908	-0.9778536	-0.9790627	-0.9687811	-0.9629042	-0.9687034	-0.9652225	-0.9563497	-0.9653746	-0.9572189	-0.9563497
20/12/2025	00:33	-0.987862	-0.977683	-0.9894068	-0.9901234	-0.9713257	-1.002831	-0.9757065	-0.9905707	-0.9971605	-0.9801306	-0.975342	-0.9823646	-0.9894642	-0.9800287	-0.9717521	-0.9644936	-0.9644936
20/12/2025	01:23	-0.9908263	-0.9781499	-0.9895626	-0.9904349	-0.9699292	-1.002053	-0.9757065	-0.9899504	-0.9971605	-0.9796642	-0.9770522	0.9825199	-0.9902412	-0.982677	-0.9753298	-0.9651127	-0.9651127
20/12/2025	02:13	-0.9903582	-0.9722361	-0.9872258	-0.9884098	-0.9655847	-1.001431	-0.9749318	-0.9894851	-0.9851473	-0.9770211	-0.9742537	0.9773969	-0.9868225	-0.979094	-0.971441	-0.9626362	-0.9626362
20/12/2025	03:03	-0.9900462	-0.9773718	-0.9901857	-0.9909023	-0.9724119	-1.003453	-0.974622	-0.991036	-0.9982526	-0.9804415	-0.9765858	-0.9828304	-0.9896196	-0.9828328	-0.9705077	-0.965577	-0.965577
20/12/2025	03:53	-0.9905142	-0.9786168	-0.9898741	-0.9912139	-0.9713257	-1.005009	-0.9760164	-0.9887097	-0.9968485	-0.9801306	-0.9767413	0.9829856	-0.989775	-0.9815865	-0.9750187	-0.9649579	-0.9649579
20/12/2025	04:43	-0.9856777	-0.9759711	-0.9890952	-0.989656	-0.9671363	-1.001587	-0.9736924	-0.9894851	-0.992168	-0.977643	-0.9745647	-0.9805017	-0.9885318	-0.9739531	-0.9765742	-0.9643388	-0.9643388
20/12/2025	05:33	-0.9817773	-0.9502926	-0.9744516	-0.9784397	-0.9413791	-0.9922536	-0.9589737	-0.9825062	-0.9801548	-0.9672264	-0.961194	0.9651329	-0.9736139	-0.9691239	-0.9642857	-0.9561355	-0.9413791
20/12/2025	06:23	-0.9725724	-0.9585408	-0.9789693	-0.9747009	-0.953637	-0.9866538	-0.9580441	-0.9756824	-0.9810909	-0.9673818	-0.9573072	0.9680825	-0.9585405	-0.9597769	-0.9647524	-0.9463843	-0.9463843
20/12/2025	07:13	-0.9866138	-0.9761267	-0.9881605	-0.9893445	-0.9696189	-1.001898	-0.9727628	-0.9891749	-0.9943522	-0.9784204	-0.975653	-0.9791046	-0.9865117	-0.9803402	-0.9723743	-0.9640292	-0.9640292
20/12/2025	08:03	-0.9813093	-0.9720804	-0.9827081	-0.9848268	-0.964964	-0.998009	-0.9633118	-0.9823511	-0.992324	-0.972357	-0.9702114	-0.9739816	-0.9787419	-0.9731742	-0.9686411	-0.961398	-0.961398
20/12/2025	08:53	-0.9831815	-0.9750374	-0.9867585	-0.9862288	-0.965895	-0.9990978	-0.9712134	-0.9885546	-0.9945082	-0.9771766	-0.9728545	0.9805017	-0.9868225	-0.9789382	-0.9673967	-0.9609336	-0.9609336
20/12/2025	09:43	-0.9824014	-0.9723917	-0.9853564	-0.986073	-0.9655847	-0.9994089	-0.9657908	-0.982196	-0.9835871	-0.9698694	-0.9683458	-0.9735159	-0.9860455	-0.976913	-0.9694189	-0.9596954	-0.9596954
20/12/2025	10:33	-0.9772529	-0.970991	-0.9828639	-0.9852941	-0.9646537	-0.9944313	-0.9616076	-0.9826613	-0.9884236	-0.969403	-0.9661692	-0.9744473	-0.9753232	-0.975511	-0.9645968	-0.9559807	-0.9559807
20/12/2025	11:23	-0.9817773	-0.9737923	-0.9867585	-0.9879424	-0.9655847	-1.000187	-0.9724529	-0.9880893	-0.9937282	-0.9770211	-0.9734764	0.9784836	-0.9848023	-0.976913	-0.9715966	-0.9624814	-0.9624814
20/12/2025	12:13	-0.9842736	-0.9722361	-0.985668	-0.9849826	-0.9679121	-1.000187	-0.9712134	-0.9862283	-0.9927921	-0.9763993	-0.972699	-0.9781731	-0.9837146	-0.9772246	-0.9659968	-0.9610884	-0.9610884
20/12/2025	13:03	-0.9848977	-0.9748817	-0.9855122	-0.9870077	-0.9669811	-0.9989423	-0.9702838	-0.9851427	-0.9917	-0.9760883	-0.9716107	-0.9775522	-0.9829376	-0.9759783	-0.9630413	-0.9612432	-0.9612432
20/12/2025	13:53	-0.9710122	-0.9600971	-0.9746074	-0.9767261	-0.9523957	-0.9883649	-0.9569596	-0.9775434	-0.9848352	-0.9628731	-0.9643035	-0.9679272	-0.9666211	-0.9537014	-0.9524639	-0.948706	-0.948706
20/12/2025	14:43	-0.9859898	-0.9744148	-0.9867585	-0.9856057	-0.9669811	-1.001276	-0.9704388	-0.9856079	-0.9932601	-0.9754664	-0.9728545	0.9791046	-0.9784311	-0.9775361	-0.9694189	-0.9590763	-0.9590763
20/12/2025	15:33	-0.9863018	-0.975193	-0.9875374	-0.9874751	-0.9683776	-1.000187	-0.9736924	-0.9887097	-0.9937282	-0.9768657	-0.9728545	-0.9801913	-0.9862009	-0.9770688	-0.9705077	-0.9629458	-0.9629458
20/12/2025	16:23	-0.9816213	-0.9675672	-0.9833313	-0.9840479	-0.9609297	-0.9955202	-0.9634668	-0.9848325	-0.9770344	-0.9700249	-0.9664801	-0.9663748	-0.9832484	-0.9700586	-0.9663079	-0.9552068	-0.9552068
20/12/2025	17:13	-0.9809973	-0.9719248	-0.9837986	-0.9838921	-0.9665156	-0.9986312	-0.9664105	-0.9798697	-0.9906078	-0.969403	-0.9711443	0.9735159	-0.9792081	-0.9739531	-0.9582193	-0.9539685	-0.9539685
20/12/2025	18:03	-0.9844296	-0.9750374	-0.9867585	-0.9873193	-0.9663605	-1.00112	-0.9724529	-0.9888648	-0.9931041	-0.977643	-0.9742537	-0.9805017	-0.9855793	-0.979094	-0.96973	-0.9629458	-0.9629458
20/12/2025	18:53	-0.9833375	-0.9625872	-0.9794367	-0.9759472	-0.9606194	-0.9864983	-0.9619175	-0.9845223	-0.9682976	-0.9666045	-0.9632152	-0.9559737	-0.9765664	-0.9614905	-0.9661523	-0.9569094	-0.9559737
20/12/2025	19:43	-0.9850537	-0.9758155	-0.9867585	-0.9880982	-0.9688431	-1.000964	-0.9707486	-0.9883995	-0.9951323	-0.9777985	-0.9744092	0.9794151	-0.9877548	-0.979094	-0.9703522	-0.9607789	-0.9607789
20/12/2025	20:33	-0.9775649	-0.9723917	-0.9786578	-0.9804649	-0.9634124	-0.9914759	-0.958354	-0.9809553	-0.9890477	-0.9700249	-0.9683458	0.9735159	-0.9787419	-0.969747	-0.9614858	-0.9569094	-0.9569094
20/12/2025	21:23	-0.9828694	-0.9745705	-0.9866027	-0.9865404	-0.9686879	-0.99972	-0.9730726	-0.9888648	-0.9957564	-0.9777985	-0.9739428	-0.980036	-0.9844915	-0.9784708	-0.9694189	-0.9624814	-0.9624814
20/12/2025	22:13	-0.9861458	-0.9769049	-0.9883163	-0.9879424	-0.9703947	-1.001431	-0.9743121	-0.9902605	-0.9951323	-0.9785759	-0.9722326	0.980657	-0.9883764	-0.9817423	-0.9708188	-0.9646483	-0.9646483
20/12/2025	23:03	-0.9861458	-0.9741036	-0.9876932	-0.9877866	-0.9688431	-0.9989423	-0.9732276	-0.98933	-0.9943522	-0.9781095	-0.9739428	-0.9795703	-0.988221	-0.9800287	-0.9695744	-0.9629458	-0.9629458
20/12/2025	23:53	-0.9746006	-0.9666335	-0.9827081	-0.9835805	-0.9593781	-0.9953646	-0.9612977	-0.9814206	-0.9885796	-0.9695585	-0.966791	0.9721187	-0.9793635	-0.9728627	-0.9633524	-0.9545877	-0.9545877
21/12/2025	00:43	-0.9859898	-0.9759711	-0.9869143	-0.988254	-0.9697741	-1.000964	-0.9743121	-0.9896402	-0.9956003	-0.9784204	-0.9747201	-0.9817437	-0.9880656	-0.9795613	-0.9720632	-0.9634101	-0.9634101
21/12/2025	01:33	-0.9828694	-0.9759711	-0.9847333	-0.9888771	-0.9685328	-0.9987867	-0.972143	-0.9890199	-0.9963804	-0.9781095	-0.9744092	0.9801913	-0.9848023	-0.9801844	-0.9715966	-0.961398	-0.961398
21/12/2025	02:23	-0.9894221	-0.9758155	-0.98707	-0.9893445	-0.9699292	-1.00252	-0.9749318	-0.9890199	-0.9952883	-0.9771766	-0.9761194	-0.9803465	-0.9857347	-0.9800287	-0.9681745	-0.9646483	-0.9646483
21/12/2025	03:13	-0.9912943	-0.9784612	-0.9900299	-0.989656	-0.9711706	-1.00392	-0.9758614	-0.9904156	-0.9974725	-0.9798197	-0.9767413	-0.9820541	-0.9888426	-0.9822096	-0.9757964	-0.9648031	-0.9648031
21/12/2025	04:03	-0.9834935	-0.9770605	-0.989251	-0.9895002	-0.9707051	-1.001431	-0.9758614	-0.9905707	-0.9962244	-0.9796642	-0.9762749	-0.9820541	-0.9891534	-0.9817423	-0.9731521	-0.9638744	-0.9638744
21/12/2025	04:53	-0.9923864	-0.977683	-0.9900299	-0.9902792	-0.9714809	-1.004075	-0.9750868	-0.9905707	-0.9962244	-0.9790423	-0.9761194	-0.9820541	-0.9899304	-0.9818981	-0.9764186	-0.9657318	-0.9657318
21/12/2025	05:43	-0.9824014	-0.9750374	-0.98707	-0.9887213	-0.9672915	-0.9964535	-0.9749318	-0.9890199	-0.9949763	-0.9771766	-0.9751866	-0.980036	-0.9869779	-0.9811191	-0.971441	-0.9637197	-0.9637197
21/12/2025	06:33	-0.9738205	-0.9664778	-0.9797483	-0.978907	-0.9575161	-0.9891426	-0.9659457	-0.9808002	-0.9895157	-0.9722015	-0.9685012	0.9721187	-0.9779649	-0.9727069	-0.963508	-0.9558259	-0.9558259
21/12/2025	07:23	-0.9834935	-0.9744148	-0.9837986	-0.9879424	-0.9682224	-0.9986312	-0.9735374	-0.98933	-0.9951323	-0.9773321	-0.9739428	-0.9803465	-0.9848023	-0.9784708	-0.9722188	-0.9620171	-0.9620171
21/12/2025	08:13	-0.9824014	-0.9745705	-0.9880047	-0.9874751	-0.9672915	-1.000653	-0.9724529	-0.9876241	-0.9948203	-0.9763993	-0.9725435	0.9792598	-0.9868225	-0.9783151	-0.9731521	-0.9584572	-0.9584572
21/12/2025	09:03	-0.9816213	-0.9755042	-0.9858238	-0.9865404	-0.9683776	-0.9978534	-0.9719881	-0.9883995	-0.9945082	-0.9756219	-0.9733209	-0.9780179	-0.9866671	-0.9792498	-0.9675523	-0.9617075	-0.9617075
21/12/2025	09:53	-0.9814653	-0.9734811	-0.9850449	-0.9866962	-0.9662053	-0.9989423	-0.9726078	-0.9879342	-0.9915439	-0.9770211	-0.9734764	-0.9787941	-0.9840254	-0.9795613	-0.9677078	-0.9601597	-0.9601597
21/12/2025	10:43	-0.9819333	-0.9756599	-0.9861353	-0.9863846	-0.9683776	-0.9994089	-0.9704388	-0.9880893	-0.9932601	-0.9751555	-0.9739428	-0.9789493	-0.9863563	-0.979094	-0.9686411	-0.9621719	-0.9621719
21/12/2025	11:33	-0.9838055	-0.9742592	-0.9861353	-0.9870077	-0.967757	-0.9958313	-0.9719881	-0.9868486	-0.992324	-0.9767102	-0.97301	-0.9789493	-0.9788973	-0.9762899	-0.96833	-0.9612432	-0.9612432
21/12/2025	12:23	-0.9852097	-0.9742592	-0.9855122	-0.9868519	-0.9655847	-0.9978534	-0.9696641	-0.9866935	-0.9934161	-0.9765547	-0.9731654	-0.9775522	-0.9812282	-0.9772246	-0.9638191	-0.9612432	-0.9612432
21/12/2025	13:13	-0.9842736	-0.9727029	-0.985668	-0.986073	-0.9657398	-0.998009	-0.9696641	-0.9854529	-0.9917	-0.9740672	-0.9725435	-0.9769312	-0.9646009	-0.9751994	-0.9649079	-0.9590763	-0.9590763
21/12/2025	14:03	-0.9822454	-0.9747261	-0.9873816	-0.9870077	-0.9685328	-1.000342	-0.9719881	-0.9876241	-0.9938842	-0.9754664	-0.9733209	0.9792598	-0.9865117	-0.9786266	-0.9694189	-0.9612432	-0.9612432
21/12/2025	14:53	-0.9836495	-0.9750374	-0.9861353	-0.9859172	-0.9680673	-0.9994089	-0.9724529	-0.9879342	-0.99248	-0.9770211	-0.9728545	-0.9791046	-0.9834038	-0.9786266	-0.9680189	-0.9617075	-0.9617075
21/12/2025	15:43	-0.978969	-0.9725473	-0.9827081	-0.9843594	-0.9644985	-0.9952091	-0.96765	-0.9794045	-0.9906078	-0.9742226	-0.9706779	-0.975534	-0.9793635	-0.9727069	-0.960397	-0.9567546	-0.9567546
21/12/2025	16:33	-0.9833375	-0.9742592	-0.9855122	-0.9859172	-0.9652743	-0.998009	-0.9702838	-0.9866935	-0.992324	-0.9748445	-0.9728545	-0.9781731	-0.9816944	-0.9727069	-0.9627302	-0.957838	-0.957838
21/12/2025	17:23	-0.9834935	-0.968501	-0.9825523	-0.9859172	-0.9652743	-0.9995645	-0.9684246	-0.9866935	-0.9906078	-0.9754664	-0.9723881	0.9752235	-0.9846469	-0.9716164	-0.971441	-0.956445	-0.956445
21/12/2025	18:13	-0.9838055	-0.9714579	-0.9822408	-0.981088	-0.9634124	-0.9952091	-0.967495	-0.982196	-0.9912319	-0.9700249	-0.9685012	-0.9752235	-0.9824714	-0.97333	-0.9686411	-0.9596954	-0.9596954
21/12/2025	19:03	-0.9850537	-0.9736367	-0.9875374	-0.9874751	-0.966826	-0.9984756	-0.9729177	-0.9873139	-0.9938842	-0.9767102	-0.9734764	0.9780179	-0.968175	-0.9794055	-0.9709744	-0.9629458	-0.9629458
21/12/2025	19:53	-0.9839616	-0.9756599	-0.9867585	-0.9873193	-0.9685328	-0.9998756	-0.9712134	-0.9879342	-0.9932601	-0.9767102	-0.9691231	-0.9778626	-0.9855793	-0.9783151	-0.9706633	-0.9631005	-0.9631005
21/12/2025	20:43	-0.9836495	-0.9750374	-0.9867585	-0.986073	-0.9669811	-1.000498	-0.9730726	-0.9880893	-0.9943522	-0.9768657	-0.9737873	-0.9789493	-0.9857347	-0.979094	-0.9706633	-0.9634101	-0.9634101
21/12/2025	21:33	-0.9842736	-0.9756599	-0.9867585	-0.9871635	-0.9688431	-0.99972	-0.9733825	-0.9887097	-0.9956003	-0.977954	-0.9736318	-0.9805017	-0.9874441	-0.9792498	-0.9719077	-0.9635649	-0.9635649
21/12/2025	22:23	-0.988018	-0.9755042	-0.9875374	-0.9877866	-0.9685328	-1.000342	-0.9738473	-0.9888648	-0.9946643	-0.977954	-0.9747201	-0.9786388	-0.9865117	-0.9795613	-0.9712855	-0.9634101	-0.9634101
21/12/2025	23:13	-0.9855217	-0.9744148	-0.9862911	-0.986073	-0.9686879	-1.000031	-0.9684246	-0.9883995	-0.9957564	-0.9773321	-0.9739428	-0.9803465	-0.9858901	-0.9789382	-0.9703522	-0.9626362	-0.9626362
22/12/2025	00:03	-0.9864578	-0.9756599	-0.9853564	-0.9884098	-0.9680673	-1.000964	-0.9738473	-0.98933	-0.9951323	-0.977643	-0.9745647	-0.9811227	-0.9835592	-0.9803402	-0.9698855	-0.9632553	-0.9632553
22/12/2025	00:53	-0.9758487	-0.969746	-0.9841102	-0.9834247	-0.9663605	-0.9959868	-0.967495	-0.9843672	-0.9893597	-0.9706468	-0.9658582	-0.9749131	-0.9683304	-0.9756667	-0.966619	-0.9604693	-0.9604693
22/12/2025	12:39	-0.9799051	-0.9700573	-0.9833313	-0.9831132	-0.9623262	-0.9964535	-0.9673401	-0.9842122	-0.9893597	-0.9718905	-0.9689677	-0.9733607	-0.9796743	-0.9716164	-0.9586859	-0.9533494	-0.9533494
22/12/2025	13:19	-0.9775649	-0.970991	-0.9852006	-0.9843594	-0.9652743	-0.998009	-0.9710585	-0.9863834	-0.9909199	-0.9737562	-0.9708333	-0.9775522	-0.983093	-0.9744205	-0.9619525	-0.9530399	-0.9530399
22/12/2025	14:09	-0.9742886	-0.9616534	-0.9811503	-0.9790628	-0.9561197	-0.9927203	-0.9639316	-0.9817308	-0.9810909	-0.9725124	-0.9691231	-0.9741369	-0.9669319	-0.9549477	-0.9407977	-0.9422053	-0.9407977
22/12/2025	14:59	-0.9753807	-0.9655441	-0.9795925	-0.9770376	-0.9601539	-0.9910092	-0.95603	-0.9772333	-0.9776585	-0.9680037	-0.9638371	-0.9652881	-0.9750124	-0.9628926	-0.9627302	-0.9569094	-0.95603
22/12/2025	15:49	-0.9839616	-0.9691235	-0.9845775	-0.984671	-0.964033	-0.9959868	-0.9710585	-0.9862283	-0.9931041	-0.9753109	-0.9708333	-0.9764655	-0.9799851	-0.9753552	-0.9669301	-0.9581476	-0.9581476
22/12/2025	16:39	-0.9756927	-0.9635209	-0.9733612	-0.9765703	-0.9440169	-0.9888315	-0.9599033	-0.9707196	-0.9760984	-0.9636505	-0.9605721	-0.9652881	-0.970506	-0.961179	-0.9616414	-0.9541233	-0.9440169
22/12/2025	17:29	-0.9802172	-0.9736367	-0.985668	-0.9849826	-0.9665156	-0.99972	-0.9715233	-0.9865385	-0.9915439	-0.9754664	-0.9706779	-0.9778626	-0.982316	-0.9753552	-0.9649079	-0.9606241	-0.9606241
22/12/2025	18:19	-0.9766288	-0.9694348	-0.9788136	-0.9804649	-0.9581368	-0.9941202	-0.9667204	-0.9840571	-0.982339	-0.9662935	-0.9573072	0.9694796	-0.9733031	-0.9571286	-0.9658412	-0.9587667	-0.9571286
22/12/2025	19:09	-0.9834935	-0.9730142	-0.983487	-0.9863846	-0.9660501	-0.9994089	-0.9701289	-0.987469	-0.9934161	-0.9763993	-0.9736318	-0.9781731	-0.9844915	-0.9775361	-0.9687967	-0.9603145	-0.9603145
22/12/2025	19:59	-0.9713243	-0.9647659	-0.9780346	-0.9784397	-0.9615504	-0.9910092	-0.9631569	-0.983902	-0.972354	-0.9701803	-0.9552861	-0.9657538	-0.9740801	-0.9649177	-0.965219	-0.9555163	-0.9552861
22/12/2025	20:49	-0.9850537	-0.9722361	-0.9858238	-0.9863846	-0.9669811	-0.9990978	-0.9724529	-0.9856079	-0.9902958	-0.9745336	-0.9719216	-0.9789493	-0.9841808	-0.9781593	-0.9684856	-0.9617075	-0.9617075
22/12/2025	21:39	-0.9824014	-0.9728586	-0.983487	-0.9828016	-0.965895	-0.9984756	-0.9647062	-0.9845223	-0.991856	-0.9726679	-0.970056	-0.9772417	-0.9773434	-0.9727069	-0.9675523	-0.9505634	-0.9505634
22/12/2025	22:29	-0.9842736	-0.9742592	-0.9864469	-0.9884098	-0.9680673	-0.9990978	-0.9733825	-0.9885546	-0.9946643	-0.9774876	-0.972699	0.9791046	-0.9857347	-0.9787824	-0.9551083	-0.9623266	-0.9551083
22/12/2025	23:19	-0.9855217	-0.9711467	-0.9867585	-0.9868519	-0.9641882	-0.9994089	-0.9670302	-0.9834367	-0.9879556	-0.975	-0.9695896	-0.976776	-0.98387	-0.9734858	-0.9717521	-0.9634101	-0.9634101
23/12/2025	00:09	-0.9852097	-0.9680341	-0.9827081	-0.9848268	-0.9599988	-0.9972312	-0.9603681	-0.9784739	-0.9829631	-0.9703358	-0.967102	0.9713425	-0.9751678	-0.9720837	-0.9681745	-0.9590763	-0.9590763
23/12/2025	00:59	-0.978813	-0.9638322	-0.9764768	-0.9804649	-0.9418446	-0.9961424	-0.9616076	-0.9758375	-0.9801548	-0.9583644	-0.9629042	0.958147	-0.9781203	-0.9728627	-0.9610192	-0.9466939	-0.9418446
23/12/2025	01:49	-0.9872379	-0.9748817	-0.9872258	-0.9893445	-0.9703947	-0.9986312	-0.9707486	-0.9890199	-0.9952883	-0.9767102	-0.9739428	-0.9795703	-0.9879102	-0.9775361	-0.9720632	-0.9629458	-0.9629458
23/12/2025	02:39	-0.9892661	-0.977683	-0.9886279	-0.9898118	-0.9705499	-1.002364	-0.9749318	-0.9899504	-0.9962244	-0.9793532	-0.975342	-0.9822094	-0.9883764	-0.9817423	-0.9731521	-0.962791	-0.962791
23/12/2025	03:29	-0.9844296	-0.9744148	-0.9855122	-0.9845152	-0.9683776	-0.996609	-0.969974	-0.9868486	-0.9938842	-0.9763993	-0.9739428	-0.9756893	-0.9860455	-0.9773804	-0.9649079	-0.9620171	-0.9620171
23/12/2025	04:19	-0.9870819	-0.9706798	-0.9848891	-0.9871635	-0.9676018	-1.000342	-0.9687345	-0.9873139	-0.9927921	-0.9726679	-0.9705224	0.9756893	-0.9844915	-0.9751994	-0.9723743	-0.9621719	-0.9621719
23/12/2025	05:09	-0.9863018	-0.9722361	-0.9859796	-0.9817111	-0.9610849	-0.9936536	-0.9664105	-0.9866935	-0.992012	-0.9706468	-0.9695896	0.9749131	-0.9821606	-0.9736416	-0.9656857	-0.9604693	-0.9604693
23/12/2025	05:59	-0.9746006	-0.9669447	-0.9841102	-0.9750125	-0.9559645	-0.990387	-0.9639316	-0.9700993	-0.9884236	-0.969092	-0.9658582	-0.9688587	-0.9636686	-0.9669429	-0.9485752	-0.9539685	-0.9485752
23/12/2025	06:49	-0.978813	-0.9675672	-0.9825523	-0.9842036	-0.9644985	-0.9987867	-0.9696641	-0.9834367	-0.9901398	-0.9745336	-0.9703669	0.9773969	-0.9795189	-0.9747321	-0.9636635	-0.9583024	-0.9583024
23/12/2025	07:39	-0.9802172	-0.9706798	-0.9803714	-0.9803091	-0.9623262	-0.9866538	-0.9690444	-0.9846774	-0.9885796	-0.9712687	-0.9661692	-0.9738264	-0.9765664	-0.9730184	-0.9670856	-0.956445	-0.956445
23/12/2025	08:29	-0.978969	-0.9613421	-0.9769442	-0.9751682	-0.9528612	-0.9924092	-0.9650161	-0.9818859	-0.9815589	-0.9684701	-0.9639925	0.9679272	-0.9656887	-0.9680334	-0.9544861	-0.9488608	-0.9488608
23/12/2025	09:19	-0.9721043	-0.9619646	-0.9771	-0.9684696	-0.9610849	-0.979343	-0.9521567	-0.9730459	-0.9686096	-0.9568097	-0.9448694	-0.9562842	-0.9576082	-0.9435755	-0.9555749	-0.9465391	-0.9435755
23/12/2025	10:09	-0.9777209	-0.9639878	-0.9808387	-0.9790628	-0.9579816	-0.9914759	-0.9633118	-0.9825062	-0.9760984	-0.9611629	-0.9573072	-0.9637357	-0.9773434	-0.9605558	-0.9605525	-0.9579928	-0.9573072
23/12/2025	10:59	-0.9731965	-0.9625872	-0.9736727	-0.977505	-0.955499	-0.9931869	-0.9589737	-0.9795596	-0.9806228	-0.9670709	-0.9629042	-0.9713425	-0.9703506	-0.9702144	-0.9390866	-0.9524208	-0.9390866
23/12/2025	11:49	-0.9770969	-0.9723917	-0.9853564	-0.9851383	-0.966826	-0.9994089	-0.9696641	-0.9800248	-0.9917	-0.9753109	-0.9709888	-0.9746026	-0.9776542	-0.9734858	-0.9605525	-0.9510277	-0.9510277
23/12/2025	12:39	-0.978189	-0.9663222	-0.9797483	-0.9792186	-0.9620159	-0.9908537	-0.9614527	-0.9784739	-0.9854593	-0.9670709	-0.9661692	0.9730502	-0.968175	-0.9646062	-0.965219	-0.9572189	-0.9572189
23/12/2025	13:29	-0.9741326	-0.9680341	-0.9755421	-0.9751682	-0.9572058	-0.9889871	-0.9619175	-0.9817308	-0.9734461	-0.9666045	-0.9546642	-0.9618728	-0.974857	-0.9577517	-0.9613303	-0.9530399	-0.9530399
23/12/2025	14:19	-0.9763168	-0.9675672	-0.9755421	-0.9787512	-0.9562748	-0.9919425	-0.9586639	-0.9769231	-0.982339	-0.9569652	-0.9423818	0.9606309	-0.9774988	-0.9627368	-0.9636635	-0.9497895	-0.9423818
23/12/2025	15:09	-0.9809973	-0.9723917	-0.9855122	-0.9865404	-0.9652743	-0.9959868	-0.9710585	-0.9862283	-0.9937282	-0.9734453	-0.9720771	-0.9780179	-0.9742355	-0.971928	-0.9555749	-0.9569094	-0.9555749
23/12/2025	15:59	-0.9808412	-0.9705242	-0.9828639	-0.9842036	-0.9665156	-0.9984756	-0.9650161	-0.9852978	-0.991856	-0.975	-0.9722326	-0.9783284	-0.9719045	-0.9751994	-0.9605525	-0.9586119	-0.9586119
23/12/2025	16:49	-0.9838055	-0.9720804	-0.983487	-0.9865404	-0.9651192	-0.9983201	-0.9667204	-0.9859181	-0.9899838	-0.975	-0.9699005	-0.9721187	-0.9795189	-0.9728627	-0.9625747	-0.9592311	-0.9592311
23/12/2025	17:39	-0.9822454	-0.9728586	-0.9844217	-0.9829574	-0.9655847	-0.9986312	-0.9716782	-0.9866935	-0.992324	-0.9754664	-0.9717662	0.9778626	-0.981539	-0.9764457	-0.9639746	-0.9610884	-0.9610884
23/12/2025	18:29	-0.9820894	-0.9741036	-0.9831755	-0.9837363	-0.9655847	-0.9962979	-0.9691993	-0.9846774	-0.9927921	-0.9748445	-0.9722326	-0.9772417	-0.981539	-0.9767572	-0.9717521	-0.9615527	-0.9615527
23/12/2025	19:19	-0.9845856	-0.9727029	-0.9861353	-0.9854499	-0.9651192	-0.998009	-0.972143	-0.9859181	-0.992324	-0.9756219	-0.97301	-0.9770864	-0.9776542	-0.9762899	-0.9673967	-0.9592311	-0.9592311
23/12/2025	20:09	-0.9817773	-0.9730142	-0.9859796	-0.9832689	-0.963102	-0.9992534	-0.972298	-0.9863834	-0.9917	-0.9754664	-0.9728545	-0.9780179	-0.98387	-0.9772246	-0.9617969	-0.9618623	-0.9617969
23/12/2025	20:59	-0.9850537	-0.9727029	-0.9862911	-0.9843594	-0.966826	-0.9978534	-0.9710585	-0.9879342	-0.9932601	-0.9767102	-0.9736318	0.9781731	-0.9835592	-0.9745763	-0.9681745	-0.9621719	-0.9621719
23/12/2025	21:49	-0.9825574	-0.973948	-0.985668	-0.9871635	-0.9680673	-0.9995645	-0.9707486	-0.9873139	-0.9931041	-0.9759328	-0.9728545	-0.980036	-0.9858901	-0.9780035	-0.9701966	-0.962791	-0.962791
23/12/2025	22:39	-0.9872379	-0.9744148	-0.9875374	-0.9868519	-0.9688431	-1.000653	-0.9733825	-0.9873139	-0.9929481	-0.9768657	-0.9742537	0.9791046	-0.9869779	-0.9778477	-0.96973	-0.9638744	-0.9638744
23/12/2025	23:29	-0.9827134	-0.9725473	-0.9837986	-0.9863846	-0.9686879	-0.9992534	-0.9733825	-0.9876241	-0.9941962	-0.9765547	-0.9733209	-0.9794151	-0.9683304	-0.9772246	-0.9638191	-0.9615527	-0.9615527
24/12/2025	00:19	-0.9848977	-0.9744148	-0.9875374	-0.9885656	-0.9691534	-1.000809	-0.9735374	-0.9866935	-0.9951323	-0.9773321	-0.9744092	0.9808122	-0.9875995	-0.9778477	-0.9700411	-0.962791	-0.962791
24/12/2025	01:09	-0.9869259	-0.9762824	-0.9869143	-0.9865404	-0.9679121	-0.9983201	-0.974467	-0.98933	-0.9952883	-0.9777985	-0.9748756	-0.9809675	-0.9866671	-0.9797171	-0.9734632	-0.9634101	-0.9634101
24/12/2025	01:59	-0.978813	-0.9649216	-0.9788136	-0.9796859	-0.95643	-0.9950535	-0.9631569	-0.9814206	-0.9862394	-0.9666045	-0.9635261	-0.9690139	-0.9720599	-0.9633599	-0.9505973	-0.9513373	-0.9505973
24/12/2025	02:49	-0.9752247	-0.9675672	-0.9808387	-0.9815553	-0.9624814	-0.9941202	-0.9650161	-0.9832816	-0.9867074	-0.9678483	-0.9674129	-0.96327	-0.9778095	-0.9705259	-0.9557305	-0.9531947	-0.9531947
24/12/2025	03:39	-0.9767848	-0.9725473	-0.9839544	-0.981088	-0.964964	-0.9964535	-0.9637766	-0.9852978	-0.9910759	-0.9697139	-0.9638371	-0.975534	-0.9739247	-0.9708375	-0.9659968	-0.9558259	-0.9558259
24/12/2025	04:29	-0.9864578	-0.9742592	-0.9858238	-0.9862288	-0.9662053	-0.9984756	-0.9730726	-0.9883995	-0.9956003	-0.9765547	-0.9737873	-0.9784836	-0.982316	-0.9783151	-0.9708188	-0.9609336	-0.9609336
24/12/2025	05:19	-0.9738205	-0.9669447	-0.9800598	-0.9773492	-0.9626365	-0.9905426	-0.965171	-0.9828164	-0.9865514	-0.9697139	-0.964148	-0.9701006	-0.9711275	-0.9663198	-0.9647524	-0.9493252	-0.9493252
24/12/2025	06:09	-0.9752247	-0.9700573	-0.9816176	-0.9779723	-0.9609297	-0.9958313	-0.9626921	-0.9835918	-0.9899838	-0.972046	-0.9669465	0.9746026	-0.974857	-0.9720837	-0.9631969	-0.9562902	-0.9562902
24/12/2025	06:59	-0.9778769	-0.9691235	-0.980683	-0.9792186	-0.9617056	-0.9892982	-0.9661006	-0.9823511	-0.9857713	-0.9715796	-0.9685012	0.9643567	-0.975634	-0.9736416	-0.9529306	-0.9570641	-0.9529306
24/12/2025	07:49	-0.978189	-0.9688123	-0.9774115	-0.9771934	-0.9613952	-0.9920981	-0.9631569	-0.9845223	-0.9888917	-0.9731343	-0.967102	-0.967772	-0.9767218	-0.9713048	-0.9613303	-0.9556711	-0.9556711
24/12/2025	08:39	-0.9824014	-0.9723917	-0.9830197	-0.9828016	-0.9643433	-0.9978534	-0.9709036	-0.985763	-0.9906078	-0.9751555	-0.9708333	0.9753788	-0.9703506	-0.9772246	-0.9544861	-0.9595406	-0.9544861
24/12/2025	09:29	-0.9813093	-0.9731698	-0.9859796	-0.9851383	-0.965895	-0.9964535	-0.9704388	-0.9860732	-0.992636	-0.9736007	-0.9714552	-0.9781731	-0.9824714	-0.9756667	-0.9580637	-0.9595406	-0.9580637
24/12/2025	10:19	-0.978189	-0.9636765	-0.9689993	-0.9751682	-0.9523957	-0.9875871	-0.9636217	-0.976768	-0.9611208	-0.9597637	-0.9541978	-0.9513164	-0.9734585	-0.9605558	-0.9624191	-0.9584572	-0.9513164
24/12/2025	11:09	-0.9797491	-0.9713023	-0.9848891	-0.9854499	-0.9618607	-0.9967646	-0.9710585	-0.9840571	-0.9917	-0.9739117	-0.9708333	-0.975534	-0.9754786	-0.9762899	-0.9692633	-0.9593858	-0.9593858
24/12/2025	11:59	-0.9799051	-0.9716135	-0.9836428	-0.9838921	-0.965895	-0.9964535	-0.9688894	-0.9849876	-0.9896717	-0.9754664	-0.9705224	0.9778626	-0.9788973	-0.9750436	-0.9628858	-0.9576833	-0.9576833
24/12/2025	12:49	-0.9811533	-0.9725473	-0.9845775	-0.9838921	-0.9648088	-0.994898	-0.9705937	-0.985763	-0.9915439	-0.9745336	-0.9699005	-0.9763102	-0.977188	-0.9739531	-0.9627302	-0.9552068	-0.9552068
24/12/2025	13:39	-0.978189	-0.9667891	-0.9792809	-0.9835805	-0.9651192	-0.9925647	-0.9664105	-0.982196	-0.9832751	-0.9686256	-0.9652363	-0.971653	-0.9733031	-0.9490279	-0.9446864	-0.94592	-0.9446864
24/12/2025	14:29	-0.9764728	-0.9675672	-0.9828639	-0.9859172	-0.965895	-0.9984756	-0.9701289	-0.9870037	-0.9890477	-0.9740672	-0.9705224	0.9777074	-0.9734585	-0.9736416	-0.957286	-0.9598502	-0.957286
24/12/2025	15:19	-0.9710122	-0.9723917	-0.9844217	-0.9831132	-0.9654295	-0.991787	-0.9664105	-0.9848325	-0.9888917	-0.9728234	-0.969745	-0.9728949	-0.9778095	-0.9677218	-0.9614858	-0.9567546	-0.9567546
24/12/2025	16:09	-0.9830255	-0.9725473	-0.9853564	-0.9868519	-0.9671363	-0.9983201	-0.9704388	-0.9826613	-0.992012	-0.9756219	-0.9722326	0.9770864	-0.9787419	-0.9770688	-0.9593081	-0.9593858	-0.9593081
24/12/2025	16:59	-0.9817773	-0.9733254	-0.9844217	-0.9852941	-0.9666708	-0.9981645	-0.9687345	-0.9842122	-0.9907639	-0.9746891	-0.9714552	-0.9777074	-0.9773434	-0.9747321	-0.9597748	-0.9592311	-0.9592311
24/12/2025	17:49	-0.9819333	-0.9733254	-0.9864469	-0.9856057	-0.9655847	-0.9983201	-0.9716782	-0.9849876	-0.992012	-0.9759328	-0.9723881	0.9786388	-0.9781203	-0.9775361	-0.9678634	-0.9620171	-0.9620171
24/12/2025	18:39	-0.9809973	-0.9728586	-0.9850449	-0.9856057	-0.9660501	-0.9956757	-0.9695092	-0.9859181	-0.9929481	-0.9760883	-0.9714552	-0.9784836	-0.9801405	-0.9778477	-0.9695744	-0.9610884	-0.9610884
24/12/2025	19:29	-0.9842736	-0.9727029	-0.9859796	-0.984671	-0.9655847	-0.99972	-0.9718332	-0.9859181	-0.9915439	-0.9756219	-0.9720771	-0.9786388	-0.9827822	-0.9778477	-0.965219	-0.9609336	-0.9609336
24/12/2025	20:19	-0.9817773	-0.9722361	-0.9859796	-0.9865404	-0.9635675	-0.9978534	-0.9724529	-0.987469	-0.9935721	-0.9763993	-0.9728545	0.9789493	-0.9844915	-0.9776919	-0.9701966	-0.9583024	-0.9583024
24/12/2025	21:09	-0.9808412	-0.975193	-0.9862911	-0.9862288	-0.9685328	-0.9990978	-0.9730726	-0.9870037	-0.9940402	-0.9757774	-0.97301	-0.9792598	-0.9840254	-0.9773804	-0.9694189	-0.9623266	-0.9623266
24/12/2025	21:59	-0.9856777	-0.9762824	-0.9875374	-0.9874751	-0.967757	-0.9989423	-0.9736924	-0.9882444	-0.9946643	-0.9765547	-0.9737873	0.9801913	-0.9872887	-0.9780035	-0.9734632	-0.9635649	-0.9635649
24/12/2025	22:49	-0.9858337	-0.9756599	-0.9867585	-0.9876309	-0.9688431	-1.000653	-0.9733825	-0.9879342	-0.9941962	-0.9762438	-0.9740983	0.9801913	-0.9816944	-0.9784708	-0.9647524	-0.9606241	-0.9606241
24/12/2025	23:39	-0.9766288	-0.9737923	-0.9859796	-0.9868519	-0.9683776	-0.9986312	-0.9693542	-0.9871588	-0.9937282	-0.9765547	-0.9723881	-0.9795703	-0.9840254	-0.9784708	-0.9691078	-0.962791	-0.962791
25/12/2025	00:29	-0.9842736	-0.9748817	-0.9859796	-0.9871635	-0.9680673	-1.000498	-0.9716782	-0.987469	-0.9935721	-0.9763993	-0.9722326	-0.9789493	-0.9871333	-0.976913	-0.9715966	-0.9626362	-0.9626362
25/12/2025	01:19	-0.9852097	-0.9737923	-0.9858238	-0.9870077	-0.9666708	-0.9964535	-0.9715233	-0.9876241	-0.9935721	-0.9771766	-0.9733209	-0.9798808	-0.9862009	-0.9786266	-0.9692633	-0.9620171	-0.9620171
25/12/2025	02:09	-0.9855217	-0.9753486	-0.9866027	-0.9874751	-0.9676018	-1.000342	-0.9735374	-0.9879342	-0.9940402	-0.977643	-0.9734764	-0.9781731	-0.9871333	-0.9789382	-0.9717521	-0.9635649	-0.9635649
25/12/2025	02:59	-0.9848977	-0.9759711	-0.9872258	-0.9887213	-0.9691534	-0.99972	-0.9732276	-0.9888648	-0.9945082	-0.9770211	-0.9750311	-0.9789493	-0.9875995	-0.9795613	-0.9715966	-0.9640292	-0.9640292
25/12/2025	03:49	-0.9920744	-0.9769049	-0.9887836	-0.9891887	-0.9699292	-1.003142	-0.9752417	-0.9897953	-0.9957564	-0.9781095	-0.9745647	0.9814332	-0.9888426	-0.9817423	-0.9740854	-0.9646483	-0.9646483
25/12/2025	04:39	-0.9895781	-0.9762824	-0.987849	-0.9890329	-0.9688431	-1.002675	-0.974622	-0.9880893	-0.9956003	-0.9773321	-0.9734764	-0.9801913	-0.988221	-0.9800287	-0.9740854	-0.9643388	-0.9643388
25/12/2025	05:29	-0.9863018	-0.9750374	-0.9883163	-0.9879424	-0.9686879	-0.9990978	-0.9738473	-0.9887097	-0.9945082	-0.977954	-0.9742537	0.9803465	-0.9863563	-0.9789382	-0.9737743	-0.9629458	-0.9629458
25/12/2025	06:19	-0.9845856	-0.9733254	-0.9847333	-0.9876309	-0.967757	-1.000498	-0.9736924	-0.9880893	-0.9941962	-0.9765547	-0.9733209	-0.9781731	-0.9880656	-0.9792498	-0.9709744	-0.961398	-0.961398
25/12/2025	07:09	-0.9836495	-0.9745705	-0.9869143	-0.9876309	-0.9685328	-1.001587	-0.9736924	-0.9880893	-0.9943522	-0.9771766	-0.9733209	0.9784836	-0.9858901	-0.9798729	-0.9692633	-0.9634101	-0.9634101
25/12/2025	07:59	-0.9772529	-0.9731698	-0.9836428	-0.9863846	-0.9679121	-0.9959868	-0.9719881	-0.9877792	-0.9948203	-0.9763993	-0.9734764	-0.9789493	-0.9841808	-0.9778477	-0.96833	-0.9618623	-0.9618623
25/12/2025	08:49	-0.9828694	-0.9736367	-0.9875374	-0.9859172	-0.966826	-0.9978534	-0.9709036	-0.9883995	-0.9929481	-0.9756219	-0.9737873	0.9803465	-0.9846469	-0.9780035	-0.9705077	-0.9623266	-0.9623266
25/12/2025	09:39	-0.9828694	-0.9744148	-0.9853564	-0.986073	-0.9682224	-0.9987867	-0.969974	-0.9870037	-0.9935721	-0.9770211	-0.9722326	-0.9792598	-0.9848023	-0.9783151	-0.9705077	-0.9606241	-0.9606241
25/12/2025	10:29	-0.9842736	-0.9747261	-0.9850449	-0.9856057	-0.9657398	-0.9981645	-0.9713684	-0.9865385	-0.9932601	-0.975	-0.9712998	-0.9781731	-0.9854239	-0.9770688	-0.9705077	-0.9617075	-0.9617075
25/12/2025	11:19	-0.9799051	-0.9720804	-0.9836428	-0.9857615	-0.9615504	-0.9976979	-0.9704388	-0.9860732	-0.992324	-0.9757774	-0.9712998	0.9763102	-0.981539	-0.9748878	-0.958997	-0.9592311	-0.958997
25/12/2025	12:09	-0.9825574	-0.9706798	-0.9841102	-0.9838921	-0.9644985	-0.9961424	-0.9691993	-0.9859181	-0.9907639	-0.9748445	-0.9706779	-0.975534	-0.9787419	-0.9728627	-0.9627302	-0.9533494	-0.9533494
25/12/2025	12:59	-0.9813093	-0.9717692	-0.9848891	-0.9849826	-0.9660501	-0.996609	-0.9688894	-0.985763	-0.9915439	-0.9748445	-0.9720771	-0.9769312	-0.9806067	-0.9753552	-0.9659968	-0.9606241	-0.9606241
25/12/2025	13:49	-0.9742886	-0.973948	-0.9850449	-0.9854499	-0.9652743	-0.9984756	-0.9685796	-0.9876241	-0.9929481	-0.9759328	-0.97301	-0.9770864	-0.9848023	-0.9781593	-0.9670856	-0.9617075	-0.9617075
25/12/2025	14:39	-0.9842736	-0.9741036	-0.9858238	-0.9859172	-0.9660501	-0.9981645	-0.9719881	-0.9873139	-0.9931041	-0.9754664	-0.9725435	-0.9778626	-0.9827822	-0.9781593	-0.9681745	-0.9604693	-0.9604693
25/12/2025	15:29	-0.9848977	-0.9731698	-0.9853564	-0.9849826	-0.9672915	-0.9990978	-0.9707486	-0.9856079	-0.9929481	-0.9754664	-0.9717662	-0.9780179	-0.9862009	-0.9761341	-0.9695744	-0.9618623	-0.9618623
25/12/2025	16:19	-0.9827134	-0.9742592	-0.985668	-0.9831132	-0.9660501	-0.9970757	-0.9710585	-0.9863834	-0.9909199	-0.9757774	-0.9723881	0.9777074	-0.9787419	-0.9764457	-0.9687967	-0.9612432	-0.9612432
25/12/2025	17:09	-0.9830255	-0.9692791	-0.9850449	-0.9835805	-0.9654295	-0.9972312	-0.9685796	-0.9831266	-0.9912319	-0.9728234	-0.9720771	-0.9753788	-0.9778095	-0.9736416	-0.963508	-0.9587667	-0.9587667
25/12/2025	17:59	-0.9741326	-0.9713023	-0.9855122	-0.9843594	-0.9651192	-0.9981645	-0.9716782	-0.9862283	-0.9904518	-0.9756219	-0.9714552	-0.9775522	-0.9851131	-0.9775361	-0.9691078	-0.9607789	-0.9607789
25/12/2025	18:49	-0.9811533	-0.9708354	-0.9827081	-0.9820227	-0.9648088	-0.9962979	-0.9661006	-0.9826613	-0.9904518	-0.972357	-0.9678794	0.9733607	-0.9818498	-0.9751994	-0.9641302	-0.9510277	-0.9510277
25/12/2025	19:39	-0.9816213	-0.9733254	-0.9847333	-0.9854499	-0.9674466	-0.9986312	-0.9716782	-0.9870037	-0.9927921	-0.9745336	-0.9708333	-0.9789493	-0.9834038	-0.9786266	-0.9684856	-0.9604693	-0.9604693
25/12/2025	20:29	-0.9795931	-0.9725473	-0.9855122	-0.9859172	-0.966826	-1.000498	-0.9726078	-0.9852978	-0.9940402	-0.9762438	-0.97301	-0.9789493	-0.9848023	-0.9775361	-0.9711299	-0.9626362	-0.9626362
25/12/2025	21:19	-0.9820894	-0.9736367	-0.9848891	-0.9874751	-0.966826	-0.99972	-0.9730726	-0.9834367	-0.9941962	-0.9763993	-0.9706779	-0.9794151	-0.9820052	-0.9780035	-0.9692633	-0.961398	-0.961398
25/12/2025	22:09	-0.9861458	-0.9728586	-0.9845775	-0.9871635	-0.9671363	-0.9987867	-0.9715233	-0.9868486	-0.9932601	-0.9763993	-0.9719216	-0.9795703	-0.9837146	-0.9776919	-0.9711299	-0.9615527	-0.9615527
25/12/2025	22:59	-0.9739765	-0.9741036	-0.9853564	-0.9851383	-0.9669811	-0.9972312	-0.9716782	-0.9848325	-0.9931041	-0.9737562	-0.9719216	-0.9789493	-0.9840254	-0.9775361	-0.9709744	-0.9589215	-0.9589215
25/12/2025	23:49	-0.9856777	-0.9742592	-0.9862911	-0.9862288	-0.9680673	-0.9987867	-0.9715233	-0.9873139	-0.9937282	-0.9765547	-0.9722326	-0.9781731	-0.983093	-0.9786266	-0.9687967	-0.9618623	-0.9618623
26/12/2025	00:39	-0.9819333	-0.9723917	-0.9862911	-0.9851383	-0.9680673	-0.9998756	-0.9713684	-0.9870037	-0.992012	-0.9759328	-0.9725435	0.9792598	-0.9852685	-0.9780035	-0.9625747	-0.961398	-0.961398
26/12/2025	01:29	-0.9869259	-0.975193	-0.987849	-0.986073	-0.9683776	-1.000031	-0.9740022	-0.9879342	-0.9941962	-0.977954	-0.9733209	-0.9798808	-0.9872887	-0.9797171	-0.9712855	-0.9601597	-0.9601597
26/12/2025	02:19	-0.9855217	-0.9731698	-0.9859796	-0.9848268	-0.9683776	-0.9984756	-0.9701289	-0.987469	-0.9945082	-0.9767102	-0.9712998	0.9791046	-0.9849577	-0.9794055	-0.9689522	-0.9624814	-0.9624814
26/12/2025	03:09	-0.9873939	-0.9747261	-0.9858238	-0.9866962	-0.9679121	-1.000498	-0.9735374	-0.9883995	-0.9951323	-0.9757774	-0.9748756	0.9797255	-0.9862009	-0.9742647	-0.9695744	-0.9637197	-0.9637197
26/12/2025	03:59	-0.9856777	-0.9755042	-0.9866027	-0.9868519	-0.9693086	-1.002209	-0.9730726	-0.9891749	-0.9943522	-0.9771766	-0.9739428	0.9805017	-0.9886872	-0.9775361	-0.9739298	-0.9623266	-0.9623266
26/12/2025	04:49	-0.988018	-0.9758155	-0.98707	-0.9873193	-0.9683776	-0.9998756	-0.9733825	-0.9885546	-0.9948203	-0.9768657	-0.9736318	-0.980657	-0.9868225	-0.9781593	-0.9711299	-0.9629458	-0.9629458
26/12/2025	05:39	-0.9816213	-0.9722361	-0.9852006	-0.9862288	-0.9665156	-0.9958313	-0.9693542	-0.985763	-0.9917	-0.9760883	-0.9733209	-0.9794151	-0.9778095	-0.9699028	-0.9684856	-0.9603145	-0.9603145
26/12/2025	06:29	-0.9731965	-0.9568289	-0.9716476	-0.9704948	-0.9454134	-0.9802763	-0.9628471	-0.9769231	-0.9770344	-0.9639614	-0.9635261	-0.9595442	-0.9779649	-0.9703701	-0.9596192	-0.9575285	-0.9454134
26/12/2025	07:19	-0.9669558	-0.9653884	-0.9809945	-0.9815553	-0.9615504	-0.9933425	-0.9662556	-0.9800248	-0.9879556	-0.9678483	-0.970056	0.9749131	-0.9695736	-0.9700586	-0.9593081	-0.9558259	-0.9558259
26/12/2025	08:09	-0.9811533	-0.9706798	-0.9828639	-0.9843594	-0.9657398	-0.9958313	-0.9691993	-0.9865385	-0.991856	-0.9753109	-0.9705224	0.9783284	-0.9792081	-0.9748878	-0.9613303	-0.9610884	-0.9610884
26/12/2025	08:59	-0.9817773	-0.9734811	-0.9850449	-0.9859172	-0.9679121	-0.9950535	-0.9716782	-0.985763	-0.9929481	-0.9748445	-0.9728545	0.9783284	-0.983093	-0.9773804	-0.9684856	-0.9601597	-0.9601597
26/12/2025	09:49	-0.9850537	-0.9711467	-0.9841102	-0.9838921	-0.9648088	-0.9981645	-0.9701289	-0.9871588	-0.9895157	-0.9740672	-0.9717662	-0.9773969	-0.9778095	-0.9766014	-0.965219	-0.9603145	-0.9603145
26/12/2025	10:39	-0.9809973	-0.9720804	-0.9794367	-0.9790628	-0.9607746	-0.9941202	-0.9679598	-0.9832816	-0.9887356	-0.9706468	-0.9688122	-0.9752235	-0.9793635	-0.9722395	-0.9658412	-0.9587667	-0.9587667
26/12/2025	11:29	-0.9838055	-0.9717692	-0.9848891	-0.9848268	-0.9654295	-0.9978534	-0.9713684	-0.9820409	-0.9915439	-0.975	-0.9708333	-0.9769312	-0.9848023	-0.976913	-0.9689522	-0.9606241	-0.9606241
26/12/2025	12:19	-0.9838055	-0.9714579	-0.9853564	-0.9854499	-0.964964	-0.9969201	-0.9705937	-0.9815757	-0.9906078	-0.9742226	-0.9712998	0.9772417	-0.9761002	-0.9773804	-0.9661523	-0.9552068	-0.9552068
26/12/2025	13:09	-0.9819333	-0.9741036	-0.9794367	-0.9862288	-0.965895	-0.9956757	-0.9691993	-0.9854529	-0.992168	-0.9743781	-0.9706779	-0.9770864	-0.9816944	-0.9770688	-0.9664634	-0.9607789	-0.9607789
26/12/2025	13:59	-0.9844296	-0.9730142	-0.9828639	-0.9848268	-0.966826	-0.9986312	-0.9709036	-0.983902	-0.992012	-0.9757774	-0.9711443	-0.9758445	-0.9821606	-0.9761341	-0.966619	-0.9610884	-0.9610884
26/12/2025	14:49	-0.9822454	-0.9728586	-0.9837986	-0.986073	-0.9657398	-0.9984756	-0.972143	-0.9873139	-0.99248	-0.9753109	-0.9720771	-0.9783284	-0.9846469	-0.9737974	-0.9692633	-0.9617075	-0.9617075
26/12/2025	15:39	-0.9824014	-0.9714579	-0.982085	-0.9843594	-0.9638779	-0.9973868	-0.969819	-0.9848325	-0.9898278	-0.9740672	-0.9711443	-0.9777074	-0.9829376	-0.9731742	-0.9619525	-0.960005	-0.960005
26/12/2025	16:29	-0.9816213	-0.9719248	-0.9855122	-0.9851383	-0.9651192	-0.9962979	-0.9691993	-0.9854529	-0.9902958	-0.9739117	-0.9709888	-0.9772417	-0.9810728	-0.9766014	-0.9638191	-0.960005	-0.960005
26/12/2025	17:19	-0.9813093	-0.973948	-0.9848891	-0.9848268	-0.9671363	-0.9990978	-0.9713684	-0.9860732	-0.992168	-0.9751555	-0.9712998	-0.9783284	-0.9832484	-0.9767572	-0.9659968	-0.9603145	-0.9603145
26/12/2025	18:09	-0.9869259	-0.973948	-0.9867585	-0.9854499	-0.9666708	-0.9990978	-0.9724529	-0.9876241	-0.9929481	-0.9756219	-0.9719216	0.9794151	-0.9855793	-0.976913	-0.9701966	-0.9609336	-0.9609336
26/12/2025	18:59	-0.9845856	-0.9730142	-0.9855122	-0.9857615	-0.9669811	-0.9986312	-0.9710585	-0.9856079	-0.991856	-0.9736007	-0.9717662	0.9787941	-0.9841808	-0.9761341	-0.9700411	-0.9612432	-0.9612432
26/12/2025	19:49	-0.9842736	-0.9728586	-0.9862911	-0.9862288	-0.9666708	-0.9990978	-0.9730726	-0.9870037	-0.9934161	-0.9756219	-0.9725435	-0.9795703	-0.9849577	-0.9781593	-0.9686411	-0.9621719	-0.9621719
26/12/2025	20:39	-0.9847416	-0.9753486	-0.9862911	-0.9854499	-0.9676018	-1.000809	-0.972298	-0.9879342	-0.9917	-0.9760883	-0.9736318	-0.9783284	-0.98387	-0.9756667	-0.9653746	-0.9596954	-0.9596954
26/12/2025	21:29	-0.9856777	-0.9748817	-0.9872258	-0.9848268	-0.966826	-1.000187	-0.9733825	-0.9873139	-0.9935721	-0.9770211	-0.972699	-0.9786388	-0.9865117	-0.9792498	-0.9720632	-0.960005	-0.960005
26/12/2025	22:19	-0.9852097	-0.9741036	-0.98707	-0.9870077	-0.9669811	-0.9983201	-0.9733825	-0.987469	-0.992168	-0.9760883	-0.9728545	-0.9786388	-0.9837146	-0.9775361	-0.9701966	-0.9624814	-0.9624814
26/12/2025	23:09	-0.9739765	-0.960564	-0.9732054	-0.9723642	-0.9517751	-0.9844761	-0.9588188	-0.9736663	-0.9773465	-0.9675373	-0.961505	-0.9693244	-0.9759448	-0.964762	-0.9580637	-0.9470035	-0.9470035
26/12/2025	23:59	-0.9830255	-0.973948	-0.9872258	-0.9874751	-0.9674466	-0.9994089	-0.9726078	-0.9880893	-0.9945082	-0.9771766	-0.9737873	0.9794151	-0.9855793	-0.9789382	-0.9708188	-0.9629458	-0.9629458
27/12/2025	00:49	-0.9831815	-0.9756599	-0.9881605	-0.9851383	-0.9693086	-1.002053	-0.9740022	-0.9888648	-0.9949763	-0.9765547	-0.9742537	0.9809675	-0.9875995	-0.9798729	-0.9705077	-0.9632553	-0.9632553
27/12/2025	01:39	-0.9820894	-0.9748817	-0.9859796	-0.9865404	-0.967757	-1.000031	-0.9733825	-0.9873139	-0.9927921	-0.9751555	-0.9725435	-0.9801913	-0.9866671	-0.9794055	-0.96973	-0.9618623	-0.9618623
27/12/2025	02:29	-0.9900462	-0.9769049	-0.9884721	-0.988254	-0.9705499	-1.001431	-0.9733825	-0.9901055	-0.9952883	-0.977643	-0.9750311	-0.9801913	-0.9883764	-0.9812749	-0.971441	-0.9644936	-0.9644936
27/12/2025	03:19	-0.9863018	-0.9772161	-0.9884721	-0.9877866	-0.9691534	-0.99972	-0.9740022	-0.9856079	-0.9946643	-0.9787313	-0.9747201	-0.9805017	-0.9865117	-0.9795613	-0.9722188	-0.962791	-0.962791
27/12/2025	04:09	-0.9895781	-0.9770605	-0.9442298	-0.9461927	-0.9686879	-1.001898	-0.974622	-0.9887097	-0.9956003	-0.9781095	-0.9747201	-0.9809675	-0.969729	-0.9758225	-0.9733076	-0.9418957	-0.9418957
27/12/2025	04:59	-0.9733525	-0.9720804	-0.9825523	-0.9785955	-0.9621711	-0.9883649	-0.9617625	-0.9846774	-0.9857713	-0.9653607	-0.966791	0.9721187	-0.9726815	-0.9705259	-0.9650635	-0.9525755	-0.9525755
27/12/2025	05:49	-0.9870819	-0.9748817	-0.98707	-0.9879424	-0.9683776	-0.9981645	-0.9736924	-0.9866935	-0.9938842	-0.9770211	-0.9731654	-0.9798808	-0.9844915	-0.9794055	-0.9711299	-0.962791	-0.962791
27/12/2025	06:39	-0.9639915	-0.9677229	-0.9813061	-0.9757914	-0.9606194	-0.9900759	-0.9614527	-0.9787841	-0.9870195	-0.9681592	-0.9678794	-0.971032	-0.9580743	-0.9709933	-0.9575971	-0.9544329	-0.9544329
27/12/2025	07:29	-0.9834935	-0.960564	-0.9764768	-0.9782839	-0.9612401	-0.994898	-0.9648612	-0.9752171	-0.9736021	-0.9575871	-0.9591729	-0.9595442	-0.9743909	-0.9630484	-0.9532417	-0.9572189	-0.9532417
27/12/2025	08:19	-0.9816213	-0.9708354	-0.9758537	-0.9792186	-0.9618607	-0.9925647	-0.9685796	-0.9825062	-0.9842112	-0.9703358	-0.9653918	-0.9694796	-0.9813836	-0.975511	-0.9658412	-0.9598502	-0.9598502
27/12/2025	09:09	-0.978345	-0.9736367	-0.9850449	-0.9870077	-0.9648088	-0.9992534	-0.9707486	-0.9877792	-0.9912319	-0.9762438	-0.9720771	0.9773969	-0.9820052	-0.9761341	-0.9695744	-0.9592311	-0.9592311
27/12/2025	09:59	-0.9827134	-0.9722361	-0.9839544	-0.9842036	-0.9660501	-0.9976979	-0.9684246	-0.983902	-0.9917	-0.9743781	-0.9702114	-0.9773969	-0.9782757	-0.9750436	-0.9672412	-0.960005	-0.960005
27/12/2025	10:49	-0.9802172	-0.9717692	-0.9848891	-0.9831132	-0.9652743	-0.9931869	-0.9688894	-0.983902	-0.9901398	-0.9731343	-0.9705224	0.9766207	-0.9706614	-0.9748878	-0.9504418	-0.9488608	-0.9488608
27/12/2025	11:39	-0.9841176	-0.9708354	-0.9814619	-0.98249	-0.9523957	-0.9969201	-0.9643964	-0.9846774	-0.9879556	-0.9700249	-0.955908	-0.9701006	-0.9701952	-0.9594654	-0.9649079	-0.9589215	-0.9523957
27/12/2025	12:29	-0.978969	-0.9730142	-0.9847333	-0.9856057	-0.9654295	-0.9975423	-0.9710585	-0.9865385	-0.992324	-0.9748445	-0.9722326	-0.9777074	-0.9781203	-0.9716164	-0.9673967	-0.9603145	-0.9603145
27/12/2025	13:19	-0.9817773	-0.9700573	-0.9819292	-0.9831132	-0.9624814	-0.9947424	-0.9684246	-0.978629	-0.9868635	-0.9695585	-0.9646144	0.9724292	-0.9745462	-0.958998	-0.9602414	-0.9586119	-0.9586119
27/12/2025	14:09	-0.9803732	-0.9716135	-0.9859796	-0.986073	-0.9660501	-0.9989423	-0.9715233	-0.9868486	-0.9929481	-0.9754664	-0.9717662	0.9766207	-0.9694182	-0.976913	-0.9591526	-0.9584572	-0.9584572
27/12/2025	14:59	-0.9842736	-0.9677229	-0.9848891	-0.9835805	-0.964964	-0.9962979	-0.9633118	-0.9848325	-0.9873315	-0.9718905	-0.9622823	0.9752235	-0.981539	-0.9717722	-0.9655301	-0.9583024	-0.9583024
27/12/2025	15:49	-0.9792811	-0.970991	-0.9847333	-0.9852941	-0.9655847	-0.9983201	-0.9709036	-0.9866935	-0.992012	-0.9756219	-0.9716107	-0.9770864	-0.9826268	-0.9762899	-0.9650635	-0.9589215	-0.9589215
27/12/2025	16:39	-0.9845856	-0.9731698	-0.9844217	-0.9854499	-0.9662053	-0.9962979	-0.9695092	-0.9860732	-0.9910759	-0.9757774	-0.9720771	-0.9763102	-0.9751678	-0.9770688	-0.966619	-0.9581476	-0.9581476
27/12/2025	17:29	-0.9833375	-0.9661666	-0.9823966	-0.9817111	-0.9567403	-0.9989423	-0.9656358	-0.9770782	-0.9870195	-0.9739117	-0.9666356	-0.971653	-0.9810728	-0.9750436	-0.9681745	-0.9604693	-0.9567403
27/12/2025	18:19	-0.9853657	-0.9736367	-0.9864469	-0.9859172	-0.9671363	-0.9981645	-0.9716782	-0.9870037	-0.992012	-0.9757774	-0.9717662	0.9777074	-0.9799851	-0.9767572	-0.9691078	-0.9624814	-0.9624814
27/12/2025	19:09	-0.9809973	-0.9579183	-0.9795925	-0.9728315	-0.958292	-0.9889871	-0.9569596	-0.9789392	-0.9806228	-0.9628731	-0.961505	-0.9713425	-0.9776542	-0.9653851	-0.9649079	-0.9562902	-0.9562902
27/12/2025	19:59	-0.9774089	-0.9658553	-0.9769442	-0.9731431	-0.957361	-0.990387	-0.9512271	-0.9716501	-0.9807788	-0.9591418	-0.944092	-0.9649776	-0.9487506	-0.9293993	-0.9566638	-0.9494799	-0.9293993
27/12/2025	20:49	-0.9813093	-0.9728586	-0.9855122	-0.9868519	-0.9680673	-0.9981645	-0.9724529	-0.9868486	-0.9932601	-0.9765547	-0.9728545	-0.9787941	-0.98387	-0.9742647	-0.9691078	-0.9620171	-0.9620171
27/12/2025	21:39	-0.9711682	-0.9541833	-0.9775673	-0.9728315	-0.9433962	-0.9829206	-0.9656358	-0.9800248	-0.972978	-0.9670709	-0.9569963	0.9583023	-0.9774988	-0.9706817	-0.9622636	-0.9556711	-0.9433962
27/12/2025	22:29	-0.9856777	-0.9755042	-0.9869143	-0.9880982	-0.966826	-0.99972	-0.9726078	-0.9862283	-0.9934161	-0.9773321	-0.9728545	-0.9789493	-0.9761002	-0.9795613	-0.9708188	-0.9623266	-0.9623266
27/12/2025	23:19	-0.9831815	-0.9719248	-0.9783462	-0.9767261	-0.9638779	-0.9931869	-0.9643964	-0.9772333	-0.9798427	-0.9648943	-0.9661692	-0.9685482	-0.9709722	-0.9593096	-0.9642857	-0.9607789	-0.9593096
28/12/2025	00:09	-0.9850537	-0.9742592	-0.9866027	-0.9851383	-0.9689983	-0.9998756	-0.9736924	-0.9879342	-0.9943522	-0.9773321	-0.9744092	-0.9803465	-0.9857347	-0.976913	-0.9708188	-0.9621719	-0.9621719
28/12/2025	00:59	-0.9795931	-0.9753486	-0.9867585	-0.9868519	-0.9693086	-0.9972312	-0.9724529	-0.9883995	-0.9945082	-0.9770211	-0.9733209	-0.9789493	-0.9827822	-0.9780035	-0.9644413	-0.9595406	-0.9595406
28/12/2025	01:49	-0.9792811	-0.9750374	-0.9876932	-0.9865404	-0.9680673	-1.000187	-0.9727628	-0.9879342	-0.9945082	-0.9770211	-0.9744092	0.9789493	-0.9875995	-0.9792498	-0.9712855	-0.962791	-0.962791
28/12/2025	02:39	-0.9833375	-0.9755042	-0.9869143	-0.9876309	-0.9693086	-1.001276	-0.9735374	-0.9880893	-0.9943522	-0.9773321	-0.9742537	0.9797255	-0.9874441	-0.9797171	-0.9722188	-0.9592311	-0.9592311
28/12/2025	03:29	-0.9808412	-0.9736367	-0.9867585	-0.9866962	-0.9665156	-1.000964	-0.9718332	-0.9880893	-0.9915439	-0.9782649	-0.9739428	0.9792598	-0.9863563	-0.9786266	-0.96973	-0.9621719	-0.9621719
28/12/2025	04:19	-0.9836495	-0.9755042	-0.9869143	-0.9874751	-0.9685328	-1.000031	-0.9726078	-0.9896402	-0.9943522	-0.9767102	-0.9740983	0.9805017	-0.9871333	-0.9783151	-0.9723743	-0.9634101	-0.9634101
28/12/2025	05:09	-0.988174	-0.9747261	-0.9855122	-0.9879424	-0.9685328	-1.000498	-0.9724529	-0.9873139	-0.9929481	-0.9763993	-0.9723881	-0.9769312	-0.9875995	-0.9778477	-0.9705077	-0.9606241	-0.9606241
28/12/2025	05:59	-0.959467	-0.9658553	-0.9797483	-0.9768819	-0.9604643	-0.9892982	-0.9688894	-0.9820409	-0.9838992	-0.9672264	-0.9653918	0.967151	-0.9753232	-0.9708375	-0.9597748	-0.9548972	-0.9548972
28/12/2025	06:49	-0.9853657	-0.9742592	-0.9853564	-0.9849826	-0.9686879	-0.9989423	-0.9716782	-0.9870037	-0.9935721	-0.9754664	-0.972699	0.9784836	-0.9829376	-0.9753552	-0.9647524	-0.9623266	-0.9623266
28/12/2025	07:39	-0.9813093	-0.9728586	-0.9837986	-0.9854499	-0.9676018	-0.9959868	-0.9705937	-0.987469	-0.9932601	-0.975	-0.9723881	-0.9777074	-0.9846469	-0.9775361	-0.9687967	-0.961398	-0.961398
28/12/2025	08:29	-0.9816213	-0.9731698	-0.9852006	-0.9852941	-0.965895	-0.9944313	-0.9690444	-0.9860732	-0.9917	-0.9757774	-0.9723881	-0.9759998	-0.9784311	-0.9773804	-0.9619525	-0.9606241	-0.9606241
28/12/2025	09:19	-0.9811533	-0.9725473	-0.9828639	-0.9859172	-0.9654295	-0.9976979	-0.9691993	-0.9859181	-0.992012	-0.9748445	-0.9708333	0.9772417	-0.9729923	-0.9708375	-0.955886	-0.9590763	-0.955886
28/12/2025	10:09	-0.9836495	-0.9728586	-0.9852006	-0.9856057	-0.9657398	-0.9984756	-0.9710585	-0.9848325	-0.9898278	-0.9739117	-0.9725435	-0.9750683	-0.9804513	-0.9762899	-0.9691078	-0.9596954	-0.9596954
28/12/2025	10:59	-0.9814653	-0.9705242	-0.9837986	-0.98249	-0.9638779	-0.9964535	-0.9685796	-0.9846774	-0.9910759	-0.9743781	-0.9689677	-0.9744473	-0.9846469	-0.975511	-0.9624191	-0.9584572	-0.9584572
28/12/2025	11:49	-0.9816213	-0.9727029	-0.9848891	-0.9837363	-0.964033	-0.9973868	-0.9684246	-0.985763	-0.992012	-0.9743781	-0.9699005	-0.9763102	-0.9733031	-0.9748878	-0.9630413	-0.9586119	-0.9586119
28/12/2025	12:39	-0.9816213	-0.9703685	-0.9837986	-0.9835805	-0.965895	-0.9961424	-0.969819	-0.9860732	-0.9917	-0.9701803	-0.9719216	-0.9739816	-0.9695736	-0.9716164	-0.9457753	-0.9589215	-0.9457753
28/12/2025	13:29	-0.9831815	-0.9723917	-0.9841102	-0.9857615	-0.9654295	-0.9989423	-0.9705937	-0.985763	-0.9901398	-0.9751555	-0.9712998	0.9750683	-0.974857	-0.9741089	-0.9594637	-0.9603145	-0.9594637
28/12/2025	14:19	-0.9839616	-0.9727029	-0.9850449	-0.9848268	-0.964964	-0.996609	-0.9681148	-0.9863834	-0.9907639	-0.975	-0.9716107	-0.9753788	-0.9824714	-0.9717722	-0.9602414	-0.9589215	-0.9589215
28/12/2025	15:09	-0.9813093	-0.9702129	-0.9847333	-0.9851383	-0.9644985	-0.9984756	-0.9693542	-0.9854529	-0.9893597	-0.9742226	-0.9708333	-0.9763102	-0.9788973	-0.9727069	-0.9659968	-0.9587667	-0.9587667
28/12/2025	15:59	-0.9834935	-0.9716135	-0.9844217	-0.9859172	-0.9644985	-0.9944313	-0.9702838	-0.9843672	-0.9895157	-0.9742226	-0.9712998	-0.976155	-0.981539	-0.976913	-0.9678634	-0.9604693	-0.9604693
28/12/2025	16:49	-0.9836495	-0.9706798	-0.9845775	-0.9838921	-0.9648088	-0.9972312	-0.9690444	-0.9843672	-0.9874875	-0.9753109	-0.9706779	-0.9773969	-0.975634	-0.9742647	-0.9575971	-0.9610884	-0.9575971
28/12/2025	17:39	-0.9811533	-0.9720804	-0.9830197	-0.9842036	-0.9646537	-0.996609	-0.969974	-0.9851427	-0.9915439	-0.9748445	-0.9714552	-0.9772417	-0.9796743	-0.9748878	-0.9673967	-0.9607789	-0.9607789
28/12/2025	18:29	-0.9839616	-0.9723917	-0.9845775	-0.9840479	-0.964964	-0.9986312	-0.9693542	-0.9860732	-0.992012	-0.9753109	-0.9706779	-0.9747578	-0.9834038	-0.9748878	-0.9672412	-0.9601597	-0.9601597
28/12/2025	19:19	-0.9792811	-0.9722361	-0.9853564	-0.98249	-0.965895	-0.991787	-0.9702838	-0.9849876	-0.9896717	-0.9739117	-0.9703669	-0.9728949	-0.970506	-0.9655409	-0.9647524	-0.9561355	-0.9561355
28/12/2025	20:09	-0.9824014	-0.9737923	-0.9852006	-0.9856057	-0.9646537	-0.9981645	-0.9719881	-0.9848325	-0.992324	-0.9754664	-0.9717662	0.976776	-0.983093	-0.9753552	-0.9677078	-0.9612432	-0.9612432
28/12/2025	20:59	-0.9819333	-0.9728586	-0.9853564	-0.9831132	-0.9662053	-0.9969201	-0.9710585	-0.9851427	-0.992324	-0.9734453	-0.9714552	0.9772417	-0.9804513	-0.9750436	-0.960397	-0.9587667	-0.9587667
28/12/2025	21:49	-0.9833375	-0.9716135	-0.9861353	-0.9852941	-0.9665156	-0.9950535	-0.9702838	-0.9859181	-0.9910759	-0.9760883	-0.9706779	-0.9780179	-0.9824714	-0.9731742	-0.9607081	-0.9593858	-0.9593858
28/12/2025	22:39	-0.9836495	-0.9689679	-0.9814619	-0.9826458	-0.9648088	-0.9970757	-0.9691993	-0.9849876	-0.9856153	-0.9728234	-0.9706779	-0.9725845	-0.9816944	-0.9753552	-0.9664634	-0.9615527	-0.9615527
28/12/2025	23:29	-0.978501	-0.9736367	-0.9864469	-0.9845152	-0.9652743	-0.9990978	-0.9719881	-0.987469	-0.9937282	-0.9751555	-0.9725435	-0.9786388	-0.983093	-0.9778477	-0.9687967	-0.9584572	-0.9584572
29/12/2025	00:19	-0.9714803	-0.9409549	-0.9702455	-0.9641077	-0.938431	-0.9791874	-0.9453396	-0.9545906	-0.9514478	-0.9420398	-0.9430037	0.9486773	-0.976411	-0.9627368	-0.9585304	-0.9476226	-0.938431
29/12/2025	01:09	-0.9836495	-0.9736367	-0.9866027	-0.9857615	-0.9669811	-0.9984756	-0.972298	-0.9876241	-0.9934161	-0.9768657	-0.97301	-0.980036	-0.9860455	-0.9780035	-0.9711299	-0.9615527	-0.9615527
29/12/2025	01:59	-0.9800612	-0.9744148	-0.9867585	-0.9873193	-0.9676018	-0.9983201	-0.9736924	-0.987469	-0.9940402	-0.9767102	-0.9731654	0.980036	-0.9860455	-0.9776919	-0.9703522	-0.9623266	-0.9623266
29/12/2025	02:49	-0.9855217	-0.973948	-0.9850449	-0.9880982	-0.9680673	-0.9978534	-0.9724529	-0.9887097	-0.9932601	-0.9754664	-0.9728545	0.9798808	-0.9857347	-0.9787824	-0.9712855	-0.9629458	-0.9629458
29/12/2025	03:39	-0.9867698	-0.9731698	-0.9855122	-0.9870077	-0.9666708	-0.9990978	-0.972298	-0.9879342	-0.9945082	-0.9773321	-0.9740983	0.9780179	-0.9852685	-0.9786266	-0.9701966	-0.9623266	-0.9623266
29/12/2025	04:29	-0.9842736	-0.9692791	-0.9795925	-0.9793744	-0.9581368	-0.9928758	-0.965326	-0.9794045	-0.9857713	-0.9683147	-0.9657027	0.9713425	-0.9826268	-0.9741089	-0.9684856	-0.9601597	-0.9581368
29/12/2025	05:19	-0.9753807	-0.9632097	-0.9774115	-0.9768819	-0.9592229	-0.9897648	-0.963002	-0.9772333	-0.9877996	-0.96676	-0.9657027	-0.9694796	-0.9580743	-0.9646062	-0.9523084	-0.9524208	-0.9523084
29/12/2025	06:09	-0.9675799	-0.9655441	-0.9771	-0.9771934	-0.9542577	-0.9896093	-0.9642414	-0.9818859	-0.9859274	-0.9670709	-0.9610386	-0.9655986	-0.969729	-0.9582191	-0.9617969	-0.9541233	-0.9541233
29/12/2025	06:59	-0.978189	-0.9706798	-0.9811503	-0.9801533	-0.9643433	-0.9953646	-0.9681148	-0.9849876	-0.9899838	-0.9714241	-0.9706779	0.9741369	-0.9706614	-0.9708375	-0.9519973	-0.9542781	-0.9519973
29/12/2025	07:49	-0.9739765	-0.9625872	-0.9781904	-0.981088	-0.9621711	-0.9942758	-0.9631569	-0.9846774	-0.9849913	-0.9695585	-0.9666356	0.9691692	-0.9722153	-0.9695912	-0.9585304	-0.9538138	-0.9538138
29/12/2025	08:39	-0.9738205	-0.966011	-0.9741401	-0.9790628	-0.9562748	-0.9906981	-0.9639316	-0.9817308	-0.9843672	-0.969092	-0.9653918	-0.9713425	-0.9646009	-0.962581	-0.9518417	-0.9524208	-0.9518417
29/12/2025	09:29	-0.9791251	-0.9694348	-0.9828639	-0.9834247	-0.964033	-0.9936536	-0.9685796	-0.982196	-0.9888917	-0.9689366	-0.970056	-0.972274	-0.9776542	-0.9741089	-0.9538639	-0.9572189	-0.9538639
29/12/2025	10:19	-0.958843	-0.9222796	-0.9367522	-0.9374688	-0.9070879	-0.9507218	-0.9298463	-0.9477667	-0.9200886	-0.9235386	-0.9212376	0.9140586	-0.9605607	-0.9471585	-0.9546416	-0.9432888	-0.9070879
29/12/2025	11:09	-0.9756927	-0.9681897	-0.9795925	-0.981088	-0.9641882	-0.994898	-0.965326	-0.9797146	-0.9860834	-0.966449	-0.964459	-0.9682377	-0.9677089	-0.9677218	-0.9423532	-0.9496347	-0.9423532
29/12/2025	11:59	-0.9731965	-0.9534051	-0.9702455	-0.9725199	-0.9539474	-0.9858761	-0.9585089	-0.9811104	-0.9840552	-0.9687811	-0.9633706	-0.9708768	-0.9722153	-0.9692797	-0.9645968	-0.952266	-0.952266
29/12/2025	12:49	-0.9792811	-0.969746	-0.9839544	-0.9831132	-0.9634124	-0.9964535	-0.9682697	-0.9835918	-0.9892037	-0.9736007	-0.9714552	0.9756893	-0.9778095	-0.9699028	-0.9630413	-0.9530399	-0.9530399
29/12/2025	13:39	-0.9696081	-0.9669447	-0.9783462	-0.9771934	-0.9601539	-0.9955202	-0.9667204	-0.9783189	-0.9885796	-0.9686256	-0.9669465	-0.9718082	-0.9722153	-0.9681892	-0.9549527	-0.9562902	-0.9549527
29/12/2025	14:29	-0.9544745	-0.9451569	-0.9680646	-0.9686254	-0.9395171	-0.977943	-0.9538609	-0.9697891	-0.9770344	-0.9619403	-0.9545087	0.9618728	-0.9666211	-0.9457565	-0.9560416	-0.9525755	-0.9395171
29/12/2025	15:19	-0.9795931	-0.9713023	-0.9841102	-0.9828016	-0.964964	-0.9962979	-0.9691993	-0.9829715	-0.9899838	-0.9737562	-0.9688122	0.9769312	-0.9796743	-0.9708375	-0.9627302	-0.9545877	-0.9545877
29/12/2025	16:09	-0.9761608	-0.958074	-0.9716476	-0.971741	-0.9496028	-0.9829206	-0.9623823	-0.9817308	-0.9835871	-0.96676	-0.9594838	-0.9643567	-0.9737693	-0.9653851	-0.9642857	-0.9545877	-0.9496028
29/12/2025	16:59	-0.9803732	-0.9714579	-0.9822408	-0.9829574	-0.9641882	-0.9969201	-0.9684246	-0.9818859	-0.9860834	-0.9736007	-0.9674129	-0.9738264	-0.9743909	-0.9725511	-0.9557305	-0.9559807	-0.9557305
29/12/2025	17:49	-0.9809973	-0.9644547	-0.9774115	-0.9787512	-0.9604643	-0.9944313	-0.9659457	-0.9787841	-0.9803108	-0.9683147	-0.9636816	-0.9674615	-0.9781203	-0.9694354	-0.963508	-0.9567546	-0.9567546
29/12/2025	18:39	-0.9736645	-0.9591633	-0.9669741	-0.9742335	-0.9558093	-0.987276	-0.9561849	-0.9721154	-0.963149	-0.9540112	-0.9579291	-0.9564394	-0.9788973	-0.9621137	-0.9649079	-0.9502538	-0.9502538
29/12/2025	19:29	-0.978501	-0.9695904	-0.9828639	-0.9838921	-0.9620159	-0.9978534	-0.9633118	-0.982196	-0.9871755	-0.9725124	-0.9658582	-0.9752235	-0.9792081	-0.9727069	-0.9610192	-0.9586119	-0.9586119
29/12/2025	20:19	-0.9794371	-0.9733254	-0.9841102	-0.9851383	-0.965895	-0.9961424	-0.9702838	-0.9854529	-0.9915439	-0.9739117	-0.9708333	0.9763102	-0.9770326	-0.9773804	-0.962108	-0.9596954	-0.9596954
29/12/2025	21:09	-0.9628994	-0.9515376	-0.9668183	-0.9700274	-0.9457237	-0.9836984	-0.9504524	-0.9704094	-0.9736021	-0.9594527	-0.9560634	-0.9583023	-0.9663103	-0.953234	-0.9518417	-0.9483965	-0.9457237
29/12/2025	21:59	-0.9774089	-0.9686566	-0.9795925	-0.9817111	-0.9635675	-0.993498	-0.9656358	-0.9811104	-0.9779705	-0.9703358	-0.9594838	0.962649	-0.9798297	-0.9658524	-0.952775	-0.9565998	-0.952775
29/12/2025	22:49	-0.9834935	-0.9714579	-0.9850449	-0.9856057	-0.967757	-0.9972312	-0.972143	-0.9877792	-0.9931041	-0.9751555	-0.9725435	-0.9781731	-0.9816944	-0.9758225	-0.9689522	-0.9610884	-0.9610884
29/12/2025	23:39	-0.9800612	-0.9730142	-0.9816176	-0.9856057	-0.9665156	-0.9967646	-0.9712134	-0.9866935	-0.9929481	-0.9726679	-0.9720771	-0.9612519	-0.9745462	-0.9759783	-0.9664634	-0.9565998	-0.9565998
30/12/2025	00:29	-0.9817773	-0.9688123	-0.9788136	-0.9812438	-0.9623262	-0.9962979	-0.9591287	-0.9831266	-0.9784386	-0.9672264	-0.9664801	-0.9665301	-0.9773434	-0.9649177	-0.9653746	-0.9579928	-0.9579928
30/12/2025	01:19	-0.9813093	-0.9753486	-0.9848891	-0.9863846	-0.9671363	-0.9995645	-0.9729177	-0.9870037	-0.9935721	-0.9762438	-0.97301	-0.9794151	-0.9858901	-0.9778477	-0.9692633	-0.9620171	-0.9620171
30/12/2025	02:09	-0.9794371	-0.9756599	-0.9841102	-0.9874751	-0.9679121	-0.9984756	-0.9724529	-0.987469	-0.9927921	-0.9759328	-0.9733209	0.9794151	-0.98387	-0.9786266	-0.9692633	-0.961398	-0.961398
30/12/2025	02:59	-0.9834935	-0.9742592	-0.9862911	-0.9854499	-0.967757	-0.9994089	-0.9716782	-0.9870037	-0.9938842	-0.975	-0.9734764	-0.9784836	-0.9827822	-0.9784708	-0.9720632	-0.9615527	-0.9615527
30/12/2025	03:49	-0.9866138	-0.9741036	-0.9876932	-0.9873193	-0.9686879	-0.9984756	-0.9738473	-0.9882444	-0.9941962	-0.977643	-0.9739428	0.9791046	-0.9869779	-0.9792498	-0.9731521	-0.962791	-0.962791
30/12/2025	04:39	-0.9638355	-0.9579183	-0.972738	-0.9729873	-0.9516199	-0.9857205	-0.9588188	-0.9711849	-0.982339	-0.9653607	-0.9622823	-0.9648224	-0.9666211	-0.9653851	-0.9579082	-0.947313	-0.947313
30/12/2025	05:29	-0.9794371	-0.9671003	-0.9788136	-0.9798417	-0.9617056	-0.9936536	-0.9591287	-0.9778536	-0.9876435	-0.9709577	-0.967102	0.9683929	-0.9719045	-0.9714606	-0.9647524	-0.9547424	-0.9547424
30/12/2025	06:19	-0.9753807	-0.960564	-0.9792809	-0.9813996	-0.9544129	-0.9920981	-0.9643964	-0.9790943	-0.9859274	-0.9650498	-0.9618159	0.9707216	-0.9787419	-0.9689681	-0.9659968	-0.9570641	-0.9544129
30/12/2025	07:09	-0.9736645	-0.9708354	-0.9822408	-0.9801533	-0.964033	-0.9931869	-0.9667204	-0.983902	-0.9877996	-0.969403	-0.9672575	-0.9724292	-0.975634	-0.9686565	-0.9667745	-0.9559807	-0.9559807
30/12/2025	07:59	-0.9795931	-0.9703685	-0.9831755	-0.9828016	-0.9638779	-0.9953646	-0.9693542	-0.9834367	-0.9890477	-0.972046	-0.9691231	0.9746026	-0.9753232	-0.9714606	-0.962108	-0.9562902	-0.9562902
30/12/2025	08:49	-0.959311	-0.9548058	-0.9816176	-0.9759472	-0.9567403	-0.9896093	-0.9634668	-0.9806452	-0.9888917	-0.966449	-0.9653918	-0.9744473	-0.9680196	-0.9632041	-0.9509084	-0.9476226	-0.9476226
30/12/2025	09:39	-0.9555667	-0.9485807	-0.9627679	-0.9605247	-0.9343967	-0.9735876	-0.9532412	-0.9466811	-0.9661133	-0.9460821	-0.9489117	-0.9562842	-0.9605607	-0.9563497	-0.9585304	-0.947313	-0.9343967
30/12/2025	14:24	-0.9808412	-0.969746	-0.9844217	-0.9832689	-0.9613952	-0.9959868	-0.969819	-0.9843672	-0.9888917	-0.9715796	-0.9674129	-0.9752235	-0.9796743	-0.9748878	-0.9656857	-0.950873	-0.950873
30/12/2025	15:04	-0.978501	-0.9635209	-0.9738285	-0.9757914	-0.9513096	-0.988676	-0.9654809	-0.9798697	-0.9862394	-0.9697139	-0.9675684	-0.963891	-0.9770326	-0.9644504	-0.9543305	-0.9576833	-0.9513096
30/12/2025	15:54	-0.9756927	-0.9632097	-0.9613659	-0.9697159	-0.9531715	-0.9838539	-0.9602132	-0.9702543	-0.9701697	-0.9625622	-0.9524876	-0.9646672	-0.9711275	-0.9591538	-0.9561971	-0.956445	-0.9524876
30/12/2025	16:44	-0.9753807	-0.9621203	-0.9744516	-0.975324	-0.9559645	-0.9883649	-0.9605231	-0.9733561	-0.972822	-0.9645833	-0.9576182	-0.9646672	-0.970506	-0.9639831	-0.9597748	-0.9525755	-0.9525755
30/12/2025	17:34	-0.9772529	-0.9700573	-0.9836428	-0.9807764	-0.9651192	-0.9969201	-0.9704388	-0.9848325	-0.9899838	-0.9729789	-0.9694341	-0.9772417	-0.9659995	-0.9734858	-0.9608636	-0.9586119	-0.9586119
30/12/2025	18:24	-0.9803732	-0.9722361	-0.9841102	-0.984671	-0.9643433	-0.9976979	-0.9693542	-0.9851427	-0.9910759	-0.9740672	-0.9708333	0.9753788	-0.981539	-0.9725511	-0.9675523	-0.960005	-0.960005
30/12/2025	19:14	-0.9819333	-0.9572958	-0.9795925	-0.9790628	-0.9621711	-0.9911648	-0.9654809	-0.9787841	-0.982651	-0.9650498	-0.9643035	0.96327	-0.9750124	-0.9558824	-0.9684856	-0.9589215	-0.9558824
30/12/2025	20:04	-0.978345	-0.9661666	-0.9775673	-0.9806206	-0.9578265	-0.9967646	-0.9695092	-0.9820409	-0.9881116	-0.972046	-0.9681903	-0.9721187	-0.9739247	-0.9705259	-0.9627302	-0.9538138	-0.9538138
30/12/2025	20:54	-0.978813	-0.970991	-0.9848891	-0.9851383	-0.966826	-0.9961424	-0.9712134	-0.9831266	-0.992324	-0.9753109	-0.9717662	-0.9783284	-0.983093	-0.9761341	-0.9653746	-0.9590763	-0.9590763
30/12/2025	21:44	-0.9819333	-0.9720804	-0.9855122	-0.9866962	-0.9662053	-0.9992534	-0.9724529	-0.9848325	-0.992012	-0.9753109	-0.9723881	0.9792598	-0.98387	-0.9773804	-0.96833	-0.9612432	-0.9612432
30/12/2025	22:14	-0.9760047	-0.9624315	-0.9780346	-0.9806206	-0.9556542	-0.993498	-0.9634668	-0.9784739	-0.982027	-0.9672264	-0.9591729	-0.9652881	-0.976411	-0.9667871	-0.9653746	-0.9575285	-0.9556542
30/12/2025	22:34	-0.9800612	-0.9722361	-0.982085	-0.9857615	-0.966826	-0.9983201	-0.9710585	-0.9870037	-0.9938842	-0.9759328	-0.9720771	-0.9772417	-0.9820052	-0.9778477	-0.9540194	-0.9562902	-0.9540194
30/12/2025	23:24	-0.9817773	-0.9727029	-0.9864469	-0.9859172	-0.9679121	-0.9959868	-0.9716782	-0.9860732	-0.992636	-0.9754664	-0.9705224	0.9763102	-0.9818498	-0.9775361	-0.9686411	-0.9589215	-0.9589215
31/12/2025	00:14	-0.9820894	-0.9733254	-0.9852006	-0.9857615	-0.9674466	-0.9969201	-0.9710585	-0.985763	-0.9935721	-0.9760883	-0.9723881	0.9777074	-0.9841808	-0.9770688	-0.9694189	-0.9593858	-0.9593858
31/12/2025	01:04	-0.9841176	-0.9723917	-0.9853564	-0.9863846	-0.9680673	-0.9987867	-0.9716782	-0.9868486	-0.99248	-0.9756219	-0.9728545	-0.9794151	-0.98387	-0.9756667	-0.9678634	-0.9606241	-0.9606241
31/12/2025	01:14	-0.9814653	-0.9736367	-0.9861353	-0.9862288	-0.9679121	-0.9984756	-0.9730726	-0.9870037	-0.9934161	-0.9757774	-0.972699	0.9787941	-0.9821606	-0.9775361	-0.9681745	-0.9607789	-0.9607789
31/12/2025	01:54	-0.9827134	-0.9744148	-0.9869143	-0.9863846	-0.9682224	-0.9990978	-0.9730726	-0.9887097	-0.9935721	-0.9767102	-0.9733209	-0.9787941	-0.9848023	-0.9778477	-0.9703522	-0.9615527	-0.9615527
31/12/2025	02:44	-0.9847416	-0.9755042	-0.9852006	-0.9862288	-0.9689983	-0.9990978	-0.9726078	-0.987469	-0.9945082	-0.9774876	-0.9734764	0.9805017	-0.9824714	-0.9781593	-0.9720632	-0.9615527	-0.9615527
31/12/2025	03:34	-0.978813	-0.9691235	-0.9831755	-0.981088	-0.9612401	-0.9920981	-0.9647062	-0.9815757	-0.9863954	-0.9676928	-0.9664801	-0.9732054	-0.9747016	-0.9711491	-0.9653746	-0.9531947	-0.9531947
31/12/2025	04:24	-0.9831815	-0.9636765	-0.9808387	-0.9796859	-0.9581368	-0.9922536	-0.9612977	-0.9818859	-0.9806228	-0.966449	-0.9633706	0.9702558	-0.983093	-0.9717722	-0.9691078	-0.9601597	-0.9581368
31/12/2025	05:14	-0.9830255	-0.9691235	-0.9823966	-0.9796859	-0.9637227	-0.9945869	-0.9647062	-0.9840571	-0.9892037	-0.969403	-0.9686567	0.9732054	-0.9761002	-0.9691239	-0.9641302	-0.9583024	-0.9583024
31/12/2025	06:04	-0.9808412	-0.9728586	-0.9831755	-0.9832689	-0.9657398	-0.9955202	-0.9701289	-0.9851427	-0.992012	-0.9722015	-0.9716107	0.9738264	-0.9793635	-0.9742647	-0.9684856	-0.9606241	-0.9606241
31/12/2025	06:54	-0.9795931	-0.9671003	-0.9822408	-0.9821785	-0.9634124	-0.9919425	-0.9628471	-0.982196	-0.9888917	-0.9718905	-0.9705224	0.975534	-0.9733031	-0.9725511	-0.9641302	-0.9531947	-0.9531947
31/12/2025	07:14	-0.9721043	-0.9632097	-0.9739843	-0.9793744	-0.9531715	-0.9913203	-0.958354	-0.9797146	-0.9838992	-0.9684701	-0.9605721	0.9665301	-0.9695736	-0.9544803	-0.9446864	-0.9490156	-0.9446864
31/12/2025	07:44	-0.9811533	-0.9705242	-0.983487	-0.9831132	-0.9638779	-0.9952091	-0.969819	-0.9846774	-0.9907639	-0.9742226	-0.970056	-0.9753788	-0.9834038	-0.97333	-0.9639746	-0.9592311	-0.9592311
31/12/2025	08:34	-0.9744446	-0.9649216	-0.9816176	-0.9806206	-0.9579816	-0.9961424	-0.9681148	-0.9837469	-0.9898278	-0.972357	-0.9680348	0.9708768	-0.9781203	-0.9702144	-0.9608636	-0.9581476	-0.9579816
31/12/2025	09:24	-0.9819333	-0.9717692	-0.9847333	-0.9821785	-0.9626365	-0.9950535	-0.9701289	-0.9859181	-0.9915439	-0.9742226	-0.9711443	-0.9775522	-0.9728369	-0.9750436	-0.9641302	-0.9596954	-0.9596954
31/12/2025	10:14	-0.9794371	-0.9664778	-0.9795925	-0.9803091	-0.9565852	-0.9941202	-0.9645513	-0.9809553	-0.9787506	-0.9683147	-0.9649254	-0.9663748	-0.9742355	-0.9695912	-0.9645968	-0.9561355	-0.9561355
31/12/2025	11:04	-0.9738205	-0.9541833	-0.9736727	-0.9742335	-0.947896	-0.985565	-0.9631569	-0.9780087	-0.9734461	-0.9631841	-0.9604167	-0.9645119	-0.9739247	-0.9702144	-0.9639746	-0.9527303	-0.947896
31/12/2025	11:54	-0.9820894	-0.9658553	-0.9800598	-0.9806206	-0.9629469	-0.9941202	-0.9617625	-0.9763027	-0.9873315	-0.9697139	-0.967102	0.9728949	-0.9787419	-0.9686565	-0.9610192	-0.9559807	-0.9559807
31/12/2025	12:44	-0.9767848	-0.9644547	-0.9783462	-0.9798417	-0.9558093	-0.9927203	-0.9623823	-0.9789392	-0.9814029	-0.9610075	-0.9569963	-0.9640462	-0.9784311	-0.964762	-0.9669301	-0.9584572	-0.9558093
31/12/2025	13:34	-0.9763168	-0.969746	-0.9809945	-0.9834247	-0.9637227	-0.9914759	-0.9673401	-0.9835918	-0.9877996	-0.9729789	-0.970056	-0.9766207	-0.9798297	-0.9737974	-0.9521528	-0.9535042	-0.9521528
31/12/2025	13:44	-0.9802172	-0.9694348	-0.9833313	-0.9826458	-0.9629469	-0.9975423	-0.9691993	-0.9852978	-0.991856	-0.9740672	-0.9689677	0.972274	-0.9821606	-0.9750436	-0.9673967	-0.9581476	-0.9581476
31/12/2025	14:24	-0.9699201	-0.966011	-0.979904	-0.9801533	-0.9584471	-0.9939647	-0.9589737	-0.9809553	-0.9846792	-0.9712687	-0.9683458	-0.9688587	-0.9753232	-0.9714606	-0.9627302	-0.9562902	-0.9562902
31/12/2025	15:14	-0.9802172	-0.9723917	-0.9831755	-0.9845152	-0.9654295	-0.9973868	-0.9716782	-0.9848325	-0.9917	-0.9739117	-0.9708333	-0.976776	-0.9829376	-0.9761341	-0.9681745	-0.9610884	-0.9610884
31/12/2025	16:04	-0.9805292	-0.9711467	-0.9839544	-0.984671	-0.9662053	-0.9975423	-0.9695092	-0.9859181	-0.9909199	-0.9745336	-0.9706779	0.9739816	-0.9773434	-0.9741089	-0.9686411	-0.9607789	-0.9607789
31/12/2025	16:54	-0.9800612	-0.9733254	-0.9852006	-0.9851383	-0.9669811	-0.9967646	-0.9713684	-0.9849876	-0.9917	-0.9743781	-0.9711443	-0.9775522	-0.9812282	-0.976913	-0.9673967	-0.9598502	-0.9598502
31/12/2025	19:12	-0.9830255	-0.9733254	-0.9847333	-0.9840479	-0.9666708	-0.9981645	-0.9716782	-0.9851427	-0.9915439	-0.9746891	-0.9709888	-0.9784836	-0.9841808	-0.976913	-0.9695744	-0.9604693	-0.9604693
31/12/2025	19:52	-0.9819333	-0.969746	-0.9813061	-0.9828016	-0.9621711	-0.9924092	-0.9665654	-0.9846774	-0.9853033	-0.9706468	-0.9655473	0.9741369	-0.9807621	-0.9727069	-0.9669301	-0.9581476	-0.9581476
31/12/2025	20:42	-0.9838055	-0.9719248	-0.9844217	-0.9863846	-0.9672915	-0.9989423	-0.9716782	-0.985763	-0.9934161	-0.9753109	-0.9719216	0.9784836	-0.9843362	-0.9761341	-0.9681745	-0.9610884	-0.9610884
31/12/2025	21:32	-0.9850537	-0.9750374	-0.9867585	-0.9868519	-0.9688431	-1.00112	-0.9732276	-0.9876241	-0.9938842	-0.9771766	-0.9733209	-0.9801913	-0.9852685	-0.9786266	-0.9715966	-0.9620171	-0.9620171
31/12/2025	22:22	-0.9850537	-0.9734811	-0.9875374	-0.9871635	-0.9688431	-1.000809	-0.9726078	-0.9879342	-0.9937282	-0.9756219	-0.9731654	0.9791046	-0.9862009	-0.9786266	-0.9717521	-0.9623266	-0.9623266
31/12/2025	23:12	-0.9848977	-0.9747261	-0.98707	-0.9874751	-0.9676018	-1.000653	-0.9729177	-0.9876241	-0.9941962	-0.9771766	-0.9739428	-0.980036	-0.9854239	-0.9778477	-0.9695744	-0.9624814	-0.9624814
01/01/2026	00:02	-0.9858337	-0.9748817	-0.9883163	-0.9880982	-0.9682224	-1.000653	-0.9747769	-0.9882444	-0.9948203	-0.977643	-0.9733209	-0.9794151	-0.9868225	-0.980496	-0.9722188	-0.9634101	-0.9634101
01/01/2026	00:52	-0.9808412	-0.9730142	-0.9839544	-0.9862288	-0.966826	-0.9992534	-0.9724529	-0.9865385	-0.9927921	-0.9765547	-0.9703669	0.9786388	-0.9827822	-0.9770688	-0.96973	-0.9603145	-0.9603145
01/01/2026	01:42	-0.9825574	-0.9734811	-0.9858238	-0.9845152	-0.967757	-0.998009	-0.9715233	-0.9868486	-0.9934161	-0.9760883	-0.9728545	-0.9777074	-0.9854239	-0.976913	-0.9689522	-0.9609336	-0.9609336
01/01/2026	02:32	-0.9830255	-0.9722361	-0.9855122	-0.9832689	-0.9674466	-0.9961424	-0.9712134	-0.9865385	-0.9937282	-0.9742226	-0.9723881	-0.9786388	-0.9835592	-0.9770688	-0.9686411	-0.9612432	-0.9612432
01/01/2026	03:22	-0.9845856	-0.9745705	-0.9866027	-0.9838921	-0.9669811	-0.9978534	-0.9718332	-0.9862283	-0.9937282	-0.9757774	-0.9719216	-0.9797255	-0.9863563	-0.9775361	-0.9647524	-0.9609336	-0.9609336
01/01/2026	04:12	-0.9841176	-0.9736367	-0.9830197	-0.9851383	-0.9679121	-0.9987867	-0.9719881	-0.9862283	-0.991856	-0.9760883	-0.972699	-0.9784836	-0.9854239	-0.9775361	-0.9694189	-0.9617075	-0.9617075
01/01/2026	05:02	-0.9855217	-0.975193	-0.9861353	-0.9854499	-0.9682224	-1.000342	-0.9740022	-0.9876241	-0.9937282	-0.9762438	-0.9733209	-0.9794151	-0.9869779	-0.9784708	-0.9723743	-0.9620171	-0.9620171
01/01/2026	05:52	-0.9836495	-0.9731698	-0.9847333	-0.984671	-0.9651192	-0.9967646	-0.9696641	-0.9856079	-0.9909199	-0.9734453	-0.9703669	0.9766207	-0.9854239	-0.9767572	-0.966619	-0.961398	-0.961398
01/01/2026	06:42	-0.9805292	-0.9728586	-0.9858238	-0.984671	-0.9662053	-0.9970757	-0.9671852	-0.9842122	-0.992324	-0.975	-0.9714552	-0.9772417	-0.9816944	-0.9747321	-0.9641302	-0.9607789	-0.9607789
01/01/2026	07:32	-0.9841176	-0.9734811	-0.985668	-0.9840479	-0.9674466	-0.9983201	-0.9719881	-0.9865385	-0.99248	-0.9759328	-0.9723881	-0.9783284	-0.9849577	-0.976913	-0.9712855	-0.961398	-0.961398
01/01/2026	08:22	-0.9799051	-0.9737923	-0.9855122	-0.9862288	-0.9669811	-0.9961424	-0.9704388	-0.9859181	-0.9931041	-0.9753109	-0.9717662	-0.9783284	-0.9841808	-0.9776919	-0.9687967	-0.9620171	-0.9620171
01/01/2026	09:12	-0.9802172	-0.9737923	-0.9853564	-0.9863846	-0.9672915	-0.9986312	-0.9719881	-0.9862283	-0.9934161	-0.975	-0.9723881	-0.9777074	-0.9851131	-0.9773804	-0.9692633	-0.9615527	-0.9615527
01/01/2026	10:02	-0.9738205	-0.9548058	-0.9742959	-0.9669118	-0.9556542	-0.9773208	-0.9577343	-0.9669975	-0.9684536	-0.9641169	-0.9557525	-0.9614071	-0.9778095	-0.961179	-0.9642857	-0.952266	-0.952266
01/01/2026	10:52	-0.9814653	-0.9708354	-0.9831755	-0.9848268	-0.9648088	-0.9958313	-0.9702838	-0.9852978	-0.9887356	-0.9736007	-0.9705224	-0.975534	-0.9816944	-0.9753552	-0.9670856	-0.9581476	-0.9581476
01/01/2026	11:42	-0.9813093	-0.9719248	-0.9831755	-0.9828016	-0.9635675	-0.9967646	-0.9665654	-0.9848325	-0.9912319	-0.9725124	-0.9686567	-0.9728949	-0.9781203	-0.9734858	-0.9575971	-0.9542781	-0.9542781
01/01/2026	12:32	-0.9778769	-0.967256	-0.9813061	-0.9809322	-0.9565852	-0.9945869	-0.9622273	-0.9741315	-0.982183	-0.9701803	-0.9636816	-0.9673063	-0.9577636	-0.9571286	-0.965219	-0.9552068	-0.9552068
01/01/2026	13:22	-0.9802172	-0.9702129	-0.984266	-0.9843594	-0.9644985	-0.9958313	-0.9695092	-0.9843672	-0.9915439	-0.9736007	-0.9708333	0.9775522	-0.9725261	-0.975511	-0.9597748	-0.9596954	-0.9596954
01/01/2026	14:12	-0.9749126	-0.9600971	-0.9767884	-0.9740778	-0.9567403	-0.987276	-0.9637766	-0.9787841	-0.9843672	-0.9653607	-0.9652363	0.9687034	-0.9673981	-0.9728627	-0.9499751	-0.9519564	-0.9499751
01/01/2026	15:02	-0.9775649	-0.9590077	-0.978502	-0.9818669	-0.958292	-0.9956757	-0.9640865	-0.9795596	-0.9770344	-0.9661381	-0.9660137	-0.9690139	-0.9821606	-0.9744205	-0.9617969	-0.9581476	-0.9581476
01/01/2026	15:52	-0.9816213	-0.9717692	-0.980683	-0.9829574	-0.9624814	-0.996609	-0.9691993	-0.9845223	-0.9893597	-0.9728234	-0.9692786	-0.9728949	-0.9742355	-0.9753552	-0.9655301	-0.9573737	-0.9573737
01/01/2026	16:42	-0.9680479	-0.9661666	-0.9827081	-0.9782839	-0.9601539	-0.9906981	-0.9634668	-0.9738213	-0.9849913	-0.9712687	-0.9678794	-0.9711873	-0.9715937	-0.9663198	-0.9566638	-0.9541233	-0.9541233
01/01/2026	17:32	-0.9803732	-0.9716135	-0.9830197	-0.9843594	-0.9644985	-0.9959868	-0.9688894	-0.9851427	-0.9888917	-0.9737562	-0.9695896	-0.9758445	-0.9824714	-0.9737974	-0.9667745	-0.9586119	-0.9586119
01/01/2026	18:22	-0.978813	-0.9695904	-0.9828639	-0.9840479	-0.9643433	-0.9972312	-0.9690444	-0.9842122	-0.9884236	-0.9732898	-0.9692786	0.9750683	-0.9773434	-0.9737974	-0.9670856	-0.956445	-0.956445
01/01/2026	19:12	-0.9794371	-0.969746	-0.9830197	-0.9834247	-0.9648088	-0.996609	-0.9679598	-0.9842122	-0.9906078	-0.9737562	-0.9699005	-0.9759998	-0.9799851	-0.9723953	-0.9655301	-0.9589215	-0.9589215
01/01/2026	20:02	-0.9803732	-0.9706798	-0.9848891	-0.9835805	-0.9646537	-0.9969201	-0.9688894	-0.9846774	-0.9917	-0.9748445	-0.9688122	-0.9766207	-0.9832484	-0.9756667	-0.9659968	-0.9592311	-0.9592311
01/01/2026	20:52	-0.9814653	-0.9706798	-0.9841102	-0.984671	-0.9635675	-0.9983201	-0.9678049	-0.9843672	-0.9906078	-0.9728234	-0.969745	-0.9769312	-0.9837146	-0.9748878	-0.9670856	-0.9596954	-0.9596954
01/01/2026	21:42	-0.9806852	-0.9731698	-0.983487	-0.984671	-0.9654295	-0.994898	-0.9701289	-0.9854529	-0.992168	-0.9743781	-0.9708333	-0.9773969	-0.974857	-0.9744205	-0.9583748	-0.9603145	-0.9583748
01/01/2026	22:32	-0.9764728	-0.9711467	-0.9823966	-0.9849826	-0.9665156	-0.9973868	-0.9707486	-0.9856079	-0.9912319	-0.9743781	-0.9692786	-0.9773969	-0.9826268	-0.9761341	-0.9680189	-0.9601597	-0.9601597
01/01/2026	23:22	-0.9813093	-0.9727029	-0.9828639	-0.9854499	-0.9657398	-0.9973868	-0.969819	-0.9852978	-0.992324	-0.9746891	-0.9716107	-0.9778626	-0.9829376	-0.9742647	-0.9687967	-0.9598502	-0.9598502
02/01/2026	00:12	-0.96914	-0.9602527	-0.9736727	-0.9726757	-0.954568	-0.988676	-0.9571145	-0.9735112	-0.9838992	-0.9628731	-0.9588619	-0.9651329	-0.9597837	-0.9596211	-0.9487307	-0.9519564	-0.9487307
02/01/2026	01:02	-0.9848977	-0.970991	-0.9852006	-0.9859172	-0.966826	-0.9976979	-0.9727628	-0.9863834	-0.992012	-0.9748445	-0.9717662	-0.9777074	-0.9841808	-0.9778477	-0.9669301	-0.9615527	-0.9615527
02/01/2026	01:52	-0.9819333	-0.9737923	-0.9853564	-0.9859172	-0.9666708	-0.9978534	-0.9716782	-0.9862283	-0.9929481	-0.9751555	-0.9723881	-0.9773969	-0.9844915	-0.9770688	-0.9678634	-0.9618623	-0.9618623
02/01/2026	02:42	-0.9822454	-0.9744148	-0.9845775	-0.9843594	-0.9671363	-0.9990978	-0.9718332	-0.9862283	-0.9932601	-0.9739117	-0.972699	0.9791046	-0.9852685	-0.9781593	-0.9722188	-0.9621719	-0.9621719
02/01/2026	03:32	-0.9761608	-0.9616534	-0.9771	-0.9784397	-0.9601539	-0.9930314	-0.9599033	-0.9783189	-0.9867074	-0.966449	-0.9630597	-0.9725845	-0.9715937	-0.9594654	-0.963508	-0.9497895	-0.9497895
02/01/2026	04:22	-0.978189	-0.9666335	-0.9805272	-0.9787512	-0.9612401	-0.9952091	-0.9661006	-0.9790943	-0.9837431	-0.9673818	-0.9661692	0.9733607	-0.9711275	-0.9674103	-0.9664634	-0.9565998	-0.9565998
02/01/2026	06:42	-0.9730404	-0.9653884	-0.9741401	-0.9734546	-0.9607746	-0.9852539	-0.9602132	-0.9781638	-0.9740701	-0.9680037	-0.9666356	-0.9679272	-0.9658441	-0.9488721	-0.9490418	-0.9545877	-0.9488721
02/01/2026	06:52	-0.9696081	-0.9691235	-0.9795925	-0.9806206	-0.9589126	-0.9928758	-0.9640865	-0.9806452	-0.9862394	-0.9653607	-0.966791	0.9730502	-0.9750124	-0.9702144	-0.9596192	-0.9488608	-0.9488608
02/01/2026	12:32	-0.9778769	-0.9702129	-0.9808387	-0.9815553	-0.9634124	-0.9950535	-0.9678049	-0.9834367	-0.9876435	-0.9722015	-0.966791	0.9733607	-0.9725261	-0.9699028	-0.9577526	-0.9531947	-0.9531947
02/01/2026	13:22	-0.9769408	-0.9703685	-0.9753863	-0.9834247	-0.9596884	-0.9962979	-0.9690444	-0.9789392	-0.9892037	-0.9728234	-0.9652363	-0.9750683	-0.9711275	-0.9689681	-0.9583748	-0.9542781	-0.9542781
02/01/2026	19:02	-0.9760047	-0.963054	-0.979904	-0.9768819	-0.9548784	-0.9892982	-0.9647062	-0.9691687	-0.9835871	-0.9700249	-0.9635261	-0.9669958	-0.9768772	-0.9664756	-0.9462419	-0.9524208	-0.9462419
02/01/2026	22:12	-0.9803732	-0.9688123	-0.9811503	-0.9803091	-0.9604643	-0.9952091	-0.9679598	-0.9811104	-0.9867074	-0.9706468	-0.9610386	-0.9719635	-0.9801405	-0.9699028	-0.9677078	-0.9584572	-0.9584572
03/01/2026	14:52	-0.9802172	-0.9722361	-0.9831755	-0.9835805	-0.9652743	-0.9976979	-0.96765	-0.9852978	-0.9910759	-0.9729789	-0.9714552	-0.9766207	-0.9757894	-0.9716164	-0.9669301	-0.9587667	-0.9587667
03/01/2026	19:22	-0.9838055	-0.9720804	-0.9850449	-0.9843594	-0.9657398	-0.9978534	-0.9704388	-0.9852978	-0.9906078	-0.9746891	-0.9703669	-0.9775522	-0.9837146	-0.9761341	-0.9658412	-0.960005	-0.960005
03/01/2026	21:12	-0.9839616	-0.9737923	-0.9853564	-0.9843594	-0.9669811	-0.9989423	-0.969819	-0.9860732	-0.991856	-0.9754664	-0.9725435	-0.9783284	-0.9795189	-0.975511	-0.9611747	-0.952266	-0.952266
04/01/2026	00:22	-0.9772529	-0.9702129	-0.9811503	-0.9815553	-0.9632572	-0.991787	-0.9682697	-0.9808002	-0.9845232	-0.9650498	-0.9675684	0.9640462	-0.9562096	-0.9642946	-0.9664634	-0.9561355	-0.9561355
04/01/2026	14:52	-0.9836495	-0.9713023	-0.9791251	-0.9831132	-0.9632572	-0.9969201	-0.9681148	-0.9823511	-0.9843672	-0.9706468	-0.966791	0.9727397	-0.9774988	-0.9658524	-0.9650635	-0.9596954	-0.9596954
04/01/2026	21:22	-0.9721043	-0.9572958	-0.9778789	-0.9795302	-0.9517751	-0.9816762	-0.9585089	-0.9727357	-0.9832751	-0.9655162	-0.9643035	-0.9643567	-0.9628916	-0.9588422	-0.9505973	-0.9514921	-0.9505973
04/01/2026	23:42	-0.978969	-0.9646103	-0.9710244	-0.9728315	-0.9635675	-0.9866538	-0.9516919	-0.9668424	-0.9784386	-0.9571206	-0.9610386	0.9699454	-0.9788973	-0.9736416	-0.9586859	-0.9462296	-0.9462296
16/01/2026	02:20	-0.9833375	-0.9745705	-0.9855122	-0.9862288	-0.9680673	-1.000031	-0.9726078	-0.9883995	-0.9949763	-0.9759328	-0.9744092	0.9798808	-0.9852685	-0.9792498	-0.9681745	-0.9610884	-0.9610884
16/01/2026	03:10	-0.987862	-0.9758155	-0.9875374	-0.9873193	-0.9680673	-0.998009	-0.9735374	-0.9888648	-0.9941962	-0.9763993	-0.9740983	-0.9805017	-0.9821606	-0.9798729	-0.9658412	-0.9618623	-0.9618623
16/01/2026	04:00	-0.9877059	-0.9761267	-0.9884721	-0.9874751	-0.9682224	-1.000031	-0.9736924	-0.9885546	-0.9943522	-0.977954	-0.97301	-0.9787941	-0.983093	-0.9737974	-0.9737743	-0.9634101	-0.9634101
16/01/2026	04:50	-0.9839616	-0.9758155	-0.9850449	-0.9859172	-0.9652743	-0.9994089	-0.9707486	-0.9849876	-0.9938842	-0.9746891	-0.9731654	-0.9786388	-0.9834038	-0.9750436	-0.9729965	-0.9626362	-0.9626362
16/01/2026	05:40	-0.9632114	-0.9614978	-0.9772557	-0.9762587	-0.9565852	-0.9868094	-0.9523116	-0.9749069	-0.9799988	-0.9652052	-0.9618159	-0.967772	-0.9552772	-0.9644504	-0.9491974	-0.9456105	-0.9456105
26/01/2026	09:11	-0.9806852	-0.9650772	-0.9805272	-0.9798417	-0.9620159	-0.9913203	-0.9637766	-0.980335	-0.9817149	-0.9692475	-0.9661692	0.9660643	-0.9736139	-0.9664756	-0.9653746	-0.9533494	-0.9533494
26/01/2026	09:51	-0.9728844	-0.9574514	-0.9778789	-0.977505	-0.9562748	-0.9874316	-0.9614527	-0.9749069	-0.972666	-0.9628731	-0.9590174	-0.9578366	-0.9680196	-0.9652293	-0.9624191	-0.9555163	-0.9555163
26/01/2026	10:41	-0.978033	-0.9663222	-0.9761653	-0.9768819	-0.9477408	-0.9914759	-0.9564948	-0.976768	-0.9643972	-0.9563433	-0.964148	-0.9601652	-0.9793635	-0.9759783	-0.9597748	-0.9488608	-0.9477408
26/01/2026	11:31	-0.9811533	-0.9694348	-0.9844217	-0.9842036	-0.9624814	-0.9962979	-0.9684246	-0.982196	-0.9854593	-0.9726679	-0.9692786	0.9744473	-0.9742355	-0.9688123	-0.9582193	-0.9576833	-0.9576833
26/01/2026	12:21	-0.9750686	-0.9635209	-0.9803714	-0.9785955	-0.9551887	-0.9836984	-0.9642414	-0.980335	-0.9888917	-0.9666045	-0.9669465	0.9673063	-0.975634	-0.9680334	-0.9488863	-0.9499443	-0.9488863
26/01/2026	13:11	-0.9825574	-0.9714579	-0.9848891	-0.9842036	-0.9660501	-0.9956757	-0.9707486	-0.9848325	-0.9909199	-0.9756219	-0.9689677	-0.9764655	-0.9818498	-0.9756667	-0.9694189	-0.9604693	-0.9604693
26/01/2026	14:01	-0.9817773	-0.9716135	-0.9848891	-0.9815553	-0.9651192	-0.9967646	-0.967495	-0.9860732	-0.9904518	-0.9737562	-0.9695896	0.9733607	-0.982316	-0.97333	-0.9611747	-0.9559807	-0.9559807
26/01/2026	14:51	-0.9830255	-0.9719248	-0.984266	-0.9817111	-0.966826	-0.9947424	-0.9710585	-0.9856079	-0.9912319	-0.9751555	-0.9711443	-0.976776	-0.9774988	-0.976913	-0.96973	-0.9575285	-0.9575285
26/01/2026	15:41	-0.9791251	-0.969746	-0.9830197	-0.9813996	-0.9638779	-0.9978534	-0.96765	-0.9840571	-0.9863954	-0.9692475	-0.9681903	-0.971653	-0.9759448	-0.9549477	-0.9647524	-0.9559807	-0.9549477
26/01/2026	16:31	-0.9658637	-0.9644547	-0.9781904	-0.9790628	-0.9610849	-0.9913203	-0.9569596	-0.982196	-0.9848352	-0.969092	-0.9658582	-0.9663748	-0.9684858	-0.971928	-0.963508	-0.9542781	-0.9542781
26/01/2026	17:21	-0.9800612	-0.9717692	-0.9828639	-0.9803091	-0.964964	-0.9976979	-0.9693542	-0.9848325	-0.9884236	-0.9743781	-0.9694341	0.9773969	-0.9832484	-0.975511	-0.9641302	-0.9592311	-0.9592311
26/01/2026	19:01	-0.9746006	-0.9557395	-0.9741401	-0.975324	-0.9475857	-0.9877427	-0.9568047	-0.9770782	-0.9606528	-0.9575871	-0.9490672	0.9578366	-0.9680196	-0.961179	-0.9599303	-0.9511825	-0.9475857
26/01/2026	19:51	-0.9791251	-0.9725473	-0.984266	-0.9845152	-0.9671363	-0.9981645	-0.9695092	-0.9865385	-0.992636	-0.975	-0.9719216	-0.9784836	-0.982316	-0.9720837	-0.9677078	-0.9595406	-0.9595406
26/01/2026	20:41	-0.9797491	-0.9549614	-0.9758537	-0.9714295	-0.9559645	-0.9854094	-0.9554103	-0.9773883	-0.9765664	-0.9641169	-0.9498445	-0.959389	-0.977188	-0.961179	-0.9650635	-0.9547424	-0.9498445
26/01/2026	21:31	-0.9847416	-0.9744148	-0.9869143	-0.9862288	-0.9663605	-0.9958313	-0.9727628	-0.985763	-0.9946643	-0.9763993	-0.9734764	0.9794151	-0.9862009	-0.9778477	-0.9687967	-0.9603145	-0.9603145
26/01/2026	22:21	-0.9825574	-0.9748817	-0.9867585	-0.9866962	-0.9672915	-0.99972	-0.9730726	-0.9871588	-0.9949763	-0.9767102	-0.9740983	-0.9798808	-0.9854239	-0.9778477	-0.9717521	-0.9621719	-0.9621719
26/01/2026	23:11	-0.9841176	-0.9689679	-0.9822408	-0.9821785	-0.9620159	-0.9955202	-0.9616076	-0.9787841	-0.9887356	-0.9697139	-0.9646144	-0.9699454	-0.9729923	-0.9672545	-0.9673967	-0.9592311	-0.9592311
27/01/2026	00:01	-0.9866138	-0.9753486	-0.9864469	-0.9873193	-0.9688431	-0.9983201	-0.9741572	-0.9873139	-0.9946643	-0.9762438	-0.972699	0.9789493	-0.9875995	-0.9787824	-0.9708188	-0.962791	-0.962791
27/01/2026	00:51	-0.9847416	-0.9736367	-0.98707	-0.9865404	-0.9686879	-0.9956757	-0.9735374	-0.9880893	-0.9948203	-0.9760883	-0.972699	-0.9792598	-0.9875995	-0.9783151	-0.9711299	-0.9624814	-0.9624814
27/01/2026	01:41	-0.9869259	-0.9758155	-0.9855122	-0.9884098	-0.9697741	-1.000809	-0.9735374	-0.9883995	-0.9956003	-0.977643	-0.9745647	-0.980657	-0.9872887	-0.9800287	-0.9711299	-0.9620171	-0.9620171
27/01/2026	02:31	-0.9605592	-0.9602527	-0.9778789	-0.9787512	-0.9568955	-0.9885204	-0.9589737	-0.9781638	-0.9867074	-0.9658271	-0.9647699	-0.9649776	-0.974857	-0.9689681	-0.965219	-0.9548972	-0.9548972
27/01/2026	03:21	-0.9855217	-0.9747261	-0.9875374	-0.986073	-0.9683776	-0.9990978	-0.972298	-0.9885546	-0.9938842	-0.9771766	-0.9728545	-0.9786388	-0.9872887	-0.9778477	-0.9686411	-0.9607789	-0.9607789
27/01/2026	04:11	-0.9856777	-0.9694348	-0.9811503	-0.9829574	-0.958292	-0.9955202	-0.965171	-0.9820409	-0.9748502	-0.9681592	-0.9657027	-0.9640462	-0.975634	-0.9547919	-0.9705077	-0.9562902	-0.9547919
27/01/2026	05:01	-0.9858337	-0.9745705	-0.9862911	-0.9849826	-0.9672915	-0.9972312	-0.9707486	-0.9880893	-0.9932601	-0.9756219	-0.9717662	-0.9778626	-0.981539	-0.9766014	-0.9689522	-0.9620171	-0.9620171
27/01/2026	05:51	-0.9839616	-0.9716135	-0.9852006	-0.986073	-0.9674466	-0.9987867	-0.9705937	-0.9860732	-0.9927921	-0.9746891	-0.9695896	0.9775522	-0.98387	-0.9750436	-0.9689522	-0.9530399	-0.9530399
27/01/2026	06:41	-0.9756927	-0.969746	-0.9828639	-0.9842036	-0.963102	-0.9920981	-0.969819	-0.9826613	-0.9888917	-0.972357	-0.9709888	-0.9733607	-0.9754786	-0.9686565	-0.9594637	-0.957838	-0.957838
27/01/2026	07:31	-0.9622753	-0.9611865	-0.9733612	-0.9762587	-0.9551887	-0.9861872	-0.9603681	-0.9755273	-0.9745382	-0.9630286	-0.9601057	-0.9578366	-0.9655333	-0.961179	-0.9512195	-0.950873	-0.950873
27/01/2026	08:21	-0.978657	-0.9468688	-0.9753863	-0.9771934	-0.9514647	-0.9866538	-0.9608329	-0.9755273	-0.9464553	-0.9610075	-0.9557525	0.9460383	-0.976411	-0.9723953	-0.9659968	-0.9542781	-0.9460383
27/01/2026	09:11	-0.978501	-0.9669447	-0.980683	-0.9803091	-0.9596884	-0.9933425	-0.9643964	-0.9790943	-0.9806228	-0.9678483	-0.9630597	-0.9705663	-0.9737693	-0.9630484	-0.9653746	-0.9463843	-0.9463843
27/01/2026	10:01	-0.9758487	-0.9619646	-0.9778789	-0.9778166	-0.9593781	-0.9930314	-0.9600583	-0.9798697	-0.9831191	-0.9689366	-0.9649254	-0.9699454	-0.9708168	-0.9621137	-0.9549527	-0.9552068	-0.9549527
27/01/2026	10:51	-0.9806852	-0.9678785	-0.9802156	-0.9801533	-0.9568955	-0.9950535	-0.9566497	-0.9806452	-0.9768784	-0.9670709	-0.9597948	-0.9666853	-0.9773434	-0.956817	-0.9684856	-0.9562902	-0.9562902
27/01/2026	11:41	-0.9700761	-0.9532495	-0.9764768	-0.9759472	-0.9485166	-0.9906981	-0.9552553	-0.980335	-0.9857713	-0.9666045	-0.9625933	0.9676167	-0.9597837	-0.9529225	-0.9474863	-0.9510277	-0.9474863
27/01/2026	12:31	-0.9724164	-0.9650772	-0.9780346	-0.9762587	-0.9522406	-0.9902315	-0.9538609	-0.9790943	-0.982339	-0.9583644	-0.9527985	0.9579918	-0.9669319	-0.9622694	-0.9468641	-0.9511825	-0.9468641
27/01/2026	13:21	-0.9791251	-0.9646103	-0.980683	-0.9828016	-0.9581368	-0.9952091	-0.9678049	-0.9842122	-0.9887356	-0.9703358	-0.9678794	0.9730502	-0.9635132	-0.9689681	-0.9599303	-0.9539685	-0.9539685
27/01/2026	14:11	-0.9747566	-0.9560508	-0.9710244	-0.9731431	-0.9452582	-0.982454	-0.9546356	-0.9747519	-0.9670494	-0.9550995	-0.9588619	0.9643567	-0.9740801	-0.9583749	-0.9610192	-0.9539685	-0.9452582
27/01/2026	15:01	-0.9752247	-0.9613421	-0.9756979	-0.9773492	-0.9562748	-0.9914759	-0.9597484	-0.9784739	-0.9737581	-0.9641169	-0.9565299	-0.9623385	-0.9743909	-0.9599327	-0.9518417	-0.9548972	-0.9518417
27/01/2026	15:51	-0.9624314	-0.9705242	-0.982085	-0.9731431	-0.9556542	-0.9910092	-0.965326	-0.9831266	-0.9879556	-0.9706468	-0.9699005	-0.9721187	-0.9708168	-0.9688123	-0.9602414	-0.9572189	-0.9556542
27/01/2026	16:41	-0.9802172	-0.9666335	-0.9822408	-0.9809322	-0.9610849	-0.9969201	-0.9667204	-0.9790943	-0.9860834	-0.9729789	-0.9633706	-0.9728949	-0.9734585	-0.9742647	-0.9532417	-0.955052	-0.9532417
27/01/2026	17:31	-0.9666438	-0.9608752	-0.9658836	-0.971741	-0.9494476	-0.9899204	-0.9521567	-0.9662221	-0.9692336	-0.9630286	-0.9608831	0.9590785	-0.9597837	-0.9563497	-0.9493529	-0.9527303	-0.9493529
27/01/2026	18:21	-0.9713243	-0.9569846	-0.9772557	-0.9779723	-0.9528612	-0.9894537	-0.9650161	-0.983902	-0.9857713	-0.9680037	-0.9602612	0.9688587	-0.9684858	-0.9709933	-0.960397	-0.955052	-0.9528612
27/01/2026	19:11	-0.9699201	-0.9669447	-0.9811503	-0.9768819	-0.9607746	-0.9928758	-0.9657908	-0.9829715	-0.9865514	-0.9680037	-0.9658582	-0.972274	-0.9720599	-0.9677218	-0.966619	-0.9511825	-0.9511825
27/01/2026	20:01	-0.978345	-0.9736367	-0.983487	-0.986073	-0.9665156	-0.9978534	-0.9701289	-0.9837469	-0.9929481	-0.9756219	-0.9711443	-0.9773969	-0.9834038	-0.9761341	-0.965219	-0.9595406	-0.9595406
27/01/2026	20:51	-0.9769408	-0.9737923	-0.9855122	-0.9865404	-0.9671363	-0.9978534	-0.972143	-0.9873139	-0.9927921	-0.9757774	-0.9733209	0.9780179	-0.9770326	-0.9764457	-0.9680189	-0.9610884	-0.9610884
27/01/2026	21:41	-0.9809973	-0.973948	-0.9864469	-0.9849826	-0.9674466	-0.9983201	-0.9719881	-0.985763	-0.9929481	-0.9760883	-0.9719216	-0.9784836	-0.9848023	-0.9764457	-0.9701966	-0.9601597	-0.9601597
27/01/2026	22:31	-0.9792811	-0.959319	-0.9783462	-0.9823342	-0.9618607	-0.9916314	-0.9620724	-0.9801799	-0.9771905	-0.9715796	-0.9618159	0.9646672	-0.968952	-0.961179	-0.96833	-0.9558259	-0.9558259
27/01/2026	23:21	-0.9839616	-0.9753486	-0.9884721	-0.9873193	-0.9691534	-1.000964	-0.9730726	-0.9868486	-0.9943522	-0.977643	-0.9739428	-0.9792598	-0.9865117	-0.979094	-0.971441	-0.9623266	-0.9623266
28/01/2026	00:11	-0.9814653	-0.9610309	-0.9823966	-0.9809322	-0.9576713	-0.9970757	-0.9656358	-0.980335	-0.9773465	-0.969403	-0.9622823	-0.9680825	-0.9787419	-0.9725511	-0.9672412	-0.9535042	-0.9535042
28/01/2026	01:01	-0.988018	-0.9769049	-0.98707	-0.988254	-0.9696189	0.9992534	-0.9750868	-0.9891749	-0.9960684	-0.9782649	-0.9745647	-0.9797255	-0.9855793	-0.9767572	-0.9722188	-0.9638744	-0.9638744
28/01/2026	01:51	-0.9713243	-0.9655441	-0.9797483	-0.9653539	-0.9617056	-0.9896093	-0.9568047	-0.9800248	-0.9859274	-0.9704913	-0.9650808	-0.9739816	-0.9706614	-0.9705259	-0.9591526	-0.952266	-0.952266
28/01/2026	02:41	-0.9863018	-0.9761267	-0.9876932	-0.9880982	-0.9694638	-1.000653	-0.9732276	-0.9887097	-0.9946643	-0.9791978	-0.9754975	0.9812779	-0.9868225	-0.9803402	-0.9720632	-0.9643388	-0.9643388
28/01/2026	03:31	-0.988642	-0.976438	-0.989251	-0.9887213	-0.9694638	-1.002364	-0.9755516	-0.9885546	-0.9948203	-0.977954	-0.9742537	-0.9812779	-0.9837146	-0.9811191	-0.9723743	-0.9618623	-0.9618623
28/01/2026	04:21	-0.958687	-0.9579183	-0.9792809	-0.9781281	-0.955499	-0.9882093	-0.9631569	-0.9784739	-0.9876435	-0.9589863	-0.9653918	-0.9634252	-0.969729	-0.9653851	-0.9638191	-0.9474678	-0.9474678
28/01/2026	05:11	-0.9827134	-0.9742592	-0.9845775	-0.9866962	-0.9663605	-0.9981645	-0.9705937	-0.9865385	-0.992168	-0.9740672	-0.9708333	0.9750683	-0.9776542	-0.9762899	-0.9712855	-0.9604693	-0.9604693
28/01/2026	06:01	-0.9619633	-0.9566733	-0.976321	-0.9784397	-0.9587574	-0.9920981	-0.9662556	-0.9814206	-0.9867074	-0.9644279	-0.9658582	0.9683929	-0.9725261	-0.9653851	-0.9644413	-0.9456105	-0.9456105
28/01/2026	06:51	-0.9814653	-0.9727029	-0.984266	-0.9849826	-0.9652743	-0.9973868	-0.9707486	-0.9860732	-0.9913879	-0.9757774	-0.9720771	0.9781731	-0.9806067	-0.9731742	-0.962108	-0.9587667	-0.9587667
28/01/2026	07:41	-0.9752247	-0.9610309	-0.9741401	-0.9761029	-0.9579816	-0.9914759	-0.9617625	-0.9753722	-0.9806228	-0.9633396	-0.9632152	-0.9685482	-0.9656887	-0.9713048	-0.960397	-0.9545877	-0.9545877
28/01/2026	08:31	-0.9763168	-0.9614978	-0.9761653	-0.975324	-0.9528612	-0.9883649	-0.9608329	-0.9790943	-0.9796867	-0.9611629	-0.9557525	0.9640462	-0.9778095	-0.9702144	-0.9625747	-0.9583024	-0.9528612
28/01/2026	09:21	-0.9763168	-0.9625872	-0.9775673	-0.9762587	-0.955499	-0.9906981	-0.9647062	-0.9753722	-0.982495	-0.9620958	-0.95824	-0.9674615	-0.9733031	-0.9667871	-0.9580637	-0.9505634	-0.9505634
28/01/2026	10:11	-0.9730404	-0.9677229	-0.9760095	-0.9764145	-0.9579816	-0.9869649	-0.9516919	-0.9752171	-0.9845232	-0.9606965	-0.9660137	-0.9699454	-0.9672427	-0.9691239	-0.960397	-0.9556711	-0.9516919
28/01/2026	11:01	-0.9708562	-0.9614978	-0.9732054	-0.9792186	-0.9542577	-0.9849428	-0.9597484	-0.9778536	-0.982183	-0.9627177	-0.9604167	0.9654434	-0.9714383	-0.9588422	-0.9600859	-0.9358593	-0.9358593
28/01/2026	11:51	-0.9774089	-0.952627	-0.9755421	-0.9754798	-0.9584471	-0.9896093	-0.9549455	-0.976768	-0.9609648	-0.9470149	-0.9489117	-0.9469697	-0.968952	-0.9607116	-0.9655301	-0.9539685	-0.9469697
28/01/2026	12:41	-0.9822454	-0.9703685	-0.9855122	-0.9854499	-0.9596884	-0.9942758	-0.9671852	-0.9856079	-0.9885796	-0.9736007	-0.9705224	-0.9756893	-0.9747016	-0.9722395	-0.9653746	-0.9555163	-0.9555163
28/01/2026	13:31	-0.9828694	-0.9644547	-0.978502	-0.9829574	-0.9551887	-0.9939647	-0.9682697	-0.9814206	-0.9899838	-0.9675373	-0.9653918	0.9705663	-0.9743909	-0.97333	-0.9617969	-0.9541233	-0.9541233
28/01/2026	14:21	-0.9708562	-0.9286604	-0.9665067	-0.9644192	-0.9362587	-0.9771653	-0.9462692	-0.9614144	-0.95332	-0.9446828	-0.9406716	-0.9415363	-0.9655333	-0.954013	-0.9588415	-0.9490156	-0.9286604
28/01/2026	15:11	-0.9763168	-0.9599415	-0.9789693	-0.9762587	-0.9613952	-0.9905426	-0.9647062	-0.975062	-0.9809348	-0.9661381	-0.9635261	0.963891	-0.9715937	-0.9529225	-0.9614858	-0.9569094	-0.9529225
28/01/2026	16:01	-0.9791251	-0.9667891	-0.9833313	-0.9821785	-0.965895	-0.9972312	-0.967495	-0.9837469	-0.9902958	-0.9745336	-0.970056	-0.9756893	-0.9608715	-0.9748878	-0.9594637	-0.9500991	-0.9500991
28/01/2026	16:51	-0.9817773	-0.9716135	-0.9853564	-0.9829574	-0.9648088	-0.9976979	-0.9702838	-0.9846774	-0.992324	-0.975	-0.9712998	-0.976776	-0.9762556	-0.9753552	-0.9602414	-0.9579928	-0.9579928
28/01/2026	17:41	-0.9836495	-0.9720804	-0.9855122	-0.9851383	-0.9651192	-0.9984756	-0.9704388	-0.985763	-0.9915439	-0.9754664	-0.9716107	0.9769312	-0.9809175	-0.9736416	-0.9681745	-0.9593858	-0.9593858
28/01/2026	18:31	-0.9769408	-0.9646103	-0.9791251	-0.9781281	-0.957361	-0.9927203	-0.9588188	-0.980335	-0.9832751	-0.9704913	-0.9636816	-0.9683929	-0.9733031	-0.9708375	-0.9684856	-0.9593858	-0.957361
28/01/2026	19:21	-0.9828694	-0.9744148	-0.9861353	-0.9871635	-0.964964	-0.9961424	-0.9719881	-0.9868486	-0.992012	-0.9759328	-0.972699	-0.9780179	-0.9849577	-0.9776919	-0.9663079	-0.9617075	-0.9617075
28/01/2026	20:11	-0.9800612	-0.9686566	-0.9795925	-0.9848268	-0.9637227	-0.9967646	-0.960678	-0.9834367	-0.9915439	-0.9728234	-0.9678794	0.9764655	-0.9765664	-0.9664756	-0.9669301	-0.9553616	-0.9553616
28/01/2026	21:01	-0.9831815	-0.9736367	-0.9837986	-0.9859172	-0.9685328	-0.9956757	-0.972298	-0.9876241	-0.992168	-0.9748445	-0.9716107	-0.9763102	-0.9812282	-0.9761341	-0.9647524	-0.9559807	-0.9559807
28/01/2026	21:51	-0.9842736	-0.9736367	-0.9875374	-0.9879424	-0.9694638	-1.000498	-0.9727628	-0.9882444	-0.9943522	-0.9760883	-0.9740983	0.9795703	-0.9837146	-0.9770688	-0.96833	-0.961398	-0.961398
28/01/2026	22:41	-0.9864578	-0.973948	-0.9867585	-0.9879424	-0.9674466	-0.9984756	-0.9727628	-0.9888648	-0.9952883	-0.9770211	-0.9745647	0.9792598	-0.9863563	-0.9787824	-0.971441	-0.9631005	-0.9631005
28/01/2026	23:31	-0.9831815	-0.9702129	-0.9775673	-0.9820227	-0.958292	-0.996609	-0.9684246	-0.9842122	-0.9898278	-0.9728234	-0.9709888	-0.9724292	-0.9792081	-0.9734858	-0.9678634	-0.9592311	-0.958292
29/01/2026	00:21	-0.9877059	-0.9741036	-0.9880047	-0.9879424	-0.9693086	-1.002053	-0.9738473	-0.987469	-0.9962244	-0.9756219	-0.9750311	-0.9809675	-0.9866671	-0.9803402	-0.9722188	-0.9637197	-0.9637197
29/01/2026	01:11	-0.9900462	-0.9778386	-0.9887836	-0.9891887	-0.9710154	-0.9995645	-0.9752417	-0.98933	-0.9968485	-0.9796642	-0.9758085	-0.9817437	-0.988998	-0.9809634	-0.974552	-0.9644936	-0.9644936
29/01/2026	02:01	-0.9869259	-0.9755042	-0.9889394	-0.9890329	-0.9688431	-1.001742	-0.9747769	-0.9890199	-0.9954443	-0.9788868	-0.9744092	0.980657	-0.9862009	-0.9795613	-0.9733076	-0.9635649	-0.9635649
29/01/2026	02:51	-0.9869259	-0.9636765	-0.9837986	-0.9796859	-0.9575161	-0.9913203	-0.9657908	-0.9843672	-0.9843672	-0.969092	-0.9646144	0.9628043	-0.9759448	-0.9547919	-0.9692633	-0.9596954	-0.9547919
29/01/2026	03:41	-0.988174	-0.9767493	-0.9880047	-0.9888771	-0.9688431	-1.001587	-0.9732276	-0.9845223	-0.9946643	-0.9773321	-0.9722326	-0.9787941	-0.9865117	-0.9767572	-0.9695744	-0.9632553	-0.9632553
29/01/2026	04:31	-0.9838055	-0.9734811	-0.983487	-0.9849826	-0.9662053	-0.9962979	-0.9702838	-0.9859181	-0.9879556	-0.9753109	-0.967102	-0.9752235	-0.9784311	-0.9706817	-0.9709744	-0.9606241	-0.9606241
29/01/2026	05:21	-0.9824014	-0.9663222	-0.9847333	-0.9835805	-0.9643433	-0.9994089	-0.9727628	-0.9868486	-0.9938842	-0.9753109	-0.9720771	-0.9783284	-0.9818498	-0.9748878	-0.9692633	-0.9618623	-0.9618623
29/01/2026	06:11	-0.9750686	-0.9663222	-0.9771	-0.9742335	-0.9596884	-0.9942758	-0.9650161	-0.982196	-0.9854593	-0.9695585	-0.9666356	-0.9699454	-0.9726815	-0.9695912	-0.9613303	-0.9519564	-0.9519564
29/01/2026	07:01	-0.9697641	-0.9619646	-0.9724265	-0.9748567	-0.9589126	-0.9916314	-0.9617625	-0.9666873	-0.9843672	-0.9656716	-0.9647699	-0.9699454	-0.9605607	-0.9580633	-0.9449975	-0.9398836	-0.9398836
29/01/2026	07:51	-0.9767848	-0.969746	-0.983487	-0.9832689	-0.9627917	-0.9945869	-0.9633118	-0.9835918	-0.9901398	-0.9729789	-0.9708333	-0.9724292	-0.9729923	-0.9691239	-0.9619525	-0.9542781	-0.9542781
29/01/2026	08:41	-0.9803732	-0.9691235	-0.9805272	-0.9826458	-0.9617056	-0.9947424	-0.9668753	-0.9840571	-0.9865514	-0.9731343	-0.9685012	-0.9724292	-0.9806067	-0.9734858	-0.9649079	-0.9544329	-0.9544329
29/01/2026	09:31	-0.9635235	-0.9621203	-0.9700897	-0.9664444	-0.9483615	-0.977943	-0.95603	-0.9685484	-0.9775025	-0.9641169	-0.9462687	-0.9562842	-0.96227	-0.9604	-0.9535528	-0.9479321	-0.9462687
29/01/2026	10:21	-0.9760047	-0.9663222	-0.9780346	-0.9787512	-0.9581368	-0.9931869	-0.9552553	-0.9800248	-0.9867074	-0.9636505	-0.9639925	-0.9702558	-0.9661549	-0.9613347	-0.9624191	-0.9535042	-0.9535042
29/01/2026	11:11	-0.958687	-0.9389318	-0.9707129	-0.9709621	-0.9404481	-0.9875871	-0.9549455	-0.9792494	-0.9785946	-0.9619403	-0.9593284	0.9609414	-0.9667765	-0.9563497	-0.9538639	-0.9491704	-0.9389318
29/01/2026	12:01	-0.978345	-0.9652328	-0.9769442	-0.9778166	-0.9620159	-0.9916314	-0.9650161	-0.9820409	-0.9845232	-0.969403	-0.9647699	-0.9646672	-0.9734585	-0.9512089	-0.9607081	-0.9535042	-0.9512089
29/01/2026	12:51	-0.9650836	-0.9607196	-0.9789693	-0.9795302	-0.9528612	-0.9911648	-0.9592836	-0.9778536	-0.9785946	-0.9642724	-0.9646144	-0.9617176	-0.9616484	-0.9677218	-0.9502862	-0.9518016	-0.9502862
29/01/2026	13:41	-0.9802172	-0.9720804	-0.9848891	-0.986073	-0.9663605	-0.9987867	-0.9710585	-0.9863834	-0.9937282	-0.9767102	-0.9720771	0.9778626	-0.977188	-0.9747321	-0.96833	-0.9548972	-0.9548972
29/01/2026	14:31	-0.9767848	-0.9661666	-0.9805272	-0.978907	-0.953637	-0.9936536	-0.9580441	-0.9792494	-0.982651	-0.9617848	-0.9607276	-0.9665301	-0.9714383	-0.9667871	-0.9633524	-0.9565998	-0.953637
29/01/2026	15:21	-0.9814653	-0.9702129	-0.9848891	-0.9843594	-0.9615504	-0.9964535	-0.9661006	-0.9811104	-0.9812469	-0.9647388	-0.9663246	-0.967151	-0.9790527	-0.9652293	-0.9622636	-0.9598502	-0.9598502
29/01/2026	16:11	-0.9828694	-0.9717692	-0.9848891	-0.9856057	-0.964964	-0.9975423	-0.9709036	-0.9863834	-0.9887356	-0.9740672	-0.9694341	0.9756893	-0.9810728	-0.9759783	-0.9667745	-0.9598502	-0.9598502
29/01/2026	17:01	-0.9828694	-0.9716135	-0.9852006	-0.9832689	-0.9657398	-0.9983201	-0.9707486	-0.9846774	-0.9909199	-0.9737562	-0.9716107	-0.9770864	-0.9807621	-0.9739531	-0.9633524	-0.9581476	-0.9581476
29/01/2026	17:51	-0.9746006	-0.9566733	-0.9783462	-0.9776608	-0.9593781	-0.9913203	-0.9634668	-0.9790943	-0.9868635	-0.9656716	-0.9610386	-0.9697901	-0.9687966	-0.9680334	-0.9630413	-0.9437531	-0.9437531
29/01/2026	18:41	-0.9803732	-0.9610309	-0.9811503	-0.9820227	-0.9570506	-0.9987867	-0.9654809	-0.9806452	-0.9785946	-0.9666045	-0.961194	0.9665301	-0.9779649	-0.9627368	-0.9678634	-0.9596954	-0.9570506
29/01/2026	19:31	-0.9822454	-0.9745705	-0.98707	-0.9866962	-0.9682224	-0.9967646	-0.9709036	-0.9866935	-0.9935721	-0.9771766	-0.9736318	-0.9786388	-0.9827822	-0.976913	-0.9645968	-0.9620171	-0.9620171
29/01/2026	20:21	-0.9811533	-0.9748817	-0.9867585	-0.9865404	-0.9672915	-0.998009	-0.9713684	-0.9840571	-0.9935721	-0.9748445	-0.97301	-0.9786388	-0.9835592	-0.9775361	-0.9705077	-0.9612432	-0.9612432
29/01/2026	21:11	-0.9845856	-0.9744148	-0.9880047	-0.9877866	-0.9682224	-1.00112	-0.9729177	-0.9880893	-0.9949763	-0.977954	-0.9742537	-0.9794151	-0.9779649	-0.9775361	-0.9633524	-0.9586119	-0.9586119
29/01/2026	22:01	-0.9795931	-0.9755042	-0.9866027	-0.9870077	-0.9691534	-0.9972312	-0.9738473	-0.9885546	-0.9938842	-0.977954	-0.9742537	0.9789493	-0.9832484	-0.9780035	-0.9700411	-0.9579928	-0.9579928
29/01/2026	22:51	-0.9836495	-0.9744148	-0.9841102	-0.9854499	-0.9646537	-1.000809	-0.9730726	-0.9871588	-0.9890477	-0.9767102	-0.9709888	0.9763102	-0.9849577	-0.9795613	-0.9686411	-0.9610884	-0.9610884
29/01/2026	23:41	-0.978657	-0.9713023	-0.9839544	-0.9792186	-0.964033	-0.9938091	-0.9659457	-0.9849876	-0.9796867	-0.9683147	-0.9639925	-0.9713425	-0.9720599	-0.9588422	-0.9700411	-0.9586119	-0.9586119
30/01/2026	00:31	-0.9808412	-0.958074	-0.9794367	-0.9764145	-0.9621711	-0.9920981	-0.9623823	-0.9837469	-0.9892037	-0.9683147	-0.9660137	0.9708768	-0.9801405	-0.9734858	-0.9673967	-0.9434435	-0.9434435
30/01/2026	01:21	-0.9889541	-0.9772161	-0.9876932	-0.989656	-0.9702396	-1.002831	-0.9747769	-0.9899504	-0.9963804	-0.9796642	-0.9762749	-0.9818989	-0.988998	-0.9815865	-0.971441	-0.9652675	-0.9652675
30/01/2026	02:11	-0.9848977	-0.9775274	-0.9884721	-0.9877866	-0.9693086	-1.002987	-0.9752417	-0.9890199	-0.9957564	-0.9788868	-0.975653	-0.9808122	-0.9835592	-0.9784708	-0.9736187	-0.9637197	-0.9637197
30/01/2026	03:01	-0.988486	-0.9758155	-0.9880047	-0.9885656	-0.9691534	-1.002831	-0.9758614	-0.9904156	-0.9965364	-0.9798197	-0.9754975	-0.9817437	-0.9872887	-0.9817423	-0.9681745	-0.9651127	-0.9651127
30/01/2026	03:51	-0.9912943	-0.9772161	-0.9898741	-0.9887213	-0.9708602	-1.00392	-0.9738473	-0.9901055	-0.9949763	-0.9784204	-0.9742537	-0.9817437	-0.9874441	-0.9801844	-0.9747076	-0.9648031	-0.9648031
30/01/2026	04:41	-0.9672678	-0.9613421	-0.9771	-0.9697159	-0.9544129	-0.988676	-0.9558751	-0.9724256	-0.9789066	-0.9653607	-0.9580846	-0.9640462	-0.9632024	-0.9605558	-0.951064	-0.9535042	-0.951064
30/01/2026	05:31	-0.9856777	-0.9691235	-0.9844217	-0.9852941	-0.9657398	-0.9967646	-0.965171	-0.9837469	-0.9909199	-0.9725124	-0.9716107	0.9741369	-0.968175	-0.9703701	-0.9596192	-0.9576833	-0.9576833
30/01/2026	06:21	-0.9474538	-0.9655441	-0.9839544	-0.9809322	-0.9606194	-0.9924092	-0.9648612	-0.9835918	-0.992012	-0.9669154	-0.9688122	0.971032	-0.9733031	-0.9641388	-0.9607081	-0.9535042	-0.9474538
30/01/2026	07:11	-0.9741326	-0.967256	-0.9794367	-0.9798417	-0.9581368	-0.9947424	-0.9572695	-0.9790943	-0.9846792	-0.9647388	-0.9677239	0.9662196	-0.9673981	-0.9652293	-0.955886	-0.9521112	-0.9521112
30/01/2026	08:01	-0.9630554	-0.9563621	-0.9786578	-0.9690927	-0.955499	-0.9894537	-0.9499876	-0.9780087	-0.9806228	-0.9661381	-0.9588619	0.9666853	-0.9560542	-0.9621137	-0.9495085	-0.9504086	-0.9495085
30/01/2026	08:51	-0.978657	-0.966011	-0.9780346	-0.9812438	-0.9581368	-0.994898	-0.9594385	-0.978629	-0.9876435	-0.9659826	-0.9624378	-0.9708768	-0.9708168	-0.9674103	-0.9647524	-0.9541233	-0.9541233
30/01/2026	09:41	-0.9827134	-0.9720804	-0.9831755	-0.9835805	-0.9654295	-0.9959868	-0.9710585	-0.9835918	-0.9902958	-0.9739117	-0.9703669	-0.9749131	-0.9821606	-0.9741089	-0.9677078	-0.9567546	-0.9567546
30/01/2026	10:31	-0.9766288	-0.9669447	-0.9817734	-0.9790628	-0.9607746	-0.9931869	-0.9628471	-0.9795596	-0.9770344	-0.9659826	-0.9588619	-0.9609414	-0.9778095	-0.9510531	-0.9655301	-0.9586119	-0.9510531
30/01/2026	11:21	-0.9760047	-0.9711467	-0.9822408	-0.9842036	-0.964033	-0.994898	-0.96765	-0.9851427	-0.9879556	-0.9712687	-0.9706779	-0.9744473	-0.9736139	-0.9730184	-0.9594637	-0.956445	-0.956445
30/01/2026	12:11	-0.9766288	-0.9688123	-0.9800598	-0.9743893	-0.9634124	-0.9931869	-0.9589737	-0.9823511	-0.9881116	-0.9698694	-0.9630597	-0.9730502	-0.9761002	-0.971928	-0.9638191	-0.9535042	-0.9535042
30/01/2026	13:01	-0.9816213	-0.9644547	-0.9816176	-0.9806206	-0.9590678	-0.9931869	-0.9551004	-0.9809553	-0.9876435	-0.9708022	-0.9691231	-0.9699454	-0.969729	-0.9666314	-0.9513751	-0.9531947	-0.9513751
30/01/2026	13:51	-0.9750686	-0.9678785	-0.9819292	-0.9779723	-0.9610849	-0.9924092	-0.9631569	-0.9694789	-0.9901398	-0.9676928	-0.9689677	-0.9752235	-0.9714383	-0.9713048	-0.951064	-0.9528851	-0.951064
30/01/2026	14:41	-0.9739765	-0.963054	-0.9786578	-0.9776608	-0.9586023	-0.9910092	-0.9600583	-0.9759926	-0.9840552	-0.9675373	-0.9650808	0.9659091	-0.976411	-0.9638273	-0.9630413	-0.9539685	-0.9539685
30/01/2026	15:31	-0.9795931	-0.9613421	-0.9802156	-0.9812438	-0.9627917	-0.9922536	-0.9670302	-0.9770782	-0.9877996	-0.9706468	-0.9705224	-0.9680825	-0.9750124	-0.9709933	-0.9582193	-0.9530399	-0.9530399
30/01/2026	16:21	-0.978969	-0.969746	-0.9797483	-0.9842036	-0.9634124	-0.9952091	-0.9667204	-0.9856079	-0.9879556	-0.9725124	-0.9601057	-0.9699454	-0.9799851	-0.9702144	-0.9659968	-0.9593858	-0.9593858
30/01/2026	17:11	-0.9772529	-0.9638322	-0.9777231	-0.9761029	-0.9570506	-0.9885204	-0.9465791	-0.9775434	-0.9809348	-0.9662935	-0.9621269	-0.9704111	-0.9717491	-0.9530783	-0.9630413	-0.9528851	-0.9465791
30/01/2026	18:01	-0.9795931	-0.9692791	-0.9867585	-0.9862288	-0.9663605	-0.9989423	-0.9701289	-0.9876241	-0.9927921	-0.9765547	-0.972699	0.9773969	-0.9796743	-0.9766014	-0.9600859	-0.9596954	-0.9596954
30/01/2026	18:51	-0.9777209	-0.9566733	-0.9767884	-0.9761029	-0.9452582	-0.9891426	-0.9544807	-0.9739764	-0.9779705	-0.957898	-0.961505	-0.9592337	-0.9659995	-0.9630484	-0.9670856	-0.9565998	-0.9452582
30/01/2026	19:41	-0.9817773	-0.9688123	-0.9816176	-0.9828016	-0.9603091	-0.9955202	-0.9695092	-0.9842122	-0.992636	-0.9748445	-0.9723881	0.9766207	-0.9829376	-0.9703701	-0.96833	-0.9595406	-0.9595406
30/01/2026	20:31	-0.9825574	-0.9742592	-0.9853564	-0.98249	-0.9641882	-0.9905426	-0.96765	-0.980335	-0.992324	-0.9717351	-0.9688122	-0.9752235	-0.9692628	-0.9686565	-0.9661523	-0.9548972	-0.9548972
30/01/2026	21:21	-0.9819333	-0.9714579	-0.9873816	-0.9879424	-0.9696189	-1.000964	-0.9733825	-0.9842122	-0.9952883	-0.9774876	-0.9739428	0.9805017	-0.9868225	-0.9787824	-0.9723743	-0.9626362	-0.9626362
30/01/2026	22:11	-0.9839616	-0.9722361	-0.9873816	-0.9859172	-0.9652743	-0.9981645	-0.9729177	-0.9885546	-0.9946643	-0.9777985	-0.9737873	-0.9789493	-0.9872887	-0.9789382	-0.9675523	-0.9615527	-0.9615527
30/01/2026	23:01	-0.9853657	-0.9639878	-0.9822408	-0.9843594	-0.967757	-0.9973868	-0.9673401	-0.9873139	-0.9896717	-0.9757774	-0.9663246	0.9763102	-0.982316	-0.9558824	-0.9684856	-0.9587667	-0.9558824
04/02/2026	11:20	-0.9719483	-0.9546501	-0.9696224	-0.9678465	-0.9547232	-0.9826095	-0.9489031	-0.9811104	-0.9799988	-0.9641169	-0.9549751	-0.9643567	-0.9677089	-0.9561939	-0.9537083	-0.9545877	-0.9489031
04/02/2026	12:00	-0.9838055	-0.9646103	-0.9817734	-0.981088	-0.9523957	-0.9959868	-0.963002	-0.9840571	-0.9853033	-0.9703358	-0.9692786	-0.9693244	-0.9719045	-0.9678776	-0.9664634	-0.9583024	-0.9523957
04/02/2026	12:50	-0.9767848	-0.9714579	-0.9795925	-0.9785955	-0.9613952	-0.9920981	-0.9665654	-0.9826613	-0.9902958	-0.9717351	-0.967102	0.9693244	-0.9717491	-0.9582191	-0.9664634	-0.9544329	-0.9544329
04/02/2026	13:40	-0.9797491	-0.9613421	-0.9844217	-0.9834247	-0.957361	-0.9961424	-0.963002	-0.9837469	-0.9859274	-0.9692475	-0.9677239	-0.9704111	-0.9804513	-0.9602443	-0.9661523	-0.9587667	-0.957361
04/02/2026	14:30	-0.9664878	-0.9614978	-0.9699339	-0.9633288	-0.9382758	-0.9840095	-0.9487481	-0.9763027	-0.982339	-0.9652052	-0.9674129	0.9598547	-0.9728369	-0.9646062	-0.9585304	-0.9490156	-0.9382758
04/02/2026	15:20	-0.9696081	-0.9608752	-0.9680646	-0.9722084	-0.9430859	-0.9874316	-0.9628471	-0.9812655	-0.9810909	-0.9633396	-0.9652363	-0.9694796	-0.9698844	-0.9675661	-0.9563527	-0.9561355	-0.9430859
04/02/2026	16:10	-0.9836495	-0.9703685	-0.9845775	-0.9854499	-0.9638779	-0.9959868	-0.9712134	-0.9860732	-0.9870195	-0.9762438	-0.9705224	-0.9732054	-0.9678642	-0.9739531	-0.9647524	-0.960005	-0.960005
04/02/2026	17:00	-0.9859898	-0.9736367	-0.9853564	-0.9834247	-0.966826	-0.9969201	-0.9709036	-0.9843672	-0.991856	-0.9767102	-0.9723881	-0.9763102	-0.9790527	-0.9730184	-0.9667745	-0.9592311	-0.9592311
04/02/2026	17:50	-0.9828694	-0.9747261	-0.9844217	-0.9874751	-0.9680673	-1.00112	-0.9718332	-0.9887097	-0.9940402	-0.9773321	-0.9734764	-0.9772417	-0.9837146	-0.9778477	-0.9717521	-0.962791	-0.962791
04/02/2026	18:40	-0.9870819	-0.963054	-0.9831755	-0.9809322	-0.964033	-0.9970757	-0.9557201	-0.9820409	-0.982339	-0.9711132	-0.9683458	-0.9693244	-0.9714383	-0.9705259	-0.9649079	-0.9573737	-0.9557201
04/02/2026	19:30	-0.978969	-0.9727029	-0.9855122	-0.9851383	-0.9620159	-0.996609	-0.9671852	-0.9818859	-0.9940402	-0.9722015	-0.969745	-0.9752235	-0.9795189	-0.9725511	-0.9701966	-0.9533494	-0.9533494
04/02/2026	20:20	-0.9824014	-0.9644547	-0.9771	-0.9799975	-0.953637	0.9919425	-0.960678	-0.9716501	-0.9714179	-0.9585199	-0.9517102	-0.9482116	-0.9712829	-0.958998	-0.9661523	-0.9572189	-0.9482116
04/02/2026	21:10	-0.9839616	-0.9699016	-0.9831755	-0.9815553	-0.957361	-0.9931869	-0.9648612	-0.9835918	-0.9870195	-0.9718905	-0.9639925	0.9708768	-0.9751678	-0.9635157	-0.9687967	-0.960005	-0.957361
04/02/2026	22:00	-0.988018	-0.9674116	-0.9811503	-0.9834247	-0.9607746	-0.9959868	-0.9682697	-0.9815757	-0.9898278	-0.9692475	-0.961194	-0.9763102	-0.9810728	-0.9675661	-0.9653746	-0.9621719	-0.9607746
04/02/2026	22:50	-0.9900462	-0.9772161	-0.9847333	-0.9880982	-0.9693086	-1.001587	-0.9747769	-0.9896402	-0.9948203	-0.9791978	-0.9762749	0.9817437	-0.9875995	-0.9811191	-0.971441	-0.9629458	-0.9629458
04/02/2026	23:40	-0.9895781	-0.976438	-0.987849	-0.9888771	-0.9696189	-1.001276	-0.972143	-0.9885546	-0.9945082	-0.9781095	-0.9758085	-0.9814332	-0.9866671	-0.9730184	-0.9701966	-0.9609336	-0.9609336
05/02/2026	00:30	-0.987862	-0.9781499	-0.9889394	-0.989656	-0.971636	-1.00252	-0.9747769	-0.9904156	-0.9971605	-0.9795087	-0.9764303	-0.9817437	-0.9899304	-0.9809634	-0.9753298	-0.9634101	-0.9634101
05/02/2026	01:20	-0.9925424	-0.9781499	-0.9886279	-0.989656	-0.9708602	-1.002053	-0.9757065	-0.9902605	-0.9977846	-0.9791978	-0.9759639	-0.9818989	-0.9880656	-0.9811191	-0.9723743	-0.9644936	-0.9644936
05/02/2026	02:10	-0.9953507	-0.978928	-0.9911204	-0.9904349	-0.9721015	-1.005164	-0.9763262	-0.9921216	-0.9977846	-0.9804415	-0.9772077	-0.9831408	-0.9903966	-0.9823654	-0.9778186	-0.9660414	-0.9660414
05/02/2026	03:00	-0.9911383	-0.9767493	-0.9898741	-0.9884098	-0.9708602	-1.002831	-0.9738473	-0.9904156	-0.9965364	-0.9795087	-0.9754975	0.980036	-0.9886872	-0.9801844	-0.9754853	-0.9652675	-0.9652675
05/02/2026	03:50	-0.9933225	-0.9773718	-0.9898741	-0.9899676	-0.9717912	-1.002987	-0.9753966	-0.9911911	-0.9966925	-0.9777985	-0.9744092	0.9814332	-0.9894642	-0.9815865	-0.9762631	-0.9634101	-0.9634101
05/02/2026	04:40	-0.9905142	-0.9783055	-0.9887836	-0.9895002	-0.9705499	-1.001742	-0.9760164	-0.9896402	-0.9965364	-0.9796642	-0.9751866	0.9812779	-0.9880656	-0.9786266	-0.9740854	-0.9646483	-0.9646483
05/02/2026	05:30	-0.9873939	-0.9703685	-0.9845775	-0.9840479	-0.963102	-0.9953646	-0.9687345	-0.9846774	-0.9871755	-0.9746891	-0.9689677	0.9733607	-0.9796743	-0.9594654	-0.9722188	-0.9629458	-0.9594654
05/02/2026	06:20	-0.9727284	-0.9566733	-0.9808387	-0.9734546	-0.9544129	-0.982454	-0.9616076	-0.9759926	-0.9789066	-0.966449	-0.9622823	-0.967772	-0.9678642	-0.9705259	-0.9571304	-0.9575285	-0.9544129
05/02/2026	07:10	-0.968516	-0.9621203	-0.9722707	-0.9708063	-0.9609297	-0.9858761	-0.9569596	-0.9772333	-0.9851473	-0.9675373	-0.9646144	0.9696349	-0.9664657	-0.9678776	-0.9619525	-0.9538138	-0.9538138
05/02/2026	08:00	-0.9816213	-0.9708354	-0.9844217	-0.9837363	-0.9660501	-0.9987867	-0.969819	-0.9859181	-0.991856	-0.9732898	-0.9691231	-0.9749131	-0.9751678	-0.9723953	-0.960397	-0.9465391	-0.9465391
05/02/2026	08:50	-0.9824014	-0.9730142	-0.9855122	-0.9849826	-0.9672915	-0.9990978	-0.9678049	-0.9862283	-0.9917	-0.9763993	-0.9705224	-0.9786388	-0.9820052	-0.976913	-0.958997	-0.9586119	-0.9586119
05/02/2026	09:40	-0.9700761	-0.9588521	-0.9739843	-0.9723642	-0.9568955	-0.9852539	-0.9382127	-0.9581576	-0.9775025	-0.954944	-0.955908	-0.9623385	-0.9534125	-0.9533898	-0.9563527	-0.947313	-0.9382127
05/02/2026	10:30	-0.9775649	-0.9627428	-0.9739843	-0.9768819	-0.9604643	-0.9897648	-0.9605231	-0.9817308	-0.9853033	-0.9675373	-0.9674129	-0.9721187	-0.9655333	-0.968345	-0.9519973	-0.9500991	-0.9500991
05/02/2026	11:20	-0.9700761	-0.9462463	-0.9618333	-0.9617709	-0.9427756	-0.9760764	-0.9546356	-0.9741315	-0.9681415	-0.957898	-0.9515547	0.9474354	-0.9753232	-0.9616463	-0.9602414	-0.9559807	-0.9427756
05/02/2026	12:10	-0.9814653	-0.9723917	-0.9848891	-0.9851383	-0.9666708	-0.9992534	-0.9685796	-0.9848325	-0.992012	-0.9753109	-0.9706779	0.9766207	-0.9729923	-0.9728627	-0.9689522	-0.9556711	-0.9556711
05/02/2026	13:00	-0.9767848	-0.9702129	-0.9822408	-0.9828016	-0.958292	-0.9896093	-0.9667204	-0.9828164	-0.9890477	-0.9698694	-0.964459	-0.9735159	-0.9795189	-0.9686565	-0.9675523	-0.9559807	-0.9559807
05/02/2026	13:50	-0.9866138	-0.9705242	-0.9839544	-0.9834247	-0.9615504	-0.9981645	-0.9667204	-0.9812655	-0.982339	-0.9701803	-0.9653918	0.9739816	-0.9779649	-0.9621137	-0.9658412	-0.9573737	-0.9573737
05/02/2026	14:40	-0.9842736	-0.9744148	-0.9866027	-0.9862288	-0.9683776	-0.99972	-0.967495	-0.9870037	-0.9935721	-0.9762438	-0.9723881	-0.9791046	-0.9733031	-0.976913	-0.9687967	-0.961398	-0.961398
05/02/2026	15:30	-0.9866138	-0.9741036	-0.9872258	-0.9877866	-0.967757	-0.9970757	-0.9709036	-0.987469	-0.9932601	-0.9770211	-0.9725435	-0.9756893	-0.9804513	-0.9736416	-0.9547972	-0.9567546	-0.9547972
05/02/2026	16:20	-0.9834935	-0.9742592	-0.9869143	-0.9871635	-0.9663605	-1.000187	-0.9712134	-0.9868486	-0.992168	-0.9759328	-0.9733209	-0.9778626	-0.9742355	-0.9758225	-0.9608636	-0.9569094	-0.9569094
05/02/2026	17:10	-0.9855217	-0.9733254	-0.9862911	-0.9868519	-0.9663605	-0.9975423	-0.9704388	-0.9876241	-0.9931041	-0.9770211	-0.9725435	-0.9781731	-0.9807621	-0.9708375	-0.9667745	-0.9587667	-0.9587667
05/02/2026	18:00	-0.9859898	-0.9736367	-0.9853564	-0.9851383	-0.9679121	-0.9986312	-0.972298	-0.9877792	-0.9932601	-0.9765547	-0.9717662	0.9791046	-0.9790527	-0.9758225	-0.9673967	-0.9601597	-0.9601597
05/02/2026	18:50	-0.988018	-0.9744148	-0.9855122	-0.9857615	-0.9669811	-0.9975423	-0.9667204	-0.9862283	-0.9898278	-0.9704913	-0.9647699	0.971653	-0.9742355	-0.9639831	-0.9709744	-0.9626362	-0.9626362
05/02/2026	19:40	-0.9756927	-0.9655441	-0.9805272	-0.9781281	-0.9601539	-0.9843206	-0.9668753	-0.9804901	-0.9899838	-0.9658271	-0.9681903	-0.9705663	-0.968175	-0.9646062	-0.9563527	-0.9528851	-0.9528851
05/02/2026	20:30	-0.9864578	-0.975193	-0.9864469	-0.9857615	-0.9671363	-0.9983201	-0.9726078	-0.9883995	-0.9943522	-0.9757774	-0.9716107	0.9792598	-0.9835592	-0.9789382	-0.9705077	-0.9610884	-0.9610884
05/02/2026	21:20	-0.987862	-0.9744148	-0.98707	-0.9866962	-0.9686879	-1.002209	-0.9743121	-0.9873139	-0.9954443	-0.9790423	-0.9761194	-0.9808122	-0.9860455	-0.980496	-0.9736187	-0.9638744	-0.9638744
05/02/2026	22:10	-0.9853657	-0.9773718	-0.9890952	-0.9871635	-0.9708602	-1.001431	-0.9688894	-0.9899504	-0.9963804	-0.9784204	-0.9754975	0.9814332	-0.9846469	-0.9797171	-0.9729965	-0.9631005	-0.9631005
05/02/2026	23:00	-0.988018	-0.9748817	-0.9876932	-0.9866962	-0.9705499	-1.000809	-0.9749318	-0.9891749	-0.9966925	-0.9763993	-0.9758085	-0.9805017	-0.9804513	-0.9778477	-0.9616414	-0.9592311	-0.9592311
05/02/2026	23:50	-0.9850537	-0.9650772	-0.9850449	-0.9834247	-0.9617056	-0.9975423	-0.9605231	-0.982196	-0.9757863	-0.9652052	-0.9538868	0.9634252	-0.9806067	-0.9635157	-0.9700411	-0.9621719	-0.9538868
06/02/2026	00:40	-0.9847416	-0.9719248	-0.9850449	-0.9873193	-0.9676018	-1.001898	-0.9726078	-0.9863834	-0.9913879	-0.9759328	-0.9709888	0.9741369	-0.9858901	-0.9709933	-0.9706633	-0.9626362	-0.9626362
06/02/2026	01:30	-0.988174	-0.9775274	-0.9875374	-0.9888771	-0.9697741	-0.99972	-0.9740022	-0.9896402	-0.9968485	-0.9773321	-0.9750311	-0.9811227	-0.9880656	-0.9787824	-0.9726854	-0.9638744	-0.9638744
06/02/2026	02:20	-0.9870819	-0.977683	-0.989251	-0.9905907	-0.9703947	-1.002831	-0.9760164	-0.9891749	-0.9979406	-0.9790423	-0.9762749	-0.9829856	-0.9891534	-0.9798729	-0.9673967	-0.9623266	-0.9623266
06/02/2026	03:10	-0.9902022	-0.9787724	-0.9897183	-0.9891887	-0.9714809	-1.00252	-0.9757065	-0.9911911	-0.9974725	-0.9799751	-0.975342	-0.9817437	-0.9860455	-0.9800287	-0.9764186	-0.9660414	-0.9660414
06/02/2026	04:00	-0.9925424	-0.9736367	-0.9836428	-0.9828016	-0.9685328	-0.9987867	-0.972143	-0.9840571	-0.9902958	-0.9756219	-0.9683458	0.9742921	-0.9816944	-0.9685007	-0.9733076	-0.9623266	-0.9623266
06/02/2026	04:50	-0.9858337	-0.9666335	-0.9795925	-0.9759472	-0.9609297	-0.9945869	-0.963002	-0.9832816	-0.9807788	-0.9680037	-0.9618159	0.9693244	-0.9670873	-0.9535456	-0.9649079	-0.9601597	-0.9535456
06/02/2026	05:40	-0.9742886	-0.9568289	-0.9732054	-0.9751682	-0.9530164	-0.9860316	-0.9571145	-0.976768	-0.9789066	-0.96676	-0.9538868	-0.9531793	-0.9737693	-0.9627368	-0.960397	-0.9525755	-0.9525755
06/02/2026	06:30	-0.9799051	-0.963054	-0.9760095	-0.9767261	-0.9579816	-0.9885204	-0.9628471	-0.9738213	-0.9885796	-0.96676	-0.9616604	-0.9694796	-0.9754786	-0.9618021	-0.9611747	-0.9521112	-0.9521112
06/02/2026	07:20	-0.9809973	-0.9714579	-0.983487	-0.9835805	-0.964964	-0.993498	-0.9619175	-0.978629	-0.9859274	-0.9736007	-0.9674129	-0.9736711	-0.9776542	-0.9691239	-0.9437531	-0.9505634	-0.9437531
06/02/2026	08:10	-0.9822454	-0.9736367	-0.9867585	-0.9862288	-0.9682224	-1.000187	-0.9718332	-0.987469	-0.9941962	-0.9773321	-0.9731654	-0.976155	-0.9773434	-0.9761341	-0.965219	-0.9587667	-0.9587667
06/02/2026	09:00	-0.9742886	-0.9632097	-0.9791251	-0.9793744	-0.9483615	-0.9959868	-0.9602132	-0.9770782	-0.982495	-0.9596082	-0.9531095	0.9576813	-0.9597837	-0.9711491	-0.9418865	-0.9493252	-0.9418865
06/02/2026	09:50	-0.9830255	-0.9714579	-0.9808387	-0.9843594	-0.9671363	-0.9987867	-0.9592836	-0.9866935	-0.9913879	-0.9680037	-0.9731654	-0.975534	-0.9698844	-0.9566613	-0.9619525	-0.9541233	-0.9541233
06/02/2026	10:40	-0.9828694	-0.9650772	-0.9803714	-0.9796859	-0.9539474	-0.9906981	-0.9642414	-0.9806452	-0.9834311	-0.9644279	-0.9563744	-0.9609414	-0.9750124	-0.9569728	-0.9616414	-0.9544329	-0.9539474
06/02/2026	11:30	-0.9764728	-0.9442231	-0.9604312	-0.9641077	-0.9311383	-0.9751431	-0.9605231	-0.9797146	-0.9842112	-0.9620958	-0.9492226	-0.9615623	-0.9659995	-0.9490279	-0.957286	-0.9535042	-0.9311383
06/02/2026	12:20	-0.9769408	-0.9611865	-0.9660394	-0.9743893	-0.955499	-0.9826095	-0.9599033	-0.9775434	-0.9873315	-0.9655162	-0.9655473	0.9665301	-0.9628916	-0.9650735	-0.904399	-0.9538138	-0.904399
06/02/2026	13:10	-0.9764728	-0.961809	-0.9697782	-0.9736104	-0.9444824	-0.9849428	-0.9580441	-0.9724256	-0.9466113	-0.9563433	-0.9479789	0.9340847	-0.9810728	-0.9669429	-0.9644413	-0.9528851	-0.9340847
06/02/2026	14:00	-0.9806852	-0.9745705	-0.9848891	-0.9851383	-0.964964	-0.9983201	-0.9712134	-0.9849876	-0.9873315	-0.9743781	-0.9723881	0.9711873	-0.9778095	-0.9711491	-0.9600859	-0.9579928	-0.9579928
06/02/2026	14:50	-0.9808412	-0.9639878	-0.9795925	-0.9756356	-0.9624814	-0.9875871	-0.9603681	-0.9673077	-0.9656453	-0.9645833	-0.9545087	-0.9550422	-0.9675535	-0.9546361	-0.9670856	-0.9606241	-0.9545087
06/02/2026	15:40	-0.987862	-0.9734811	-0.9866027	-0.9856057	-0.9696189	-1.001587	-0.9710585	-0.9863834	-0.9934161	-0.9777985	-0.9745647	-0.9791046	-0.9796743	-0.9783151	-0.9607081	-0.9593858	-0.9593858
06/02/2026	16:30	-0.9873939	-0.9733254	-0.9853564	-0.9877866	-0.9679121	-1.000031	-0.9719881	-0.9887097	-0.992324	-0.9759328	-0.9711443	-0.9778626	-0.9798297	-0.9744205	-0.9602414	-0.9575285	-0.9575285
06/02/2026	17:20	-0.9803732	-0.9745705	-0.9873816	-0.9859172	-0.9683776	-1.00112	-0.9733825	-0.9888648	-0.9951323	-0.9759328	-0.9744092	-0.9797255	-0.9834038	-0.9797171	-0.9641302	-0.9609336	-0.9609336
06/02/2026	18:10	-0.9848977	-0.976438	-0.9872258	-0.9891887	-0.9703947	-1.001431	-0.9724529	-0.987469	-0.9948203	-0.9773321	-0.9737873	-0.9809675	-0.9848023	-0.9781593	-0.96973	-0.9603145	-0.9603145
06/02/2026	19:00	-0.9682039	-0.9476469	-0.9704013	-0.9722084	-0.9447927	-0.9847872	-0.9510721	-0.9769231	-0.9795307	-0.9614739	-0.9571517	-0.9621833	-0.9636686	-0.9579075	-0.9524639	-0.9513373	-0.9447927
06/02/2026	19:50	-0.9800612	-0.9681897	-0.9831755	-0.9852941	-0.9617056	-0.9972312	-0.967495	-0.9865385	-0.9915439	-0.9709577	-0.9714552	0.972274	-0.9806067	-0.9747321	-0.9628858	-0.9598502	-0.9598502
06/02/2026	20:40	-0.987862	-0.976438	-0.9889394	-0.9895002	-0.9705499	-1.00252	-0.9732276	-0.9899504	-0.9940402	-0.977643	-0.975653	-0.980036	-0.9832484	-0.9761341	-0.9733076	-0.9615527	-0.9615527
06/02/2026	21:30	-0.9889541	-0.9759711	-0.9886279	-0.9870077	-0.9711706	-1.002987	-0.9755516	-0.9902605	-0.9970045	-0.9798197	-0.9770522	0.9822094	-0.988998	-0.9809634	-0.9656857	-0.9644936	-0.9644936
06/02/2026	22:20	-0.9845856	-0.9762824	-0.9897183	-0.9884098	-0.9719464	-1.000809	-0.9758614	-0.9899504	-0.9966925	-0.980908	-0.9765858	-0.9818989	-0.9891534	-0.9814307	-0.9694189	-0.9651127	-0.9651127
06/02/2026	23:10	-0.9889541	-0.9772161	-0.989251	-0.9902792	-0.9721015	-1.002987	-0.9760164	-0.9915012	-0.9957564	-0.9804415	-0.9768968	-0.9829856	-0.9914843	-0.9818981	-0.9733076	-0.9640292	-0.9640292
07/02/2026	00:00	-0.9866138	-0.9784612	-0.9886279	-0.9904349	-0.971636	-1.001276	-0.976946	-0.9908809	-0.9984086	-0.9813744	-0.9775187	-0.9828304	-0.9900858	-0.9822096	-0.9740854	-0.9649579	-0.9649579
07/02/2026	00:50	-0.9834935	-0.9613421	-0.980683	-0.9793744	-0.963102	-0.9939647	-0.9650161	-0.9800248	-0.9809348	-0.9703358	-0.9618159	-0.9719635	-0.9809175	-0.9686565	-0.9677078	-0.9518016	-0.9518016
07/02/2026	01:40	-0.9894221	-0.9694348	-0.9841102	-0.9863846	-0.9575161	-0.9984756	-0.9673401	-0.9834367	-0.9863954	-0.9739117	-0.9685012	-0.9727397	-0.9719045	-0.9649177	-0.9703522	-0.9643388	-0.9575161
07/02/2026	02:30	-0.9903582	-0.9801731	-0.9890952	-0.991837	-0.971636	-1.005164	-0.9752417	-0.9908809	-0.9988767	-0.9810634	-0.978607	-0.9828304	-0.9862009	-0.9842348	-0.9705077	-0.9646483	-0.9646483
07/02/2026	03:20	-0.988174	-0.9790837	-0.9912762	-0.9923043	-0.9738083	-1.005009	-0.9783404	-0.9932072	-0.9987207	-0.9824627	-0.9789179	-0.9832961	-0.9919505	-0.9842348	-0.9770408	-0.9666605	-0.9666605
07/02/2026	04:10	-0.9908263	-0.9770605	-0.9847333	-0.9884098	-0.9710154	-1.00252	-0.9741572	-0.9899504	-0.9948203	-0.9787313	-0.9728545	-0.9805017	-0.9862009	-0.9822096	-0.9731521	-0.9635649	-0.9635649
07/02/2026	05:00	-0.988486	-0.9773718	-0.9876932	-0.988254	-0.9722567	-1.000342	-0.9760164	-0.9901055	-0.9970045	-0.9784204	-0.9773632	-0.9820541	-0.9869779	-0.9806518	-0.9729965	-0.9649579	-0.9649579
07/02/2026	05:50	-0.9521343	-0.9327067	-0.9504611	-0.9337301	-0.9309831	-0.9454331	-0.9324802	-0.9466811	-0.9249251	-0.9297575	-0.9282338	-0.9371895	-0.9619592	-0.9524551	-0.955886	-0.9468487	-0.9249251
07/02/2026	06:40	-0.9844296	-0.9787724	-0.9884721	-0.9876309	-0.9713257	-1.001742	-0.9735374	-0.9904156	-0.9976286	-0.9788868	-0.9751866	0.9801913	-0.9877548	-0.9803402	-0.9686411	-0.9635649	-0.9635649
07/02/2026	07:30	-0.9805292	-0.9747261	-0.9866027	-0.9843594	-0.9696189	-0.9972312	-0.9701289	-0.9866935	-0.9906078	-0.9751555	-0.9709888	-0.9735159	-0.975634	-0.9756667	-0.9684856	-0.9606241	-0.9606241
07/02/2026	08:20	-0.9770969	-0.9683454	-0.9724265	-0.9759472	-0.9604643	-0.994898	-0.9634668	-0.9831266	-0.9902958	-0.9700249	-0.9699005	0.9735159	-0.9795189	-0.975511	-0.9653746	-0.9610884	-0.9604643
07/02/2026	09:10	-0.9895781	-0.9762824	-0.9898741	-0.9898118	-0.9710154	-0.9972312	-0.9743121	-0.9890199	-0.9965364	-0.9799751	-0.9740983	-0.980657	-0.9854239	-0.9806518	-0.96973	-0.964184	-0.964184
07/02/2026	10:00	-0.9850537	-0.9753486	-0.9859796	-0.9891887	-0.9688431	-1.000187	-0.9718332	-0.9879342	-0.9917	-0.9763993	-0.9748756	-0.9794151	-0.9804513	-0.979094	-0.9547972	-0.9621719	-0.9547972
07/02/2026	10:50	-0.9777209	-0.9741036	-0.9861353	-0.977505	-0.9671363	-0.9967646	-0.9662556	-0.9846774	-0.9941962	-0.9753109	-0.9711443	0.9781731	-0.9782757	-0.9709933	-0.9649079	-0.9617075	-0.9617075
07/02/2026	11:40	-0.9850537	-0.9700573	-0.9823966	-0.9815553	-0.9638779	-0.9981645	-0.9645513	-0.985763	-0.992324	-0.9701803	-0.9674129	-0.9752235	-0.9717491	-0.9703701	-0.9571304	-0.9623266	-0.9571304
07/02/2026	12:30	-0.988642	-0.9758155	-0.9887836	-0.9890329	-0.9693086	-0.9992534	-0.9741572	-0.9882444	-0.9912319	-0.977954	-0.9751866	-0.9787941	-0.9857347	-0.9741089	-0.9686411	-0.9595406	-0.9595406
07/02/2026	13:20	-0.9872379	-0.9762824	-0.9864469	-0.9888771	-0.9708602	-1.002209	-0.9727628	-0.9905707	-0.9962244	-0.977954	-0.9750311	-0.9811227	-0.982316	-0.9792498	-0.9701966	-0.9638744	-0.9638744
07/02/2026	14:10	-0.9900462	-0.9756599	-0.9894068	-0.989656	-0.9705499	-1.00252	-0.9758614	-0.9866935	-0.9970045	-0.977643	-0.9768968	-0.9815884	-0.9852685	-0.9814307	-0.9689522	-0.961398	-0.961398
07/02/2026	15:00	-0.9891101	-0.9753486	-0.9881605	-0.9905907	-0.9700844	-1.002675	-0.974467	-0.9894851	-0.9940402	-0.9785759	-0.975653	-0.9808122	-0.9871333	-0.9786266	-0.96833	-0.9626362	-0.9626362
07/02/2026	15:50	-0.9820894	-0.9756599	-0.9876932	-0.9835805	-0.9634124	-0.9964535	-0.972298	-0.9837469	-0.9956003	-0.9770211	-0.9761194	0.980036	-0.9762556	-0.9681892	-0.9670856	-0.9596954	-0.9596954
07/02/2026	16:40	-0.9770969	-0.967256	-0.9808387	-0.9723642	-0.9646537	-0.9922536	-0.9487481	-0.9747519	-0.9860834	-0.9700249	-0.9601057	0.971032	-0.9754786	-0.9638273	-0.9571304	-0.9530399	-0.9487481
07/02/2026	17:30	-0.9811533	-0.9731698	-0.9894068	-0.9899676	-0.9702396	-1.002053	-0.9752417	-0.9862283	-0.9945082	-0.9798197	-0.9762749	0.9815884	-0.9865117	-0.9818981	-0.9600859	-0.9621719	-0.9600859
07/02/2026	18:20	-0.9778769	-0.9566733	-0.9733612	-0.9776608	-0.9503786	-0.9897648	-0.9577343	-0.9781638	-0.9664254	-0.963495	-0.955597	-0.9634252	-0.9767218	-0.9705259	-0.9700411	-0.9561355	-0.9503786
07/02/2026	19:10	-0.9852097	-0.9747261	-0.9858238	-0.9845152	-0.9657398	-0.9983201	-0.9704388	-0.9834367	-0.9854593	-0.9732898	-0.970056	0.9669958	-0.974857	-0.9558824	-0.9678634	-0.9604693	-0.9558824
07/02/2026	20:00	-0.9914503	-0.9769049	-0.9903415	-0.9902792	-0.9717912	-1.003453	-0.9760164	-0.9913462	-0.9971605	-0.980597	-0.9767413	-0.9811227	-0.9868225	-0.9817423	-0.9726854	-0.9649579	-0.9649579
07/02/2026	20:50	-0.9889541	-0.9728586	-0.9853564	-0.9823342	-0.9662053	-0.9990978	-0.9681148	-0.9840571	-0.9806228	-0.9756219	-0.9678794	-0.9766207	-0.974857	-0.9725511	-0.9734632	-0.9603145	-0.9603145
07/02/2026	21:40	-0.9892661	-0.9767493	-0.9903415	-0.9902792	-0.9713257	-1.001431	-0.9758614	-0.9913462	-0.9988767	-0.9804415	-0.9778296	0.9801913	-0.9826268	-0.9815865	-0.9695744	-0.9649579	-0.9649579
07/02/2026	22:30	-0.9902022	-0.9753486	-0.9886279	-0.9852941	-0.9682224	-1.000031	-0.9713684	-0.9880893	-0.9882676	-0.9757774	-0.9744092	0.9781731	-0.9868225	-0.9680334	-0.9740854	-0.9649579	-0.9649579
07/02/2026	23:20	-0.9897341	-0.9793949	-0.9908088	-0.9907465	-0.9727222	-1.002831	-0.9766361	-0.9924318	-0.9988767	-0.9785759	-0.9787624	0.9837618	-0.9801405	-0.9815865	-0.9722188	-0.9654222	-0.9654222
08/02/2026	00:10	-0.9919184	-0.9793949	-0.9889394	-0.9905907	-0.9730325	-1.002053	-0.9766361	-0.9905707	-0.9984086	-0.9813744	-0.978296	-0.9825199	-0.9827822	-0.9814307	-0.9761075	-0.965577	-0.965577
08/02/2026	01:00	-0.9873939	-0.9779943	-0.9903415	-0.9912139	-0.9713257	-1.002209	-0.9763262	-0.9885546	-0.9974725	-0.9813744	-0.9770522	0.9834513	-0.9886872	-0.9767572	-0.9708188	-0.9665057	-0.9665057
08/02/2026	01:50	-0.988486	-0.9695904	-0.9848891	-0.9818669	-0.9609297	-0.996609	-0.958354	-0.982196	-0.9815589	-0.9703358	-0.966791	-0.9696349	-0.96227	-0.9633599	-0.9670856	-0.9598502	-0.958354
08/02/2026	02:40	-0.9839616	-0.9762824	-0.9903415	-0.9923043	-0.9730325	-1.001742	-0.9774108	-0.9936725	-0.9980966	-0.980908	-0.9796953	-0.9831408	-0.9862009	-0.9847021	-0.9669301	-0.9657318	-0.9657318
08/02/2026	03:30	-0.9942586	-0.9773718	-0.9912762	-0.9905907	-0.9730325	-1.000964	-0.9763262	-0.9924318	-0.9993447	-0.9821517	-0.9789179	0.9843828	-0.990552	-0.9794055	-0.9729965	-0.9663509	-0.9663509
08/02/2026	04:20	-0.9833375	-0.9737923	-0.9839544	-0.9840479	-0.967757	-0.9941202	-0.9681148	-0.9832816	-0.9945082	-0.9732898	-0.9660137	0.9777074	-0.9729923	-0.9792498	-0.962108	-0.9632553	-0.962108
08/02/2026	05:10	-0.9908263	-0.9806399	-0.9917435	-0.9907465	-0.9738083	-1.004075	-0.9783404	-0.9938275	-0.9995007	-0.980908	-0.9789179	-0.9843828	-0.9916397	-0.9843906	-0.9750187	-0.9672796	-0.9672796
08/02/2026	06:00	-0.9906702	-0.9779943	-0.9898741	-0.9921486	-0.972567	-1.003764	-0.9752417	-0.9913462	-0.9990327	-0.9819963	-0.9776741	-0.9837618	-0.990552	-0.9829885	-0.9757964	-0.9678987	-0.9678987
08/02/2026	06:50	-0.978345	-0.9653884	-0.9781904	-0.9784397	-0.9618607	-0.9916314	-0.9690444	-0.9843672	-0.9790627	-0.9692475	-0.9678794	0.9733607	-0.976411	-0.9737974	-0.9585304	-0.9567546	-0.9567546
08/02/2026	07:40	-0.988018	-0.977683	-0.9900299	-0.9893445	-0.9699292	-1.001587	-0.9753966	-0.9913462	-0.9948203	-0.9801306	-0.9772077	-0.9826751	-0.9875995	-0.9792498	-0.9711299	-0.9649579	-0.9649579
08/02/2026	08:30	-0.9870819	-0.9727029	-0.9880047	-0.9868519	-0.9702396	-0.9989423	-0.9747769	-0.983902	-0.9968485	-0.9777985	-0.9761194	0.9814332	-0.9802959	-0.9783151	-0.9627302	-0.9601597	-0.9601597
08/02/2026	09:20	-0.9853657	-0.976438	-0.9889394	-0.9893445	-0.9707051	-1.001742	-0.9735374	-0.9907258	-0.9960684	-0.9785759	-0.9759639	-0.9823646	-0.9858901	-0.9808076	-0.9692633	-0.9644936	-0.9644936
08/02/2026	10:10	-0.9892661	-0.9769049	-0.9886279	-0.988254	-0.9693086	-1.00112	-0.9738473	-0.9876241	-0.9959124	-0.9791978	-0.975342	-0.9815884	-0.9774988	-0.9725511	-0.9664634	-0.9624814	-0.9624814
08/02/2026	11:00	-0.98833	-0.9758155	-0.9884721	-0.9887213	-0.9700844	-1.00112	-0.9724529	-0.9896402	-0.9954443	-0.9787313	-0.9750311	-0.980657	-0.98387	-0.9801844	-0.9627302	-0.9631005	-0.9627302
08/02/2026	11:50	-0.9864578	-0.976438	-0.9886279	-0.9870077	-0.9705499	-1.000964	-0.9738473	-0.9876241	-0.9941962	-0.977643	-0.975653	-0.980036	-0.9854239	-0.9801844	-0.9675523	-0.9626362	-0.9626362
08/02/2026	12:40	-0.9863018	-0.9755042	-0.9881605	-0.9840479	-0.9699292	-1.000964	-0.9727628	-0.9894851	-0.9943522	-0.9793532	-0.9740983	0.9814332	-0.9835592	-0.9762899	-0.9680189	-0.9603145	-0.9603145
08/02/2026	13:30	-0.9839616	-0.9761267	-0.9890952	-0.9857615	-0.9703947	-1.001276	-0.9740022	-0.9873139	-0.9934161	-0.9788868	-0.9754975	0.9808122	-0.9784311	-0.9783151	-0.965219	-0.9596954	-0.9596954
08/02/2026	14:20	-0.9863018	-0.9772161	-0.9867585	-0.9895002	-0.9710154	-0.9986312	-0.9740022	-0.98933	-0.9951323	-0.9796642	-0.9772077	-0.9817437	-0.9844915	-0.980496	-0.9636635	-0.9632553	-0.9632553
08/02/2026	15:10	-0.9877059	-0.976438	-0.9887836	-0.989656	-0.9689983	-1.000964	-0.9691993	-0.9891749	-0.9951323	-0.9784204	-0.9754975	-0.9803465	-0.9863563	-0.9798729	-0.9614858	-0.9612432	-0.9612432
08/02/2026	16:00	-0.988018	-0.9756599	-0.9881605	-0.9888771	-0.9697741	-1.000964	-0.9730726	-0.98933	-0.9962244	-0.9785759	-0.975342	-0.9805017	-0.9784311	-0.9783151	-0.9658412	-0.961398	-0.961398
08/02/2026	16:50	-0.9730404	-0.975193	-0.987849	-0.9859172	-0.9689983	-0.9973868	-0.969819	-0.9856079	-0.992636	-0.9729789	-0.9750311	-0.9770864	-0.9806067	-0.9756667	-0.9633524	-0.9590763	-0.9590763
08/02/2026	17:40	-0.988486	-0.9747261	-0.987849	-0.9887213	-0.9679121	-1.000964	-0.972143	-0.9882444	-0.9946643	-0.9781095	-0.975653	-0.9797255	-0.9866671	-0.979094	-0.9645968	-0.9632553	-0.9632553
08/02/2026	18:30	-0.988486	-0.9772161	-0.9890952	-0.9895002	-0.9699292	-1.003298	-0.9738473	-0.9887097	-0.9960684	-0.9791978	-0.9761194	-0.9805017	-0.9865117	-0.9809634	-0.9722188	-0.9643388	-0.9643388
08/02/2026	19:20	-0.988486	-0.9767493	-0.9884721	-0.9904349	-0.9708602	-0.9998756	-0.9726078	-0.9902605	-0.9968485	-0.9798197	-0.972699	-0.9818989	-0.9883764	-0.9801844	-0.9729965	-0.9615527	-0.9615527
08/02/2026	20:10	-0.9867698	-0.9756599	-0.9889394	-0.9893445	-0.9705499	-1.001587	-0.9730726	-0.9908809	-0.9954443	-0.9796642	-0.9762749	0.9815884	-0.9863563	-0.979094	-0.9725299	-0.9623266	-0.9623266
08/02/2026	21:00	-0.9864578	-0.9770605	-0.987849	-0.9891887	-0.9702396	-1.003609	-0.9750868	-0.9915012	-0.9966925	-0.9785759	-0.9754975	-0.9815884	-0.9896196	-0.9812749	-0.9720632	-0.9644936	-0.9644936
08/02/2026	21:50	-0.988486	-0.9775274	-0.987849	-0.9880982	-0.9722567	-1.003298	-0.976791	-0.9908809	-0.9966925	-0.9801306	-0.9778296	-0.9811227	-0.9841808	-0.9795613	-0.9725299	-0.9644936	-0.9644936
08/02/2026	22:40	-0.9892661	-0.978928	-0.9901857	-0.9895002	-0.9717912	-1.00252	-0.9766361	-0.991036	-0.9977846	-0.9810634	-0.9768968	-0.9820541	-0.989775	-0.9828328	-0.9722188	-0.9663509	-0.9663509
08/02/2026	23:30	-0.9903582	-0.9795505	-0.9897183	-0.9909023	-0.9708602	-1.003453	-0.972143	-0.9908809	-0.9985647	-0.9810634	-0.9773632	-0.9837618	-0.9910182	-0.982677	-0.9723743	-0.9648031	-0.9648031
09/02/2026	00:20	-0.9657077	-0.9770605	-0.9853564	-0.981088	-0.9686879	-0.9939647	-0.9715233	-0.9781638	-0.992012	-0.9773321	-0.975653	-0.9803465	-0.9807621	-0.9756667	-0.9644413	-0.9561355	-0.9561355
09/02/2026	01:10	-0.9895781	-0.9798618	-0.9895626	-0.9905907	-0.9728774	-1.004231	-0.9760164	-0.9891749	-0.9996568	-0.9796642	-0.9784515	0.9822094	-0.9910182	-0.984079	-0.975952	-0.9660414	-0.9660414
09/02/2026	02:00	-0.9912943	-0.9790837	-0.9895626	-0.9904349	-0.9739635	-1.001742	-0.9749318	-0.9911911	-0.9971605	-0.9812189	-0.978607	-0.9832961	-0.982316	-0.9801844	-0.9596192	-0.9593858	-0.9593858
09/02/2026	02:50	-0.9891101	-0.9815737	-0.9917435	-0.9930833	-0.973498	-1.006409	-0.9788052	-0.9936725	-1.000125	-0.9830846	-0.9795398	-0.9801913	-0.9933491	-0.9843906	-0.9775075	-0.9680535	-0.9680535
09/02/2026	03:40	-0.9941026	-0.9795505	-0.9908088	-0.991837	-0.9728774	-1.004853	-0.9755516	-0.9908809	-0.9973165	-0.9807525	-0.9768968	-0.9818989	-0.9913289	-0.9831443	-0.9778186	-0.9665057	-0.9665057
09/02/2026	04:30	-0.978813	-0.9590077	-0.982085	-0.9784397	-0.9606194	-0.9930314	-0.9595935	-0.982196	-0.9748502	-0.9645833	-0.9655473	-0.971032	-0.9709722	-0.9711491	-0.96833	-0.9575285	-0.9575285
09/02/2026	05:20	-0.98833	-0.9770605	-0.9890952	-0.9901234	-0.9699292	-1.002675	-0.9740022	-0.9922767	-0.9959124	-0.9798197	-0.975342	-0.9817437	-0.9874441	-0.9745763	-0.9743965	-0.9638744	-0.9638744
09/02/2026	06:10	-0.98833	-0.976438	-0.9876932	-0.9893445	-0.9710154	-1.001587	-0.9747769	-0.9901055	-0.9954443	-0.9796642	-0.9767413	-0.9794151	-0.988998	-0.9803402	-0.9731521	-0.9621719	-0.9621719
09/02/2026	07:00	-0.9839616	-0.9720804	-0.9819292	-0.98249	-0.9672915	-0.993498	-0.9594385	-0.9843672	-0.9876435	-0.9753109	-0.9720771	-0.9778626	-0.9765664	-0.9713048	-0.9631969	-0.9620171	-0.9594385
09/02/2026	07:50	-0.978813	-0.9720804	-0.9853564	-0.9871635	-0.9618607	-0.993498	-0.9701289	-0.9866935	-0.9907639	-0.9754664	-0.9714552	-0.9714978	-0.9708168	-0.9681892	-0.9544861	-0.9573737	-0.9544861
13/02/2026	04:09	-0.9866138	-0.9664778	-0.9778789	-0.9759472	-0.9509993	-0.988676	-0.9614527	-0.9744417	-0.9620569	-0.9628731	-0.9503109	0.9443306	-0.9711275	-0.9602443	-0.971441	-0.960005	-0.9443306
13/02/2026	08:09	-0.9847416	-0.9686566	-0.985668	-0.9849826	-0.9629469	-0.996609	-0.969974	-0.987469	-0.9848352	-0.9703358	-0.9680348	-0.9777074	-0.975634	-0.9622694	-0.9667745	-0.9606241	-0.9606241
13/02/2026	11:19	-0.9750686	-0.9647659	-0.979904	-0.9715852	-0.9544129	-0.9896093	-0.9558751	-0.9790943	-0.9860834	-0.9695585	-0.9632152	0.9707216	-0.9672427	-0.9485606	-0.9502862	-0.9553616	-0.9485606
13/02/2026	11:29	-0.9731965	-0.9661666	-0.9809945	-0.9812438	-0.9635675	-0.9964535	-0.9637766	-0.9820409	-0.9888917	-0.9678483	-0.9680348	-0.971032	-0.9647563	-0.9686565	-0.9476419	-0.9496347	-0.9476419
13/02/2026	11:39	-0.9830255	-0.9706798	-0.9819292	-0.9795302	-0.9652743	-0.994898	-0.9662556	-0.9840571	-0.9917	-0.9756219	-0.9699005	-0.9738264	-0.9796743	-0.9670987	-0.9418865	-0.9462296	-0.9418865
13/02/2026	11:49	-0.9824014	-0.9692791	-0.9828639	-0.9776608	-0.9621711	-0.9964535	-0.9640865	-0.983902	-0.9902958	-0.9728234	-0.9731654	0.9735159	-0.9799851	-0.9717722	-0.9432865	-0.956445	-0.9432865
13/02/2026	11:59	-0.9758487	-0.9689679	-0.9802156	-0.9712737	-0.9589126	-0.9947424	-0.963002	-0.9811104	-0.9796867	-0.9678483	-0.9677239	0.9665301	-0.9712829	-0.9608674	-0.9453086	-0.9572189	-0.9453086
13/02/2026	12:09	-0.9895781	-0.9733254	-0.9869143	-0.9877866	-0.9634124	-1.00112	-0.9707486	-0.9843672	-0.9927921	-0.9770211	-0.9740983	-0.9791046	-0.9846469	-0.9728627	-0.9669301	-0.9575285	-0.9575285
13/02/2026	12:19	-0.9814653	-0.9713023	-0.9873816	-0.9852941	-0.9666708	-0.9994089	-0.9705937	-0.983902	-0.9901398	-0.9767102	-0.9686567	0.9713425	-0.9807621	-0.9737974	-0.9675523	-0.9603145	-0.9603145
13/02/2026	12:29	-0.9838055	-0.975193	-0.9855122	-0.9862288	-0.9672915	-0.9986312	-0.9719881	-0.9834367	-0.9934161	-0.9762438	-0.9740983	0.9792598	-0.976411	-0.975511	-0.9456197	-0.9603145	-0.9456197
13/02/2026	12:39	-0.9824014	-0.9691235	-0.9827081	-0.9826458	-0.9626365	-0.9958313	-0.9670302	-0.9862283	-0.9902958	-0.9768657	-0.9719216	-0.9759998	-0.9778095	-0.9744205	-0.9600859	-0.9586119	-0.9586119
13/02/2026	12:49	-0.9763168	-0.9683454	-0.9789693	-0.9795302	-0.9618607	-0.9899204	-0.965326	-0.9843672	-0.9877996	-0.9684701	-0.9719216	0.971653	-0.9745462	-0.9669429	-0.9512195	-0.9513373	-0.9512195
13/02/2026	16:59	-0.9870819	-0.9714579	-0.985668	-0.9866962	-0.9637227	-0.9978534	-0.9647062	-0.9794045	-0.9818709	-0.9656716	-0.9605721	0.9663748	-0.9796743	-0.9678776	-0.9672412	-0.9615527	-0.9605721
13/02/2026	23:49	-0.988174	-0.9786168	-0.9903415	-0.9890329	-0.9694638	-1.00252	-0.9764812	-0.9915012	-0.9973165	-0.980908	-0.9770522	-0.9815884	-0.9872887	-0.9770688	-0.9740854	-0.9615527	-0.9615527
