1755425040	-0.998393	-0.9835969	-0.9961054	-0.9993146	-0.9776874	-1.012786	-0.9809742	-0.99817	-1.003713	-0.9886816	-0.9846704	-0.9893505	-0.9981663	-0.9873504	-0.9781297	-0.9711491	-0.9711491
1755425640	-0.9987051	-0.9857756	-0.9967286	-0.9986914	-0.9773771	-1.013564	-0.9817489	-0.9986352	-1.002933	-0.9888371	-0.9846704	-0.9904372	-0.9966124	-0.9812749	-0.9775075	-0.9713039	-0.9713039
1755428040	-0.9955847	-0.9823518	-0.98707	-0.9969778	-0.9764461	-1.009986	-0.9757065	-0.9947581	-0.9993447	-0.9830846	-0.978296	-0.9795703	-0.9922613	-0.982677	-0.9823295	-0.9736256	-0.9736256
1755431040	-0.9974569	-0.9765936	-0.9918993	-0.9938622	-0.9736532	-1.006098	-0.974622	-0.9939826	-0.9901398	-0.9798197	-0.97301	-0.9763102	-0.9986325	-0.9792498	-0.9815518	-0.9696013	-0.9696013
1755434040	-0.9955847	-0.9849975	-0.996417	-0.9994703	-0.9773771	-1.011697	-0.981439	-0.9984801	-1.002621	-0.9882152	-0.9815609	-0.9907476	-0.9978555	-0.9889083	-0.9757964	-0.9713039	-0.9713039
1755437040	-1.000265	-0.9851531	-0.9984422	-0.9993146	-0.9784633	-1.013564	-0.9819038	-0.99817	-1.002621	-0.9882152	-0.9851368	-0.9915238	-0.9975448	-0.9903103	-0.9768853	-0.9736256	-0.9736256
1755440040	-0.9986271	-0.9862425	-0.997819	-1.000561	-0.9781529	-1.012475	-0.9820588	-0.9987903	-1.004025	-0.9875933	-0.9866915	-0.9909029	-0.9966124	-0.9871947	-0.9771964	-0.9742447	-0.9742447
1755443040	-0.9995632	-0.9863982	-0.9976633	-0.9997819	-0.9790839	-1.012942	-0.9823686	-0.9991005	-1.003713	-0.9880597	-0.9835821	-0.9909029	-0.9984771	-0.9893756	-0.977663	-0.9743995	-0.9743995
1755446040	-1.000031	-0.9839081	-0.9968843	-0.9993146	-0.9783081	-1.01232	-0.9809742	-0.9987903	-1.003245	-0.9883706	-0.9856032	-0.9913686	-0.9958354	-0.98626	-0.9761075	-0.9736256	-0.9736256
1755449040	-1.000655	-0.9840637	-0.9973517	-0.9986914	-0.9784633	-1.012008	-0.9823686	-0.9978598	-1.004649	-0.9880597	-0.9854478	-0.9879533	-0.9973894	-0.98626	-0.9765742	-0.9740899	-0.9740899
1755452040	-0.9994071	-0.9857756	-0.9973517	-0.9991588	-0.9784633	-1.013097	-0.9819038	-0.9980149	-1.003245	-0.9885261	-0.9854478	-0.9907476	-0.996457	-0.9864158	-0.9793741	-0.9734708	-0.9734708
1755455040	-0.998471	-0.9854644	-0.9965728	-0.9993146	-0.9784633	-1.011386	-0.9809742	-0.9980149	-1.004025	-0.9875933	-0.9849813	-0.9901267	-0.996457	-0.9881294	-0.9748631	-0.9737803	-0.9737803
1755458040	-0.9992511	-0.98562	-0.9975075	-0.9999377	-0.9781529	-1.012786	-0.9809742	-0.9989454	-1.003557	-0.9885261	-0.9856032	-0.9910581	-0.9973894	-0.9890641	-0.9773519	-0.9730064	-0.9730064
1755461040	-1.000109	-0.9846863	-0.9973517	-0.9991588	-0.9793942	-1.013097	-0.9829883	-0.9992556	-1.003089	-0.9889925	-0.9849813	-0.9912134	-0.9975448	-0.9887525	-0.9761075	-0.973316	-0.973316
1755464040	-0.9998752	-0.9860869	-0.9982864	-0.9994703	-0.9792391	-1.013408	-0.981439	-0.9983251	-1.004493	-0.9885261	-0.9857587	-0.9921448	-1.000186	-0.9901545	-0.9742409	-0.9739351	-0.9739351
1755467040	-0.9987831	-0.9871763	-0.998598	-1.000405	-0.9784633	-1.013875	-0.9820588	-0.9992556	-1.004805	-0.9880597	-0.9866915	-0.9924553	-0.9987879	-0.9907777	-0.9789074	-0.9736256	-0.9736256
1755470040	-0.9998752	-0.9871763	-0.9965728	-0.9993146	-0.9792391	-1.014497	-0.9383676	-1.000496	-1.004025	-0.9888371	-0.987158	-0.9919896	-0.9995649	-0.98626	-0.9775075	-0.9734708	-0.9383676
1755473040	-0.9990951	-0.9853088	-0.9957939	-0.9994703	-0.9786184	-1.01232	-0.9817489	-0.9992556	-1.004805	-0.989148	-0.9860697	-0.9898162	-1.000186	-0.9879736	-0.9809296	-0.9736256	-0.9736256
1755476040	-1.001981	-0.9860869	-0.9989095	-1.000405	-0.9787736	-1.014031	-0.9834531	-0.9998759	-1.004805	-0.9888371	-0.9860697	-0.9927658	-0.9981663	-0.9873504	-0.9806185	-0.9743995	-0.9743995
1755479040	-1.001903	-0.9873319	-0.9981306	-0.9997819	-0.9806356	-1.013408	-0.983763	-1.000031	-1.005117	-0.9903918	-0.9863806	-0.9926105	-0.9984771	-0.9868831	-0.9827962	-0.9748638	-0.9748638
1755482040	-0.9959748	-0.9884213	-0.9995327	-1.001028	-0.9806356	-1.014497	-0.9842278	-1.000496	-1.004337	-0.9899254	-0.9870025	-0.9923	-0.9987879	-0.9909334	-0.9798407	-0.9753281	-0.9753281
1755485040	-0.9975349	-0.9759711	-0.990653	-0.993239	-0.9733429	-1.005475	-0.9761713	-0.9956886	-0.9971605	-0.9804415	-0.9821828	-0.9865561	-0.9916397	-0.982677	-0.9785963	-0.971923	-0.971923
1755488040	-0.9950387	-0.9759711	-0.9934571	-0.9943295	-0.9741187	-1.007964	-0.9788052	-0.9942928	-0.9962244	-0.9866604	-0.975342	-0.9825199	-0.9891534	-0.9708375	-0.9770408	-0.9696013	-0.9696013
1755491040	-0.9962868	-0.9814181	-0.9956381	-0.9937064	-0.9708602	-1.007498	-0.9740022	-0.9930521	-1.001841	-0.9833955	-0.9784515	-0.988419	-0.9950584	-0.9854811	-0.9785963	-0.9709943	-0.9708602
1755494040	-0.9948047	-0.9745705	-0.9850449	-0.9898118	-0.9665156	-1.003609	-0.965326	-0.9849876	-0.9895157	-0.9756219	-0.9711443	-0.9817437	-0.9953692	-0.9787824	-0.977663	-0.9674344	-0.965326
1755497040	-0.9999532	-0.9870207	-0.9956381	-0.9977567	-0.9793942	-1.01232	-0.9823686	-0.99817	-1.005429	-0.9888371	-0.9852923	-0.9924553	-0.9961462	-0.9864158	-0.9733076	-0.9740899	-0.9733076
1755500040	-0.9960528	-0.9837525	-0.996417	-0.9963547	-0.9793942	-1.010453	-0.9789601	-0.9977047	-1.003869	-0.9877488	-0.9840485	-0.9910581	-0.9908628	-0.9875062	-0.9684856	-0.9726969	-0.9684856
1755503040	-0.9990171	-0.984375	-0.9971959	-0.9980683	-0.9781529	-1.010764	-0.9783404	-0.9983251	-1.002309	-0.9875933	-0.9840485	-0.9854694	-0.9917951	-0.9857926	-0.9753298	-0.9708395	-0.9708395
1755506040	-0.9889541	-0.9716135	-0.9901857	-0.9941737	-0.9728774	-1.005475	-0.9705937	-0.9842122	-0.9984086	-0.9824627	-0.9809391	0.9860904	-0.9860455	-0.9759783	-0.963508	-0.9604693	-0.9604693
1755509040	-0.9912943	-0.975193	-0.9945476	-0.9933948	-0.9651192	-1.00952	-0.976946	-0.9935174	-0.9948203	-0.9818408	-0.9806281	-0.9864009	-0.9945922	-0.9848579	-0.9781297	-0.9660414	-0.9651192
1755512040	-1.001279	-0.9851531	-0.997819	-0.9988472	-0.9789287	-1.013097	-0.981439	-0.9980149	-1.003245	-0.9885261	-0.9851368	-0.9904372	-0.996457	-0.9873504	-0.9784408	-0.9728517	-0.9728517
1755515040	-1.001747	-0.9853088	-0.9968843	-0.9994703	-0.9772219	-1.013253	-0.9794249	-0.9983251	-1.004025	-0.9883706	-0.9851368	-0.9918343	-0.9981663	-0.9829885	-0.983885	-0.9740899	-0.9740899
1755515640	-0.9994071	-0.9849975	-0.996417	-0.999003	-0.9779978	-1.012475	-0.981594	-0.9963089	-1.001841	-0.9866604	-0.9846704	-0.9902819	-0.9973894	-0.987662	-0.9796852	-0.9728517	-0.9728517
1755518040	-0.9969889	-0.9812625	-0.9922109	-0.9935506	-0.9727222	-1.009209	-0.979115	-0.9901055	-0.9952883	-0.9837065	-0.9789179	-0.9840723	-0.9963016	-0.9854811	-0.9809296	-0.9689822	-0.9689822
1755521040	-0.9995632	-0.98562	-0.9961054	-0.9991588	-0.9781529	-1.011697	-0.9822137	-0.9984801	-1.003089	-0.9879042	-0.9848259	-0.98904	-0.9966124	-0.9887525	-0.9734632	-0.9740899	-0.9734632
1755524040	-0.9926204	-0.9680341	-0.9917435	-0.9873193	-0.9665156	-1.005631	-0.9691993	-0.9891749	-0.9938842	-0.9767102	-0.969745	-0.9750683	-0.9837146	-0.9728627	-0.9747076	-0.9657318	-0.9657318
1755527040	-0.9946487	-0.984375	-0.995015	-0.9972894	-0.9761358	-1.011853	-0.9806644	-0.9916563	-1.002153	-0.9879042	-0.9806281	-0.9864009	-0.9969232	-0.9879736	-0.9729965	-0.9730064	-0.9729965
1755530040	-1.000187	-0.9848419	-0.9971959	-0.9979125	-0.9770668	-1.012008	-0.9801996	-0.9978598	-1.003557	-0.9877488	-0.9837376	-0.98904	-0.9970786	-0.9861042	-0.9729965	-0.9686726	-0.9686726
1755533040	-0.9991731	-0.9846863	-0.9968843	-0.9983799	-0.9772219	-1.012164	-0.9820588	-0.9984801	-1.003401	-0.986505	-0.9846704	-0.9905924	-0.9939707	-0.98626	-0.9785963	-0.9737803	-0.9737803
1755536040	-0.9987051	-0.9840637	-0.9968843	-0.9979125	-0.9770668	-1.011853	-0.9817489	-0.9983251	-1.000593	-0.9879042	-0.9852923	-0.9899714	-0.9945922	-0.9856368	-0.9733076	-0.9725421	-0.9725421
1755539040	-0.9915283	-0.9705242	-0.987849	-0.9899676	-0.9644985	-1.002675	-0.9642414	-0.9845223	-0.9937282	-0.977643	-0.9720771	-0.9770864	-0.9826268	-0.9759783	-0.9770408	-0.9691369	-0.9642414
1755542040	-0.9968329	-0.9837525	-0.9962612	-0.9958873	-0.9770668	-1.011542	-0.9797348	-0.9986352	-1.001529	-0.9883706	-0.9818719	-0.989661	-0.9955246	-0.9843906	-0.9739298	-0.971923	-0.971923
1755545040	-0.9940246	-0.9826631	-0.9934571	-0.9935506	-0.9750497	-1.005631	-0.976946	-0.9961538	-1.000437	-0.9837065	-0.984204	-0.9873323	-0.9970786	-0.9889083	-0.974552	-0.9696013	-0.9696013
1755548040	-0.9905142	-0.9759711	-0.9920551	-0.9933948	-0.9724119	-1.009053	-0.976946	-0.9966191	-0.9968485	-0.9802861	-0.9818719	-0.9826751	-0.9879102	-0.9781593	-0.9773519	-0.9658866	-0.9658866
1755551040	-0.9958188	-0.9769049	-0.9884721	-0.9913696	-0.9764461	-1.005631	-0.9788052	-0.9949132	-0.9907639	-0.9826182	-0.9751866	0.9856247	-0.9868225	-0.9848579	-0.9789074	-0.9714586	-0.9714586
1755554040	-1.001123	-0.9857756	-0.997819	-0.9994703	-0.9787736	-1.012475	-0.9836081	-0.9991005	-1.005117	-0.989148	-0.9857587	-0.9912134	-0.9992541	-0.9859484	-0.9784408	-0.9714586	-0.9714586
1755557040	-1.001357	-0.9865538	-0.998598	-0.9996261	-0.9797046	-1.012942	-0.9839179	-0.9991005	-1.005585	-0.9893035	-0.9859142	-0.9915238	-0.9986325	-0.9901545	-0.982174	-0.974709	-0.974709
1755560040	-0.998159	-0.984375	-0.9982864	-1.000405	-0.9793942	-1.013097	-0.9826785	-0.9997208	-1.004493	-0.9886816	-0.9856032	-0.9909029	-0.9995649	-0.987662	-0.9739298	-0.974709	-0.9739298
1755563040	-0.9974569	-0.9719248	-0.9915877	-0.9935506	-0.9733429	-1.007809	-0.9701289	-0.9918114	-0.9895157	-0.9788868	-0.9702114	0.9725845	-0.9874441	-0.9632041	-0.9785963	-0.9722325	-0.9632041
1755566040	-0.998003	-0.984375	-0.9984422	-1.000405	-0.9804804	-1.013408	-0.9829883	-0.9998759	-1.004961	-0.9902363	-0.9862251	-0.9930763	-0.9990987	-0.989843	-0.9824851	-0.9739351	-0.9739351
1755569040	-0.9971449	-0.9867094	-0.9989095	-1.000717	-0.9793942	-1.012475	-0.9832982	-1.000496	-1.003869	-0.9886816	-0.9862251	-0.9924553	-1.000031	-0.991245	-0.9751742	-0.976102	-0.9751742
1755572040	-1.000343	-0.9882657	-0.9987537	-1.001651	-0.9803252	-1.013875	-0.983763	-0.9995658	-1.00699	-0.9900808	-0.9876244	-0.9938525	-0.9989433	-0.9917124	-0.9799963	-0.9751734	-0.9751734
1755575040	-1.003932	-0.9881101	-0.9993769	-1.001807	-0.9812562	-1.013408	-0.9836081	-1.001272	-1.00699	-0.9910137	-0.9880908	-0.9941629	-0.9981663	-0.9909334	-0.9813962	-0.9742447	-0.9742447
1755578040	-0.998237	-0.9865538	-0.9948592	-0.9991588	-0.9798597	-1.013097	-0.9812841	-0.9970844	-1.005429	-0.9877488	-0.9866915	-0.9916791	-0.9980109	-0.9910892	-0.9720632	-0.9736256	-0.9720632
1755581040	-0.9901242	-0.9779943	-0.9909646	-0.9915254	-0.9733429	-1.00532	-0.974467	-0.9938275	-1.001061	-0.9846393	-0.9795398	-0.9842275	-0.9910182	-0.9812749	-0.9695744	-0.9657318	-0.9657318
1755584040	-1.001981	-0.9848419	-0.997819	-0.9979125	-0.9775323	-1.011542	-0.9829883	-0.9994107	-1.003869	-0.9889925	-0.9860697	-0.9891952	-0.9936599	-0.9797171	-0.979063	-0.974709	-0.974709
1755587040	-0.9956628	-0.9854644	-0.9937687	-0.9985356	-0.9795494	-1.011542	-0.9820588	-0.9977047	-1.004181	-0.9880597	-0.9849813	-0.9912134	-0.9939707	-0.984079	-0.9722188	-0.9734708	-0.9722188
1755590040	-0.9947267	-0.9770605	-0.9901857	-0.991837	-0.9736532	-1.00672	-0.9778756	-0.9958437	-1.001061	-0.9840174	-0.9829602	-0.9887295	-0.9844915	-0.9812749	-0.9460864	-0.9649579	-0.9460864
1755593040	-0.9916843	-0.9706798	-0.989251	-0.9879424	-0.9612401	-0.9995645	-0.9709036	-0.9891749	-0.9865514	-0.9711132	-0.9666356	0.9744473	-0.9854239	-0.9762899	-0.9706633	-0.9632553	-0.9612401
1755599040	-0.9991731	-0.9835969	-0.996417	-0.9983799	-0.9748945	-1.011697	-0.9784953	-0.9989454	-1.002309	-0.9875933	-0.9848259	-0.9891952	-0.9959908	-0.9878178	-0.9820184	-0.9728517	-0.9728517
1755602040	-0.9941026	-0.9755042	-0.987849	-0.9905907	-0.9679121	-1.002364	-0.9718332	-0.9936725	-0.9902958	-0.9799751	-0.9740983	-0.9789493	-0.9903966	-0.966164	-0.9826406	-0.97053	-0.966164
1755605040	-0.9825574	-0.9607196	-0.978502	-0.9795302	-0.947896	-0.9981645	-0.9588188	-0.9778536	-0.9874875	-0.9695585	-0.9618159	-0.9753788	-0.9865117	-0.9795613	-0.977663	-0.9702204	-0.947896
1755608040	-0.9912163	-0.9828187	-0.9951707	-0.9937064	-0.972567	-1.008275	-0.9797348	-0.9969293	-1.001529	-0.9868159	-0.9832711	-0.9887295	-0.99568	-0.9873504	-0.9775075	-0.9722325	-0.9722325
1755611040	-0.9994071	-0.9848419	-0.9965728	-0.9976009	-0.9758255	-1.010764	-0.97927	-0.9973945	-1.002621	-0.9871269	-0.9840485	-0.9899714	-0.9977001	-0.9890641	-0.9706633	-0.973316	-0.9706633
1755614040	-0.9903582	-0.9828187	-0.9940803	-0.9921486	-0.9731877	-1.006253	-0.9726078	-0.9930521	-0.9965364	-0.9767102	-0.9764303	0.9822094	-0.9785865	-0.9604	-0.9756409	-0.9654222	-0.9604
1755617040	-0.9969109	-0.984375	-0.9970401	-0.9983799	-0.9781529	-1.011075	-0.981594	-0.9983251	-1.002309	-0.9871269	-0.9843595	-0.9901267	-0.9980109	-0.9889083	-0.980774	-0.971923	-0.971923
1755620040	-0.9958188	-0.9806399	-0.9909646	-0.9929275	-0.9728774	-1.008897	-0.9612977	-0.9865385	-0.9945082	-0.9771766	-0.97301	-0.9714978	-0.9916397	-0.9773804	-0.9779741	-0.9680535	-0.9612977
1755623040	-0.9985491	-0.9853088	-0.9967286	-0.9994703	-0.9781529	-1.012008	-0.981594	-0.9977047	-1.002621	-0.9872823	-0.9852923	-0.9901267	-0.9973894	-0.9878178	-0.9737743	-0.9708395	-0.9708395
1755626040	-0.9999532	-0.9837525	-0.9971959	-0.9972894	-0.9773771	-1.010453	-0.9803545	-0.9941377	-1.002777	-0.9860386	-0.9845149	-0.9882638	-0.9917951	-0.9811191	-0.9733076	-0.9713039	-0.9713039
1755629040	-0.9958968	-0.9801731	-0.9934571	-0.9946411	-0.9741187	-1.007653	-0.9710585	-0.9944479	-0.9988767	-0.9826182	-0.9776741	0.9873323	-0.983093	-0.9829885	-0.9740854	-0.9686726	-0.9686726
1755632040	-0.9994851	-0.9846863	-0.9948592	-0.9985356	-0.9779978	-1.010764	-0.9803545	-0.9980149	-1.002153	-0.9868159	-0.9851368	-0.9899714	-0.9978555	-0.9882851	-0.9736187	-0.9726969	-0.9726969
1755635040	-0.998315	-0.9853088	-0.9971959	-0.9999377	-0.9761358	-1.009053	-0.9829883	-0.9984801	-1.003089	-0.9880597	-0.9849813	-0.9910581	-0.9981663	-0.9899988	-0.9793741	-0.9728517	-0.9728517
1755638040	-1.000109	-0.9859313	-0.9970401	-0.9996261	-0.976291	-1.012942	-0.9831433	-0.9963089	-1.004337	-0.9882152	-0.9856032	-0.9916791	-0.9977001	-0.9895314	-0.9789074	-0.9730064	-0.9730064
1755641040	-1.001123	-0.9867094	-0.9967286	-0.9997819	-0.9798597	-1.014031	-0.9825235	-0.9991005	-1.005429	-0.9889925	-0.9848259	-0.9919896	-0.9928829	-0.9895314	-0.9793741	-0.9716134	-0.9716134
1755644040	-1.001279	-0.9867094	-0.9979748	-1.000093	-0.9795494	-1.012786	-0.9836081	-0.9997208	-1.004337	-0.9897699	-0.9859142	-0.9926105	-0.996457	-0.989843	-0.9817073	-0.971923	-0.971923
1755647040	-1.002527	-0.9853088	-0.996417	-0.9979125	-0.9803252	-1.013097	-0.9836081	-0.9997208	-1.006053	-0.9893035	-0.9862251	-0.9921448	-0.9994095	-0.9899988	-0.9815518	-0.9740899	-0.9740899
1755650040	-1.002761	-0.9851531	-0.9976633	-1.000405	-0.9800149	-1.013564	-0.983763	-0.9997208	-1.004805	-0.989459	-0.9866915	-0.9926105	-0.996457	-0.9901545	-0.9799963	-0.9725421	-0.9725421
1755653040	-1.001435	-0.9860869	-0.9976633	-0.9993146	-0.9793942	-1.013097	-0.9808193	-0.9998759	-1.005429	-0.9902363	-0.9857587	-0.9924553	-1.000963	-0.9917124	-0.9751742	-0.9742447	-0.9742447
1755656040	-1.003152	-0.9887326	-1	-1.00134	-0.9809459	-1.015275	-0.9854673	-1.000806	-1.005273	-0.9903918	-0.9879353	-0.9936972	-1.002207	-0.9937375	-0.9840406	-0.9754829	-0.9754829
1755659040	-0.988174	-0.9762824	-0.9867585	-0.9887213	-0.9722567	-1.006098	-0.9682697	-0.9894851	-0.9937282	-0.9788868	-0.9745647	-0.9825199	-0.9903966	-0.9772246	-0.9715966	-0.9654222	-0.9654222
1755662040	-1.002683	-0.9849975	-0.9947034	-0.9991588	-0.9779978	-1.011542	-0.9840729	-0.9972395	-1.000437	-0.9874378	-0.9828047	-0.9924553	-0.9969232	-0.9895314	-0.9762631	-0.9722325	-0.9722325
1755665040	-0.9907483	-0.9835969	-0.9965728	-0.9974452	-0.9741187	-1.011075	-0.9794249	-0.9983251	-1.003713	-0.9838619	-0.9828047	-0.9902819	-0.997234	-0.9899988	-0.9824851	-0.9717682	-0.9717682
1755668040	-0.9915283	-0.9779943	-0.9926782	-0.9879424	-0.9742738	-0.9992534	-0.9757065	-0.9908809	-0.9956003	-0.9823072	-0.9795398	-0.9836066	-0.9770326	-0.9809634	-0.9793741	-0.9686726	-0.9686726
1755671040	-0.9964428	-0.975193	-0.9926782	-0.9971336	-0.9756703	-1.00952	-0.9738473	-0.9966191	-0.9998128	-0.983551	-0.9784515	-0.9854694	-0.990552	-0.9789382	-0.9686411	-0.9713039	-0.9686411
1755674040	-0.997925	-0.9842194	-0.9971959	-0.9985356	-0.9789287	-1.012164	-0.9805094	-0.9973945	-1.003401	-0.9875933	-0.9835821	-0.9902819	-0.996457	-0.9885967	-0.9754853	-0.9725421	-0.9725421
1755677040	-0.9964428	-0.9845306	-0.9962612	-0.999003	-0.9792391	-1.011542	-0.9805094	-0.9969293	-1.003089	-0.9869714	-0.984204	-0.9904372	-0.9928829	-0.9854811	-0.9669301	-0.97053	-0.9669301
1755680040	-0.9988611	-0.9784612	-0.9947034	-0.9966663	-0.9733429	-1.009209	-0.9656358	-0.9866935	-0.9990327	-0.9798197	-0.9814055	0.9864009	-0.9908628	-0.9829885	-0.9715966	-0.9720778	-0.9656358
1755683040	-0.997925	-0.9851531	-0.9962612	-0.9985356	-0.9770668	-1.012786	-0.9809742	-0.9986352	-0.9998128	-0.9874378	-0.9845149	-0.9901267	-0.9969232	-0.9867273	-0.9787519	-0.9730064	-0.9730064
1755686040	-1.000499	-0.9839081	-0.9959497	-0.9991588	-0.9775323	-1.012786	-0.9820588	-0.9987903	-1.003401	-0.9882152	-0.9851368	-0.9909029	-0.9986325	-0.9887525	-0.9792185	-0.9731612	-0.9731612
1755689040	-0.9899682	-0.9714579	-0.9912762	-0.9863846	-0.964964	-0.9972312	-0.9647062	-0.9915012	-0.9882676	-0.9717351	-0.9717662	0.9786388	-0.9916397	-0.984079	-0.9778186	-0.9661961	-0.9647062
1755692040	-0.9987831	-0.9840637	-0.9954823	-0.9955758	-0.9767565	-1.00952	-0.9778756	-0.9977047	-1.001061	-0.9849502	-0.9807836	-0.9893505	-0.9958354	-0.9870389	-0.9773519	-0.9709943	-0.9709943
1755695040	-0.997691	-0.9817293	-0.9934571	-0.9960431	-0.9736532	-1.00672	-0.9738473	-0.9887097	-0.9954443	-0.975	-0.9663246	-0.9693244	-0.9911735	-0.9825212	-0.977663	-0.9717682	-0.9663246
1755698040	-0.9941806	-0.975193	-0.9925224	-0.9947969	-0.9719464	-1.009209	-0.9705937	-0.9790943	-0.991856	-0.9718905	-0.9695896	-0.9780179	-0.9935045	-0.9605558	-0.9715966	-0.9654222	-0.9605558
1755701040	-0.9944146	-0.9781499	-0.9890952	-0.9890329	-0.9713257	-1.004075	-0.9718332	-0.987469	-0.9898278	-0.9706468	-0.9702114	-0.9744473	-0.9900858	-0.9714606	-0.975952	-0.9686726	-0.9686726
1755704040	-0.9997972	-0.9839081	-0.9970401	-0.9991588	-0.9778426	-1.012008	-0.9817489	-0.99817	-1.003557	-0.9877488	-0.9856032	-0.9913686	-0.9989433	-0.9884409	-0.9751742	-0.9734708	-0.9734708
1755707040	-1.000499	-0.9842194	-0.9957939	-0.9983799	-0.9786184	-1.012786	-0.9812841	-0.9980149	-1.002621	-0.9872823	-0.9849813	-0.9893505	-0.9984771	-0.9881294	-0.9767297	-0.9740899	-0.9740899
1755710040	-0.998315	-0.9859313	-0.9976633	-0.9994703	-0.9779978	-1.01232	-0.9812841	-0.9987903	-1.002621	-0.9882152	-0.9854478	-0.9901267	-0.9955246	-0.9885967	-0.9756409	-0.973316	-0.973316
1755713040	-0.9920744	-0.9803287	-0.9900299	-0.9915254	-0.9721015	-1.008275	-0.9738473	-0.9918114	-0.9929481	-0.9782649	-0.9745647	0.9837618	-0.9953692	-0.9836117	-0.966619	-0.9723873	-0.966619
1755716040	-0.9993291	-0.9842194	-0.9971959	-0.9991588	-0.9793942	-1.012008	-0.9826785	-0.9983251	-1.003713	-0.9879042	-0.9857587	-0.98904	-0.9963016	-0.9864158	-0.9771964	-0.9722325	-0.9722325
1755716640	-0.9987051	-0.9860869	-0.9956381	-0.9997819	-0.9767565	-1.013564	-0.9809742	-0.9977047	-1.004337	-0.9889925	-0.9843595	-0.9909029	-0.9984771	-0.9868831	-0.975952	-0.9725421	-0.9725421
1755719040	-0.9994851	-0.9851531	-0.9973517	-0.9988472	-0.9789287	-1.012008	-0.9822137	-0.99817	-1.004805	-0.9879042	-0.9859142	-0.9904372	-0.9973894	-0.9879736	-0.9784408	-0.9740899	-0.9740899
1755722040	-1.001123	-0.9793949	-0.9936129	-0.9960431	-0.976291	-1.006875	-0.9735374	-0.9908809	-0.9968485	-0.9840174	-0.9776741	-0.985159	-0.994903	-0.9798729	-0.9784408	-0.9730064	-0.9730064
1755725040	-1.000187	-0.986865	-0.9959497	-1.001028	-0.9795494	-1.014031	-0.9845377	-1.000186	-1.004961	-0.9893035	-0.9865361	-0.9909029	-1.000186	-0.9915566	-0.9809296	-0.9743995	-0.9743995
1755728040	-1.002449	-0.9870207	-0.997819	-0.9996261	-0.9786184	-1.013564	-0.9836081	-0.9998759	-1.005429	-0.9886816	-0.9854478	-0.9913686	-1.001119	-0.9915566	-0.979063	-0.9753281	-0.9753281
1755731040	-1.002839	-0.986865	-0.9984422	-1.000249	-0.9806356	-1.011542	-0.9831433	-0.9997208	-1.005585	-0.9885261	-0.9856032	-0.9921448	-0.9998757	-0.9915566	-0.9729965	-0.9742447	-0.9729965
1755734040	-1.001357	-0.9863982	-0.997819	-1.000249	-0.9787736	-1.013564	-0.9842278	-0.9997208	-1.002621	-0.9899254	-0.9865361	-0.9916791	-0.9994095	-0.9903103	-0.9812407	-0.9728517	-0.9728517
1755737040	-1.002137	-0.9877988	-0.998598	-1.000093	-0.9783081	-1.014186	-0.9834531	-1.000186	-1.005897	-0.989148	-0.986847	-0.9921448	-0.9992541	-0.991245	-0.9804629	-0.9748638	-0.9748638
1755740040	-0.9993291	-0.9755042	-0.992834	-0.9947969	-0.973498	-1.006253	-0.9786502	-0.9925868	-0.9965364	-0.9838619	-0.9793843	-0.9837618	-0.9950584	-0.9700586	-0.9804629	-0.9720778	-0.9700586
1755743040	-1.005492	-0.9891995	-1.000935	-1.00243	-0.9809459	1.014964	-0.9846926	-1.000806	-1.005741	-0.9907027	-0.9880908	-0.9944734	-1.002517	-0.9921797	-0.9815518	-0.9768759	-0.9768759
1755746040	-1.00323	-0.9885769	-1.000156	-1.001963	-0.9804804	1.015119	-0.9854673	-1.000651	-1.006677	-0.9902363	-0.987158	-0.9926105	-1.000186	-0.9931144	-0.9837295	-0.9756377	-0.9756377
1755749040	-0.9993291	-0.9807956	-0.9897183	-0.9960431	-0.9733429	-1.008586	-0.9777206	-0.9959988	-1.001841	-0.986194	-0.9810945	-0.9848485	-0.9967678	-0.9847021	-0.9789074	-0.9700656	-0.9700656
1755752040	-0.9916843	-0.9750374	-0.989251	-0.9887213	-0.9693086	-0.9987867	-0.9670302	-0.991036	-0.9984086	-0.9812189	-0.9737873	-0.9797255	-0.9742355	-0.9674103	-0.9695744	-0.9624814	-0.9624814
1755755040	-0.9834935	-0.9839081	-0.9920551	-0.9960431	-0.9731877	-1.003764	-0.9763262	-0.9972395	-1.002621	-0.986505	-0.9810945	-0.9882638	-0.997234	-0.9879736	-0.9670856	-0.9660414	-0.9660414
1755758040	-0.9987051	-0.9800174	-0.9925224	-0.9966663	-0.9722567	-1.011075	-0.9801996	-0.9967742	-1.000905	-0.9863495	-0.9789179	-0.9862457	-0.9844915	-0.9817423	-0.9673967	-0.9702204	-0.9673967
1755761040	-1.000733	-0.9815737	-0.9956381	-0.9983799	-0.9755151	-1.011542	-0.9831433	-0.9987903	-1.003245	-0.9880597	-0.9848259	-0.9902819	-0.9931937	-0.9881294	-0.9722188	-0.9689822	-0.9689822
1755764040	-0.9922304	-0.9842194	-0.9962612	-0.999003	-0.9747393	-1.006098	-0.9811292	-0.9973945	-0.9982526	-0.9871269	-0.9800062	-0.9870219	-0.9967678	-0.9797171	-0.9656857	-0.9725421	-0.9656857
1755767040	-0.9973009	-0.9775274	-0.9939245	-0.9947969	-0.9719464	-1.007186	-0.9775657	-0.9969293	-0.9895157	-0.9844838	-0.9798507	0.9857799	-0.9872887	-0.9600885	-0.9725299	-0.9713039	-0.9600885
1755770040	-0.9990171	-0.9863982	-0.9979748	-0.9994703	-0.9793942	-1.013408	-0.9826785	-0.9994107	-1.001997	-0.9886816	-0.9856032	-0.9907476	-0.9983217	-0.984079	-0.9803074	-0.9743995	-0.9743995
1755773040	-0.9971449	-0.9814181	-0.9909646	-0.9902792	-0.9738083	-1.003453	-0.974467	-0.9919665	-0.9993447	-0.9827736	-0.9801617	-0.9803465	-0.9941261	-0.9825212	-0.9820184	-0.9708395	-0.9708395
1755776040	-1.000577	-0.9846863	-0.9973517	-0.9972894	-0.9775323	-1.011075	-0.9766361	-0.9975496	-1.002777	-0.9871269	-0.9810945	-0.9887295	-0.9959908	-0.9865715	-0.9793741	-0.9734708	-0.9734708
1755779040	-1.001279	-0.9817293	-0.996417	-0.9974452	-0.9778426	-1.012008	-0.9783404	-0.9975496	-1.004181	-0.9866604	-0.9843595	-0.9910581	-0.9959908	-0.9818981	-0.9770408	-0.9726969	-0.9726969
1755782040	-0.9997192	-0.9854644	-0.9973517	-0.999003	-0.9787736	-1.012008	-0.9809742	-0.9959988	-1.003557	-0.9855721	-0.9829602	-0.9898162	-0.9981663	-0.989843	-0.9751742	-0.9725421	-0.9725421
1755785040	-1.001123	-0.9857756	-0.9981306	-0.999003	-0.9789287	-1.013875	-0.9812841	-0.9978598	-1.004181	-0.9886816	-0.9860697	-0.9915238	-0.9953692	-0.989843	-0.9770408	-0.9745542	-0.9745542
1755788040	-0.9933225	-0.9845306	-0.9971959	-0.9983799	-0.9775323	-1.010764	-0.9781854	-0.9952233	-1.001061	-0.9855721	-0.9821828	-0.9854694	-0.9616484	-0.9529225	-0.9754853	-0.9708395	-0.9529225
1755791040	-1.001513	-0.9817293	-0.9962612	-0.9983799	-0.9770668	-1.012786	-0.9764812	-0.9977047	-1.001841	-0.9871269	-0.9818719	-0.9888847	-0.9983217	-0.9853253	-0.9705077	-0.9716134	-0.9705077
1755794040	-1.001591	-0.9835969	-0.9967286	-0.9988472	-0.9767565	-1.012942	-0.9819038	-0.9980149	-1.003401	-0.9875933	-0.9863806	-0.9912134	-0.9955246	-0.9879736	-0.975952	-0.9731612	-0.9731612
1755797040	-0.9993291	-0.9820406	-0.9981306	-0.9986914	-0.9738083	-1.010297	-0.9817489	-0.9983251	-1.003089	-0.9871269	-0.9828047	-0.9862457	-0.9969232	-0.9836117	-0.9750187	-0.9736256	-0.9736256
1755800040	-0.998471	-0.9845306	-0.9975075	-1.000249	-0.9775323	-1.011853	-0.9829883	-0.9994107	-1.003401	-0.9889925	-0.9862251	-0.9912134	-0.9987879	-0.9884409	-0.9798407	-0.9716134	-0.9716134
1755803040	-1.001279	-0.9860869	-0.9979748	-1.000405	-0.9792391	-1.013408	-0.9828334	-0.9991005	-1.003713	-0.9886816	-0.9860697	-0.9907476	-0.9992541	-0.9895314	-0.9733076	-0.9731612	-0.9731612
1755806040	-0.9992511	-0.981885	-0.995015	-0.9988472	-0.9739635	-1.010764	-0.9817489	-0.9991005	-1.002621	-0.9882152	-0.9852923	-0.9898162	-0.9970786	-0.984079	-0.977663	-0.9726969	-0.9726969
1755809040	-1.001201	-0.9881101	-0.9982864	-1.000405	-0.9792391	-1.014186	-0.9845377	-0.9997208	-1.003245	-0.9902363	-0.9866915	-0.9912134	-1.000808	-0.9926471	-0.9779741	-0.9750186	-0.9750186
1755812040	-1.002761	-0.9845306	-0.9992211	-1.000561	-0.9803252	-1.014808	-0.983763	-1.000341	-1.003245	-0.9896144	-0.987158	-0.9927658	-0.9984771	-0.9885967	-0.9762631	-0.9742447	-0.9742447
1755815040	-1.001435	-0.9877988	-1.000156	-1.00134	-0.9789287	1.014964	-0.9831433	-0.9998759	-1.006209	-0.989459	-0.9873134	-0.9916791	-1.000186	-0.9909334	-0.9793741	-0.9753281	-0.9753281
1755818040	-1.003074	-0.9890438	-0.9992211	-1.000872	-0.9809459	-1.015119	-0.983763	-1.000186	-1.005429	-0.9889925	-0.9862251	-0.9933867	-1.001274	-0.9889083	-0.9818629	-0.9757925	-0.9757925
1755821040	-0.998471	-0.9823518	-0.9898741	-0.9926159	-0.9708602	-1.005009	-0.9749318	-0.9890199	-0.9892037	-0.9829291	-0.9831157	-0.9871771	-0.9883764	-0.9787824	-0.979063	-0.9717682	-0.9708602
1755824040	-1.002449	-0.9877988	-0.9989095	-1.001651	-0.981101	-1.014808	-0.9850025	-1.001582	-1.007146	-0.9907027	-0.9870025	-0.9936972	-0.9994095	-0.9896872	-0.9826406	-0.9750186	-0.9750186
1755827040	-1.003074	-0.9884213	-1.000623	-1.001807	-0.9814114	-1.016053	-0.9850025	-1.000341	-1.006209	-0.9902363	-0.9884017	-0.993542	-1.002362	-0.9937375	-0.9845072	-0.9736256	-0.9736256
1755830040	-1.00518	-0.9896663	-0.9996884	-1.003053	-0.9823424	-1.016053	-0.9859321	-1.001737	-1.00855	-0.9914801	-0.9885572	-0.9943182	-0.9992541	-0.9949838	-0.9803074	-0.9767211	-0.9767211
1755833040	-1.00401	-0.9887326	-1.000623	-1.003053	-0.9821872	1.014964	-0.9845377	-1.000962	-1.00777	-0.9914801	-0.9891791	-0.9949391	-1.000031	-0.9910892	-0.9832628	-0.9773403	-0.9773403
1755836040	-1.002449	-0.9884213	-1.000156	-1.001963	-0.981101	1.014808	-0.9839179	-1.000651	-1.006521	-0.9902363	-0.987158	-0.9930763	-1.002207	-0.9924913	-0.9843517	-0.9740899	-0.9740899
1755839040	-0.998471	-0.9862425	-0.9943918	-0.9963547	-0.9784633	-1.008431	-0.9797348	-0.9953784	-1.003557	-0.9874378	-0.9820274	-0.98904	-0.9959908	-0.9845464	-0.9770408	-0.9708395	-0.9708395
1755842040	-0.9964428	-0.9859313	-0.9971959	-0.9980683	-0.9770668	-1.007964	-0.9784953	-0.9989454	-1.001685	-0.9854167	-0.9817164	-0.9882638	-0.9983217	-0.989843	-0.9823295	-0.9722325	-0.9722325
1755845040	-0.9827134	-0.98313	-0.9876932	-0.9891887	-0.973498	-1.005164	-0.9726078	-0.9680831	-0.9884236	-0.9787313	-0.978296	-0.9784836	-0.9849577	-0.9742647	-0.9557305	-0.9637197	-0.9557305
1755848040	-0.9921524	-0.9775274	-0.9817734	-0.9951084	-0.971636	-1.00672	-0.9726078	-0.9955335	-0.9988767	-0.9816853	-0.9804726	-0.9828304	-0.9854239	-0.9753552	-0.9706633	-0.96697	-0.96697
1755851040	-0.9954287	-0.9781499	-0.9909646	-0.9937064	-0.9738083	-1.007809	-0.9755516	-0.9927419	-0.9990327	-0.9815299	-0.9801617	0.9829856	-0.9927275	-0.9843906	-0.9672412	-0.9692917	-0.9672412
1755854040	-1.000499	-0.9829744	-0.9973517	-0.999003	-0.9733429	-1.012475	-0.97927	-0.9921216	-0.9898278	-0.9846393	-0.978296	-0.983917	-0.9973894	-0.9742647	-0.9798407	-0.9714586	-0.9714586
1755857040	-0.9905922	-0.9708354	-0.9869143	-0.9837363	-0.9492925	-1.00252	-0.9580441	-0.9733561	-0.9796867	-0.9627177	-0.9541978	-0.9699454	-0.9894642	-0.9742647	-0.9789074	-0.962791	-0.9492925
1755860040	-0.9997192	-0.978928	-0.9937687	-0.9971336	-0.9748945	-1.011542	-0.9803545	-0.9972395	-1.001997	-0.9855721	-0.9809391	-0.9856247	-0.9945922	-0.9885967	-0.9823295	-0.9728517	-0.9728517
1755863040	-1.003074	-0.9859313	-0.9992211	-0.9999377	-0.9786184	-1.014031	-0.9764812	-0.9963089	-1.004337	-0.986505	-0.9845149	-0.9907476	-0.9980109	-0.9892198	-0.980774	-0.9700656	-0.9700656
1755866040	-0.9840396	-0.9621203	-0.9816176	-0.9831132	-0.95643	-1.00112	-0.9557201	-0.9828164	-0.9843672	-0.9683147	-0.9657027	-0.963891	-0.9888426	-0.9515204	-0.9757964	-0.9672796	-0.9515204
1755869040	-1.000421	-0.9846863	-0.9923667	-0.9949526	-0.9781529	-1.007809	-0.9774108	-0.9902605	-0.9998128	-0.9826182	-0.9798507	-0.9818989	-0.9933491	-0.9871947	-0.9734632	-0.9734708	-0.9734632
1755872040	-1.001591	-0.9834412	-0.9970401	-0.9997819	-0.9786184	-1.012631	-0.9809742	-0.9992556	-0.9991887	-0.9846393	-0.9834266	-0.9895057	-0.9977001	-0.9896872	-0.9740854	-0.9734708	-0.9734708
1755875040	-0.9916843	-0.9703685	-0.9811503	-0.9851383	-0.963102	-0.9973868	-0.9661006	-0.98933	-0.9835871	-0.9709577	-0.9655473	-0.9705663	-0.9902412	-0.9831443	-0.971441	-0.9682083	-0.963102
1755878040	-0.998393	-0.9814181	-0.9945476	-0.9965105	-0.97536	-1.011542	-0.9781854	-0.9961538	-1.002777	-0.9874378	-0.9856032	-0.9895057	-0.9921059	-0.982677	-0.9770408	-0.9708395	-0.9708395
1755881040	-1.000031	-0.9862425	-0.9968843	-0.99542	-0.9792391	-1.012475	-0.9780305	-0.9997208	-1.001841	-0.9880597	-0.9865361	-0.9909029	-0.9977001	-0.9893756	-0.975952	-0.9739351	-0.9739351
1755884040	-0.9969889	-0.9828187	-0.9912762	-0.9943295	-0.9738083	-1.008431	-0.9764812	-0.9956886	-0.9982526	-0.9760883	-0.9800062	0.9864009	-0.9875995	-0.9828328	-0.9614858	-0.9666605	-0.9614858
1755947040	-1.002371	-0.986865	-0.9989095	-1.000249	-0.9793942	-1.013408	-0.9836081	-0.9989454	-1.005273	-0.9889925	-0.9865361	-0.9915238	-1.000186	-0.9892198	-0.9809296	-0.9748638	-0.9748638
1755950040	-1.002761	-0.9860869	-0.9990653	-1.000561	-0.9779978	-1.014497	-0.9822137	-0.9994107	-1.004805	-0.9899254	-0.9859142	-0.9923	-1.000342	-0.9904661	-0.9832628	-0.9740899	-0.9740899
1755953040	-0.9926204	-0.9689679	-0.9830197	-0.9862288	-0.963102	-1.003453	-0.9643964	-0.992897	-0.9951323	-0.9683147	-0.9719216	-0.980657	-0.9947476	-0.9836117	-0.9785963	-0.9657318	-0.963102
1755956040	-1.000343	-0.9859313	-0.9984422	-0.9997819	-0.9790839	-1.012942	-0.9808193	-1.000186	-1.004337	-0.9882152	-0.9852923	-0.9910581	-0.9952138	-0.9903103	-0.9743965	-0.9731612	-0.9731612
1755959040	-1.001435	-0.9842194	-0.9971959	-1.000405	-0.9789287	-1.013097	-0.9826785	-1.000186	-1.004025	-0.9885261	-0.9865361	-0.9909029	-0.9922613	-0.98626	-0.9733076	-0.9748638	-0.9733076
1755962040	-0.9931665	-0.9851531	-0.9979748	-1.000405	-0.9797046	-1.01092	-0.981439	-1.000031	-1.004181	-0.9886816	-0.9863806	-0.9904372	-0.9987879	-0.9901545	-0.9796852	-0.9739351	-0.9739351
1755965040	-0.9985491	-0.98313	-0.9954823	-0.9971336	-0.9739635	-1.011075	-0.9778756	-0.9958437	-0.9999688	-0.9882152	-0.9821828	-0.9893505	-0.9950584	-0.9889083	-0.9734632	-0.9730064	-0.9730064
1755968040	-1.000421	-0.9845306	-0.9987537	-1.000561	-0.9781529	-1.012631	-0.9832982	-0.9994107	-1.004337	-0.9885261	-0.9856032	-0.9905924	-0.9986325	-0.9892198	-0.9796852	-0.9745542	-0.9745542
1755971040	-1.001903	-0.9851531	-0.9981306	-1.000093	-0.9793942	-1.013875	-0.983763	-0.9998759	-1.004961	-0.9896144	-0.9852923	-0.9919896	-0.9984771	-0.991245	-0.9789074	-0.9748638	-0.9748638
1755974040	-0.9993291	-0.9867094	-0.9987537	-0.9999377	-0.9793942	-1.012008	-0.9832982	-0.9989454	-1.005429	-0.9889925	-0.986847	-0.9909029	-0.9992541	-0.9889083	-0.9757964	-0.9728517	-0.9728517
1755977040	-0.998393	-0.9859313	-0.997819	-0.9996261	-0.9790839	-1.013097	-0.9832982	-1.000031	-1.005273	-0.9883706	-0.9863806	-0.9923	-0.9969232	-0.989843	-0.9653746	-0.9714586	-0.9653746
1755980040	-0.9996412	-0.9876432	-0.9993769	-0.9997819	-0.9797046	-1.014031	-0.9840729	-1.000496	-1.006521	-0.9902363	-0.986847	-0.9930763	-0.9995649	-0.9914008	-0.9810851	-0.9725421	-0.9725421
1755983040	-1.000967	-0.9874875	-0.9990653	-1.001963	-0.9798597	-1.013408	-0.983763	-1.000806	-1.005741	-0.9905473	-0.987158	-0.9919896	-1.001274	-0.9890641	-0.9823295	-0.9748638	-0.9748638
1755986040	-1.000421	-0.9845306	-0.9981306	-1.000093	-0.9792391	-1.014964	-0.983763	-0.9998759	-1.003713	-0.9872823	-0.9859142	-0.988419	-1.000653	-0.9839232	-0.9743965	-0.9750186	-0.9743965
1755989040	-1.003308	-0.9876432	-0.9984422	-1.001963	-0.9804804	-1.014808	-0.9843827	-1.001272	-1.006209	-0.9896144	-0.9874689	-0.9932315	-1.002207	-0.9918681	-0.9810851	-0.9756377	-0.9756377
1755992040	-1.003464	-0.9881101	-0.9987537	-1.00134	-0.9803252	-1.015119	-0.9850025	-1.001427	-1.006053	-0.9900808	-0.9880908	-0.9933867	-0.9998757	-0.9910892	-0.982174	-0.9750186	-0.9750186
1755995040	-1.002137	-0.9881101	-0.9995327	-1.000717	-0.9809459	-1.015119	-0.9846926	-1.001117	-1.006365	-0.9897699	-0.9879353	-0.9913686	-1.001119	-0.9910892	-0.980774	-0.9759473	-0.9759473
1755998040	-1.003542	-0.9871763	-0.9987537	-1.000249	-0.9797046	-1.014186	-0.9846926	-1.001117	-1.005585	-0.9905473	-0.9873134	-0.992921	-0.9997203	-0.9893756	-0.9829517	-0.9762568	-0.9762568
1756001040	-1.005102	-0.9881101	-1.000935	-1.001496	-0.981101	1.015897	-0.9834531	-1.002047	-1.00777	-0.9907027	-0.9877799	-0.9938525	-1.000186	-0.9929586	-0.9810851	-0.9754829	-0.9754829
1756004040	-1.004244	-0.9896663	-1.000623	-1.002274	-0.9824975	-1.015897	-0.9859321	-1.001737	-1.00699	-0.9910137	-0.9891791	-0.9952496	-0.9997203	-0.9889083	-0.982174	-0.9753281	-0.9753281
1756007040	-1.00635	-0.9888882	-1.000312	-1.00134	-0.982032	-1.015119	-0.9846926	-1.001737	-1.006677	-0.9908582	-0.9877799	-0.9944734	-1.002051	-0.9937375	-0.9866849	-0.9773403	-0.9773403
1756010040	-1.005414	-0.9891995	-1.000935	-1.002742	-0.9821872	-1.016519	-0.9857771	-1.002202	-1.007302	-0.9914801	-0.9885572	-0.9944734	-1.003139	-0.9937375	-0.9860627	-0.9767211	-0.9767211
1756013040	-1.004556	-0.9895107	-0.9976633	-1.000249	-0.9817217	-1.014497	-0.9842278	-1.002357	-1.007146	-0.9900808	-0.9888682	-0.9936972	-1.00174	-0.9839232	-0.9820184	-0.9762568	-0.9762568
1756016040	-1.001513	-0.9888882	-0.9996884	-1.001651	-0.9809459	-1.015586	-0.9853123	-1.001427	-1.007302	-0.9910137	-0.9879353	-0.9936972	-0.9950584	-0.9917124	-0.982174	-0.9765664	-0.9765664
1756019040	-1.004244	-0.9887326	-1.000312	-1.001651	-0.9818769	-1.016053	-0.9851574	-1.001117	-1.007302	-0.9913246	-0.9882463	-0.9936972	-1.002051	-0.9920239	-0.9877738	-0.9768759	-0.9768759
1756022040	-1.004088	-0.9882657	-1	-1.001807	-0.9809459	-1.012942	-0.9820588	-1.001892	-1.006365	-0.9897699	-0.9874689	-0.9930763	-1.002828	-0.9926471	-0.9866849	-0.9771855	-0.9771855
1756025040	-1.001981	-0.9846863	-0.998598	-0.9991588	-0.9789287	-1.013097	-0.9822137	-0.9986352	-1.003401	-0.9880597	-0.9866915	-0.9918343	-1.000186	-0.9907777	-0.9765742	-0.9708395	-0.9708395
1756028040	-0.9985491	-0.9778386	-0.9937687	-0.9940179	-0.9728774	-1.002987	-0.97927	-0.99817	-0.9971605	-0.9871269	-0.9824938	-0.9837618	-0.99568	-0.9864158	-0.9834184	-0.9708395	-0.9708395
1756031040	-1.001201	-0.9865538	-0.9981306	-1.000717	-0.9790839	-1.014031	-0.9832982	-1.000341	-1.004805	-0.9885261	-0.9865361	-0.9910581	-1.001119	-0.9867273	-0.9817073	-0.9740899	-0.9740899
1756034040	-1.00362	-0.9860869	-0.9984422	-0.9996261	-0.9801701	-1.012786	-0.9829883	-0.9987903	-1.004649	-0.9872823	-0.9862251	-0.9904372	-1.001274	-0.9901545	-0.9813962	-0.9745542	-0.9745542
1756037040	-1.000811	-0.9787724	-0.9971959	-0.9944853	-0.9759806	-1.009209	-0.9822137	-0.9987903	-1.002621	-0.986505	-0.9829602	-0.9877981	-0.9983217	-0.9833001	-0.9831073	-0.9720778	-0.9720778
1756040040	-1.001747	-0.9859313	-0.9990653	-0.9993146	-0.9792391	-1.013097	-0.9828334	-0.9998759	-1.006365	-0.9886816	-0.9866915	-0.9924553	-0.9958354	-0.9915566	-0.975952	-0.9750186	-0.9750186
1756043040	-0.9889541	-0.9713023	-0.9884721	-0.9884098	-0.9634124	-1.002364	-0.9707486	-0.991036	-0.9962244	-0.9757774	-0.9736318	-0.9784836	-0.9717491	-0.9613347	-0.9708188	-0.9657318	-0.9613347
1756046040	-0.9919964	-0.9731698	-0.9900299	-0.993239	-0.9739635	-1.005786	-0.9775657	-0.9908809	-0.9980966	-0.9829291	-0.9779851	-0.9828304	-0.9936599	-0.9742647	-0.9778186	-0.9665057	-0.9665057
1756049040	-1.000577	-0.9865538	-0.9967286	-0.9999377	-0.9795494	-1.013875	-0.981594	-0.9980149	-1.004181	-0.989148	-0.9852923	-0.9923	-0.9995649	-0.9899988	-0.9748631	-0.9743995	-0.9743995
1756052040	-1.002215	-0.9842194	-0.9981306	-1.000249	-0.9793942	-1.013253	-0.9828334	-0.9992556	-1.004649	-0.9883706	-0.986847	-0.9913686	-0.9950584	-0.9892198	-0.9792185	-0.9743995	-0.9743995
1756055040	-1.002215	-0.9867094	-0.998598	-1.000249	-0.9784633	-1.012631	-0.9839179	-1.000341	-1.003245	-0.9882152	-0.9846704	-0.9926105	-0.996457	-0.9879736	-0.9771964	-0.9725421	-0.9725421
1756058040	-1.000655	-0.984375	-0.9961054	-0.9993146	-0.9783081	-1.013253	-0.9836081	-0.9992556	-1.004961	-0.9886816	-0.9851368	-0.9905924	-0.9961462	-0.9861042	-0.9792185	-0.9734708	-0.9734708
1756061040	-1.000421	-0.984375	-0.9973517	-1.000093	-0.9790839	-1.013097	-0.9823686	-0.9989454	-1.004961	-0.9885261	-0.9860697	-0.9910581	-0.9981663	-0.9895314	-0.9731521	-0.9731612	-0.9731521
1756064040	-1.001825	-0.9871763	-0.9984422	-0.9999377	-0.9795494	-1.014186	-0.9826785	-0.99817	-1.004493	-0.9893035	-0.9870025	-0.9919896	-0.9989433	-0.9870389	-0.9757964	-0.9731612	-0.9731612
1756067040	-1.001201	-0.9862425	-0.9996884	-1.000405	-0.9803252	-1.015119	-0.9842278	-1.000341	-1.006209	-0.9907027	-0.9866915	-0.992921	-1.000031	-0.9893756	-0.9719077	-0.9745542	-0.9719077
1756070040	-1.002371	-0.9877988	-0.9989095	-1.000561	-0.9804804	-1.014964	-0.9846926	-1.000806	-1.005273	-0.9899254	-0.9876244	-0.9919896	-0.9981663	-0.9899988	-0.9751742	-0.9753281	-0.9751742
1756073040	-1.001903	-0.9879544	-0.9992211	-1.000872	-0.9797046	-1.015431	-0.9845377	-1.000496	-1.005741	-0.9897699	-0.9870025	-0.9924553	-1.000963	-0.9910892	-0.9784408	-0.9759473	-0.9759473
1756076040	-1.003776	-0.9865538	-0.9992211	-1.001807	-0.9807907	-1.015275	-0.9845377	-1.000651	-1.005117	-0.9907027	-0.9874689	-0.992921	-0.9973894	-0.9873504	-0.9743965	-0.9726969	-0.9726969
1756079040	-1.001825	-0.9865538	-0.9990653	-1.001496	-0.981101	-1.015275	-0.9853123	-1.000341	-1.004337	-0.989459	-0.9877799	-0.9932315	-1.000963	-0.9921797	-0.9820184	-0.9757925	-0.9757925
1756082040	-0.9995632	-0.9865538	-0.9990653	-1.000561	-0.9806356	-1.013097	-0.9850025	-1.000962	-1.006677	-0.9896144	-0.9873134	-0.992921	-1.000497	-0.9917124	-0.9829517	-0.9757925	-0.9757925
1756085040	-1.003698	-0.9876432	-1.000779	-1.002742	-0.9814114	-1.015431	-0.9857771	-1.001582	-1.008394	-0.9905473	-0.9885572	-0.9944734	-1.001119	-0.9924913	-0.985285	-0.977495	-0.977495
1756088040	-0.9890321	-0.9793949	-0.9901857	-0.9940179	-0.9733429	-1.004231	-0.9771009	-0.9952233	-0.9977846	-0.98324	-0.9817164	-0.9862457	-0.9900858	-0.9734858	-0.9757964	-0.971923	-0.971923
1756091040	-1.003698	-0.9881101	-0.9984422	-1.001651	-0.9818769	-1.015586	-0.9863969	-1.001117	-1.007458	-0.9911692	-0.9880908	-0.9950944	-0.9994095	-0.9917124	-0.96833	-0.9716134	-0.96833
1756094040	-0.9924644	-0.9804843	-0.9947034	-0.9949526	-0.9775323	-1.008586	-0.9775657	-0.9973945	-0.9999688	-0.9863495	-0.9834266	0.9898162	-0.9963016	-0.9831443	-0.9770408	-0.9726969	-0.9726969
1756097040	-0.9994851	-0.9797062	-0.996417	-0.9982241	-0.9755151	-1.011075	-0.9741572	-0.9969293	-1.000593	-0.9879042	-0.9821828	-0.9904372	-0.981539	-0.9853253	-0.9733076	-0.9694465	-0.9694465
1756100040	-0.9931665	-0.9708354	-0.994236	-0.9937064	-0.9736532	-1.004231	-0.9743121	-0.9952233	-0.9968485	-0.9816853	-0.9800062	-0.9853142	-0.9871333	-0.9843906	-0.9614858	-0.9700656	-0.9614858
1756103040	-0.9916843	-0.9775274	-0.9947034	-0.9983799	-0.9742738	-1.011542	-0.9757065	-0.9970844	-1.003401	-0.9843284	-0.9823383	-0.9893505	-0.9865117	-0.9797171	-0.9703522	-0.9626362	-0.9626362
1756106040	-0.9876279	-0.9797062	-0.9951707	-0.9944853	-0.971636	-1.008897	-0.9772558	-0.9966191	-1.000593	-0.986194	-0.9810945	-0.9876428	-0.9863563	-0.9776919	-0.9655301	-0.9703752	-0.9655301
1756109040	-0.9887981	-0.9854644	-0.9968843	-0.9979125	-0.9776874	-1.010764	-0.9806644	-0.9989454	-1.004493	-0.9883706	-0.9852923	-0.9904372	-0.9950584	-0.9881294	-0.9725299	-0.9708395	-0.9708395
1756112040	-0.9986271	-0.9849975	-0.9962612	-0.9982241	-0.9779978	-1.012942	-0.9823686	-0.9986352	-1.002777	-0.986505	-0.9857587	-0.9910581	-0.9885318	-0.9885967	-0.963508	-0.96697	-0.963508
1756115040	-0.9997192	-0.9863982	-0.9979748	-0.9993146	-0.9778426	-1.01372	-0.9809742	-0.9998759	-1.003869	-0.9880597	-0.9835821	-0.9904372	-0.9945922	-0.9901545	-0.9761075	-0.9725421	-0.9725421
1756118040	-0.9935565	-0.9795505	-0.9909646	-0.9930833	-0.971636	-1.009986	-0.974622	-0.9941377	-1.001061	-0.9793532	-0.9824938	-0.9882638	-0.9922613	-0.9750436	-0.9737743	-0.9706847	-0.9706847
1756121040	-1.001279	-0.9826631	-0.9961054	-0.9988472	-0.9781529	-1.013564	-0.972143	-0.9924318	-1.002309	-0.98324	-0.9817164	-0.9862457	-0.9944368	-0.9798729	-0.9784408	-0.973316	-0.972143
1756124040	-0.9990171	-0.9823518	-0.9962612	-0.9988472	-0.9766013	-1.011853	-0.9822137	-0.9986352	-1.002933	-0.9872823	-0.9857587	-0.9902819	-0.9959908	-0.9892198	-0.9751742	-0.9734708	-0.9734708
1756127040	-1.001669	-0.98562	-0.9970401	-0.999003	-0.9789287	1.013408	-0.9823686	-0.9992556	-1.002933	-0.9888371	-0.9821828	-0.9919896	-0.9959908	-0.9906219	-0.9795296	-0.9739351	-0.9739351
1756130040	-0.9997972	-0.9862425	-0.9979748	-0.9993146	-0.9798597	-1.012786	-0.9820588	-0.9986352	-1.003245	-0.9897699	-0.9870025	-0.9915238	-0.9990987	-0.9910892	-0.9789074	-0.9740899	-0.9740899
1756133040	-1.000109	-0.9863982	-0.9976633	-1.000872	-0.9787736	-1.015119	-0.9811292	-1.000031	-1.003869	-0.9880597	-0.9865361	-0.9909029	-0.9977001	-0.9881294	-0.9829517	-0.9742447	-0.9742447
1756136040	-1.001045	-0.9846863	-0.9933013	-0.9963547	-0.9783081	-1.010297	-0.974467	-0.9987903	-0.9973165	-0.986194	-0.9837376	-0.9862457	-0.9994095	-0.987662	-0.9750187	-0.9736256	-0.9736256
1756139040	-0.9832595	-0.9621203	-0.9814619	-0.9776608	-0.9531715	-1.000031	-0.9600583	-0.9882444	-0.9948203	-0.9734453	-0.9702114	0.9756893	-0.9793635	-0.9781593	-0.96833	-0.96697	-0.9531715
1756142040	-1.000109	-0.9853088	-0.998598	-0.9997819	-0.9792391	-1.013564	-0.9826785	-0.9994107	-1.004025	-0.9871269	-0.9856032	-0.9921448	-0.9966124	-0.9893756	-0.9796852	-0.9745542	-0.9745542
1756145040	-0.998315	-0.9839081	-0.9926782	-0.9941737	-0.9750497	-1.007964	-0.9789601	-0.9967742	-1.003713	-0.9879042	-0.9829602	-0.9857799	-0.9952138	-0.9882851	-0.9705077	-0.9654222	-0.9654222
1756148040	-1.000967	-0.9839081	-0.9961054	-0.9965105	-0.9773771	-1.010453	-0.9781854	-0.9933623	-1.002777	-0.9812189	-0.9817164	-0.9888847	-0.9927275	-0.9845464	-0.9750187	-0.9709943	-0.9709943
1756151040	-0.9975349	-0.9865538	-0.9981306	-0.9999377	-0.9787736	-1.012786	-0.9822137	-0.9998759	-1.005585	-0.9897699	-0.9857587	-0.9927658	-0.9975448	-0.9879736	-0.9793741	-0.9740899	-0.9740899
1756154040	-1.001435	-0.9884213	-0.9989095	-1.000249	-0.9814114	-1.014653	-0.9819038	-1.000341	-1.005429	-0.9900808	-0.9870025	-0.9921448	-1.000653	-0.9901545	-0.980774	-0.9742447	-0.9742447
1756157040	-1.001591	-0.9882657	-0.9992211	-1.000717	-0.9809459	-1.013875	-0.9828334	-1.000031	-1.004649	-0.9886816	-0.9873134	-0.992921	-0.9978555	-0.9901545	-0.9729965	-0.9742447	-0.9729965
1756160040	-0.9974569	-0.9834412	-0.9953265	-0.99542	-0.973498	-1.008897	-0.9822137	-0.9992556	-1.002621	-0.9875933	-0.9859142	-0.9882638	-0.9966124	-0.9889083	-0.9824851	-0.9748638	-0.973498
1756163040	-1.002137	-0.9887326	-0.9998442	-1.001963	-0.9821872	-1.016208	-0.9848475	-1.001582	-1.007146	-0.9913246	-0.9888682	-0.9930763	-0.9969232	-0.9940491	-0.9815518	-0.9743995	-0.9743995
1756166040	-1.005102	-0.9862425	-1.000312	-1.001963	-0.981101	1.014964	-0.9859321	-1.000962	-1.007458	-0.9908582	-0.9873134	-0.9933867	-0.9997203	-0.9918681	-0.9845072	-0.9765664	-0.9765664
1756169040	-1.00557	-0.9882657	-0.9998442	-1.001807	-0.9809459	-1.016053	-0.9842278	-1.001427	-1.006521	-0.9905473	-0.9874689	-0.9912134	-1.002051	-0.9928028	-0.9829517	-0.9767211	-0.9767211
1756172040	-1.002449	-0.9888882	-0.9998442	-1.00243	-0.9809459	-1.016053	-0.986087	-1.001582	-1.007458	-0.9911692	-0.9876244	-0.9938525	-0.9978555	-0.9917124	-0.9812407	-0.9739351	-0.9739351
1756175040	-1.003386	-0.9902888	-0.9998442	-1.002898	-0.9814114	-1.015275	-0.9865518	-1.002202	-1.00855	-0.9916356	-0.9891791	-0.9950944	-1.002517	-0.9937375	-0.9863738	-0.9781142	-0.9781142
1756178040	-1.003464	-0.9884213	-0.9975075	-1.00134	-0.9804804	-1.012786	-0.9851574	-1.000806	-1.005585	-0.9905473	-0.986847	-0.9938525	-1.001119	-0.993426	-0.9837295	-0.9771855	-0.9771855
1756181040	-0.9998752	-0.9888882	-0.9998442	-1.000872	-0.9821872	-1.01372	-0.983763	-1.001117	-1.005429	-0.9899254	-0.9874689	-0.9938525	-1.000497	-0.9940491	-0.9804629	-0.9750186	-0.9750186
1756184040	-0.9832595	-0.9800174	-0.989251	-0.9938622	-0.9769116	-1.009831	-0.9667204	-0.9902605	-1.000281	-0.9833955	-0.9762749	-0.985159	-0.9872887	-0.9868831	-0.9809296	-0.9651127	-0.9651127
1756187040	-1.002059	-0.9867094	-0.9990653	-1.000872	-0.9804804	-1.012786	-0.9811292	-1.000186	-1.005741	-0.9893035	-0.9846704	-0.9912134	-0.9997203	-0.9924913	-0.9801518	-0.9745542	-0.9745542
1756190040	-0.9947267	-0.9747261	-0.9908088	-0.9946411	-0.9660501	-1.000031	-0.96765	-0.9961538	-0.9956003	-0.9812189	-0.9798507	-0.9842275	-0.9927275	-0.9811191	-0.9701966	-0.9651127	-0.9651127
1756193040	-0.9975349	-0.9867094	-0.9961054	-0.9993146	-0.9801701	-1.013408	-0.9822137	-0.992897	-1.001841	-0.9882152	-0.9859142	-0.9918343	-0.9931937	-0.9842348	-0.974552	-0.9720778	-0.9720778
1756196040	-0.9906702	-0.9720804	-0.9808387	-0.9842036	-0.953637	-0.9995645	-0.972298	-0.9899504	-0.9865514	-0.9784204	-0.9748756	-0.9746026	-0.9944368	-0.9864158	-0.9678634	-0.9708395	-0.953637
1756199040	-1.001903	-0.9859313	-0.9926782	-0.9993146	-0.9792391	-1.012786	-0.9803545	-0.9989454	-1.002777	-0.9858831	-0.9863806	-0.9891952	-0.9869779	-0.9867273	-0.9656857	-0.9720778	-0.9656857
1756202040	-1.001201	-0.9828187	-0.9951707	-0.9977567	-0.9772219	-1.009986	-0.9783404	-0.9977047	-1.000593	-0.9879042	-0.9843595	-0.9901267	-0.9947476	-0.9850137	-0.9771964	-0.9748638	-0.9748638
1756205040	-1.000031	-0.9860869	-0.9982864	-0.9999377	-0.9786184	-1.012786	-0.9801996	-0.9973945	-1.002465	-0.9869714	-0.9828047	-0.9907476	-0.9983217	-0.989843	-0.9751742	-0.9739351	-0.9739351
1756208040	-1.000733	-0.984375	-0.998598	-0.9997819	-0.9790839	-1.011853	-0.9829883	-1.000341	-1.001217	-0.9863495	-0.9846704	-0.9895057	-0.9986325	-0.9892198	-0.980774	-0.9736256	-0.9736256
1756211040	-0.9973789	-0.9790837	-0.9957939	-0.9969778	-0.976291	-1.011853	-0.981594	-0.99817	-1.001061	-0.9852612	-0.9823383	-0.9895057	-0.988998	-0.9809634	-0.9775075	-0.9731612	-0.9731612
1756214040	-0.9996412	-0.98562	-0.9973517	-0.9974452	-0.9787736	-1.011697	-0.9822137	-0.9978598	-1.003557	-0.9872823	-0.9851368	-0.9910581	-0.9947476	-0.9885967	-0.9733076	-0.9699108	-0.9699108
1756217040	-1.001435	-0.9860869	-0.9970401	-0.9982241	-0.9786184	-1.012631	-0.981594	-0.99817	-1.002777	-0.9882152	-0.9845149	-0.9898162	-0.9952138	-0.9899988	-0.9803074	-0.9726969	-0.9726969
1756220040	-0.9987051	-0.9728586	-0.9886279	-0.9963547	-0.974429	-1.010453	-0.9797348	-0.9963089	-0.992012	-0.9795087	-0.9776741	-0.9820541	-0.9958354	-0.9817423	-0.9782852	-0.9711491	-0.9711491
1756223040	-0.9932445	-0.9842194	-0.9936129	-0.9946411	-0.9741187	-1.008742	-0.9803545	-0.9955335	-1.001529	-0.9833955	-0.9831157	-0.9887295	-0.9935045	-0.9879736	-0.9756409	-0.9700656	-0.9700656
1756226040	-0.9964428	-0.9823518	-0.9908088	-0.9951084	-0.9623262	-1.008586	-0.9784953	-0.9975496	-0.9782826	-0.9799751	-0.9745647	0.9756893	-0.9917951	-0.9847021	-0.9715966	-0.9737803	-0.9623262
1756229040	-0.9997192	-0.9849975	-0.9971959	-0.9985356	-0.9773771	-1.013253	-0.981439	-0.996464	-1.003089	-0.9882152	-0.9860697	-0.9912134	-0.9969232	-0.9896872	-0.9736187	-0.9725421	-0.9725421
1756232040	-1.000421	-0.9865538	-0.9976633	-0.9980683	-0.9779978	-1.012164	-0.9808193	-0.9994107	-1.004181	-0.9883706	-0.9849813	-0.9907476	-0.9961462	-0.9870389	-0.9736187	-0.973316	-0.973316
1756235040	-1.000733	-0.986865	-0.9981306	-0.999003	-0.9789287	-1.011697	-0.9808193	-0.9989454	-1.004337	-0.9879042	-0.9862251	-0.9915238	-0.9978555	-0.98626	-0.9771964	-0.9745542	-0.9745542
1756238040	-1.001591	-0.986865	-0.9976633	-1.000093	-0.9800149	-1.011075	-0.9829883	-0.9995658	-1.004181	-0.9874378	-0.9856032	-0.9916791	-0.9984771	-0.9879736	-0.9764186	-0.9722325	-0.9722325
1756241040	-0.9991731	-0.9825075	-0.9917435	-0.9980683	-0.9714809	-1.011853	-0.9811292	-0.9995658	-1.002621	-0.9849502	-0.9849813	-0.9868666	-0.996457	-0.9904661	-0.9779741	-0.9737803	-0.9714809
1756244040	-0.9941026	-0.9767493	-0.992834	-0.9974452	-0.9772219	-1.011231	-0.9800446	-0.9936725	-0.9888917	-0.9791978	-0.9744092	-0.9808122	-0.9973894	-0.9875062	-0.9726854	-0.9730064	-0.9726854
1756247040	-1.004634	-0.9876432	-0.9992211	-1.001963	-0.9815665	-1.015275	-0.9851574	-1.000806	-1.006677	-0.9899254	-0.9879353	-0.9932315	-1.001274	-0.9926471	-0.9849739	-0.974709	-0.974709
1756384680	-0.9992511	-0.9823518	-0.997819	-0.9999377	-0.9781529	-1.010453	-0.9805094	-0.9978598	-1.003557	-0.9871269	-0.9852923	-0.9893505	-0.9959908	-0.9851695	-0.9750187	-0.9740899	-0.9740899
1756385280	-0.9990951	-0.9800174	-0.9933013	-0.9976009	-0.9770668	-1.010609	-0.97927	-0.9952233	-1.002309	-0.9868159	-0.9815609	-0.9895057	-0.9852685	-0.98626	-0.9770408	-0.9700656	-0.9700656
1756385880	-1.000889	-0.9832856	-0.9959497	-0.996822	-0.9756703	-1.010609	-0.9806644	-0.9980149	-1.001061	-0.9863495	-0.9846704	-0.9871771	-0.9973894	-0.9825212	-0.9734632	-0.9717682	-0.9717682
1756386480	-0.9921524	-0.9686566	-0.9903415	-0.989656	-0.9595333	-1.006098	-0.9715233	-0.9925868	-0.9906078	-0.9777985	-0.975653	-0.9805017	-0.9911735	-0.9722395	-0.9778186	-0.9694465	-0.9595333
1756387080	-0.998237	-0.98313	-0.9959497	-0.9938622	-0.9748945	-1.006409	-0.9795798	-0.9956886	-1.001217	-0.9855721	-0.9826493	-0.989661	-0.9961462	-0.9889083	-0.9754853	-0.9709943	-0.9709943
1756387680	-1.000889	-0.9862425	-0.9971959	-0.9988472	-0.9783081	-1.010609	-0.981439	-0.9984801	-0.9980966	-0.9854167	-0.9837376	-0.9904372	-0.9950584	-0.9864158	-0.9750187	-0.971923	-0.971923
1756388280	-0.988486	-0.9680341	-0.9827081	-0.9877866	-0.9666708	-1.002364	-0.9712134	-0.9919665	-0.9835871	-0.9785759	-0.9712998	-0.9725845	-0.9913289	-0.9758225	-0.9743965	-0.9697561	-0.9666708
1756388880	-0.9892661	-0.973948	-0.9915877	-0.9893445	-0.9696189	-0.9933425	-0.9648612	-0.9885546	-0.9834311	-0.9770211	-0.9708333	0.9756893	-0.9866671	-0.9666314	-0.9773519	-0.9629458	-0.9629458
1756438680	-1.003932	-0.9899776	-0.997819	-1.002274	-0.9818769	-1.016053	-0.9865518	-1.001582	-1.008082	-0.9905473	-0.9884017	-0.9941629	-0.9990987	-0.9928028	-0.9855961	-0.9757925	-0.9757925
1756439280	-1.00518	-0.9885769	-0.9987537	-1.000249	-0.9793942	-1.012786	-0.9843827	-1.000962	-1.004025	-0.989148	-0.9860697	-0.9912134	-0.9987879	-0.9928028	-0.9809296	-0.9742447	-0.9742447
1756439880	-1.001591	-0.9888882	-1	-1.001184	-0.9814114	-1.012008	-0.9842278	-0.9983251	-1.005897	-0.9900808	-0.9870025	-0.993542	-0.9961462	-0.9920239	-0.9799963	-0.9725421	-0.9725421
1756440480	-1.002917	-0.9890438	-0.9993769	-1.000561	-0.9809459	-1.014497	-0.9854673	-1.001582	-1.006365	-0.9902363	-0.9865361	-0.9924553	-1.000963	-0.993426	-0.9873071	-0.9765664	-0.9765664
1756441080	-0.9760828	-0.9557395	-0.9682203	-0.9686254	-0.9514647	-0.9857205	-0.9504524	-0.976768	-0.9863954	-0.9684701	-0.9705224	0.9655986	-0.98387	-0.9783151	-0.9616414	-0.9637197	-0.9504524
1756441680	-1.004166	-0.9884213	-1.000312	-1.00134	-0.9809459	1.014808	-0.9848475	-1.001117	-1.006053	-0.9902363	-0.986847	-0.9926105	-1.000186	-0.9903103	-0.9815518	-0.9743995	-0.9743995
1756442280	-0.9873159	-0.9769049	-0.9814619	-0.989656	-0.9689983	-1.00532	-0.9685796	-0.991036	-0.9995007	-0.9771766	-0.9789179	-0.9814332	-0.974857	-0.961179	-0.9711299	-0.965577	-0.961179
1756442880	-0.9926985	-0.9862425	-0.997819	-0.9955758	-0.9761358	-1.00812	-0.9811292	-0.9983251	-1.006053	-0.9882152	-0.9824938	-0.9877981	-0.9961462	-0.987662	-0.9771964	-0.9736256	-0.9736256
1756443480	-0.9937126	-0.9798618	-0.9908088	-0.9940179	-0.9733429	-1.007964	-0.9738473	-0.9922767	-0.9988767	-0.9830846	-0.9804726	0.9860904	-0.9896196	-0.9792498	-0.9605525	-0.9680535	-0.9605525
1756444080	-0.9951167	-0.973948	-0.9852006	-0.9899676	-0.9722567	-0.9973868	-0.9726078	-0.9899504	-0.9751623	-0.9767102	-0.9678794	0.975534	-0.9903966	-0.98626	-0.9740854	-0.9706847	-0.9678794
1756444680	-0.9863018	-0.9755042	-0.9897183	-0.9904349	-0.9691534	-1.006564	-0.9701289	-0.9932072	-0.9982526	-0.9837065	-0.9814055	0.9783284	-0.9871333	-0.9762899	-0.9703522	-0.964184	-0.964184
1756445280	-0.9920744	-0.9756599	-0.9836428	-0.9937064	-0.9708602	-1.004387	-0.9755516	-0.9933623	-0.9987207	-0.9821517	-0.9804726	0.9879533	-0.9821606	-0.9758225	-0.9737743	-0.9677439	-0.9677439
1756445880	-0.9988611	-0.975193	-0.9945476	-0.9951084	-0.9756703	-1.011231	-0.9783404	-0.9950682	-0.9853033	-0.9843284	-0.9798507	-0.9803465	-0.9868225	-0.9742647	-0.9498196	-0.9699108	-0.9498196
1756446480	-0.9951167	-0.9809512	-0.990653	-0.991837	-0.974429	-1.005786	-0.9726078	-0.991036	-0.9943522	-0.9827736	-0.9790734	-0.9820541	-0.994903	-0.9836117	-0.9765742	-0.9722325	-0.9722325
1756447080	-0.9921524	-0.9804843	-0.991432	-0.9915254	-0.9708602	-1.010453	-0.9777206	-0.9953784	-0.9984086	-0.9818408	-0.9790734	-0.9801913	-0.9930383	-0.9848579	-0.9719077	-0.9658866	-0.9658866
1756447680	-0.9999532	-0.9812625	-0.9976633	-1.000249	-0.9786184	-1.012475	-0.9826785	-0.9986352	-1.003713	-0.9880597	-0.9863806	-0.9895057	-0.9936599	-0.9879736	-0.9711299	-0.9728517	-0.9711299
1756448280	-0.9916843	-0.9783055	-0.9866027	-0.9926159	-0.9693086	-1.004075	-0.9647062	-0.987469	-0.9971605	-0.9815299	-0.98125	-0.9860904	-0.9888426	-0.9708375	-0.9723743	-0.9644936	-0.9644936
1756448880	-0.9925424	-0.9801731	-0.9961054	-0.9976009	-0.9733429	-1.011386	-0.9771009	-0.9949132	-1.003245	-0.9840174	-0.9775187	-0.9809675	-0.9911735	-0.9825212	-0.9645968	-0.9697561	-0.9645968
1756449480	-0.9971449	-0.9671003	-0.9903415	-0.9915254	-0.9711706	-0.9994089	-0.9662556	-0.9840571	-0.9943522	-0.9801306	-0.9793843	-0.9780179	-0.9916397	-0.9747321	-0.9619525	-0.9668153	-0.9619525
1756450080	-0.9858337	-0.9616534	-0.9771	-0.9863846	-0.9528612	-1.000187	-0.9619175	-0.9817308	-0.9814029	-0.9639614	-0.9646144	-0.9759998	-0.9914843	-0.9700586	-0.9692633	-0.9717682	-0.9528612
1756450680	-1.000421	-0.9828187	-0.9973517	-0.9997819	-0.9787736	-1.013564	-0.9832982	-0.99817	-1.003869	-0.9883706	-0.9828047	-0.9904372	-0.9987879	-0.9881294	-0.9691078	-0.9725421	-0.9691078
1756451280	-0.9926204	-0.9686566	-0.9816176	-0.9876309	-0.9637227	-1.002675	-0.960678	-0.9694789	-0.972354	-0.9666045	-0.9694341	-0.9685482	-0.9939707	-0.9817423	-0.9784408	-0.9631005	-0.960678
1756451880	-0.9919964	-0.9795505	-0.9925224	-0.9941737	-0.9688431	-1.007186	-0.9766361	-0.9958437	-1.002465	-0.9840174	-0.9793843	-0.9843828	-0.9872887	-0.982677	-0.9720632	-0.9663509	-0.9663509
1756452480	-0.9933225	-0.9778386	-0.992834	-0.9947969	-0.9708602	-1.003298	-0.97927	-0.9952233	-0.9980966	-0.9843284	-0.9818719	-0.9862457	-0.9925721	-0.9843906	-0.9706633	-0.9672796	-0.9672796
1756453080	-0.9985491	-0.9797062	-0.9947034	-0.9940179	-0.9764461	-1.006875	-0.9812841	-0.9975496	-1.004181	-0.9866604	-0.9829602	-0.9888847	-0.9922613	-0.987662	-0.9661523	-0.9709943	-0.9661523
1756453680	-0.9887981	-0.9790837	-0.9926782	-0.9929275	-0.9756703	-1.006253	-0.9743121	-0.9916563	-0.9980966	-0.9827736	-0.9750311	0.9803465	-0.9848023	-0.9798729	-0.9669301	-0.9663509	-0.9663509
1756454280	-0.9959748	-0.9806399	-0.9939245	-0.9947969	-0.9776874	-1.009675	-0.9750868	-0.9916563	-0.9996568	-0.9838619	-0.9790734	0.9879533	-0.9928829	-0.9837674	-0.9633524	-0.9596954	-0.9596954
1756454880	-0.9877839	-0.9734811	-0.9814619	-0.9921486	-0.9719464	-1.002831	-0.9755516	-0.9936725	-0.9970045	-0.9819963	-0.9775187	0.9769312	-0.9852685	-0.9776919	-0.965219	-0.9672796	-0.965219
1756455480	-0.9987051	-0.9859313	-0.9954823	-0.9988472	-0.9793942	-1.012475	-0.9778756	-0.9975496	-1.002309	-0.9849502	-0.9851368	-0.9871771	-0.9907074	-0.9889083	-0.9607081	-0.96697	-0.9607081
1756456080	-0.9912943	-0.9783055	-0.9915877	-0.9926159	-0.9724119	-1.007809	-0.9755516	-0.9936725	-1.000905	-0.9815299	-0.9781405	-0.9829856	-0.9928829	-0.9837674	-0.9649079	-0.96697	-0.9649079
1756456680	-0.9964428	-0.9784612	-0.9903415	-0.9938622	-0.9750497	-1.009675	-0.9747769	-0.9939826	-0.9851473	-0.9767102	-0.9764303	0.976155	-0.9913289	-0.9820538	-0.9681745	-0.9675892	-0.9675892
1756457280	-0.9954287	-0.9795505	-0.9875374	-0.9877866	-0.9699292	-1.003609	-0.9648612	-0.9915012	-0.9977846	-0.9796642	-0.9748756	0.9818989	-0.9885318	-0.9795613	-0.9729965	-0.9621719	-0.9621719
1756457880	-0.9951947	-0.9783055	-0.9954823	-0.9963547	-0.9755151	-1.009675	-0.9781854	-0.9955335	-0.9906078	-0.980597	-0.9742537	-0.9769312	-0.994903	-0.9845464	-0.9725299	-0.9685178	-0.9685178
1756458480	-0.9836495	-0.9680341	-0.9844217	-0.9866962	-0.967757	-1.005786	-0.9755516	-0.9897953	-0.9912319	-0.972046	-0.9723881	-0.9707216	-0.9896196	-0.9778477	-0.9747076	-0.9694465	-0.967757
1756459080	-0.997925	-0.9825075	-0.9939245	-0.9983799	-0.9730325	-1.010297	-0.979115	-0.9959988	-1.001997	-0.9813744	-0.9834266	-0.989661	-0.9877548	-0.9861042	-0.9706633	-0.9709943	-0.9706633
1756459680	-1.000577	-0.9851531	-0.9956381	-0.9979125	-0.9778426	-1.012164	-0.9805094	-0.9961538	-1.001685	-0.9874378	-0.9826493	-0.989661	-0.9980109	-0.9839232	-0.9784408	-0.9722325	-0.9722325
1756460280	-0.9971449	-0.9826631	-0.9922109	-0.9952642	-0.9719464	-1.009831	-0.9750868	-0.9905707	-0.9948203	-0.9816853	-0.9767413	0.9805017	-0.9955246	-0.980496	-0.9734632	-0.9709943	-0.9709943
1756461480	-0.997691	-0.9845306	-0.9953265	-0.9980683	-0.9758255	-1.011697	-0.976791	-0.9963089	-1.003401	-0.9841729	-0.9831157	-0.9893505	-0.9927275	-0.9864158	-0.9756409	-0.9709943	-0.9709943
1756462080	-0.9923864	-0.9675672	-0.990653	-0.9877866	-0.9663605	-1.002209	-0.9650161	-0.9882444	-0.9832751	-0.9726679	-0.9728545	-0.9753788	-0.990552	-0.9857926	-0.966619	-0.9671248	-0.9650161
1756462680	-0.9921524	-0.9825075	-0.995015	-0.991837	-0.9766013	-1.000964	-0.9695092	-0.9935174	-1.000593	-0.9846393	-0.9818719	-0.9868666	-0.9835592	-0.9834559	-0.9644413	-0.9686726	-0.9644413
1756463280	-0.9831035	-0.9762824	-0.9852006	-0.9904349	-0.9682224	-1.002675	-0.9620724	-0.987469	-0.9993447	-0.9757774	-0.978607	-0.9829856	-0.9827822	-0.9713048	-0.9686411	-0.9643388	-0.9620724
1756463880	-0.9996412	-0.9863982	-0.9965728	-0.9985356	-0.9792391	-1.012786	-0.9797348	-0.9963089	-0.9999688	-0.9882152	-0.9852923	0.9904372	-0.9980109	-0.9875062	-0.9739298	-0.971923	-0.971923
1756464480	-0.9832595	-0.943445	-0.9689993	-0.9743893	-0.9485166	-0.9849428	-0.9626921	-0.976768	-0.9520719	-0.9666045	-0.9515547	-0.9482116	-0.9911735	-0.9808076	-0.9787519	-0.9683631	-0.943445
1756465080	-0.998393	-0.9829744	-0.991432	-0.9940179	-0.9702396	-1.009364	-0.9719881	-0.9944479	-0.9965364	-0.9802861	-0.9744092	-0.9791046	-0.9930383	-0.98626	-0.975952	-0.9706847	-0.9702396
1756465680	-0.9999532	-0.9839081	-0.9959497	-0.999003	-0.9787736	-1.012786	-0.9825235	-0.9963089	-0.9963804	-0.9871269	-0.9851368	-0.9893505	-0.994903	-0.9910892	-0.9787519	-0.9736256	-0.9736256
1756466280	-1.001123	-0.9857756	-0.9973517	-0.999003	-0.9779978	-1.013564	-0.9825235	-0.9989454	-1.003557	-0.9879042	-0.9848259	-0.9891952	-0.9973894	-0.9893756	-0.9764186	-0.9730064	-0.9730064
1756466880	-0.9990951	-0.9832856	-0.9971959	-0.9983799	-0.9790839	-1.012786	-0.981594	-0.9997208	-1.003557	-0.9880597	-0.9851368	-0.9904372	-0.9977001	-0.9856368	-0.9799963	-0.9734708	-0.9734708
1756467480	-0.9955847	-0.9857756	-0.9934571	-0.9972894	-0.9790839	-1.010453	-0.9757065	-0.9969293	-1.001061	-0.9872823	-0.983893	-0.98904	-0.9902412	-0.9833001	-0.9613303	-0.9691369	-0.9613303
1756468080	-0.9988611	-0.9804843	-0.9901857	-0.9907465	-0.9745842	-1.007964	-0.9784953	-0.9956886	-0.9881116	-0.9838619	-0.9744092	0.976776	-0.99568	-0.9787824	-0.9779741	-0.9703752	-0.9703752
1756468680	-0.9954287	-0.9807956	-0.9943918	-0.9963547	-0.976291	-1.009675	-0.979115	-0.9944479	-1.001997	-0.986194	-0.9804726	-0.9885743	-0.9952138	-0.9837674	-0.9765742	-0.9649579	-0.9649579
1756469280	-0.9968329	-0.9761267	-0.9887836	-0.9933948	-0.9742738	-1.005475	-0.9758614	-0.9947581	-0.9929481	-0.9823072	-0.9781405	0.9842275	-0.9953692	-0.9839232	-0.977663	-0.973316	-0.973316
1756469880	-0.9997192	-0.9806399	-0.9953265	-0.9971336	-0.9752048	-1.008586	-0.9801996	-0.98933	-1.000437	-0.9858831	-0.9823383	-0.9874876	-0.9891534	-0.9828328	-0.9706633	-0.9711491	-0.9706633
1756470480	-0.9994851	-0.9849975	-0.9968843	-0.9980683	-0.9786184	-1.01232	-0.9819038	-0.9975496	-1.003557	-0.9871269	-0.984204	-0.9882638	-0.9981663	-0.9865715	-0.9798407	-0.9736256	-0.9736256
1756471080	-0.9839616	-0.9723917	-0.9788136	-0.9759472	-0.9610849	-0.9892982	-0.9639316	-0.9759926	-0.972822	-0.9701803	-0.9661692	0.9561289	-0.9779649	-0.9658524	-0.9729965	-0.9649579	-0.9561289
1756471680	-0.9965208	-0.9823518	-0.9954823	-0.9976009	-0.9755151	-1.011075	-0.9811292	-0.9967742	-1.002153	-0.9860386	-0.9831157	-0.9879533	-0.9961462	-0.9871947	-0.9723743	-0.9703752	-0.9703752
1756472280	-0.9926985	-0.9720804	-0.984266	-0.9888771	-0.97536	-1.004853	-0.974622	-0.9921216	-0.9807788	-0.9781095	-0.9699005	-0.9777074	-0.9917951	-0.9725511	-0.9722188	-0.9691369	-0.9691369
1756472880	-0.9937906	-0.9835969	-0.9939245	-0.9972894	-0.9789287	-1.00672	-0.9727628	-0.9925868	-1.001373	-0.9829291	-0.9834266	-0.9879533	-0.9921059	-0.9848579	-0.972841	-0.9638744	-0.9638744
1756473480	-0.9962868	-0.9797062	-0.987849	-0.9961989	-0.9699292	-1.008897	-0.9761713	-0.9919665	-0.9934161	-0.9796642	-0.9762749	-0.9801913	-0.9963016	-0.9801844	-0.9677078	-0.9668153	-0.9668153
1756474080	-0.9891101	-0.9734811	-0.9887836	-0.9854499	-0.9710154	-0.9992534	-0.9623823	-0.9902605	-0.9857713	-0.9670709	-0.9632152	-0.9733607	-0.9868225	-0.9772246	-0.9785963	-0.97053	-0.9623823
1756474680	-0.9934785	-0.976438	-0.9943918	-0.9933948	-0.9738083	-1.006409	-0.9735374	-0.9935174	-0.9999688	-0.9759328	-0.9790734	-0.9805017	-0.9874441	-0.9828328	-0.9756409	-0.9603145	-0.9603145
1756475280	-0.9950387	-0.9834412	-0.9962612	-0.9966663	-0.9770668	-1.008586	-0.9786502	-0.9967742	-1.002777	-0.9858831	-0.9829602	-0.9876428	-0.9967678	-0.9871947	-0.9779741	-0.9723873	-0.9723873
1756475880	-0.9962868	-0.9779943	-0.9909646	-0.9946411	-0.9717912	-1.007031	-0.9701289	-0.9958437	-0.9885796	-0.9790423	-0.9762749	0.9801913	-0.9874441	-0.9660082	-0.9736187	-0.9711491	-0.9660082
1756476480	-0.9952727	-0.9812625	-0.9900299	-0.9866962	-0.97536	-1.003764	-0.9620724	-0.9887097	-0.9951323	-0.9740672	-0.9768968	-0.9781731	-0.9933491	-0.9834559	-0.9739298	-0.971923	-0.9620724
1756477080	-0.9930105	-0.9737923	-0.9844217	-0.9916812	-0.9570506	-1.00812	-0.9639316	-0.9849876	-0.9736021	-0.9768657	-0.970056	-0.9635805	-0.9894642	-0.9744205	-0.9715966	-0.9674344	-0.9570506
1756477680	-1.000109	-0.9849975	-0.9965728	-0.9977567	-0.9781529	-1.012631	-0.9819038	-0.9994107	-1.003401	-0.9866604	-0.984204	-0.9893505	-0.9953692	-0.9885967	-0.9792185	-0.9723873	-0.9723873
1756478280	-0.9874719	-0.9744148	-0.9886279	-0.9913696	-0.973498	-1.00392	-0.974622	-0.9859181	-0.9929481	-0.9754664	-0.9688122	-0.9769312	-0.9891534	-0.9806518	-0.9753298	-0.9665057	-0.9665057
1756478880	-0.9990951	-0.9862425	-0.9962612	-0.9976009	-0.9779978	-1.012008	-0.9801996	-0.9967742	-1.002309	-0.9829291	-0.9831157	-0.9905924	-0.9987879	-0.9881294	-0.9770408	-0.9723873	-0.9723873
1756479480	-0.9895781	-0.9809512	-0.9945476	-0.9926159	-0.9738083	-1.008742	-0.9775657	-0.9925868	-0.9929481	-0.9807525	-0.9806281	0.9837618	-0.9903966	-0.9800287	-0.9715966	-0.9706847	-0.9706847
1756480080	-0.9994071	-0.9832856	-0.9970401	-0.9991588	-0.9772219	-1.01232	-0.9826785	-0.9994107	-1.002309	-0.9879042	-0.9849813	-0.9898162	-0.9941261	-0.9889083	-0.9764186	-0.9717682	-0.9717682
1756480680	-1.001825	-0.9848419	-0.9968843	-0.9991588	-0.9773771	-1.012008	-0.9798897	-0.9952233	-1.004181	-0.9872823	-0.9849813	-0.9915238	-0.9978555	-0.9837674	-0.9810851	-0.973316	-0.973316
1756481280	-0.9987051	-0.9853088	-0.9971959	-0.9996261	-0.9769116	-1.01092	-0.9819038	-0.9984801	-1.000437	-0.9872823	-0.9815609	-0.9843828	-0.9987879	-0.9873504	-0.975952	-0.9728517	-0.9728517
1756481880	-1.000967	-0.9851531	-0.9975075	-0.9988472	-0.976291	-1.01232	-0.9832982	-0.9995658	-1.003557	-0.9880597	-0.9862251	-0.9913686	-0.9984771	-0.9893756	-0.9773519	-0.9730064	-0.9730064
1756482480	-1.000967	-0.9862425	-0.9973517	-0.9999377	-0.9784633	-1.012008	-0.9806644	-0.9986352	-1.003557	-0.9883706	-0.9845149	-0.9910581	-0.9967678	-0.9895314	-0.974552	-0.973316	-0.973316
1756483080	-1.000031	-0.981885	-0.9971959	-0.9996261	-0.976291	-1.012786	-0.9811292	-0.9983251	-1.001997	-0.9877488	-0.9845149	-0.9905924	-0.9981663	-0.9893756	-0.9768853	-0.9731612	-0.9731612
1756483680	-0.9965989	-0.9842194	-0.996417	-0.9993146	-0.9772219	-1.01232	-0.9829883	-0.9975496	-1.002465	-0.9880597	-0.9848259	-0.9895057	-0.9987879	-0.9889083	-0.9736187	-0.9731612	-0.9731612
1756484280	-0.9934785	-0.9730142	-0.9859796	-0.9902792	-0.967757	-1.005786	-0.9752417	-0.9913462	-0.9968485	-0.9821517	-0.9804726	-0.9850037	-0.9900858	-0.9818981	-0.9630413	-0.9680535	-0.9630413
1756978680	-0.997847	-0.9825075	-0.98707	-0.9902792	-0.9707051	-1.00392	-0.9710585	-0.9942928	-1.000281	-0.9791978	-0.9818719	-0.9853142	-0.988998	-0.984079	-0.9695744	-0.9618623	-0.9618623
1756981680	-0.9938686	-0.9730142	-0.9880047	-0.9927717	-0.9700844	-1.004387	-0.9681148	-0.9953784	-0.9927921	-0.980908	-0.9702114	-0.9808122	-0.997234	-0.9837674	-0.9692633	-0.9708395	-0.9681148
1756984680	-0.9901242	-0.9596302	-0.9883163	-0.9876309	-0.9581368	-1.003609	-0.965171	-0.9885546	-0.9818709	-0.9732898	-0.9723881	-0.9752235	-0.988998	-0.9753552	-0.9754853	-0.9672796	-0.9581368
1756987680	-0.9994071	-0.9826631	-0.9968843	-0.9916812	-0.9733429	-1.006253	-0.9747769	-0.9975496	-0.9980966	-0.9829291	-0.9759639	0.9826751	-0.9958354	-0.9854811	-0.9737743	-0.9717682	-0.9717682
1756990680	-1.001201	-0.9839081	-0.9959497	-0.9966663	-0.9738083	-1.010297	-0.9795798	-0.9973945	-1.003401	-0.9827736	-0.9810945	-0.9887295	-0.9981663	-0.9875062	-0.9764186	-0.9713039	-0.9713039
1756993680	-0.9987051	-0.9863982	-0.9979748	-0.9997819	-0.9786184	-1.011075	-0.9832982	-0.9983251	-1.004649	-0.9883706	-0.9862251	-0.9912134	-0.9969232	-0.9873504	-0.9775075	-0.9731612	-0.9731612
1756996680	-0.9954287	-0.9806399	-0.9920551	-0.9957316	-0.97536	-1.010297	-0.9789601	-0.9916563	-0.9980966	-0.9841729	-0.9820274	-0.9877981	-0.9875995	-0.9814307	-0.9698855	-0.9675892	-0.9675892
1756999680	-0.9991731	-0.9846863	-0.9967286	-0.996822	-0.9778426	-1.011542	-0.981594	-0.9956886	-1.002153	-0.9879042	-0.9834266	-0.9909029	-0.9975448	-0.9882851	-0.9778186	-0.9714586	-0.9714586
1757002680	-1.003308	-0.9874875	-1.000156	-1.001496	-0.9803252	-1.015586	-0.9857771	-1.001892	-1.006521	-0.9911692	-0.9880908	-0.993542	-1.002673	-0.9935818	-0.9876182	-0.9770307	-0.9770307
1757005680	-0.9989391	-0.9859313	-0.9976633	-0.9988472	-0.9786184	-1.013875	-0.9834531	-0.9987903	-1.005897	-0.9879042	-0.9843595	-0.9912134	-0.9983217	-0.9865715	-0.9644413	-0.9736256	-0.9644413
1757008680	-0.9930885	-0.9806399	-0.990653	-0.9926159	-0.9742738	-1.007186	-0.9702838	-0.992897	-1.001061	-0.9852612	-0.9810945	-0.9893505	-0.9900858	-0.9818981	-0.9551083	-0.9689822	-0.9551083
1757011680	-0.997613	-0.9862425	-0.9981306	-1.000093	-0.9770668	-1.012942	-0.9836081	-0.9997208	-1.004025	-0.9885261	-0.9860697	-0.9918343	-0.9967678	-0.9890641	-0.9751742	-0.9736256	-0.9736256
1757014680	-1.002371	-0.9853088	-0.9975075	-0.9988472	-0.9801701	-1.012475	-0.9800446	-0.99817	-0.9966925	-0.9801306	-0.9804726	-0.9854694	-0.9936599	-0.9865715	-0.9722188	-0.9731612	-0.9722188
1757017680	-1.000265	-0.9859313	-0.997819	-0.9985356	-0.9767565	-1.008897	-0.981594	-0.9987903	-1.003869	-0.9866604	-0.9837376	-0.9874876	-0.9930383	-0.9833001	-0.9801518	-0.973316	-0.973316
1757020680	-1.001903	-0.9888882	-1	-1.00134	-0.9817217	-1.014808	-0.9850025	-1.000031	-1.006365	-0.9905473	-0.9870025	-0.9930763	-0.9998757	-0.9910892	-0.9826406	-0.9737803	-0.9737803
1757023680	-1.003542	-0.9876432	-0.9998442	-1.000405	-0.9814114	-1.015119	-0.9845377	-0.9991005	-1.006365	-0.9896144	-0.9870025	-0.9933867	-0.9995649	-0.9917124	-0.9754853	-0.974709	-0.974709
1757026080	-1.002917	-0.9870207	-0.9995327	-1.00134	-0.9798597	-1.014186	-0.9836081	-1.001582	-1.005897	-0.9907027	-0.9874689	-0.9923	-0.9984771	-0.9875062	-0.980774	-0.9762568	-0.9762568
1757026680	-1.002449	-0.9876432	-1.000467	-1.00134	-0.9814114	1.015431	-0.9853123	-1.000962	-1.007146	-0.9903918	-0.9877799	-0.9938525	-1.000031	-0.9921797	-0.9826406	-0.9740899	-0.9740899
1757029680	-1.003152	-0.9860869	-0.9989095	-1.001184	-0.9798597	-1.012942	-0.9854673	-1.000031	-1.003401	-0.9899254	-0.9876244	-0.9924553	-1.000653	-0.9907777	-0.9834184	-0.9745542	-0.9745542
1757032680	-1.00362	-0.9893551	-0.9973517	-1.002586	-0.9824975	-1.013564	-0.9842278	-1.000341	-1.008082	-0.9908582	-0.9882463	-0.9941629	-1.000808	-0.9928028	-0.9813962	-0.9767211	-0.9767211
1757035680	-1.00401	-0.9882657	-1.000156	-1.001651	-0.9806356	1.014342	-0.9839179	-1.002047	-1.006209	-0.9883706	-0.9873134	-0.9938525	-1.001585	-0.9868831	-0.9855961	-0.9759473	-0.9759473
1757038680	-1.001591	-0.9890438	-1.000623	-1.00134	-0.9803252	1.014497	-0.9831433	-1.000806	-1.007614	-0.9902363	-0.9876244	-0.9946287	-0.9984771	-0.9918681	-0.9796852	-0.9768759	-0.9768759
1757041680	-1.002137	-0.9877988	-0.9990653	-0.9996261	-0.9815665	-1.013097	-0.9839179	-0.9989454	-1.006521	-0.9902363	-0.9873134	-0.9936972	-1.000031	-0.9915566	-0.9726854	-0.9743995	-0.9726854
1757044680	-1.001123	-0.9881101	-0.9992211	-1.000561	-0.9809459	-1.015119	-0.9826785	-1.000651	-1.005429	-0.9888371	-0.9860697	-0.9888847	-0.9963016	-0.9887525	-0.9843517	-0.9734708	-0.9734708
1757047680	-1.002449	-0.9876432	-1.000623	-1.001963	-0.9817217	-1.01372	-0.9854673	-1.000651	-1.006209	-0.9889925	-0.9882463	-0.9940077	-1.002673	-0.9917124	-0.9799963	-0.9728517	-0.9728517
1757050680	-0.9990951	-0.9867094	-0.9976633	-0.9997819	-0.9795494	-1.012164	-0.9808193	-0.9992556	-1.004025	-0.9886816	-0.9873134	-0.9910581	-0.9984771	-0.9885967	-0.9770408	-0.9726969	-0.9726969
1757053680	-0.9925424	-0.9795505	-0.9917435	-0.9949526	-0.9717912	-1.007964	-0.9763262	-0.9938275	-0.9895157	-0.9824627	-0.9740983	0.9809675	-0.9914843	-0.9822096	-0.9677078	-0.9683631	-0.9677078
1757056680	-0.988174	-0.976438	-0.9887836	-0.9888771	-0.9638779	-1.003764	-0.9757065	-0.9883995	-0.9995007	-0.9795087	-0.9792289	-0.980657	-0.9935045	-0.9803402	-0.9669301	-0.9637197	-0.9637197
1757059680	-0.9958968	-0.9817293	-0.995015	-0.9977567	-0.9766013	-1.011075	-0.9775657	-0.9973945	-1.002465	-0.9843284	-0.9800062	-0.9881085	-0.9844915	-0.9845464	-0.9670856	-0.9697561	-0.9670856
1757062680	-0.9961308	-0.9678785	-0.9936129	-0.9940179	-0.9671363	-1.00532	-0.9659457	-0.9896402	-0.9896717	-0.9754664	-0.9750311	-0.9766207	-0.9894642	-0.9775361	-0.9619525	-0.9680535	-0.9619525
1757065680	-0.9949607	-0.9834412	-0.9900299	-0.9916812	-0.9748945	-1.005009	-0.9749318	-0.9959988	-0.9940402	-0.9819963	-0.9793843	0.9814332	-0.9855793	-0.9675661	-0.9756409	-0.9696013	-0.9675661
1757068680	-0.9897341	-0.9681897	-0.987849	-0.9862288	-0.9696189	-1.00112	-0.9736924	-0.9925868	-0.9999688	-0.9796642	-0.9775187	-0.9746026	-0.9837146	-0.9751994	-0.9692633	-0.9699108	-0.9681897
1757071680	-1.001669	-0.9853088	-0.9975075	-1.000093	-0.9795494	-1.012631	-0.9829883	-0.9983251	-1.004025	-0.9888371	-0.9846704	-0.9910581	-0.997234	-0.9864158	-0.972841	-0.9734708	-0.972841
1757074680	-0.9825574	-0.9803287	-0.9915877	-0.9926159	-0.9717912	-1.00252	-0.9753966	-0.994603	-1.002153	-0.9804415	-0.9810945	-0.9814332	-0.9773434	-0.9706817	-0.9723743	-0.9683631	-0.9683631
1757077680	-0.997691	-0.9839081	-0.9931456	-0.9982241	-0.9787736	-1.011386	-0.9809742	-0.9986352	-0.9998128	-0.9872823	-0.9846704	-0.9882638	-0.9970786	-0.9839232	-0.9781297	-0.9731612	-0.9731612
1757080680	-0.9990951	-0.9834412	-0.9937687	-0.9947969	-0.974429	-1.009053	-0.9760164	-0.9963089	-0.9952883	-0.9804415	-0.9810945	-0.9842275	-0.9973894	-0.9806518	-0.9798407	-0.9720778	-0.9720778
1757083680	-0.998471	-0.9842194	-0.9945476	-0.9960431	-0.9752048	-1.007653	-0.9750868	-0.9972395	-1.001997	-0.9847948	-0.9814055	-0.9874876	-0.9914843	-0.9809634	-0.9722188	-0.9699108	-0.9699108
1757086680	-0.9997972	-0.9849975	-0.9961054	-0.9985356	-0.9784633	-1.012631	-0.9812841	-0.9986352	-1.003245	-0.9879042	-0.9856032	-0.9913686	-0.9970786	-0.9853253	-0.9761075	-0.9728517	-0.9728517
1757089680	-0.9986271	-0.9857756	-0.9971959	-0.9976009	-0.9789287	-1.011853	-0.9820588	-0.9986352	-1.000125	-0.9879042	-0.983893	-0.9902819	-0.9969232	-0.9836117	-0.9793741	-0.9722325	-0.9722325
1757092680	-0.9969889	-0.9848419	-0.9959497	-0.9971336	-0.9775323	-1.011853	-0.9828334	-0.9939826	-1.002933	-0.9869714	-0.9845149	-0.9901267	-0.9944368	-0.9847021	-0.9677078	-0.9730064	-0.9677078
1757095680	-0.9915283	-0.966011	-0.9853564	-0.9828016	-0.9686879	-1.000031	-0.9634668	-0.9876241	-0.9948203	-0.9785759	-0.9754975	-0.9770864	-0.9737693	-0.9681892	-0.9709744	-0.9657318	-0.9634668
1757098680	-0.9933225	-0.9828187	-0.9912762	-0.9912139	-0.9697741	-1.00532	-0.9772558	-0.9972395	-1.000749	-0.9821517	-0.9817164	-0.9873323	-0.9886872	-0.9868831	-0.9750187	-0.9677439	-0.9677439
1757101680	-0.9916063	-0.9753486	-0.985668	-0.9905907	-0.9694638	-1.001742	-0.9732276	-0.9955335	-1.001529	-0.9830846	-0.9764303	-0.9803465	-0.9936599	-0.9820538	-0.9753298	-0.9587667	-0.9587667
1757104680	-0.9938686	-0.9755042	-0.9828639	-0.9873193	-0.964033	-1.005631	-0.9643964	-0.9901055	-0.9904518	-0.9743781	-0.9688122	-0.9770864	-0.9880656	-0.9543245	-0.9753298	-0.9646483	-0.9543245
1757107680	-1.001747	-0.9873319	-0.9987537	-1.000561	-0.9797046	-1.012786	-0.9840729	-1.000651	-1.006053	-0.9896144	-0.9862251	-0.9923	-0.9990987	-0.9921797	-0.9795296	-0.9750186	-0.9750186
1757110680	-1.000811	-0.9877988	-0.9987537	-1.000561	-0.9803252	-1.012786	-0.9829883	-1.000186	-1.005897	-0.9897699	-0.9874689	-0.9932315	-1.000808	-0.9920239	-0.9793741	-0.9745542	-0.9745542
1757113680	-1.002137	-0.9879544	-0.9987537	-1.000093	-0.9807907	-1.01372	-0.9842278	-1.000962	-1.003869	-0.9896144	-0.9865361	-0.9923	-0.9967678	-0.9903103	-0.980774	-0.9742447	-0.9742447
1757116680	-1.000421	-0.9882657	-0.9982864	-1.000405	-0.9804804	-1.012008	-0.9832982	-0.9997208	-1.007146	-0.9897699	-0.9876244	-0.992921	-0.9990987	-0.9914008	-0.9739298	-0.9745542	-0.9739298
1757119680	-1.000889	-0.9885769	-0.9979748	-1.001496	-0.9807907	-1.013408	-0.983763	-0.9998759	-1.005585	-0.9897699	-0.9857587	-0.9923	-0.9986325	-0.9907777	-0.9812407	-0.9731612	-0.9731612
1757122680	-1.001981	-0.9879544	-1.000623	-1.001807	-0.9817217	-1.015897	-0.9853123	-1.001737	-1.005585	-0.9910137	-0.9879353	-0.9927658	-0.9998757	-0.9929586	-0.9854405	-0.9743995	-0.9743995
1757125680	-1.002917	-0.9893551	-1.000312	-1.003053	-0.9818769	-1.016208	-0.9851574	-1.001737	-1.007302	-0.9907027	-0.9884017	-0.9946287	-0.9995649	-0.9915566	-0.9865294	-0.9737803	-0.9737803
1757128680	-1.002605	-0.9877988	-0.9990653	-1.002119	-0.9812562	-1.015431	-0.9853123	-1.001582	-1.006209	-0.9903918	-0.986847	-0.9941629	-1.002207	-0.9929586	-0.9860627	-0.9757925	-0.9757925
1757131680	-1.002527	-0.9882657	-0.9984422	-0.9997819	-0.9806356	-1.013408	-0.9848475	-0.9997208	-1.005897	-0.9905473	-0.9876244	-0.9933867	-1.001896	-0.9907777	-0.9796852	-0.9765664	-0.9765664
1757134680	-0.9908263	-0.9874875	-0.9982864	-1.001028	-0.9807907	-1.012475	-0.9823686	-1.000496	-1.006365	-0.989459	-0.9865361	-0.992921	-0.9978555	-0.9899988	-0.980774	-0.9751734	-0.9751734
1757137680	-0.9760828	-0.9755042	-0.9917435	-0.9938622	-0.9738083	-1.006564	-0.9701289	-0.9916563	-0.9854593	-0.9819963	-0.98125	-0.9811227	-0.9834038	-0.976913	-0.9743965	-0.9692917	-0.9692917
1757140680	-0.9797491	-0.9714579	-0.9873816	-0.9873193	-0.964033	-0.9998756	-0.9673401	-0.9800248	-0.9940402	-0.9763993	-0.9747201	0.9773969	-0.977188	-0.9677218	-0.9622636	-0.9624814	-0.9622636
1757143680	-0.9902802	-0.975193	-0.9884721	-0.9905907	-0.9629469	-0.9995645	-0.9685796	-0.9885546	-0.9941962	-0.9748445	-0.9703669	0.9759998	-0.9840254	-0.9727069	-0.9684856	-0.9646483	-0.9629469
1757146680	-0.9948827	-0.9801731	-0.9923667	-0.9946411	-0.9736532	-1.007342	-0.9747769	-0.9963089	-0.9977846	-0.9823072	-0.9740983	0.9877981	-0.9866671	-0.9669429	-0.9677078	-0.9694465	-0.9669429
1757149680	-0.9856777	-0.9686566	-0.9894068	-0.9910581	-0.9699292	-0.9967646	-0.9752417	-0.9918114	-0.9993447	-0.9824627	-0.9824938	-0.9834513	-0.983093	-0.9822096	-0.9689522	-0.9666605	-0.9666605
1757152680	-0.9990951	-0.9815737	-0.9954823	-0.9974452	-0.9781529	-1.011697	-0.9788052	-0.9966191	-1.002777	-0.9869714	-0.9845149	-0.98904	-0.9930383	-0.9759783	-0.9736187	-0.9717682	-0.9717682
1757155680	-0.9990171	-0.984375	-0.9954823	-0.9966663	-0.9773771	-1.011075	-0.9788052	-0.9959988	-1.002933	-0.9838619	-0.983893	-0.9901267	-0.9958354	-0.9800287	-0.9792185	-0.9665057	-0.9665057
1757161680	-0.9969889	-0.98562	-0.9956381	-0.9988472	-0.9789287	-1.011853	-0.981439	-0.9978598	-1.004493	-0.9882152	-0.9846704	-0.9899714	-0.9953692	-0.9885967	-0.9771964	-0.9711491	-0.9711491
1757164680	-0.9967549	-0.984375	-0.9957939	-0.9986914	-0.9766013	-1.012008	-0.9812841	-0.9969293	-1.001529	-0.9844838	-0.9832711	-0.9901267	-0.994903	-0.9899988	-0.9723743	-0.9722325	-0.9722325
1757167680	-0.9994071	-0.9854644	-0.9975075	-0.9994703	-0.9789287	-1.011697	-0.9819038	-0.9991005	-1.004493	-0.9871269	-0.9849813	-0.9910581	-0.9916397	-0.9875062	-0.9782852	-0.9722325	-0.9722325
1757170680	-0.998471	-0.9851531	-0.9970401	-0.9993146	-0.9795494	-1.011542	-0.9811292	-0.9978598	-1.004337	-0.9877488	-0.9856032	-0.9913686	-0.9981663	-0.9867273	-0.9770408	-0.9734708	-0.9734708
1757173680	-0.9946487	-0.9787724	-0.9853564	-0.993239	-0.9731877	-1.004698	-0.9757065	-0.9933623	-1.000437	-0.9790423	-0.9821828	-0.9846932	-0.9930383	-0.9868831	-0.9722188	-0.9689822	-0.9689822
1757176680	-0.9923864	-0.9770605	-0.992834	-0.9957316	-0.971636	-1.008742	-0.976946	-0.9955335	-0.9998128	-0.98324	-0.9773632	-0.9876428	-0.9944368	-0.9881294	-0.9795296	-0.97053	-0.97053
1757179680	-0.9987831	-0.984375	-0.9925224	-0.9951084	-0.9769116	-1.008742	-0.9778756	-0.9972395	-1.002465	-0.9838619	-0.9810945	-0.9842275	-0.996457	-0.9868831	-0.9804629	-0.9730064	-0.9730064
1757182680	-0.9870819	-0.9716135	-0.9873816	-0.9806206	-0.9693086	-0.998009	-0.9691993	-0.9873139	-0.9868635	-0.9711132	-0.9674129	0.9742921	-0.9916397	-0.9702144	-0.9715966	-0.9688274	-0.9674129
1757185680	-0.9993291	-0.9853088	-0.9979748	-0.9991588	-0.9787736	-1.007653	-0.981439	-0.9983251	-1.003557	-0.9874378	-0.9856032	-0.9895057	-0.9969232	-0.9882851	-0.9750187	-0.9702204	-0.9702204
1757188680	-0.9996412	-0.9865538	-0.9971959	-0.9986914	-0.9795494	-1.012008	-0.9831433	-0.9987903	-1.005273	-0.9882152	-0.9856032	-0.9916791	-0.9975448	-0.9889083	-0.9771964	-0.9737803	-0.9737803
1757191680	-0.9988611	-0.9842194	-0.9970401	-0.9971336	-0.9775323	-1.009831	-0.9819038	-0.99817	-1.002621	-0.9860386	-0.9843595	-0.9891952	-1.000031	-0.9893756	-0.9798407	-0.9736256	-0.9736256
1757194680	-0.9993291	-0.9871763	-0.9992211	-1.000249	-0.9801701	-1.013408	-0.9828334	-1.000186	-1.006053	-0.9897699	-0.9866915	-0.9921448	-0.9959908	-0.9915566	-0.9829517	-0.9750186	-0.9750186
1757197680	-0.9987831	-0.9865538	-0.9989095	-1.000717	-0.9801701	-1.015119	-0.9839179	-1.000031	-1.006053	-0.989459	-0.9860697	-0.9933867	-0.9994095	-0.9901545	-0.9817073	-0.9751734	-0.9751734
1757200680	-0.9969109	-0.9748817	-0.9934571	-0.9927717	-0.9728774	-1.005009	-0.9753966	-0.9930521	-0.9862394	-0.9756219	-0.975342	-0.9805017	-0.9860455	-0.9753552	-0.9770408	-0.9722325	-0.9722325
1757203680	-1.000733	-0.9867094	-0.9987537	-1.000872	-0.9793942	-1.011231	-0.9832982	-0.9986352	-1.005585	-0.9879042	-0.9859142	-0.9921448	-0.9981663	-0.9901545	-0.9798407	-0.9750186	-0.9750186
1757206680	-0.9974569	-0.9873319	-0.9981306	-1.000405	-0.9801701	-1.011853	-0.9832982	-0.9995658	-1.006209	-0.989459	-0.9865361	-0.9923	-0.9995649	-0.9881294	-0.9787519	-0.9756377	-0.9756377
1757209680	-1.001669	-0.9873319	-0.998598	-1.001807	-0.9814114	-1.015742	-0.9851574	-1.001272	-1.007458	-0.9908582	-0.987158	-0.9938525	-0.9984771	-0.9929586	-0.9857516	-0.9742447	-0.9742447
1757212680	-1.001357	-0.9877988	-1.000312	-1.001963	-0.9807907	-1.016053	-0.9851574	-1.000962	-1.006833	-0.9903918	-0.9874689	-0.9933867	-1.001274	-0.9899988	-0.9813962	-0.976102	-0.976102
1757215680	-1.000967	-0.9890438	-0.9987537	-1.001496	-0.9818769	-1.014808	-0.9817489	-0.9991005	-1.007926	-0.9896144	-0.9876244	-0.9930763	-1.000031	-0.9921797	-0.9812407	-0.9764116	-0.9764116
1757218680	-1.002449	-0.9890438	-0.9995327	-1.001651	-0.9818769	-1.014964	-0.9840729	-1.000651	-1.006677	-0.9899254	-0.987158	-0.993542	-1.002051	-0.9932702	-0.9813962	-0.9759473	-0.9759473
1757221680	-1.002917	-0.9867094	-1.000467	-1.001651	-0.9814114	-1.015119	-0.9853123	-1.001892	-1.006365	-0.9908582	-0.986847	-0.9943182	-1.000653	-0.9896872	-0.9849739	-0.9764116	-0.9764116
1757224680	-1.002683	-0.9890438	-0.998598	-1.001496	-0.9807907	-1.013253	-0.9850025	-1.000496	-1.00699	-0.989459	-0.9873134	-0.9938525	-0.9997203	-0.9928028	-0.9773519	-0.9753281	-0.9753281
1757227680	-1.001045	-0.9851531	-0.9940803	-0.9997819	-0.9803252	-1.014342	-0.981594	-1.000186	-1.004805	-0.989148	-0.9870025	-0.9926105	-0.9891534	-0.9850137	-0.9723743	-0.9714586	-0.9714586
1757230680	-0.9994071	-0.9865538	-0.9975075	-1.000872	-0.9797046	-1.013253	-0.983763	-1.000031	-1.005585	-0.989148	-0.9862251	-0.9919896	-0.9981663	-0.9892198	-0.9793741	-0.9692917	-0.9692917
1757233680	-0.9994851	-0.9854644	-0.9962612	-1.000093	-0.9779978	-1.012164	-0.9826785	-1.000031	-1.003713	-0.9896144	-0.9862251	-0.9913686	-0.9936599	-0.9873504	-0.9692633	-0.9750186	-0.9692633
1757236680	-0.9974569	-0.9829744	-0.9956381	-0.9972894	-0.9766013	-1.006409	-0.9693542	-0.9935174	-1.003089	-0.9852612	-0.9835821	-0.9893505	-0.9945922	-0.976913	-0.9686411	-0.9702204	-0.9686411
1757239680	-1.001591	-0.9837525	-0.9970401	-0.9993146	-0.9792391	-1.012164	-0.9829883	-0.9983251	-1.003245	-0.9882152	-0.9854478	-0.9912134	-0.9997203	-0.9910892	-0.9773519	-0.9730064	-0.9730064
1757242680	-1.001591	-0.9845306	-0.9973517	-0.9993146	-0.9793942	-1.013564	-0.9812841	-0.9997208	-1.003869	-0.9882152	-0.9857587	-0.989661	-1.000031	-0.9893756	-0.9804629	-0.9742447	-0.9742447
1757245680	-1.001279	-0.9862425	-0.997819	-0.9997819	-0.9800149	-1.012008	-0.9809742	-0.9987903	-1.003557	-0.9872823	-0.9848259	-0.9919896	-1.000186	-0.9885967	-0.975952	-0.9728517	-0.9728517
1757248680	-0.9988611	-0.9853088	-0.9976633	-0.9994703	-0.9772219	-1.011853	-0.9829883	-0.9997208	-1.004493	-0.9893035	-0.9854478	-0.9916791	-0.9966124	-0.9904661	-0.9761075	-0.9737803	-0.9737803
1757251680	-1.001825	-0.9865538	-0.997819	-0.9971336	-0.9795494	-1.014186	-0.9829883	-1.000341	-1.004649	-0.9896144	-0.9862251	-0.9916791	-0.9977001	-0.9914008	-0.9787519	-0.9739351	-0.9739351
1757254680	-1.000343	-0.98562	-0.9971959	-0.9997819	-0.9789287	-1.013875	-0.981439	-0.9991005	-1.004649	-0.9874378	-0.9846704	-0.9916791	-0.99568	-0.9906219	-0.9804629	-0.9745542	-0.9745542
1757257680	-1.000967	-0.9846863	-0.9965728	-0.9969778	-0.97536	-1.009364	-0.9828334	-0.9978598	-1.004337	-0.9883706	-0.9848259	-0.9909029	-0.9997203	-0.9878178	-0.9756409	-0.9725421	-0.9725421
1757258880	-0.9988611	-0.9863982	-0.9975075	-0.9994703	-0.9779978	-1.01372	-0.9819038	-0.9989454	-1.001841	-0.9882152	-0.9849813	-0.9904372	-0.9978555	-0.9890641	-0.9736187	-0.9725421	-0.9725421
1757260680	-0.9986271	-0.9862425	-0.9951707	-0.9972894	-0.9781529	-1.010142	-0.9819038	-0.9986352	-1.004649	-0.9885261	-0.9848259	-0.9916791	-0.9978555	-0.9864158	-0.9773519	-0.9742447	-0.9742447
1757263680	-0.9999532	-0.98562	-0.9962612	-0.9986914	-0.9772219	-1.011386	-0.9811292	-0.9986352	-1.002309	-0.9879042	-0.9852923	-0.9901267	-0.9953692	-0.9842348	-0.9719077	-0.9728517	-0.9719077
1757266680	-1.000577	-0.9854644	-0.996417	-0.9996261	-0.9787736	-1.013408	-0.9820588	-0.9973945	-1.004181	-0.9880597	-0.9845149	-0.9901267	-0.9902412	-0.9865715	-0.9717521	-0.9743995	-0.9717521
1757269680	-0.9951947	-0.9840637	-0.9951707	-0.9980683	-0.9781529	-1.011697	-0.9831433	-0.99817	-1.003089	-0.9868159	-0.9845149	-0.9895057	-0.99568	-0.9879736	-0.9754853	-0.9725421	-0.9725421
1757272680	-1.000421	-0.9849975	-0.9982864	-1.000249	-0.9793942	-1.013253	-0.9822137	-0.9992556	-1.004961	-0.9883706	-0.9856032	-0.9910581	-0.9963016	-0.9884409	-0.9748631	-0.9720778	-0.9720778
1757275680	-1.000889	-0.9851531	-0.9971959	-1.000093	-0.9787736	-1.01232	-0.9832982	-0.9994107	-1.004961	-0.9888371	-0.9848259	-0.9905924	-0.9980109	-0.9871947	-0.9798407	-0.9734708	-0.9734708
1757278680	-1.000421	-0.9854644	-0.997819	-0.9982241	-0.9790839	-1.01232	-0.9840729	-0.9992556	-1.005117	-0.9889925	-0.9852923	-0.9910581	-1.000497	-0.991245	-0.9782852	-0.9722325	-0.9722325
1757281680	-1.000343	-0.9863982	-0.9979748	-1.000093	-0.9797046	-1.014031	-0.9828334	-1.000031	-1.004649	-0.9827736	-0.9852923	-0.9918343	-0.9981663	-0.9903103	-0.9798407	-0.974709	-0.974709
1757284680	-0.9988611	-0.9857756	-0.997819	-0.9994703	-0.9793942	-1.012786	-0.9842278	-1.000031	-1.005741	-0.9893035	-0.9865361	-0.9919896	-0.9958354	-0.9871947	-0.9782852	-0.974709	-0.974709
1757287680	-1.001435	-0.9862425	-0.9984422	-0.9999377	-0.9801701	-1.013875	-0.9828334	-0.9997208	-1.005741	-0.9871269	-0.9857587	-0.9912134	-0.9953692	-0.9903103	-0.9815518	-0.9742447	-0.9742447
1757290680	-0.997925	-0.9884213	-0.9992211	-1.001807	-0.9801701	-1.014497	-0.9836081	-1.000806	-1.004649	-0.9900808	-0.9862251	-0.9926105	-0.9987879	-0.9887525	-0.9851294	-0.9743995	-0.9743995
1757293680	-0.998393	-0.9870207	-0.9970401	-0.9969778	-0.9738083	-1.01232	-0.9806644	-0.9987903	-1.004337	-0.9860386	-0.983893	-0.98904	-0.9981663	-0.9871947	-0.9799963	-0.9723873	-0.9723873
1757296680	-1.003152	-0.9895107	-0.9996884	-1.002119	-0.982032	-1.014653	-0.9854673	-1.001737	-1.007146	-0.9905473	-0.9877799	-0.9944734	-1.000963	-0.9928028	-0.9798407	-0.9759473	-0.9759473
1757299680	-1.002683	-0.9896663	-1.000467	-1.001963	-0.982032	1.015431	-0.9853123	-1.002202	-1.00777	-0.9902363	-0.9882463	-0.9932315	-1.001585	-0.9881294	-0.9855961	-0.9751734	-0.9751734
1757302680	-0.9997192	-0.9870207	-0.998598	-1.000561	-0.9807907	-1.014031	-0.9822137	-1.000496	-1.005117	-0.9882152	-0.9866915	-0.9916791	-1.001896	-0.9889083	-0.9761075	-0.9771855	-0.9761075
1757305680	-1.002449	-0.986865	-0.9982864	-0.9996261	-0.9817217	-1.014186	-0.9853123	-1.000341	-1.007302	-0.9908582	-0.9862251	-0.9932315	-1.000031	-0.9890641	-0.9818629	-0.9737803	-0.9737803
1757308680	-0.9901242	-0.9790837	-0.9933013	-0.9955758	-0.9739635	-1.004853	-0.9735374	-0.9942928	-0.9970045	-0.9788868	-0.9801617	0.9820541	-0.990552	-0.9817423	-0.9773519	-0.9728517	-0.9728517
1757311680	-0.9986271	-0.9759711	-0.9945476	-0.9949526	-0.9728774	-1.007964	-0.9788052	-0.9972395	-0.9968485	-0.9833955	-0.9796953	0.9864009	-0.9910182	-0.9753552	-0.9617969	-0.9706847	-0.9617969
1757314680	-0.9934005	-0.9747261	-0.9841102	-0.9877866	-0.9685328	-1.000964	-0.9733825	-0.9922767	-0.9948203	-0.9728234	-0.9784515	0.9831408	-0.9916397	-0.9817423	-0.9491974	-0.9700656	-0.9491974
1757317680	-0.9888761	-0.9762824	-0.9900299	-0.991837	-0.9748945	-1.006253	-0.9747769	-0.9871588	-1.000749	-0.9824627	-0.9800062	-0.9843828	-0.9759448	-0.9713048	-0.9653746	-0.9651127	-0.9651127
1757320680	-0.9933225	-0.9772161	-0.9876932	-0.9893445	-0.9694638	-1.001898	-0.974622	-0.9950682	-0.9927921	-0.9815299	-0.9789179	-0.9829856	-0.9886872	-0.957596	-0.9667745	-0.9685178	-0.957596
1757323680	-0.9969889	-0.9835969	-0.9929898	-0.9919928	-0.9775323	-1.008897	-0.9795798	-0.9963089	-1.000437	-0.986194	-0.9815609	-0.9888847	-0.9958354	-0.9859484	-0.9740854	-0.9694465	-0.9694465
1757326680	-0.9742106	-0.9719248	-0.9739843	-0.9854499	-0.963102	-0.9986312	-0.9605231	-0.9769231	-0.973134	-0.9687811	-0.9661692	-0.9707216	-0.9841808	-0.9789382	-0.9672412	-0.9665057	-0.9605231
1757329680	-0.9931665	-0.9790837	-0.9934571	-0.9930833	-0.9736532	-1.007653	-0.9750868	-0.9927419	-0.9909199	-0.9785759	-0.9770522	0.9784836	-0.9935045	-0.9833001	-0.9747076	-0.9682083	-0.9682083
1757332680	-0.9962868	-0.9812625	-0.9900299	-0.9912139	-0.9741187	-1.006875	-0.9656358	-0.9887097	-0.992012	-0.9757774	-0.9737873	-0.9809675	-0.9852685	-0.9767572	-0.9761075	-0.9706847	-0.9656358
1757335680	-0.9910603	-0.9736367	-0.9864469	-0.9919928	-0.9703947	-1.007653	-0.972143	-0.9885546	-0.9885796	-0.9781095	-0.9764303	-0.9798808	-0.9939707	-0.9730184	-0.9775075	-0.9689822	-0.9689822
1757338680	-0.9925424	-0.9851531	-0.9940803	-0.9960431	-0.9778426	-1.00952	-0.9784953	-0.996464	-0.9976286	-0.9846393	-0.9818719	-0.9859352	-0.997234	-0.9865715	-0.9675523	-0.9717682	-0.9675523
1757341680	-1.000889	-0.9857756	-0.9971959	-0.9983799	-0.9769116	-1.011542	-0.9817489	-0.9992556	-1.003869	-0.9877488	-0.9851368	-0.9907476	-0.996457	-0.9885967	-0.9733076	-0.9720778	-0.9720778
1757344680	-0.9986271	-0.9842194	-0.9962612	-0.9986914	-0.9781529	-1.011386	-0.9797348	-0.9986352	-1.003401	-0.9888371	-0.9848259	-0.9904372	-0.9935045	-0.9859484	-0.9779741	-0.9711491	-0.9711491
1757347680	-0.9962088	-0.9853088	-0.9976633	-0.9985356	-0.9770668	-1.010764	-0.981594	-0.9983251	-1.003557	-0.9875933	-0.984204	-0.9901267	-0.9955246	-0.9871947	-0.9742409	-0.9717682	-0.9717682
1757350680	-0.9986271	-0.9811068	-0.9970401	-0.9982241	-0.9742738	-1.011075	-0.9817489	-0.9966191	-1.001685	-0.9857276	-0.9826493	-0.9898162	-0.9981663	-0.9889083	-0.9678634	-0.9720778	-0.9678634
1757351880	-0.9990951	-0.9840637	-0.9961054	-0.9977567	-0.9770668	-1.012631	-0.9788052	-0.9969293	-1.003557	-0.9871269	-0.9856032	-0.9910581	-0.9936599	-0.9890641	-0.9775075	-0.9717682	-0.9717682
1757353680	-0.9969889	-0.9828187	-0.9953265	-0.9979125	-0.9764461	-1.012008	-0.9758614	-0.9952233	-0.9962244	-0.9860386	-0.9824938	0.9853142	-0.9955246	-0.9848579	-0.9691078	-0.9694465	-0.9691078
1757356680	-1.000343	-0.9853088	-0.9973517	-0.9983799	-0.9790839	-1.012631	-0.9823686	-0.9978598	-1.003869	-0.9880597	-0.9857587	-0.988419	-0.9977001	-0.9873504	-0.9785963	-0.9717682	-0.9717682
1757359680	-0.9950387	-0.9809512	-0.9959497	-0.9930833	-0.9733429	-1.00812	-0.9771009	-0.9922767	-0.9985647	-0.9830846	-0.9787624	-0.9832961	-0.9980109	-0.9885967	-0.975952	-0.9737803	-0.9733429
1757362680	-0.9931665	-0.9671003	-0.9876932	-0.9907465	-0.9572058	-1.00532	-0.9602132	-0.9899504	-0.9838992	-0.9711132	-0.9733209	-0.9736711	-0.9928829	-0.9756667	-0.9796852	-0.9683631	-0.9572058
1757365680	-1.001747	-0.9879544	-0.998598	-1.000405	-0.9800149	-1.014342	-0.983763	-0.9984801	-1.004649	-0.9896144	-0.9846704	-0.9918343	-0.9942815	-0.991245	-0.9740854	-0.9742447	-0.9740854
1757368680	-0.997925	-0.9882657	-0.9993769	-1.001651	-0.9800149	-1.014342	-0.9842278	-1.000962	-1.006677	-0.9905473	-0.9876244	-0.9933867	-1.000808	-0.9914008	-0.9792185	-0.973316	-0.973316
1757371680	-0.9975349	-0.9811068	-0.9909646	-0.9969778	-0.9742738	-1.011386	-0.9740022	-0.9919665	-0.992324	-0.9773321	-0.9742537	-0.9775522	-0.9963016	-0.9809634	-0.9793741	-0.9709943	-0.9709943
1757374680	-0.998315	-0.9871763	-0.9970401	-1.001028	-0.9807907	-1.013564	-0.9825235	-0.9961538	-1.007146	-0.9889925	-0.9865361	-0.9918343	-1.000031	-0.9924913	-0.9784408	-0.9725421	-0.9725421
1757377680	-1.001981	-0.9888882	-1	-1.001963	-0.9812562	-1.014342	-0.9850025	-1.001272	-1.006209	-0.9908582	-0.9877799	-0.9936972	-0.9984771	-0.9915566	-0.9831073	-0.9736256	-0.9736256
1757380680	-1.002449	-0.9890438	-0.9959497	-1.001184	-0.9814114	-1.014497	-0.9859321	-1.000651	-1.006521	-0.9913246	-0.9882463	-0.9930763	-0.9997203	-0.9928028	-0.9770408	-0.9759473	-0.9759473
1757383680	-1.002996	-0.9884213	-1	-1.001807	-0.9814114	-1.014808	-0.9831433	-1.001117	-1.006365	-0.9908582	-0.9884017	-0.9938525	-1.001119	-0.9931144	-0.9868405	-0.9754829	-0.9754829
1757386680	-1.001903	-0.9821962	-0.9996884	-0.9994703	-0.9773771	-1.01372	-0.9823686	-0.9975496	-1.002309	-0.9882152	-0.984204	-0.9885743	-0.9969232	-0.987662	-0.9834184	-0.9757925	-0.9757925
1757389680	-1.005492	-0.9842194	-0.9976633	-1.000561	-0.9778426	-1.014653	-0.9820588	-0.9997208	-0.9991887	-0.9871269	-0.9824938	-0.989661	-1.001585	-0.9873504	-0.9866849	-0.9748638	-0.9748638
1757392680	-0.9909823	-0.9837525	-0.9915877	-0.991837	-0.9767565	-1.005164	-0.9718332	-0.9952233	-0.9998128	-0.9826182	-0.9759639	-0.9815884	-0.9879102	-0.9825212	-0.9719077	-0.9694465	-0.9694465
1757395680	-0.9726504	-0.9692791	-0.989251	-0.9933948	-0.9696189	-1.007342	-0.9738473	-0.9916563	-0.9960684	-0.980597	-0.9787624	-0.9826751	-0.9801405	-0.9723953	-0.9767297	-0.9683631	-0.9683631
1757398680	-0.9904362	-0.9723917	-0.9828639	-0.9865404	-0.9702396	-0.9846317	-0.9603681	-0.98933	-0.9990327	-0.9754664	-0.9784515	-0.9798808	-0.9886872	-0.976913	-0.9703522	-0.9665057	-0.9603681
1757401680	-0.9909823	-0.9759711	-0.9915877	-0.9935506	-0.9719464	-1.005475	-0.9781854	-0.9955335	-1.000281	-0.9826182	-0.9803172	-0.9870219	-0.990552	-0.9773804	-0.9673967	-0.9631005	-0.9631005
1757404680	-0.9866138	-0.963054	-0.9883163	-0.9818669	-0.9565852	-0.9945869	-0.9701289	-0.9873139	-0.9689216	-0.9639614	-0.9723881	0.9711873	-0.9930383	-0.976913	-0.9659968	-0.9680535	-0.9565852
1757407680	-0.9934785	-0.9700573	-0.9814619	-0.9862288	-0.9621711	-0.9995645	-0.9634668	-0.9880893	-0.9784386	-0.9683147	-0.9736318	-0.9750683	-0.9849577	-0.9734858	-0.9748631	-0.9665057	-0.9621711
1757410680	-0.9942586	-0.9792393	-0.9962612	-0.9982241	-0.974429	-1.011697	-0.9803545	-0.9966191	-1.001997	-0.9872823	-0.9851368	-0.988419	-0.9888426	-0.9871947	-0.9673967	-0.9626362	-0.9626362
1757413680	-0.9909823	-0.9769049	-0.9936129	-0.9940179	-0.9745842	-1.011075	-0.9732276	-0.9919665	-0.9857713	-0.9787313	-0.975342	-0.9758445	-0.9950584	-0.9831443	-0.9778186	-0.9696013	-0.9696013
1757416680	-0.9990951	-0.9840637	-0.9965728	-0.9972894	-0.9773771	-1.009053	-0.9809742	-0.9989454	-1.004181	-0.9860386	-0.9848259	-0.989661	-0.9969232	-0.9878178	-0.9781297	-0.9726969	-0.9726969
1757419680	-0.9891881	-0.9745705	-0.9886279	-0.9891887	-0.9682224	-1.004387	-0.9707486	-0.9916563	-0.9952883	-0.9790423	-0.9725435	0.9818989	-0.989775	-0.9798729	-0.9703522	-0.9668153	-0.9668153
1757422680	-0.9943366	-0.9778386	-0.9898741	-0.9868519	-0.9719464	-1.00252	-0.9763262	-0.9932072	-0.9970045	-0.9804415	-0.9761194	-0.9832961	-0.9921059	-0.9803402	-0.9729965	-0.9657318	-0.9657318
1757425680	-0.998081	-0.9820406	-0.9915877	-0.9972894	-0.9769116	-1.010609	-0.9771009	-0.9963089	-1.002309	-0.9866604	-0.9824938	-0.9867114	-0.9975448	-0.9885967	-0.9717521	-0.9717682	-0.9717521
1757428680	-0.9798271	-0.9655441	-0.9809945	-0.9891887	-0.957361	-0.9973868	-0.9743121	-0.9915012	-0.992168	-0.9773321	-0.9765858	-0.9808122	-0.9832484	-0.9717722	-0.9695744	-0.9696013	-0.957361
1757431680	-0.9989391	-0.9862425	-0.9976633	-0.9983799	-0.9790839	-1.010764	-0.981439	-0.9992556	-1.003245	-0.9866604	-0.9846704	-0.9905924	-0.9970786	-0.9899988	-0.9739298	-0.9730064	-0.9730064
1757434680	-0.9940246	-0.9769049	-0.9957939	-0.9901234	-0.9643433	-1.000653	-0.9747769	-0.9919665	-0.9873315	-0.9788868	-0.9765858	0.9809675	-0.9942815	-0.9834559	-0.9694189	-0.9696013	-0.9643433
1757437680	-0.9919964	-0.9786168	-0.9848891	-0.9910581	-0.9689983	-1.006098	-0.9591287	-0.983902	-0.982183	-0.9706468	-0.9653918	-0.9699454	-0.9801405	-0.9786266	-0.9757964	-0.9661961	-0.9591287
1760054040	-0.9928545	-0.9815737	-0.9889394	-0.9929275	-0.9739635	-1.003764	-0.9774108	-0.9911911	-0.9987207	-0.9819963	-0.9800062	0.9864009	-0.988221	-0.9847021	-0.9734632	-0.9663509	-0.9663509
1760129040	-0.9853657	-0.9723917	-0.985668	-0.9793744	-0.9652743	-0.9984756	-0.96765	-0.9832816	-0.9785946	-0.9676928	-0.9692786	-0.9676167	-0.9795189	-0.9627368	-0.9644413	-0.961398	-0.961398
1762194060	-0.9845856	-0.9781499	-0.9869143	-0.9893445	-0.9705499	-1.004542	-0.9696641	-0.987469	-0.9948203	-0.9802861	-0.9720771	-0.9780179	-0.9792081	-0.9686565	-0.9706633	-0.9632553	-0.9632553
1762221660	-0.9877059	-0.9572958	-0.9844217	-0.9852941	-0.9613952	-0.998009	-0.9609879	-0.9809553	-0.9792187	-0.9715796	-0.9632152	0.9662196	-0.9824714	-0.964762	-0.9715966	-0.960005	-0.9572958
1762224660	-0.9937906	-0.9786168	-0.9889394	-0.9926159	-0.9738083	-1.006253	-0.9758614	-0.9927419	-0.9937282	-0.9826182	-0.9787624	0.9840723	-0.9924167	-0.9831443	-0.9757964	-0.9689822	-0.9689822
1762285260	-0.9930105	-0.9809512	-0.9929898	-0.9937064	-0.9742738	-1.00672	-0.979115	-0.9941377	-0.9999688	-0.9829291	-0.9793843	-0.9859352	-0.9914843	-0.9831443	-0.972841	-0.9678987	-0.9678987
1762289460	-0.9914503	-0.9807956	-0.9920551	-0.9943295	-0.9733429	-1.003764	-0.9750868	-0.9925868	-0.9982526	-0.9826182	-0.9776741	0.9842275	-0.9910182	-0.9823654	-0.96833	-0.9657318	-0.9657318
1762314060	-0.9891101	-0.973948	-0.9833313	-0.9834247	-0.9654295	-0.9952091	-0.9636217	-0.9856079	-0.9910759	-0.9734453	-0.9650808	0.9739816	-0.9826268	-0.9783151	-0.9773519	-0.9661961	-0.9636217
1762359060	-0.9799051	-0.9656997	-0.9802156	-0.9813996	-0.9618607	-0.9981645	-0.9682697	-0.9873139	-0.9851473	-0.972357	-0.9712998	0.9733607	-0.9824714	-0.9664756	-0.957286	-0.9581476	-0.957286
1762393260	-0.9920744	-0.9817293	-0.9936129	-0.9946411	-0.9741187	-1.004698	-0.9783404	-0.9936725	-1.000437	-0.9830846	-0.9796953	-0.9864009	-0.9944368	-0.9854811	-0.9787519	-0.9686726	-0.9686726
1762437060	-0.9791251	-0.9506038	-0.9805272	-0.9723642	-0.95643	-0.9850983	-0.9575793	-0.9817308	-0.9812469	-0.9670709	-0.9619714	-0.9570604	-0.968175	-0.9613347	-0.9523084	-0.9589215	-0.9506038
1762491660	-0.9916063	-0.9795505	-0.9920551	-0.9929275	-0.9730325	-1.006409	-0.9774108	-0.9932072	-0.9952883	-0.9807525	-0.9765858	0.9836066	-0.9908628	-0.9825212	-0.9753298	-0.9683631	-0.9683631
1762545060	-0.9873939	-0.9778386	-0.9881605	-0.9901234	-0.9702396	-1.002209	-0.9743121	-0.9908809	-0.9962244	-0.9791978	-0.9764303	0.9832961	-0.9903966	-0.9817423	-0.974552	-0.965577	-0.965577
1762572660	-0.9895781	-0.9797062	-0.9895626	-0.988254	-0.9714809	-1.002675	-0.974622	-0.9911911	-0.9984086	-0.9807525	-0.9767413	-0.9834513	-0.9916397	-0.9828328	-0.9764186	-0.9665057	-0.9665057
1762590660	-0.9813093	-0.9769049	-0.9876932	-0.9885656	-0.9697741	-1.002053	-0.9718332	-0.9877792	-0.9934161	-0.9756219	-0.9744092	0.9814332	-0.9844915	-0.9789382	-0.9670856	-0.9629458	-0.9629458
1762622460	-0.9744446	-0.9702129	-0.985668	-0.9868519	-0.965895	-0.9973868	-0.9736924	-0.9870037	-0.9931041	-0.9757774	-0.9728545	-0.980036	-0.981539	-0.9789382	-0.9663079	-0.9615527	-0.9615527
1762626660	-0.9746006	-0.9688123	-0.9845775	-0.9806206	-0.9644985	-1.000342	-0.9626921	-0.9811104	-0.9912319	-0.9725124	-0.9731654	0.9766207	-0.9821606	-0.9728627	-0.962108	-0.9535042	-0.9535042
1762654860	-0.9889541	-0.9778386	-0.989251	-0.9899676	-0.9705499	-1.003298	-0.9758614	-0.9894851	-0.9960684	-0.9788868	-0.9764303	-0.9792598	-0.9880656	-0.9818981	-0.9742409	-0.9658866	-0.9658866
1762681260	-0.9820894	-0.9753486	-0.9861353	-0.9884098	-0.9702396	-1.003453	-0.9741572	-0.9882444	-0.9941962	-0.9785759	-0.9745647	0.9822094	-0.9852685	-0.980496	-0.9689522	-0.9606241	-0.9606241
1762714860	-0.9828694	-0.9769049	-0.9866027	-0.9890329	-0.9676018	-0.9990978	-0.9718332	-0.9890199	-0.9952883	-0.9777985	-0.9733209	-0.9814332	-0.9866671	-0.9753552	-0.966619	-0.9621719	-0.9621719
1762775460	-0.9850537	-0.9737923	-0.9867585	-0.9823342	-0.9680673	-1.002209	-0.9719881	-0.9865385	-0.992636	-0.9768657	-0.9739428	-0.9792598	-0.9813836	-0.976913	-0.9630413	-0.9603145	-0.9603145
1762776060	-0.9863018	-0.9756599	-0.9880047	-0.9893445	-0.9697741	-1.001898	-0.9730726	-0.9879342	-0.9951323	-0.977954	-0.9751866	-0.9795703	-0.9787419	-0.9773804	-0.9594637	-0.9612432	-0.9594637
1762776660	-0.9842736	-0.9744148	-0.9875374	-0.9876309	-0.9683776	-0.9970757	-0.9724529	-0.9876241	-0.9938842	-0.9774876	-0.972699	0.9781731	-0.9810728	-0.9778477	-0.9608636	-0.9618623	-0.9608636
1762777260	-0.9852097	-0.9700573	-0.9867585	-0.9871635	-0.9643433	-1.000653	-0.9701289	-0.9854529	-0.9915439	-0.9745336	-0.9722326	0.9769312	-0.9806067	-0.9776919	-0.9586859	-0.9538138	-0.9538138
1762777860	-0.9628994	-0.9482694	-0.96417	-0.9651982	-0.9334657	-0.9788763	-0.9492129	-0.969634	-0.9689216	-0.9554104	-0.9548197	-0.9567499	-0.9664657	-0.9519878	-0.9442198	-0.9470035	-0.9334657
1762778460	-0.9844296	-0.9755042	-0.9875374	-0.989656	-0.9694638	-1.002053	-0.9719881	-0.9899504	-0.9931041	-0.9787313	-0.9745647	-0.9794151	-0.9826268	-0.9766014	-0.9649079	-0.9615527	-0.9615527
1762779060	-0.9746006	-0.960564	-0.9719591	-0.9792186	-0.9497579	-0.9938091	-0.9507623	-0.9806452	-0.9601847	-0.9670709	-0.9576182	0.9561289	-0.9778095	-0.9686565	-0.9638191	-0.9513373	-0.9497579
1762779660	-0.9802172	-0.9730142	-0.9844217	-0.9871635	-0.9663605	-1.001742	-0.9664105	-0.9871588	-0.9840552	-0.975	-0.9688122	-0.976776	-0.9832484	-0.9706817	-0.9512195	-0.9604693	-0.9512195
1762780260	-0.9825574	-0.9642991	-0.9802156	-0.98249	-0.9568955	-0.9961424	-0.9605231	-0.9795596	-0.9748502	-0.9630286	-0.9521766	-0.9564394	-0.9837146	-0.9737974	-0.9552638	-0.9589215	-0.9521766
1762800060	-0.9866138	-0.9755042	-0.9853564	-0.9873193	-0.9638779	-0.9994089	-0.974622	-0.9870037	-0.9902958	-0.9740672	-0.9716107	0.9780179	-0.9851131	-0.9778477	-0.9633524	-0.9635649	-0.9633524
1762830660	-0.9944146	-0.9803287	-0.990653	-0.991837	-0.9721015	-1.00532	-0.9772558	-0.9927419	-0.9987207	-0.9824627	-0.9765858	-0.9848485	-0.9931937	-0.984079	-0.9782852	-0.9680535	-0.9680535
1762833660	-0.9853657	-0.978928	-0.9897183	-0.9885656	-0.9727222	-1.00252	-0.9740022	-0.9904156	-0.9979406	-0.9798197	-0.975653	-0.9825199	-0.988998	-0.982677	-0.9672412	-0.9666605	-0.9666605
1762836660	-0.9775649	-0.969746	-0.9830197	-0.9848268	-0.9679121	-0.994898	-0.9667204	-0.9862283	-0.991856	-0.9630286	-0.969745	-0.9791046	-0.9768772	-0.9731742	-0.9605525	-0.9553616	-0.9553616
1762839660	-0.9633674	-0.9699016	-0.9802156	-0.9803091	-0.964033	-0.994898	-0.9612977	-0.980335	-0.9851473	-0.9698694	-0.9655473	-0.9683929	-0.9759448	-0.956817	-0.9639746	-0.9547424	-0.9547424
1762842660	-0.9808412	-0.966011	-0.982085	-0.9801533	-0.9559645	-0.9906981	-0.9628471	-0.9820409	-0.9746942	-0.9684701	-0.9678794	-0.9690139	-0.9807621	-0.9734858	-0.9561971	-0.9592311	-0.9559645
1762845660	-0.9822454	-0.9736367	-0.9855122	-0.9842036	-0.9638779	-0.9983201	-0.9670302	-0.9831266	-0.9898278	-0.9734453	-0.9669465	-0.9752235	-0.981539	-0.9681892	-0.9381533	-0.9598502	-0.9381533
1762848660	-0.9795931	-0.9669447	-0.9822408	-0.9849826	-0.9607746	-0.998009	-0.9668753	-0.9840571	-0.9838992	-0.9734453	-0.9685012	0.9704111	-0.9809175	-0.9613347	-0.9694189	-0.9593858	-0.9593858
1762851660	-0.9750686	-0.9677229	-0.9775673	-0.9817111	-0.9609297	-0.9894537	-0.9561849	-0.9778536	-0.9798427	-0.9648943	-0.955908	0.9669958	-0.9728369	-0.9638273	-0.9560416	-0.9584572	-0.955908
1762854660	-0.9816213	-0.9720804	-0.9809945	-0.9821785	-0.9638779	-0.9992534	-0.9718332	-0.9856079	-0.9877996	-0.9728234	-0.9708333	-0.9750683	-0.9849577	-0.9739531	-0.9638191	-0.960005	-0.960005
1762857660	-0.9813093	-0.9737923	-0.9730496	-0.9790628	-0.9606194	-0.9900759	-0.9625372	-0.9795596	-0.9829631	-0.9689366	-0.9647699	-0.9711873	-0.9807621	-0.9758225	-0.9561971	-0.9586119	-0.9561971
1762860660	-0.9869259	-0.9753486	-0.9862911	-0.989656	-0.966826	-1.001587	-0.9704388	-0.9888648	-0.9935721	-0.972046	-0.9643035	-0.976776	-0.9799851	-0.9770688	-0.9644413	-0.9621719	-0.9621719
1762863660	-0.9739765	-0.9621203	-0.9760095	-0.9790628	-0.9576713	-0.9892982	-0.9575793	-0.9826613	-0.9857713	-0.9652052	-0.9661692	-0.972274	-0.9750124	-0.968345	-0.9613303	-0.9569094	-0.9569094
1762866660	-0.9827134	-0.9658553	-0.9819292	-0.9848268	-0.9595333	-1.000342	-0.9693542	-0.9808002	-0.9796867	-0.9739117	-0.9657027	0.9752235	-0.9793635	-0.9737974	-0.9524639	-0.9562902	-0.9524639
1762869660	-0.9819333	-0.9695904	-0.9828639	-0.9849826	-0.9627917	-1.000498	-0.9691993	-0.9685484	-0.9789066	-0.9732898	-0.9714552	0.9685482	-0.9846469	-0.9747321	-0.9680189	-0.9583024	-0.9583024
1762872660	-0.9819333	-0.9680341	-0.9775673	-0.9829574	-0.9586023	-0.9928758	-0.9671852	-0.9834367	-0.9732901	-0.9700249	-0.9683458	-0.9693244	-0.9790527	-0.9674103	-0.9617969	-0.956445	-0.956445
1762875660	-0.9842736	-0.9705242	-0.9855122	-0.9876309	-0.9672915	-1.000342	-0.9659457	-0.9868486	-0.9931041	-0.975	-0.9725435	-0.9772417	-0.9776542	-0.9745763	-0.9400199	-0.9604693	-0.9400199
1762878660	-0.988018	-0.9745705	-0.98707	-0.9885656	-0.9669811	-1.000498	-0.9733825	-0.9882444	-0.9946643	-0.9785759	-0.9745647	-0.9815884	-0.9792081	-0.9797171	-0.9631969	-0.9631005	-0.9631005
1762881660	-0.9806852	-0.969746	-0.9813061	-0.9832689	-0.9626365	-0.9969201	-0.9691993	-0.9852978	-0.9879556	-0.9740672	-0.9681903	0.9770864	-0.9761002	-0.9764457	-0.9678634	-0.9632553	-0.9626365
1762884660	-0.9817773	-0.9619646	-0.9802156	-0.9849826	-0.9632572	-0.9959868	-0.9654809	-0.9758375	-0.9790627	-0.9653607	-0.9574627	-0.9556632	-0.976411	-0.9681892	-0.9583748	-0.9570641	-0.9556632
1762887660	-0.9802172	-0.9669447	-0.9761653	-0.9750125	-0.9522406	-0.9938091	-0.9608329	-0.9781638	-0.9845232	-0.9673818	-0.9675684	-0.9750683	-0.9646009	-0.9688123	-0.9512195	-0.9535042	-0.9512195
1762890660	-0.9817773	-0.9747261	-0.9873816	-0.9856057	-0.9697741	-1.001898	-0.974622	-0.9902605	-0.9960684	-0.9784204	-0.9731654	-0.9820541	-0.9891534	-0.9797171	-0.9681745	-0.9638744	-0.9638744
1762893660	-0.9870819	-0.9671003	-0.9788136	-0.9832689	-0.9598436	-0.9973868	-0.9602132	-0.9837469	-0.9851473	-0.9650498	-0.9708333	-0.9711873	-0.9767218	-0.9742647	-0.9608636	-0.9555163	-0.9555163
1762896660	-0.9847416	-0.9691235	-0.9844217	-0.9849826	-0.9623262	-0.9994089	-0.965326	-0.9856079	-0.9862394	-0.9732898	-0.9666356	0.9719635	-0.98387	-0.9717722	-0.9608636	-0.9634101	-0.9608636
1762899660	-0.9905142	-0.9795505	-0.9903415	-0.991837	-0.9721015	-1.00392	-0.976946	-0.9905707	-0.9980966	-0.9812189	-0.9775187	-0.9834513	-0.990552	-0.9812749	-0.9734632	-0.9668153	-0.9668153
1762902660	-0.988642	-0.9775274	-0.9900299	-0.988254	-0.9705499	-1.000342	-0.9755516	-0.9922767	-0.9963804	-0.9807525	-0.9775187	-0.9826751	-0.9891534	-0.980496	-0.9616414	-0.9635649	-0.9616414
1762904460	-0.9816213	-0.9708354	-0.9837986	-0.98249	-0.9666708	-0.9986312	-0.9595935	-0.9831266	-0.9910759	-0.9715796	-0.9702114	-0.9707216	-0.9779649	-0.9713048	-0.9675523	-0.9610884	-0.9595935
1762908660	-0.9914503	-0.9713023	-0.9858238	-0.9868519	-0.9683776	-0.9990978	-0.9701289	-0.9873139	-0.9904518	-0.9773321	-0.9740983	-0.9803465	-0.9891534	-0.9761341	-0.9725299	-0.9640292	-0.9640292
1764944160	-0.9643035	-0.955117	-0.9707129	-0.9725199	-0.954568	-0.9871205	-0.9476636	-0.9718052	-0.9829631	-0.9589863	-0.9540423	-0.9645119	-0.9686412	-0.9600885	-0.9482641	-0.9457652	-0.9457652
1764947160	-0.9770969	-0.966011	-0.9769442	-0.9732989	-0.9615504	-0.9928758	-0.9659457	-0.9808002	-0.9859274	-0.9704913	-0.9675684	0.9665301	-0.9723707	-0.9666314	-0.9222872	-0.9544329	-0.9222872
1764950160	-0.978969	-0.9582296	-0.9758537	-0.9779723	-0.954568	-0.9911648	-0.9597484	-0.9784739	-0.9817149	-0.9647388	-0.9521766	-0.9687034	-0.9736139	-0.9639831	-0.9445309	-0.952266	-0.9445309
1764953160	-0.9803732	-0.9644547	-0.9774115	-0.9762587	-0.9596884	-0.9897648	-0.958354	-0.9775434	-0.9814029	-0.9622512	-0.9594838	0.9679272	-0.9768772	-0.9596211	-0.9484196	-0.9518016	-0.9484196
1764956160	-0.9770969	-0.9666335	-0.9795925	-0.9782839	-0.9537922	-0.9933425	-0.9602132	-0.9780087	-0.9762544	-0.9613184	-0.9521766	-0.9657538	-0.9768772	-0.9691239	-0.9653746	-0.9562902	-0.9521766
1764959160	-0.9802172	-0.9647659	-0.9808387	-0.9813996	-0.9559645	-0.9976979	-0.9684246	-0.9831266	-0.9877996	-0.9701803	-0.9653918	-0.9713425	-0.9846469	-0.9716164	-0.9639746	-0.9561355	-0.9559645
1764962160	-0.9797491	-0.9608752	-0.9767884	-0.9782839	-0.9604643	-0.9930314	-0.9592836	-0.9806452	-0.9748502	-0.9712687	-0.964148	0.9683929	-0.9664657	-0.9642946	-0.9532417	-0.9527303	-0.9527303
1764965160	-0.9825574	-0.9719248	-0.9817734	-0.9820227	-0.9629469	-0.9950535	-0.9696641	-0.9818859	-0.9873315	-0.9739117	-0.9680348	-0.9741369	-0.9778095	-0.9706817	-0.9600859	-0.9567546	-0.9567546
1764968160	-0.9800612	-0.9695904	-0.9837986	-0.9835805	-0.9635675	-0.9924092	-0.965326	-0.9811104	-0.9907639	-0.9745336	-0.9655473	0.9736711	-0.9774988	-0.9751994	-0.9602414	-0.9572189	-0.9572189
1764971160	-0.9830255	-0.9737923	-0.985668	-0.9856057	-0.9682224	-0.9978534	-0.9704388	-0.9866935	-0.9941962	-0.9754664	-0.9734764	0.9791046	-0.9866671	-0.9767572	-0.9667745	-0.9624814	-0.9624814
1764974160	-0.9766288	-0.9666335	-0.9823966	-0.98249	-0.95643	0.994898	-0.9609879	-0.9797146	-0.9771905	-0.9662935	-0.9627488	-0.9708768	-0.9726815	-0.9650735	-0.9669301	-0.9587667	-0.95643
1764977160	-0.9838055	-0.9742592	-0.9864469	-0.9871635	-0.9676018	-0.9983201	-0.972298	-0.9879342	-0.992168	-0.9768657	-0.9734764	-0.9798808	-0.9812282	-0.9776919	-0.9645968	-0.9583024	-0.9583024
1764978360	-0.9792811	-0.9714579	-0.9817734	-0.9804649	-0.9644985	-0.9956757	-0.9690444	-0.9837469	-0.9899838	-0.9704913	-0.9664801	-0.9741369	-0.9790527	-0.9753552	-0.9658412	-0.9535042	-0.9535042
1764980160	-0.9799051	-0.9653884	-0.9774115	-0.9796859	-0.9568955	-0.9919425	-0.9640865	-0.9776985	-0.9818709	-0.9700249	-0.9613495	-0.9693244	-0.9717491	-0.9594654	-0.965219	-0.9555163	-0.9555163
1764983160	-0.9805292	-0.9745705	-0.98707	-0.9863846	-0.9685328	-1.000653	-0.9729177	-0.9871588	-0.9946643	-0.9777985	-0.9736318	-0.9798808	-0.9863563	-0.9775361	-0.9611747	-0.962791	-0.9611747
1764986160	-0.9844296	-0.9702129	-0.9814619	-0.9834247	-0.9621711	-0.9973868	-0.967495	-0.9814206	-0.9860834	-0.9666045	-0.9646144	0.9687034	-0.9720599	-0.9574402	-0.9695744	-0.9587667	-0.9574402
1764989160	-0.9873939	-0.9761267	-0.9886279	-0.9874751	-0.9694638	-0.9995645	-0.9743121	-0.9879342	-0.9954443	-0.9781095	-0.9734764	-0.9812779	-0.9866671	-0.9801844	-0.9698855	-0.9618623	-0.9618623
1764992160	-0.9903582	-0.9758155	-0.9886279	-0.9893445	-0.9679121	-1.00252	-0.9738473	-0.9880893	-0.9951323	-0.9748445	-0.9737873	-0.980657	-0.9894642	-0.9801844	-0.974552	-0.9643388	-0.9643388
1764995160	-0.9795931	-0.970991	-0.9848891	-0.9813996	-0.9662053	-0.9908537	-0.9707486	-0.9873139	-0.9932601	-0.9770211	-0.9733209	0.9786388	-0.9747016	-0.9734858	-0.9619525	-0.9593858	-0.9593858
1764998160	-0.9856777	-0.9722361	-0.9872258	-0.9879424	-0.9680673	-1.000653	-0.9733825	-0.9860732	-0.9932601	-0.9773321	-0.97301	-0.9798808	-0.9855793	-0.9773804	-0.9681745	-0.9612432	-0.9612432
1765001160	-0.978189	-0.9716135	-0.9833313	-0.9848268	-0.964033	-0.9975423	-0.9670302	-0.9794045	-0.9893597	-0.9737562	-0.969745	-0.9769312	-0.9762556	-0.9717722	-0.9521528	-0.9524208	-0.9521528
1765004160	-0.9794371	-0.9706798	-0.9831755	-0.9851383	-0.9643433	-0.9945869	-0.9702838	-0.982196	-0.9896717	-0.9732898	-0.9709888	0.9777074	-0.9731477	-0.9722395	-0.9533972	-0.9572189	-0.9533972
1765007160	-0.9775649	-0.969746	-0.9822408	-0.9793744	-0.963102	-0.9952091	-0.9656358	-0.9811104	-0.9835871	-0.9700249	-0.9605721	-0.9739816	-0.9714383	-0.9669429	-0.9421976	-0.9567546	-0.9421976
1765010160	-0.9738205	-0.9722361	-0.9847333	-0.9812438	-0.9655847	-0.994898	-0.9696641	-0.9834367	-0.9906078	-0.9729789	-0.9709888	0.9750683	-0.9801405	-0.9705259	-0.947953	-0.9567546	-0.947953
1765013160	-0.9795931	-0.9722361	-0.983487	-0.9849826	-0.9662053	-0.9961424	-0.9690444	-0.9859181	-0.9915439	-0.975	-0.9714552	-0.9764655	-0.9770326	-0.9727069	-0.9614858	-0.9603145	-0.9603145
1765016160	-0.9825574	-0.9706798	-0.983487	-0.9848268	-0.9632572	-0.9964535	-0.9670302	-0.9820409	-0.9892037	-0.9726679	-0.9689677	0.9714978	-0.9781203	-0.9750436	-0.9645968	-0.9573737	-0.9573737
1765019160	-0.9831815	-0.9719248	-0.9848891	-0.9857615	-0.9654295	-0.9989423	-0.9696641	-0.9843672	-0.992168	-0.972046	-0.9675684	-0.9746026	-0.9810728	-0.9717722	-0.9616414	-0.9592311	-0.9592311
1765022160	-0.9802172	-0.9728586	-0.9844217	-0.9843594	-0.9644985	-0.9967646	-0.9712134	-0.9852978	-0.9902958	-0.9734453	-0.9717662	-0.9773969	-0.9765664	-0.9722395	-0.9566638	-0.9570641	-0.9566638
1765025160	-0.9806852	-0.9700573	-0.9823966	-0.9815553	-0.9584471	-0.9970757	-0.965171	-0.9818859	-0.9837431	-0.9709577	-0.9664801	0.9690139	-0.9776542	-0.9685007	-0.9490418	-0.9555163	-0.9490418
1765028160	-0.9794371	-0.9722361	-0.9848891	-0.9835805	-0.9657398	-0.996609	-0.9690444	-0.9825062	-0.9898278	-0.9753109	-0.9712998	0.976776	-0.9826268	-0.9730184	-0.9605525	-0.952266	-0.952266
1765031160	-0.978813	-0.9702129	-0.983487	-0.9852941	-0.9651192	-0.998009	-0.9685796	-0.9829715	-0.9899838	-0.9739117	-0.9703669	-0.976776	-0.9765664	-0.9716164	-0.9579082	-0.9579928	-0.9579082
1765034160	-0.9827134	-0.9725473	-0.984266	-0.9849826	-0.9646537	-0.9972312	-0.9713684	-0.9832816	-0.9913879	-0.9751555	-0.9709888	0.9770864	-0.9792081	-0.9761341	-0.9656857	-0.9598502	-0.9598502
1765037160	-0.978345	-0.9622759	-0.9766326	-0.9747009	-0.9556542	-0.9869649	-0.9640865	-0.9829715	-0.9767224	-0.9669154	-0.964148	-0.9694796	-0.9762556	-0.9664756	-0.9610192	-0.9576833	-0.9556542
1765040160	-0.9841176	-0.9725473	-0.9848891	-0.9862288	-0.9660501	-0.9984756	-0.9691993	-0.9865385	-0.9929481	-0.9740672	-0.9723881	-0.9758445	-0.9809175	-0.9750436	-0.9445309	-0.9562902	-0.9445309
1765043160	-0.9859898	-0.9733254	-0.9847333	-0.9849826	-0.965895	-1.000031	-0.9718332	-0.9840571	-0.992636	-0.9757774	-0.9722326	-0.9786388	-0.9848023	-0.9762899	-0.9691078	-0.9601597	-0.9601597
1765046160	-0.9761608	-0.9731698	-0.9861353	-0.9866962	-0.9671363	-0.998009	-0.972298	-0.9854529	-0.991856	-0.9757774	-0.9722326	-0.9770864	-0.9813836	-0.9751994	-0.9630413	-0.9586119	-0.9586119
1765049160	-0.9816213	-0.9621203	-0.9830197	-0.9826458	-0.9607746	-0.996609	-0.9626921	-0.982196	-0.9845232	-0.9684701	-0.9675684	-0.9683929	-0.9770326	-0.9613347	-0.9636635	-0.9607789	-0.9607746
1765052160	-0.9778769	-0.9681897	-0.979904	-0.9831132	-0.9615504	-0.9941202	-0.9671852	-0.9818859	-0.9893597	-0.9711132	-0.9680348	0.9732054	-0.9799851	-0.9713048	-0.966619	-0.9601597	-0.9601597
1765055160	-0.978657	-0.9737923	-0.9859796	-0.986073	-0.9666708	-0.9987867	-0.9712134	-0.987469	-0.992324	-0.9748445	-0.9725435	-0.9791046	-0.9810728	-0.9780035	-0.9625747	-0.9601597	-0.9601597
1765058160	-0.9816213	-0.973948	-0.9873816	-0.986073	-0.9674466	-0.9972312	-0.9727628	-0.9870037	-0.9913879	-0.9767102	-0.9720771	-0.9797255	-0.983093	-0.9751994	-0.9664634	-0.961398	-0.961398
1765061160	-0.9839616	-0.9741036	-0.9872258	-0.9876309	-0.9683776	-0.99972	-0.9695092	-0.9879342	-0.9946643	-0.977643	-0.9737873	-0.9777074	-0.9827822	-0.9792498	-0.9720632	-0.961398	-0.961398
1765064160	-0.9841176	-0.9742592	-0.9864469	-0.9871635	-0.9676018	-1.000498	-0.9736924	-0.987469	-0.9931041	-0.9763993	-0.9728545	-0.9798808	-0.9855793	-0.979094	-0.9667745	-0.9621719	-0.9621719
1765067160	-0.9853657	-0.9753486	-0.9862911	-0.9873193	-0.9666708	-1.000187	-0.9738473	-0.9873139	-0.9912319	-0.977643	-0.9739428	-0.9778626	-0.9866671	-0.9783151	-0.9617969	-0.9631005	-0.9617969
1765070160	-0.9833375	-0.9742592	-0.9875374	-0.9879424	-0.9689983	-0.9987867	-0.9736924	-0.9883995	-0.9949763	-0.9773321	-0.9723881	-0.9798808	-0.9872887	-0.9794055	-0.96973	-0.9635649	-0.9635649
1765073160	-0.9799051	-0.9742592	-0.9853564	-0.9865404	-0.967757	-0.9987867	-0.972143	-0.9871588	-0.9935721	-0.9768657	-0.9731654	-0.9809675	-0.981539	-0.9780035	-0.9614858	-0.9610884	-0.9610884
1765076160	-0.9855217	-0.9765936	-0.9873816	-0.9879424	-0.9691534	-0.9998756	-0.9749318	-0.9876241	-0.9957564	-0.9773321	-0.9742537	-0.9803465	-0.9857347	-0.9795613	-0.9681745	-0.964184	-0.964184
1765079160	-0.9820894	-0.9759711	-0.9880047	-0.9885656	-0.9689983	-1.001587	-0.9730726	-0.9879342	-0.9946643	-0.9787313	-0.9719216	0.9815884	-0.9854239	-0.9803402	-0.9715966	-0.9643388	-0.9643388
1765082160	-0.9842736	-0.9708354	-0.9866027	-0.9879424	-0.9691534	-1.000653	-0.969974	-0.9859181	-0.9948203	-0.9774876	-0.9745647	-0.9808122	-0.9869779	-0.9781593	-0.9687967	-0.9624814	-0.9624814
1765085160	-0.9842736	-0.9756599	-0.9872258	-0.988254	-0.9686879	-1.000653	-0.9712134	-0.9876241	-0.9945082	-0.9771766	-0.9737873	-0.9795703	-0.9874441	-0.9792498	-0.9649079	-0.9623266	-0.9623266
1765088160	-0.978501	-0.969746	-0.9837986	-0.9851383	-0.9679121	-0.9955202	-0.96765	-0.9860732	-0.9871755	-0.9732898	-0.9709888	-0.9783284	-0.9778095	-0.9741089	-0.9619525	-0.9586119	-0.9586119
1765091160	-0.9855217	-0.9744148	-0.9852006	-0.9863846	-0.9665156	-0.9978534	-0.9716782	-0.9871588	-0.99248	-0.9743781	-0.9728545	-0.9791046	-0.9795189	-0.9770688	-0.9627302	-0.9624814	-0.9624814
1765094160	-0.9820894	-0.9731698	-0.9845775	-0.9856057	-0.9665156	-0.9978534	-0.9715233	-0.9862283	-0.992636	-0.9757774	-0.9714552	0.9786388	-0.983093	-0.9773804	-0.9675523	-0.9618623	-0.9618623
1765097160	-0.9822454	-0.9734811	-0.9862911	-0.9838921	-0.966826	-0.9972312	-0.9724529	-0.9868486	-0.9909199	-0.9763993	-0.9709888	0.9780179	-0.9827822	-0.9762899	-0.9647524	-0.9615527	-0.9615527
1765100160	-0.9795931	-0.9717692	-0.9822408	-0.9826458	-0.9637227	-0.9978534	-0.9665654	-0.9840571	-0.9907639	-0.9743781	-0.9702114	-0.9766207	-0.9844915	-0.9731742	-0.9649079	-0.960005	-0.960005
1765103160	-0.9777209	-0.9706798	-0.9833313	-0.9813996	-0.9648088	-0.9958313	-0.9688894	-0.9851427	-0.9877996	-0.972046	-0.9664801	0.9759998	-0.9806067	-0.97333	-0.9614858	-0.9579928	-0.9579928
1765106160	-0.9834935	-0.9731698	-0.9847333	-0.9865404	-0.9652743	-0.9942758	-0.9702838	-0.9865385	-0.9915439	-0.9746891	-0.9719216	-0.9778626	-0.9767218	-0.9750436	-0.9619525	-0.9589215	-0.9589215
1765109160	-0.978189	-0.9731698	-0.9850449	-0.9838921	-0.9620159	-0.9961424	-0.9693542	-0.985763	-0.991856	-0.9729789	-0.9708333	-0.9780179	-0.977188	-0.9750436	-0.9538639	-0.9584572	-0.9538639
1765112160	-0.9825574	-0.9717692	-0.984266	-0.9835805	-0.9646537	-0.9964535	-0.9705937	-0.9828164	-0.9884236	-0.9739117	-0.9712998	0.9778626	-0.9781203	-0.9750436	-0.951064	-0.9528851	-0.951064
1765115160	-0.9827134	-0.9730142	-0.9862911	-0.9873193	-0.9671363	-0.9970757	-0.9702838	-0.9873139	-0.992636	-0.9765547	-0.9728545	0.9781731	-0.9835592	-0.9762899	-0.9670856	-0.9612432	-0.9612432
1765118160	-0.9806852	-0.9741036	-0.985668	-0.9857615	-0.9663605	-0.9976979	-0.9713684	-0.9862283	-0.992168	-0.9759328	-0.9720771	-0.9787941	-0.9790527	-0.9770688	-0.9661523	-0.957838	-0.957838
1765121160	-0.9841176	-0.9745705	-0.9861353	-0.9849826	-0.9663605	-0.9995645	-0.972298	-0.9870037	-0.9929481	-0.9763993	-0.9722326	0.9783284	-0.9787419	-0.976913	-0.9647524	-0.9586119	-0.9586119
1765124160	-0.9830255	-0.9725473	-0.984266	-0.9849826	-0.9663605	-0.9964535	-0.972143	-0.9852978	-0.9915439	-0.9753109	-0.9703669	-0.9777074	-0.9784311	-0.9759783	-0.9627302	-0.9555163	-0.9555163
1765127160	-0.9842736	-0.9720804	-0.9862911	-0.9843594	-0.9641882	-0.998009	-0.9702838	-0.9863834	-0.9901398	-0.975	-0.9702114	-0.976776	-0.983093	-0.9745763	-0.9653746	-0.9607789	-0.9607789
1765130160	-0.9795931	-0.9727029	-0.9823966	-0.9840479	-0.964964	-0.9989423	-0.9688894	-0.9845223	-0.9876435	-0.9725124	-0.9702114	0.9746026	-0.9722153	-0.97333	-0.9551083	-0.9607789	-0.9551083
1765133160	-0.9838055	-0.9741036	-0.98707	-0.986073	-0.9651192	-0.9970757	-0.9709036	-0.9860732	-0.992012	-0.9763993	-0.9719216	-0.9787941	-0.9834038	-0.9764457	-0.9649079	-0.960005	-0.960005
1765136160	-0.9794371	-0.9588521	-0.9761653	-0.9799975	-0.9522406	-0.9922536	-0.9585089	-0.9758375	-0.9776585	-0.9662935	-0.9633706	-0.9659091	-0.9703506	-0.9717722	-0.954175	-0.9483965	-0.9483965
1765139160	-0.9820894	-0.9730142	-0.985668	-0.9856057	-0.966826	-0.9995645	-0.972143	-0.987469	-0.9927921	-0.9765547	-0.9725435	-0.9781731	-0.9832484	-0.9759783	-0.9614858	-0.9612432	-0.9612432
1765142160	-0.9825574	-0.9741036	-0.9869143	-0.9868519	-0.9672915	-1.000187	-0.9726078	-0.9876241	-0.9931041	-0.9762438	-0.97301	-0.9789493	-0.9852685	-0.9786266	-0.9700411	-0.9620171	-0.9620171
1765145160	-0.9803732	-0.9647659	-0.9845775	-0.9807764	-0.9599988	-0.9931869	-0.9684246	-0.983902	-0.9896717	-0.9725124	-0.970056	-0.9721187	-0.9714383	-0.9692797	-0.9650635	-0.9586119	-0.9586119
1765148160	-0.9774089	-0.9744148	-0.9867585	-0.98249	-0.9680673	-0.9952091	-0.9726078	-0.9871588	-0.9935721	-0.9771766	-0.9714552	-0.9783284	-0.9851131	-0.9761341	-0.966619	-0.9621719	-0.9621719
1765151160	-0.9855217	-0.9747261	-0.9861353	-0.9874751	-0.9683776	-0.9964535	-0.9732276	-0.9876241	-0.9934161	-0.9770211	-0.9725435	-0.9805017	-0.98387	-0.9787824	-0.9560416	-0.9570641	-0.9560416
1765154160	-0.9833375	-0.9733254	-0.9867585	-0.9845152	-0.9676018	-0.9989423	-0.9729177	-0.9871588	-0.9941962	-0.9757774	-0.9723881	-0.9794151	-0.9857347	-0.9784708	-0.9661523	-0.9565998	-0.9565998
1765157160	-0.9841176	-0.9722361	-0.9855122	-0.9854499	-0.9686879	-0.9989423	-0.9709036	-0.987469	-0.9946643	-0.9777985	-0.9737873	0.980036	-0.9809175	-0.9775361	-0.9698855	-0.9618623	-0.9618623
1765160160	-0.9853657	-0.9745705	-0.9850449	-0.9842036	-0.9691534	-0.9958313	-0.9741572	-0.9879342	-0.9956003	-0.9773321	-0.9747201	-0.9801913	-0.9860455	-0.9781593	-0.9675523	-0.9620171	-0.9620171
1765163160	-0.9714803	-0.9627428	-0.9736727	-0.9795302	-0.9531715	-0.994898	-0.9557201	-0.9690136	-0.9799988	-0.9600746	-0.9605721	0.9690139	-0.968952	-0.9594654	-0.9619525	-0.9483965	-0.9483965
1765166160	-0.9875499	-0.9756599	-0.9887836	-0.9885656	-0.9693086	-0.9947424	-0.9736924	-0.9891749	-0.9945082	-0.9784204	-0.9742537	-0.9808122	-0.9844915	-0.9784708	-0.9686411	-0.9635649	-0.9635649
1765169160	-0.9873939	-0.9762824	-0.9887836	-0.9891887	-0.967757	-0.9992534	-0.9710585	-0.9876241	-0.9952883	-0.9785759	-0.9739428	0.9801913	-0.9802959	-0.9770688	-0.9669301	-0.962791	-0.962791
1765172160	-0.9847416	-0.9742592	-0.9864469	-0.9873193	-0.967757	-0.9984756	-0.9726078	-0.9866935	-0.9935721	-0.9754664	-0.9719216	0.9786388	-0.9844915	-0.9773804	-0.9658412	-0.9607789	-0.9607789
1765175160	-0.9730404	-0.9723917	-0.9841102	-0.9843594	-0.9665156	-0.9983201	-0.9678049	-0.9823511	-0.99248	-0.9729789	-0.9719216	-0.976155	-0.9834038	-0.9713048	-0.9526195	-0.9575285	-0.9526195
1765178160	-0.9803732	-0.9653884	-0.9809945	-0.9781281	-0.9615504	-0.9885204	-0.9639316	-0.9835918	-0.9890477	-0.9704913	-0.9666356	-0.9721187	-0.9778095	-0.9714606	-0.9557305	-0.9539685	-0.9539685
1765181160	-0.9813093	-0.9745705	-0.9830197	-0.9870077	-0.9643433	-0.9986312	-0.9733825	-0.9877792	-0.9927921	-0.9768657	-0.9716107	-0.9784836	-0.9793635	-0.9714606	-0.9650635	-0.9567546	-0.9567546
1765181760	-0.9819333	-0.9641434	-0.9809945	-0.9792186	-0.9626365	-0.9925647	-0.9702838	-0.9852978	-0.9879556	-0.9739117	-0.9705224	-0.9711873	-0.9770326	-0.9766014	-0.9423532	-0.9610884	-0.9423532
1765182360	-0.978813	-0.9674116	-0.9800598	-0.9778166	-0.9579816	-0.9964535	-0.9574244	-0.9789392	-0.9910759	-0.9703358	-0.9663246	0.9742921	-0.9728369	-0.9695912	-0.929287	-0.9446818	-0.929287
1765182960	-0.9828694	-0.9759711	-0.9867585	-0.9843594	-0.967757	-1.000964	-0.9712134	-0.987469	-0.9941962	-0.9763993	-0.9728545	-0.9786388	-0.9813836	-0.979094	-0.9622636	-0.9620171	-0.9620171
1765183560	-0.9825574	-0.9734811	-0.9859796	-0.9857615	-0.9651192	-0.9981645	-0.9729177	-0.9862283	-0.9890477	-0.9771766	-0.9712998	-0.976776	-0.9768772	-0.9742647	-0.9638191	-0.9603145	-0.9603145
1765184160	-0.9746006	-0.9730142	-0.9859796	-0.9854499	-0.9676018	-0.99972	-0.9712134	-0.9868486	-0.99248	-0.9748445	-0.9723881	-0.9770864	-0.9832484	-0.976913	-0.9653746	-0.9603145	-0.9603145
1765184760	-0.9794371	-0.9755042	-0.985668	-0.9868519	-0.9676018	-0.9998756	-0.9735374	-0.9868486	-0.9909199	-0.9768657	-0.9722326	0.9787941	-0.9840254	-0.9776919	-0.9638191	-0.962791	-0.962791
1765185360	-0.949482	-0.9719248	-0.9814619	-0.973922	-0.9584471	-0.981054	-0.9620724	-0.9769231	-0.9873315	-0.9672264	-0.964148	-0.9746026	-0.957142	-0.9613347	-0.9505973	-0.9581476	-0.949482
1765185960	-0.9795931	-0.9747261	-0.9836428	-0.9848268	-0.9655847	-0.9978534	-0.9713684	-0.987469	-0.9910759	-0.9757774	-0.9703669	0.9789493	-0.9827822	-0.9759783	-0.9577526	-0.960005	-0.9577526
1765186560	-0.9841176	-0.9727029	-0.9859796	-0.9877866	-0.966826	-0.9983201	-0.9704388	-0.9870037	-0.9917	-0.9770211	-0.9733209	-0.9772417	-0.9806067	-0.9762899	-0.963508	-0.9567546	-0.9567546
1765187160	-0.9808412	-0.9695904	-0.9837986	-0.9849826	-0.9666708	-0.998009	-0.9684246	-0.9870037	-0.9871755	-0.9746891	-0.9706779	0.9778626	-0.9801405	-0.957596	-0.904399	-0.9542781	-0.904399
1765187760	-0.9833375	-0.9744148	-0.9853564	-0.9870077	-0.9651192	-0.9987867	-0.9656358	-0.9862283	-0.9912319	-0.975	-0.9723881	-0.9764655	-0.9759448	-0.9770688	-0.9507529	-0.9569094	-0.9507529
1765188360	-0.9842736	-0.9716135	-0.9847333	-0.9857615	-0.9651192	-0.998009	-0.9724529	-0.9868486	-0.991856	-0.975	-0.9719216	-0.9773969	-0.9734585	-0.9756667	-0.9459308	-0.9575285	-0.9459308
1765188960	-0.9769408	-0.9727029	-0.9855122	-0.9838921	-0.9669811	-0.9955202	-0.9710585	-0.9866935	-0.9917	-0.9754664	-0.972699	-0.9764655	-0.9816944	-0.9742647	-0.9361312	-0.9539685	-0.9361312
1765189560	-0.9824014	-0.9734811	-0.9861353	-0.9866962	-0.964033	-0.9978534	-0.9712134	-0.9828164	-0.99248	-0.9739117	-0.9725435	-0.9756893	-0.9523247	-0.9753552	-0.9565082	-0.9592311	-0.9523247
1765190160	-0.9708562	-0.9655441	-0.9803714	-0.9787512	-0.9595333	-0.9945869	-0.9622273	-0.9842122	-0.9842112	-0.9711132	-0.9675684	-0.9704111	-0.9695736	-0.9677218	-0.9263315	-0.9558259	-0.9263315
1765190760	-0.9825574	-0.9737923	-0.9844217	-0.9863846	-0.963102	-0.9976979	-0.9712134	-0.9856079	-0.9895157	-0.9748445	-0.9702114	0.9759998	-0.9784311	-0.9772246	-0.9507529	-0.9596954	-0.9507529
1765191360	-0.9805292	-0.9706798	-0.9853564	-0.9859172	-0.9651192	-0.9978534	-0.9702838	-0.9870037	-0.9909199	-0.9754664	-0.9708333	-0.9773969	-0.9816944	-0.975511	-0.9642857	-0.960005	-0.960005
1765191960	-0.9838055	-0.9730142	-0.9858238	-0.9845152	-0.9644985	-0.9973868	-0.9688894	-0.9840571	-0.9907639	-0.9753109	-0.9702114	-0.9781731	-0.9743909	-0.9761341	-0.9641302	-0.9552068	-0.9552068
1765192560	-0.978657	-0.9727029	-0.984266	-0.9859172	-0.9660501	-0.9992534	-0.9687345	-0.9859181	-0.9915439	-0.9748445	-0.9708333	-0.976776	-0.9834038	-0.9713048	-0.9575971	-0.9606241	-0.9575971
1765193160	-0.9834935	-0.9723917	-0.9861353	-0.9865404	-0.9657398	-0.9961424	-0.9693542	-0.9852978	-0.9909199	-0.9751555	-0.970056	0.9775522	-0.9747016	-0.9756667	-0.9488863	-0.9595406	-0.9488863
1765196160	-0.9836495	-0.9734811	-0.9847333	-0.9838921	-0.9644985	-0.9987867	-0.9715233	-0.9851427	-0.992168	-0.9751555	-0.9714552	0.9780179	-0.981539	-0.9753552	-0.9610192	-0.9593858	-0.9593858
1765199160	-0.9831815	-0.9728586	-0.9828639	-0.9854499	-0.9662053	-0.9986312	-0.9705937	-0.9859181	-0.9902958	-0.9714241	-0.9703669	-0.9763102	-0.9795189	-0.9727069	-0.9588415	-0.957838	-0.957838
1765202160	-0.9841176	-0.9748817	-0.9866027	-0.9871635	-0.9663605	-0.9990978	-0.9718332	-0.9870037	-0.9932601	-0.9754664	-0.9712998	-0.9787941	-0.9806067	-0.9761341	-0.9639746	-0.9579928	-0.9579928
1765205160	-0.9838055	-0.9733254	-0.9873816	-0.9854499	-0.9669811	-0.9978534	-0.9712134	-0.9870037	-0.9917	-0.9768657	-0.9716107	-0.9791046	-0.9795189	-0.9775361	-0.9681745	-0.9596954	-0.9596954
1765208160	-0.9806852	-0.9705242	-0.9862911	-0.9831132	-0.966826	-0.9959868	-0.969974	-0.9866935	-0.9896717	-0.9754664	-0.9685012	-0.9773969	-0.9812282	-0.9759783	-0.9653746	-0.9615527	-0.9615527
1765211160	-0.9819333	-0.9717692	-0.9844217	-0.9842036	-0.9652743	-0.9989423	-0.969974	-0.9852978	-0.9898278	-0.9746891	-0.9717662	0.9770864	-0.9747016	-0.976913	-0.9547972	-0.9598502	-0.9547972
1765214160	-0.9817773	-0.9734811	-0.985668	-0.9856057	-0.9663605	-0.9986312	-0.9707486	-0.9866935	-0.9907639	-0.9767102	-0.9725435	0.9784836	-0.9816944	-0.9736416	-0.949664	-0.9606241	-0.949664
1765217160	-0.9816213	-0.9720804	-0.9859796	-0.9862288	-0.9671363	-0.9992534	-0.9693542	-0.9865385	-0.992324	-0.9762438	-0.9716107	0.9741369	-0.9841808	-0.9722395	-0.9694189	-0.961398	-0.961398
1765220160	-0.9834935	-0.9734811	-0.9867585	-0.9865404	-0.9660501	-0.9983201	-0.9730726	-0.9852978	-0.99248	-0.9756219	-0.9722326	-0.9766207	-0.9816944	-0.9773804	-0.9659968	-0.9573737	-0.9573737
1765223160	-0.9820894	-0.9728586	-0.9848891	-0.9865404	-0.9666708	-0.9987867	-0.9715233	-0.9870037	-0.9931041	-0.9756219	-0.9709888	-0.9781731	-0.9807621	-0.9766014	-0.9624191	-0.9624814	-0.9624191
1765226160	-0.9731965	-0.960564	-0.9771	-0.9798417	-0.9548784	0.991787	-0.949058	-0.9794045	-0.9687656	-0.9580535	-0.9565299	-0.9648224	-0.976411	-0.9585307	-0.9602414	-0.9524208	-0.949058
1765229160	-0.9825574	-0.9755042	-0.9872258	-0.9871635	-0.9676018	-0.9987867	-0.9724529	-0.9882444	-0.9949763	-0.9765547	-0.9733209	-0.9803465	-0.9862009	-0.971928	-0.9636635	-0.9634101	-0.9634101
1765232160	-0.9848977	-0.9747261	-0.9872258	-0.988254	-0.967757	-0.9992534	-0.9741572	-0.9877792	-0.9948203	-0.9765547	-0.9740983	-0.9797255	-0.9860455	-0.9766014	-0.9686411	-0.9604693	-0.9604693
1765235160	-0.9742886	-0.9758155	-0.987849	-0.984671	-0.9696189	-1.000342	-0.972143	-0.9870037	-0.9937282	-0.9784204	-0.9740983	-0.9801913	-0.9801405	-0.9761341	-0.9546416	-0.9629458	-0.9546416
1765271160	-0.9799051	-0.9728586	-0.9816176	-0.9796859	-0.964033	-0.9944313	-0.9665654	-0.9842122	-0.9910759	-0.9718905	-0.9672575	0.972274	-0.9722153	-0.9681892	-0.9552638	-0.9575285	-0.9552638
1765274160	-0.9624314	-0.9669447	-0.976321	-0.9787512	-0.9548784	-0.9938091	-0.9665654	-0.9817308	-0.9881116	-0.9676928	-0.9636816	0.9669958	-0.9736139	-0.9702144	-0.9519973	-0.9539685	-0.9519973
1765277160	-0.9738205	-0.9705242	-0.9797483	-0.9829574	-0.9624814	-0.9919425	-0.9626921	-0.9811104	-0.9859274	-0.9697139	-0.9705224	-0.9744473	-0.9719045	-0.9737974	-0.9532417	-0.9570641	-0.9532417
1765280160	-0.9769408	-0.9569846	-0.9794367	-0.9790628	-0.9590678	-0.990387	-0.9568047	-0.9781638	-0.9781266	-0.9628731	-0.9605721	0.967772	-0.9762556	-0.9664756	-0.9535528	-0.9535042	-0.9535042
1765283160	-0.9831815	-0.970991	-0.9831755	-0.984671	-0.9638779	-0.9944313	-0.963002	-0.9806452	-0.9892037	-0.9704913	-0.9633706	-0.9719635	-0.9675535	-0.9660082	-0.9515306	-0.9573737	-0.9515306
1765286160	-0.978033	-0.9661666	-0.9816176	-0.9812438	-0.9626365	-0.9970757	-0.9631569	-0.9818859	-0.9888917	-0.9706468	-0.9695896	0.9741369	-0.9734585	-0.9694354	-0.9552638	-0.9454557	-0.9454557
1765289160	-0.9752247	-0.9671003	-0.9760095	-0.9781281	-0.9592229	-0.993498	-0.9633118	-0.9772333	-0.9857713	-0.9680037	-0.9647699	0.9674615	-0.9739247	-0.9664756	-0.9585304	-0.9547424	-0.9547424
1765292160	-0.9764728	-0.9602527	-0.9744516	-0.9715852	-0.9523957	-0.9860316	-0.9605231	-0.9804901	-0.9815589	-0.9645833	-0.961505	0.9701006	-0.9672427	-0.9605558	-0.9543305	-0.9570641	-0.9523957
1765295160	-0.9817773	-0.9695904	-0.9844217	-0.9849826	-0.9624814	-0.9978534	-0.9688894	-0.9852978	-0.9907639	-0.9729789	-0.9709888	-0.9770864	-0.9801405	-0.9758225	-0.9619525	-0.9593858	-0.9593858
1765298160	-0.9721043	-0.9622759	-0.9732054	-0.9759472	-0.9607746	-0.9911648	-0.9643964	-0.9811104	-0.982651	-0.9648943	-0.9597948	0.9651329	-0.9747016	-0.9552592	-0.954175	-0.9559807	-0.954175
1765301160	-0.9833375	-0.9720804	-0.9850449	-0.9862288	-0.9651192	-0.9981645	-0.9693542	-0.9851427	-0.9885796	-0.9757774	-0.969745	0.9784836	-0.9774988	-0.9770688	-0.966619	-0.9569094	-0.9569094
1765304160	-0.978345	-0.968501	-0.9755421	-0.98249	-0.9604643	0.9955202	-0.9599033	-0.9823511	-0.9862394	-0.9711132	-0.9652363	-0.9688587	-0.9753232	-0.943264	-0.9580637	-0.956445	-0.943264
1765307160	-0.9844296	-0.975193	-0.98707	-0.9870077	-0.9672915	-1.000498	-0.972143	-0.9873139	-0.992636	-0.9760883	-0.9734764	-0.9795703	-0.982316	-0.9787824	-0.9663079	-0.9621719	-0.9621719
1765310160	-0.9767848	-0.9703685	-0.9809945	-0.978907	-0.9635675	-0.9938091	-0.9643964	-0.9772333	-0.9895157	-0.9680037	-0.9708333	0.9735159	-0.9711275	-0.9666314	-0.9600859	-0.9544329	-0.9544329
1765313160	-0.9841176	-0.9736367	-0.9855122	-0.9865404	-0.967757	-0.9983201	-0.9718332	-0.9880893	-0.9935721	-0.9767102	-0.9737873	0.9801913	-0.9788973	-0.9753552	-0.9667745	-0.9623266	-0.9623266
1765316160	-0.9809973	-0.9758155	-0.9880047	-0.9876309	-0.9697741	-1.000653	-0.9740022	-0.9883995	-0.9951323	-0.977643	-0.9740983	-0.9801913	-0.9848023	-0.9786266	-0.9661523	-0.9609336	-0.9609336
1765319160	-0.9836495	-0.976438	-0.9880047	-0.9876309	-0.9688431	-1.000653	-0.9736924	-0.9870037	-0.9949763	-0.9763993	-0.9734764	-0.9811227	-0.9854239	-0.9797171	-0.9677078	-0.9615527	-0.9615527
1765322160	-0.9845856	-0.9759711	-0.9859796	-0.9863846	-0.9691534	-0.9964535	-0.9747769	-0.9891749	-0.992636	-0.9773321	-0.9744092	0.9805017	-0.9855793	-0.9806518	-0.9686411	-0.9637197	-0.9637197
1765325160	-0.9814653	-0.9756599	-0.9867585	-0.9888771	-0.9689983	-1.001431	-0.9743121	-0.9891749	-0.9946643	-0.9790423	-0.9747201	0.9808122	-0.9858901	-0.9772246	-0.9719077	-0.962791	-0.962791
1765328160	-0.9817773	-0.9681897	-0.9839544	-0.98249	-0.9621711	-0.9941202	-0.9631569	-0.9763027	-0.9876435	-0.9703358	-0.9655473	-0.971032	-0.9796743	-0.9488721	-0.9678634	-0.9545877	-0.9488721
1765331160	-0.9844296	-0.9745705	-0.9895626	-0.9868519	-0.9693086	-1.001431	-0.9743121	-0.9890199	-0.9960684	-0.9774876	-0.9744092	0.9808122	-0.983093	-0.9781593	-0.9650635	-0.9640292	-0.9640292
1765334160	-0.9934785	-0.9781499	-0.9903415	-0.9909023	-0.9714809	-1.004231	-0.976791	-0.9908809	-0.9973165	-0.9799751	-0.975653	-0.9831408	-0.9908628	-0.9825212	-0.9768853	-0.9657318	-0.9657318
1765337160	-0.9848977	-0.9762824	-0.9886279	-0.9893445	-0.9696189	-1.001587	-0.9736924	-0.9897953	-0.9963804	-0.9791978	-0.9758085	0.9815884	-0.9875995	-0.9803402	-0.9684856	-0.9643388	-0.9643388
1765340160	-0.9917624	-0.9762824	-0.989251	-0.9884098	-0.9691534	-1.002209	-0.974622	-0.9887097	-0.9956003	-0.9773321	-0.9742537	-0.9803465	-0.9896196	-0.980496	-0.974552	-0.9649579	-0.9649579
1765343160	-0.9579069	-0.9577627	-0.9679088	-0.9726757	-0.9455685	-0.9784097	-0.9535511	-0.9766129	-0.9814029	-0.9592973	-0.9618159	-0.9604757	-0.9610269	-0.9686565	-0.9614858	-0.955052	-0.9455685
1765346160	-0.9805292	-0.9671003	-0.9760095	-0.9807764	-0.9581368	-0.9938091	-0.9643964	-0.9739764	-0.9645532	-0.9645833	-0.952954	0.9489878	-0.9810728	-0.9709933	-0.9658412	-0.960005	-0.9489878
1765349160	-0.9733525	-0.9604084	-0.9671299	-0.9706505	-0.9525509	-0.9858761	-0.9620724	-0.9730459	-0.9812469	-0.9701803	-0.9594838	-0.9665301	-0.9712829	-0.9700586	-0.9421976	-0.957838	-0.9421976
1765352160	-0.978189	-0.9695904	-0.9837986	-0.9837363	-0.9657398	-0.9976979	-0.9701289	-0.9852978	-0.9887356	-0.9734453	-0.9702114	0.9764655	-0.974857	-0.9703701	-0.9607081	-0.9581476	-0.9581476
1765355160	-0.9647716	-0.9422	-0.9629237	-0.9647308	-0.9336209	-0.9868094	-0.953706	-0.9798697	-0.9778145	-0.9633396	-0.9537313	-0.9607861	-0.9628916	-0.9547919	-0.9477974	-0.9516469	-0.9336209
1765358160	-0.968984	-0.9669447	-0.976321	-0.9773492	-0.9562748	-0.9906981	-0.9664105	-0.9797146	-0.9795307	-0.9709577	-0.958551	-0.9652881	-0.9762556	-0.9691239	-0.9197984	-0.9542781	-0.9197984
1765361160	-0.9608712	-0.9647659	-0.9769442	-0.973922	-0.953637	-0.985565	-0.9605231	-0.9780087	-0.97251	-0.9703358	-0.9638371	-0.9708768	-0.9719045	-0.9642946	-0.9488863	-0.94592	-0.94592
1765364160	-0.9677359	-0.9532495	-0.9674414	-0.968158	-0.9471202	-0.982454	-0.9512271	-0.9699442	-0.9703258	-0.9616294	-0.9566853	-0.9586128	-0.9641348	-0.9440429	-0.9303758	-0.9338472	-0.9303758
1765367160	-0.9352846	-0.932551	-0.9331692	-0.9169055	-0.9131393	-0.9323668	-0.9273674	-0.9316377	-0.8985584	-0.9275808	-0.9251244	0.91173	-0.9605607	-0.9529225	-0.9560416	-0.9439079	-0.8985584
1765370160	-0.9772529	-0.9608752	-0.9791251	-0.9771934	-0.9558093	-0.9927203	-0.9600583	-0.9792494	-0.9682976	-0.9669154	-0.9607276	-0.9618728	-0.9751678	-0.9660082	-0.963508	-0.9593858	-0.9558093
1765373160	-0.9700761	-0.9518489	-0.9772557	-0.9779723	-0.947896	-0.9889871	-0.9586639	-0.9758375	-0.972354	-0.9613184	-0.955908	-0.9584575	-0.9659995	-0.9669429	-0.9619525	-0.956445	-0.947896
1765376160	-0.9682039	-0.9683454	-0.9794367	-0.9801533	-0.9576713	-0.9897648	-0.9631569	-0.9801799	-0.9904518	-0.9714241	-0.9688122	-0.971653	-0.9706614	-0.9613347	-0.9596192	-0.9491704	-0.9491704
1765379160	-0.9794371	-0.9675672	-0.982085	-0.9818669	-0.9596884	-0.9950535	-0.9643964	-0.9834367	-0.9849913	-0.9698694	-0.966791	-0.9702558	-0.9709722	-0.9711491	-0.9574415	-0.9525755	-0.9525755
1765382160	-0.9763168	-0.9667891	-0.976321	-0.9807764	-0.9617056	-0.9933425	-0.9642414	-0.9815757	-0.982651	-0.9711132	-0.9478234	-0.9649776	-0.970506	-0.9614905	-0.960397	-0.9544329	-0.9478234
1765385160	-0.9755367	-0.9638322	-0.9809945	-0.9778166	-0.9607746	-0.9930314	-0.9645513	-0.9817308	-0.9857713	-0.9715796	-0.964148	0.9728949	-0.9750124	-0.9702144	-0.9566638	-0.9531947	-0.9531947
1765388160	-0.9705442	-0.9569846	-0.9728938	-0.9750125	-0.9494476	-0.9858761	-0.9555652	-0.9719603	-0.9650212	-0.9568097	-0.9521766	-0.9550422	-0.9712829	-0.9577517	-0.9591526	-0.9569094	-0.9494476
1765391160	-0.9834935	-0.9745705	-0.9859796	-0.9856057	-0.965895	-0.9986312	-0.972298	-0.9871588	-0.9934161	-0.9759328	-0.9711443	-0.9792598	-0.983093	-0.9759783	-0.9686411	-0.9601597	-0.9601597
1765394160	-0.9663318	-0.9485807	-0.9644816	-0.9602131	-0.9514647	-0.977943	-0.9417762	-0.9691687	-0.9756303	-0.9505908	-0.9453358	0.9506955	-0.9659995	-0.9515204	-0.9540194	-0.9476226	-0.9417762
1765397160	-0.9824014	-0.9737923	-0.9864469	-0.9851383	-0.9657398	-0.9986312	-0.9715233	-0.9877792	-0.9927921	-0.9757774	-0.97301	-0.9784836	-0.9852685	-0.9767572	-0.9681745	-0.9593858	-0.9593858
1765400160	-0.9842736	-0.9742592	-0.9869143	-0.988254	-0.9683776	-0.9970757	-0.9726078	-0.9880893	-0.9943522	-0.9765547	-0.9737873	0.9797255	-0.9750124	-0.9784708	-0.9680189	-0.9624814	-0.9624814
1765403160	-0.9838055	-0.9747261	-0.98707	-0.9874751	-0.9674466	-0.9995645	-0.9729177	-0.9870037	-0.9952883	-0.9774876	-0.9739428	-0.9798808	-0.9858901	-0.9780035	-0.9557305	-0.9618623	-0.9557305
1765406160	-0.9806852	-0.9750374	-0.9853564	-0.9852941	-0.966826	-1.000653	-0.9730726	-0.9871588	-0.9948203	-0.9760883	-0.9737873	-0.9801913	-0.9841808	-0.9787824	-0.9700411	-0.962791	-0.962791
1765409160	-0.9708562	-0.9742592	-0.9825523	-0.98249	-0.967757	-1.000498	-0.9707486	-0.987469	-0.9912319	-0.9762438	-0.9722326	-0.9792598	-0.9798297	-0.9762899	-0.9627302	-0.9598502	-0.9598502
1765412160	-0.9834935	-0.9678785	-0.9819292	-0.978907	-0.9596884	-0.9927203	-0.9633118	-0.9795596	-0.9817149	-0.9670709	-0.9601057	0.9693244	-0.9790527	-0.9742647	-0.9669301	-0.9576833	-0.9576833
1765415160	-0.9817773	-0.9758155	-0.987849	-0.9877866	-0.967757	-1.001276	-0.9738473	-0.9882444	-0.9943522	-0.9777985	-0.9742537	-0.9798808	-0.9860455	-0.9778477	-0.966619	-0.9631005	-0.9631005
1765418160	-0.9852097	-0.9745705	-0.9872258	-0.9884098	-0.9691534	-1.00112	-0.9727628	-0.98933	-0.992168	-0.9768657	-0.9717662	-0.9770864	-0.9834038	-0.9792498	-0.9736187	-0.9634101	-0.9634101
1765421160	-0.9925424	-0.9772161	-0.9898741	-0.9899676	-0.9708602	-1.002209	-0.9760164	-0.9899504	-0.9956003	-0.9795087	-0.9754975	0.9822094	-0.9860455	-0.9761341	-0.9761075	-0.9648031	-0.9648031
1765424160	-0.9855217	-0.9761267	-0.9883163	-0.9885656	-0.9694638	-1.001587	-0.974622	-0.9887097	-0.9946643	-0.9774876	-0.9723881	-0.9805017	-0.9883764	-0.9797171	-0.9712855	-0.9618623	-0.9618623
1765427160	-0.9714803	-0.963054	-0.9805272	-0.9796859	-0.9596884	-0.9938091	-0.9662556	-0.9766129	-0.9854593	-0.9706468	-0.9678794	0.9662196	-0.9734585	-0.9635157	-0.9617969	-0.9558259	-0.9558259
1765430160	-0.9646156	-0.961809	-0.9808387	-0.9831132	-0.9531715	-0.9945869	-0.9701289	-0.9825062	-0.9896717	-0.9703358	-0.9695896	0.9744473	-0.9740801	-0.9730184	-0.958997	-0.9547424	-0.9531715
1765433160	-0.9760047	-0.9703685	-0.9822408	-0.9732989	-0.9590678	-0.9978534	-0.9665654	-0.9808002	-0.9899838	-0.9739117	-0.9691231	-0.9753788	-0.9785865	-0.9713048	-0.9537083	-0.9598502	-0.9537083
1765436160	-0.9763168	-0.9675672	-0.9764768	-0.9790628	-0.9606194	-0.9944313	-0.9586639	-0.9840571	-0.9899838	-0.9714241	-0.9680348	-0.9724292	-0.9745462	-0.964762	-0.9460864	-0.9539685	-0.9460864
1765439160	-0.9725724	-0.9552727	-0.9791251	-0.9762587	-0.953637	-0.9945869	-0.9605231	-0.9776985	-0.9803108	-0.9687811	-0.9625933	0.9662196	-0.9659995	-0.9551034	-0.9320869	-0.9497895	-0.9320869
1765442160	-0.959155	-0.9552727	-0.965572	-0.9613036	-0.9418446	-0.9732765	-0.9529313	-0.9719603	-0.9672054	-0.9588308	-0.9527985	-0.9469697	-0.9628916	-0.9656967	-0.9474863	-0.9442174	-0.9418446
1765445160	-0.9728844	-0.9666335	-0.9792809	-0.9785955	-0.9612401	-0.9919425	-0.9642414	-0.9818859	-0.9879556	-0.9706468	-0.9666356	-0.9727397	-0.9700398	-0.9681892	-0.9513751	-0.9569094	-0.9513751
1765448160	-0.96836	-0.9638322	-0.9780346	-0.9750125	-0.9589126	-0.9928758	-0.9628471	-0.9781638	-0.9853033	-0.9600746	-0.9647699	-0.9649776	-0.9667765	-0.955415	-0.9516862	-0.9504086	-0.9504086
1765451160	-0.9809973	-0.9706798	-0.9837986	-0.9826458	-0.9612401	-0.9955202	-0.9701289	-0.9863834	-0.9873315	-0.9708022	-0.9674129	-0.9735159	-0.9784311	-0.9716164	-0.9653746	-0.9607789	-0.9607789
1765454160	-0.9710122	-0.9621203	-0.9766326	-0.9687812	-0.9615504	-0.9869649	-0.9602132	-0.9718052	-0.9789066	-0.963495	-0.9591729	0.967772	-0.9624254	-0.9638273	-0.9474863	-0.9384906	-0.9384906
1765457280	-0.9813093	-0.9702129	-0.9814619	-0.9820227	-0.9632572	-0.9976979	-0.9616076	-0.9811104	-0.9890477	-0.9681592	-0.9664801	-0.9730502	-0.9733031	-0.9713048	-0.9591526	-0.9559807	-0.9559807
1765459680	-0.9725724	-0.9600971	-0.9791251	-0.9807764	-0.9528612	-0.993498	-0.9637766	-0.9783189	-0.9623689	-0.9625622	-0.9608831	0.9607861	-0.9647563	-0.9630484	-0.9457753	-0.9507182	-0.9457753
1765464780	-0.978813	-0.9683454	-0.9822408	-0.9838921	-0.9644985	-0.9967646	-0.9684246	-0.9846774	-0.9890477	-0.9732898	-0.9689677	0.9741369	-0.9784311	-0.9727069	-0.9530861	-0.9538138	-0.9530861
1765467780	-0.978345	-0.9671003	-0.9761653	-0.9748567	-0.9603091	-0.9878982	-0.9664105	-0.9818859	-0.9806228	-0.9672264	-0.9619714	0.9707216	-0.9715937	-0.9702144	-0.9619525	-0.9491704	-0.9491704
1765470780	-0.9792811	-0.9566733	-0.9735169	-0.9737662	-0.9550335	-0.9894537	-0.9540159	-0.9761476	-0.9679855	-0.963806	-0.9579291	0.9623385	-0.9731477	-0.9630484	-0.9551083	-0.9510277	-0.9510277
1765473780	-0.9731965	-0.9621203	-0.9800598	-0.9771934	-0.9586023	-0.9905426	-0.9526215	-0.9776985	-0.9782826	-0.9675373	-0.9608831	-0.962649	-0.9762556	-0.9685007	-0.9608636	-0.9528851	-0.9526215
1765476780	-0.9824014	-0.9728586	-0.985668	-0.9862288	-0.9666708	-0.9992534	-0.9709036	-0.9852978	-0.9912319	-0.9746891	-0.9716107	0.9766207	-0.9832484	-0.9728627	-0.9549527	-0.9583024	-0.9549527
1765479780	-0.9813093	-0.9725473	-0.9855122	-0.9849826	-0.9672915	-0.9972312	-0.9716782	-0.9870037	-0.9932601	-0.9759328	-0.9723881	-0.9778626	-0.9840254	-0.9745763	-0.958997	-0.9604693	-0.958997
1765482780	-0.9824014	-0.9733254	-0.9859796	-0.9856057	-0.9660501	-0.9962979	-0.9705937	-0.9856079	-0.992636	-0.9757774	-0.9689677	0.976155	-0.977188	-0.9753552	-0.9610192	-0.9617075	-0.9610192
1765485780	-0.9824014	-0.9736367	-0.9853564	-0.986073	-0.9669811	-0.9992534	-0.9688894	-0.9848325	-0.991856	-0.9745336	-0.9703669	-0.9773969	-0.9818498	-0.9758225	-0.9577526	-0.9584572	-0.9577526
1765488780	-0.9858337	-0.973948	-0.9872258	-0.9852941	-0.9651192	-0.9992534	-0.9710585	-0.9871588	-0.9934161	-0.9689366	-0.9731654	0.9741369	-0.9826268	-0.9762899	-0.9600859	-0.9572189	-0.9572189
1765491780	-0.9809973	-0.9723917	-0.9855122	-0.9866962	-0.9669811	-0.9983201	-0.9735374	-0.9880893	-0.9943522	-0.9771766	-0.9739428	-0.9798808	-0.9848023	-0.9780035	-0.9664634	-0.9612432	-0.9612432
1765494780	-0.9836495	-0.973948	-0.98707	-0.9859172	-0.9674466	-1.000809	-0.9712134	-0.9882444	-0.9941962	-0.972357	-0.9725435	-0.9789493	-0.9851131	-0.9772246	-0.96973	-0.9581476	-0.9581476
1765497780	-0.9728844	-0.968501	-0.9827081	-0.975324	-0.9598436	-0.9910092	-0.9640865	-0.9795596	-0.9863954	-0.9714241	-0.9685012	-0.9702558	-0.9678642	-0.9636715	-0.9597748	-0.9521112	-0.9521112
1765500780	-0.9845856	-0.9664778	-0.9837986	-0.9835805	-0.9612401	-0.9964535	-0.9678049	-0.9856079	-0.9888917	-0.9726679	-0.9708333	-0.9711873	-0.9809175	-0.9709933	-0.9672412	-0.9612432	-0.9612401
1765503780	-0.9870819	-0.9769049	-0.9886279	-0.9891887	-0.9688431	-0.9969201	-0.9753966	-0.98933	-0.9960684	-0.977954	-0.9745647	-0.9801913	-0.9857347	-0.9808076	-0.9708188	-0.9640292	-0.9640292
1765506780	-0.9872379	-0.9762824	-0.987849	-0.9885656	-0.9686879	-1.000342	-0.9733825	-0.98933	-0.9959124	-0.9782649	-0.975342	-0.9809675	-0.9863563	-0.980496	-0.9725299	-0.9635649	-0.9635649
1765509780	-0.987862	-0.9762824	-0.9886279	-0.9884098	-0.9694638	-1.000653	-0.9753966	-0.98933	-0.9956003	-0.9788868	-0.9748756	-0.9815884	-0.9883764	-0.9783151	-0.9726854	-0.964184	-0.964184
1765512780	-0.9742886	-0.9604084	-0.9816176	-0.9714295	-0.9559645	-0.9874316	-0.9611428	-0.9733561	-0.9899838	-0.9676928	-0.9685012	-0.9663748	-0.9641348	-0.9688123	-0.9574415	-0.952266	-0.952266
1765515780	-0.9746006	-0.9583852	-0.9769442	-0.978907	-0.9572058	-0.9908537	-0.9611428	-0.9790943	-0.9857713	-0.9681592	-0.9601057	0.9683929	-0.9751678	-0.9700586	-0.9563527	-0.9497895	-0.9497895
1765518780	-0.9817773	-0.9733254	-0.9847333	-0.9870077	-0.9674466	-0.9990978	-0.9726078	-0.9883995	-0.9929481	-0.9768657	-0.9723881	-0.9786388	-0.968175	-0.9758225	-0.940331	-0.9609336	-0.940331
1765521780	-0.9792811	-0.9695904	-0.9844217	-0.9845152	-0.9644985	-0.9972312	-0.9705937	-0.9837469	-0.9893597	-0.9700249	-0.9669465	-0.9746026	-0.9781203	-0.9744205	-0.9599303	-0.9587667	-0.9587667
1765524780	-0.9777209	-0.9683454	-0.9837986	-0.9835805	-0.9644985	-0.9938091	-0.9681148	-0.982196	-0.9892037	-0.9726679	-0.9691231	0.9756893	-0.9740801	-0.9747321	-0.9505973	-0.9595406	-0.9505973
1765527780	-0.9797491	-0.9725473	-0.9844217	-0.9849826	-0.9655847	-0.9969201	-0.9687345	-0.9843672	-0.9899838	-0.9734453	-0.9702114	-0.9750683	-0.9785865	-0.9731742	-0.9512195	-0.9527303	-0.9512195
1765530780	-0.9678919	-0.9641434	-0.9769442	-0.9809322	-0.9596884	-0.9894537	-0.9670302	-0.9825062	-0.9849913	-0.9698694	-0.9664801	-0.9707216	-0.9747016	-0.9699028	-0.9457753	-0.9453009	-0.9453009
1765533780	-0.9671118	-0.9406437	-0.9663509	-0.9672233	-0.9455685	-0.9888315	-0.9506073	-0.9688586	-0.9779705	-0.9602301	-0.9633706	-0.9637357	-0.9402039	-0.9563497	-0.9488863	-0.944527	-0.9402039
1765536780	-0.9746006	-0.9619646	-0.9800598	-0.9781281	-0.9606194	-0.993498	-0.9643964	-0.9747519	-0.9859274	-0.9652052	-0.9629042	0.967151	-0.9739247	-0.9688123	-0.9593081	-0.9565998	-0.9565998
1765539780	-0.9643035	-0.9320842	-0.9448529	-0.956007	-0.9316038	-0.9630102	-0.9416212	-0.9631203	-0.9558163	-0.9459266	-0.94176	-0.9354819	-0.9583851	-0.9293993	-0.9482641	-0.9547424	-0.9293993
1765542780	-0.9727284	-0.9677229	-0.9774115	-0.9829574	-0.9618607	-0.9947424	-0.9620724	-0.9801799	-0.9863954	-0.9701803	-0.9653918	-0.972274	-0.970506	-0.962581	-0.955886	-0.936788	-0.936788
1765545780	-0.9819333	-0.9703685	-0.9814619	-0.9837363	-0.9620159	-0.9970757	-0.9684246	-0.9828164	-0.9898278	-0.9742226	-0.9680348	-0.9758445	-0.9767218	-0.9695912	-0.9513751	-0.9581476	-0.9513751
1765548780	-0.9605592	-0.9639878	-0.9760095	-0.9764145	-0.9627917	-0.9852539	-0.953706	-0.9781638	-0.9849913	-0.9687811	-0.9663246	0.9704111	-0.9678642	-0.9600885	-0.9561971	-0.9493252	-0.9493252
1765551780	-0.9772529	-0.9624315	-0.9710244	-0.9740778	-0.9567403	-0.9864983	-0.9552553	-0.9761476	-0.9750062	-0.9610075	-0.9605721	-0.9598547	-0.974857	-0.9476259	-0.9477974	-0.9559807	-0.9476259
1765554780	-0.9680479	-0.9675672	-0.9795925	-0.9795302	-0.95643	-0.9871205	-0.9631569	-0.9769231	-0.9871755	-0.9669154	-0.9638371	-0.9682377	-0.9729923	-0.9680334	-0.9565082	-0.9528851	-0.9528851
1765557780	-0.9702322	-0.9642991	-0.9730496	-0.9697159	-0.9586023	-0.9854094	-0.9588188	-0.9744417	-0.9701697	-0.9606965	-0.9484453	-0.9629595	-0.9754786	-0.966164	-0.9673967	-0.956445	-0.9484453
1765560780	-0.9794371	-0.9647659	-0.9789693	-0.9809322	-0.9570506	-0.9942758	-0.9673401	-0.9784739	-0.9862394	-0.9700249	-0.966791	0.9674615	-0.9790527	-0.9727069	-0.9569749	-0.9579928	-0.9569749
1765563780	-0.978813	-0.9552727	-0.976321	-0.9726757	-0.9508441	-0.9866538	-0.9529313	-0.9766129	-0.9789066	-0.9633396	-0.9563744	-0.958147	-0.968175	-0.9547919	-0.9636635	-0.9544329	-0.9508441
1765566780	-0.9803732	-0.9744148	-0.9864469	-0.9870077	-0.9655847	-0.9998756	-0.9716782	-0.9862283	-0.9927921	-0.9760883	-0.9725435	-0.9795703	-0.9813836	-0.9775361	-0.96973	-0.9583024	-0.9583024
1765569780	-0.9797491	-0.9737923	-0.9841102	-0.9857615	-0.9663605	-0.99972	-0.9718332	-0.9854529	-0.992636	-0.9759328	-0.9712998	-0.9784836	-0.9795189	-0.9736416	-0.9537083	-0.9610884	-0.9537083
1765572780	-0.9811533	-0.9742592	-0.9872258	-0.9874751	-0.9662053	-0.99972	-0.9732276	-0.9880893	-0.991856	-0.9763993	-0.9736318	-0.9795703	-0.9812282	-0.9773804	-0.9670856	-0.9621719	-0.9621719
1765575780	-0.9852097	-0.9747261	-0.9841102	-0.9848268	-0.9679121	-0.998009	-0.9710585	-0.9879342	-0.9940402	-0.9767102	-0.9706779	0.9794151	-0.9813836	-0.9781593	-0.9617969	-0.9618623	-0.9617969
1765578780	-0.9758487	-0.9597859	-0.9797483	-0.9768819	-0.9626365	-0.9883649	-0.9575793	-0.9772333	-0.9634611	-0.9614739	-0.9479789	-0.9527136	-0.9753232	-0.9569728	-0.9663079	-0.9539685	-0.9479789
1765581780	-0.9845856	-0.9742592	-0.9866027	-0.9849826	-0.9676018	-0.9994089	-0.9738473	-0.9880893	-0.9938842	-0.9771766	-0.9739428	-0.9794151	-0.9834038	-0.9781593	-0.9705077	-0.9609336	-0.9609336
1765584780	-0.9841176	-0.9744148	-0.9866027	-0.9874751	-0.9683776	-0.9990978	-0.9733825	-0.9845223	-0.9949763	-0.9763993	-0.972699	0.9797255	-0.9837146	-0.9742647	-0.9658412	-0.9621719	-0.9621719
1765587780	-0.9839616	-0.9734811	-0.9872258	-0.9870077	-0.9699292	-0.9987867	-0.9707486	-0.9868486	-0.9949763	-0.9726679	-0.9742537	-0.9795703	-0.9759448	-0.9751994	-0.9445309	-0.9638744	-0.9445309
1765590780	-0.9864578	-0.9727029	-0.9872258	-0.9885656	-0.9685328	-0.9978534	-0.9724529	-0.9883995	-0.9940402	-0.9753109	-0.9750311	-0.9808122	-0.981539	-0.9741089	-0.9691078	-0.9615527	-0.9615527
1765593780	-0.9869259	-0.9756599	-0.98707	-0.9873193	-0.9669811	-1.000031	-0.9732276	-0.9885546	-0.9948203	-0.977643	-0.9728545	-0.9801913	-0.9855793	-0.9781593	-0.9708188	-0.9618623	-0.9618623
1765596780	-0.9820894	-0.9762824	-0.98707	-0.9852941	-0.9682224	-1.000809	-0.9724529	-0.9876241	-0.9949763	-0.977643	-0.9747201	-0.9812779	-0.9851131	-0.9784708	-0.9684856	-0.9640292	-0.9640292
1765599780	-0.988018	-0.9761267	-0.9875374	-0.9862288	-0.9672915	-0.9958313	-0.9727628	-0.9876241	-0.9941962	-0.9753109	-0.9731654	0.9798808	-0.9854239	-0.9766014	-0.9602414	-0.961398	-0.9602414
1765602780	-0.9770969	-0.9731698	-0.9850449	-0.9857615	-0.9671363	-0.9930314	-0.9710585	-0.9862283	-0.9907639	-0.975	-0.9709888	-0.9777074	-0.981539	-0.9739531	-0.9418865	-0.9587667	-0.9418865
1765605780	-0.978501	-0.960564	-0.9774115	-0.9771934	-0.9586023	-0.9896093	-0.9662556	-0.9780087	-0.9818709	-0.9659826	-0.9685012	-0.9690139	-0.9790527	-0.9677218	-0.9437531	-0.9570641	-0.9437531
1765608780	-0.9802172	-0.9713023	-0.9847333	-0.9852941	-0.966826	-0.9998756	-0.9716782	-0.9862283	-0.9901398	-0.9754664	-0.9733209	0.9777074	-0.9742355	-0.976913	-0.9512195	-0.9587667	-0.9512195
1765611780	-0.9814653	-0.9706798	-0.9774115	-0.9826458	-0.9627917	-0.9931869	-0.9648612	-0.9815757	-0.9884236	-0.9746891	-0.970056	0.976776	-0.9734585	-0.969747	-0.9602414	-0.9531947	-0.9531947
1765614780	-0.9827134	-0.9691235	-0.9859796	-0.9856057	-0.9669811	-0.9992534	-0.9682697	-0.9859181	-0.9931041	-0.9759328	-0.972699	0.9780179	-0.9770326	-0.9762899	-0.9580637	-0.9553616	-0.9553616
1765617780	-0.9747566	-0.9720804	-0.9847333	-0.9795302	-0.9627917	-0.9981645	-0.969974	-0.983902	-0.9898278	-0.972357	-0.9714552	-0.9770864	-0.9736139	-0.9700586	-0.955886	-0.9592311	-0.955886
1765620780	-0.9811533	-0.9678785	-0.9833313	-0.9815553	-0.9610849	-0.996609	-0.9640865	-0.9832816	-0.9863954	-0.9703358	-0.9686567	0.9687034	-0.9793635	-0.9607116	-0.9656857	-0.9572189	-0.9572189
1765623780	-0.978813	-0.9683454	-0.9771	-0.9737662	-0.9559645	0.9897648	-0.9639316	-0.9800248	-0.9665814	-0.9628731	-0.9627488	-0.963891	-0.9729923	-0.9717722	-0.9663079	-0.9545877	-0.9545877
1765626780	-0.9763168	-0.9674116	-0.9809945	-0.9823342	-0.9612401	-0.9973868	-0.9661006	-0.9818859	-0.9910759	-0.9718905	-0.9683458	-0.9772417	-0.9677089	-0.9716164	-0.9521528	-0.9572189	-0.9521528
1765629780	-0.978657	-0.9711467	-0.9850449	-0.9828016	-0.9648088	-0.9967646	-0.9691993	-0.9842122	-0.9904518	-0.972046	-0.9717662	-0.9778626	-0.9684858	-0.9716164	-0.9437531	-0.9576833	-0.9437531
1765632780	-0.978657	-0.9730142	-0.9850449	-0.9842036	-0.965895	-0.9978534	-0.9705937	-0.9854529	-0.9913879	-0.9742226	-0.9722326	-0.9772417	-0.9673981	-0.9700586	-0.9588415	-0.9601597	-0.9588415
1765635780	-0.9822454	-0.9745705	-0.9848891	-0.9852941	-0.9674466	-0.9984756	-0.9685796	-0.9870037	-0.9910759	-0.9751555	-0.9709888	-0.9773969	-0.9806067	-0.9753552	-0.9622636	-0.9576833	-0.9576833
1765638780	-0.9830255	-0.9733254	-0.9859796	-0.9849826	-0.9669811	-0.9973868	-0.9719881	-0.9876241	-0.991856	-0.9754664	-0.972699	-0.9770864	-0.9798297	-0.9759783	-0.9628858	-0.9617075	-0.9617075
1765641780	-0.9792811	-0.9689679	-0.9819292	-0.9842036	-0.9648088	-0.9978534	-0.9678049	-0.9814206	-0.9874875	-0.9728234	-0.9699005	-0.9753788	-0.9714383	-0.971928	-0.9487307	-0.9604693	-0.9487307
1765644780	-0.9811533	-0.9728586	-0.9861353	-0.9859172	-0.9669811	-0.9984756	-0.969974	-0.9846774	-0.9927921	-0.9767102	-0.9728545	0.9778626	-0.9820052	-0.9734858	-0.9610192	-0.9572189	-0.9572189
1765647780	-0.9813093	-0.9745705	-0.9861353	-0.9865404	-0.9652743	-1.000342	-0.972298	-0.9868486	-0.992636	-0.9754664	-0.9720771	-0.9773969	-0.982316	-0.9766014	-0.9633524	-0.9593858	-0.9593858
1765650780	-0.9825574	-0.9703685	-0.9864469	-0.9865404	-0.9672915	-0.9983201	-0.9716782	-0.9859181	-0.9938842	-0.9767102	-0.9725435	-0.9780179	-0.9843362	-0.9767572	-0.9684856	-0.9609336	-0.9609336
1765653780	-0.9844296	-0.9736367	-0.9864469	-0.9863846	-0.966826	-0.9994089	-0.9709036	-0.9849876	-0.9927921	-0.9736007	-0.9728545	0.9778626	-0.9827822	-0.9703701	-0.9563527	-0.9583024	-0.9563527
1765656780	-0.9800612	-0.973948	-0.985668	-0.9866962	-0.9660501	-0.9983201	-0.9716782	-0.9863834	-0.9932601	-0.9763993	-0.9725435	-0.9792598	-0.9742355	-0.9737974	-0.9582193	-0.9601597	-0.9582193
1765659780	-0.9811533	-0.9686566	-0.974919	-0.9779723	-0.9581368	-0.9902315	-0.9554103	-0.9778536	-0.982183	-0.96676	-0.9602612	-0.9713425	-0.9666211	-0.9566613	-0.9628858	-0.9592311	-0.9554103
1765662780	-0.9819333	-0.9742592	-0.9858238	-0.9877866	-0.9682224	-0.9989423	-0.9726078	-0.9871588	-0.9929481	-0.9765547	-0.9728545	-0.9791046	-0.9848023	-0.976913	-0.9691078	-0.9542781	-0.9542781
1765665780	-0.9814653	-0.9747261	-0.985668	-0.9840479	-0.9669811	-0.9998756	-0.972298	-0.9880893	-0.9948203	-0.977643	-0.9731654	-0.9801913	-0.9827822	-0.979094	-0.9701966	-0.9618623	-0.9618623
1765668780	-0.9847416	-0.9638322	-0.9825523	-0.9806206	-0.9553438	-0.9945869	-0.9612977	-0.9763027	-0.9871755	-0.9672264	-0.9594838	-0.9739816	-0.9737693	-0.9630484	-0.9669301	-0.9603145	-0.9553438
1765671780	-0.9838055	-0.975193	-0.9803714	-0.9863846	-0.9679121	-0.9994089	-0.9733825	-0.9887097	-0.9931041	-0.977954	-0.9699005	-0.9803465	-0.9818498	-0.9801844	-0.9677078	-0.9606241	-0.9606241
1765674780	-0.9844296	-0.9730142	-0.98707	-0.9863846	-0.9672915	-1.000342	-0.9729177	-0.9876241	-0.9934161	-0.9759328	-0.9731654	-0.9784836	-0.9806067	-0.9794055	-0.9663079	-0.9604693	-0.9604693
1765677780	-0.9825574	-0.975193	-0.9875374	-0.9873193	-0.9689983	-0.9989423	-0.9729177	-0.9870037	-0.9952883	-0.9770211	-0.9747201	0.9801913	-0.9866671	-0.9783151	-0.9645968	-0.9632553	-0.9632553
1765680780	-0.9870819	-0.9773718	-0.9875374	-0.9891887	-0.9703947	-1.001276	-0.9733825	-0.9901055	-0.9966925	-0.977643	-0.9758085	-0.9823646	-0.9874441	-0.9797171	-0.9742409	-0.9635649	-0.9635649
1765683780	-0.9903582	-0.9765936	-0.9894068	-0.988254	-0.9702396	-1.001898	-0.9747769	-0.9891749	-0.9952883	-0.9790423	-0.9742537	-0.9811227	-0.9866671	-0.9780035	-0.9729965	-0.9638744	-0.9638744
1765686780	-0.9869259	-0.975193	-0.9866027	-0.988254	-0.9689983	-1.00112	-0.972298	-0.9880893	-0.9960684	-0.9784204	-0.9747201	-0.9801913	-0.9801405	-0.979094	-0.9664634	-0.9576833	-0.9576833
1765689780	-0.9867698	-0.9756599	-0.9876932	-0.989656	-0.9689983	-1.000342	-0.9741572	-0.98933	-0.9951323	-0.9767102	-0.9747201	-0.9795703	-0.9879102	-0.9787824	-0.9715966	-0.9638744	-0.9638744
1765692780	-0.9839616	-0.9727029	-0.9844217	-0.9880982	-0.9680673	-0.9975423	-0.9704388	-0.9888648	-0.9938842	-0.9757774	-0.9745647	-0.9798808	-0.9827822	-0.9780035	-0.96833	-0.9583024	-0.9583024
1765695780	-0.9721043	-0.9636765	-0.980683	-0.981088	-0.9646537	-0.985565	-0.9611428	-0.9831266	-0.9874875	-0.9731343	-0.9650808	-0.9739816	-0.9733031	-0.9734858	-0.9650635	-0.9581476	-0.9581476
1765698780	-0.9817773	-0.9742592	-0.9858238	-0.9863846	-0.9671363	-0.9967646	-0.9695092	-0.9859181	-0.9890477	-0.9753109	-0.9722326	-0.9797255	-0.9835592	-0.9713048	-0.9645968	-0.957838	-0.957838
1765701780	-0.9838055	-0.9733254	-0.9833313	-0.9857615	-0.9676018	-0.9984756	-0.9701289	-0.9811104	-0.992324	-0.9760883	-0.9720771	0.9786388	-0.9802959	-0.9744205	-0.9659968	-0.9590763	-0.9590763
1765704780	-0.9813093	-0.9744148	-0.9859796	-0.9852941	-0.965895	-0.9978534	-0.9696641	-0.9826613	-0.9912319	-0.9760883	-0.9720771	0.9783284	-0.981539	-0.9767572	-0.9627302	-0.9595406	-0.9595406
1765707780	-0.9795931	-0.9720804	-0.984266	-0.9868519	-0.9655847	-1.000187	-0.9718332	-0.9851427	-0.9927921	-0.9753109	-0.9716107	-0.9773969	-0.9820052	-0.9745763	-0.9608636	-0.955052	-0.955052
1765710780	-0.9716363	-0.9733254	-0.9847333	-0.981088	-0.9666708	-0.9931869	-0.9637766	-0.9848325	-0.992636	-0.9753109	-0.9720771	-0.976776	-0.9757894	-0.9653851	-0.9533972	-0.9556711	-0.9533972
1765713780	-0.978501	-0.970991	-0.9794367	-0.9829574	-0.964033	-0.9962979	-0.9661006	-0.9809553	-0.9892037	-0.972357	-0.970056	-0.9749131	-0.9754786	-0.9706817	-0.9555749	-0.9545877	-0.9545877
1765716780	-0.9828694	-0.9731698	-0.9850449	-0.9843594	-0.967757	-0.9995645	-0.972298	-0.9851427	-0.9929481	-0.9756219	-0.9705224	-0.9789493	-0.982316	-0.9764457	-0.9622636	-0.9603145	-0.9603145
1765719780	-0.9819333	-0.9627428	-0.9797483	-0.9821785	-0.9613952	-0.9953646	-0.9687345	-0.9866935	-0.9876435	-0.9701803	-0.9686567	-0.9711873	-0.9818498	-0.9764457	-0.9554194	-0.9595406	-0.9554194
1765722780	-0.9838055	-0.973948	-0.9866027	-0.9856057	-0.9665156	-0.9989423	-0.9687345	-0.9856079	-0.992324	-0.9773321	-0.9719216	-0.9789493	-0.9753232	-0.9772246	-0.9600859	-0.9606241	-0.9600859
1765725780	-0.9797491	-0.9736367	-0.9858238	-0.9862288	-0.9663605	-1.000031	-0.9716782	-0.9873139	-0.9931041	-0.9722015	-0.9712998	0.9769312	-0.9832484	-0.9772246	-0.9658412	-0.9601597	-0.9601597
1765728780	-0.9824014	-0.9734811	-0.9847333	-0.9849826	-0.9665156	-0.9983201	-0.9715233	-0.9849876	-0.992012	-0.9751555	-0.9720771	0.9763102	-0.9722153	-0.9750436	-0.9487307	-0.9565998	-0.9487307
1765731780	-0.9834935	-0.9722361	-0.9862911	-0.9852941	-0.9651192	-0.9989423	-0.9710585	-0.9862283	-0.9868635	-0.9732898	-0.9686567	-0.9764655	-0.983093	-0.976913	-0.9687967	-0.9617075	-0.9617075
1765734780	-0.9831815	-0.9725473	-0.985668	-0.9852941	-0.9652743	-0.9995645	-0.9704388	-0.9871588	-0.992324	-0.9768657	-0.9716107	-0.9772417	-0.9832484	-0.9758225	-0.9673967	-0.9604693	-0.9604693
1765737780	-0.9833375	-0.9734811	-0.9861353	-0.9866962	-0.9666708	-0.9989423	-0.9704388	-0.987469	-0.992636	-0.9760883	-0.9722326	-0.9783284	-0.9855793	-0.9781593	-0.9698855	-0.9606241	-0.9606241
1765740780	-0.9834935	-0.9730142	-0.9873816	-0.9856057	-0.966826	-0.9989423	-0.9715233	-0.9873139	-0.9932601	-0.9773321	-0.972699	-0.9787941	-0.9849577	-0.9775361	-0.9664634	-0.9604693	-0.9604693
1765743780	-0.9838055	-0.9722361	-0.9858238	-0.9857615	-0.9680673	-0.9976979	-0.9724529	-0.9879342	-0.992636	-0.9765547	-0.9737873	0.9787941	-0.9827822	-0.9766014	-0.9610192	-0.9598502	-0.9598502
1765746780	-0.9827134	-0.9755042	-0.9852006	-0.9866962	-0.9648088	-1.000498	-0.9709036	-0.9877792	-0.9937282	-0.9754664	-0.9728545	0.9795703	-0.9832484	-0.9772246	-0.9543305	-0.9626362	-0.9543305
1765749780	-0.9842736	-0.9728586	-0.9852006	-0.9832689	-0.9663605	-0.9975423	-0.9718332	-0.9877792	-0.9940402	-0.9748445	-0.9733209	-0.9786388	-0.9841808	-0.9778477	-0.9672412	-0.9631005	-0.9631005
1765752780	-0.9833375	-0.9755042	-0.9859796	-0.9873193	-0.967757	-0.9994089	-0.972298	-0.9873139	-0.992168	-0.9771766	-0.9744092	-0.9787941	-0.9733031	-0.9772246	-0.9659968	-0.9621719	-0.9621719
1765755780	-0.9824014	-0.9741036	-0.98707	-0.9848268	-0.9672915	-0.9990978	-0.972298	-0.9882444	-0.9945082	-0.9760883	-0.9722326	-0.9801913	-0.9858901	-0.9786266	-0.9655301	-0.9610884	-0.9610884
1765758780	-0.9856777	-0.9759711	-0.9873816	-0.9877866	-0.9689983	-1.00112	-0.9729177	-0.9890199	-0.9941962	-0.9767102	-0.9750311	-0.9811227	-0.9860455	-0.9794055	-0.9638191	-0.9632553	-0.9632553
1765761780	-0.9630554	-0.9675672	-0.9837986	-0.9843594	-0.9606194	-0.9964535	-0.9668753	-0.9848325	-0.9899838	-0.972357	-0.9689677	0.9738264	-0.9768772	-0.9741089	-0.9569749	-0.9547424	-0.9547424
1765764780	-0.9845856	-0.9748817	-0.9876932	-0.9884098	-0.9694638	-1.001431	-0.9729177	-0.9888648	-0.9945082	-0.9784204	-0.9725435	0.9791046	-0.9880656	-0.9798729	-0.9622636	-0.9593858	-0.9593858
1765767780	-0.9856777	-0.9770605	-0.9894068	-0.9898118	-0.9703947	-1.002209	-0.9755516	-0.9899504	-0.9957564	-0.9787313	-0.9747201	0.9809675	-0.9885318	-0.9806518	-0.9742409	-0.9651127	-0.9651127
1765770780	-0.9908263	-0.9772161	-0.9883163	-0.9888771	-0.9694638	-1.002831	-0.9743121	-0.9885546	-0.9959124	-0.9785759	-0.9751866	0.9808122	-0.9885318	-0.9801844	-0.9734632	-0.9637197	-0.9637197
1765773780	-0.9739765	-0.9457794	-0.9786578	-0.9796859	-0.9494476	-0.9902315	-0.9631569	-0.9784739	-0.9865514	-0.9697139	-0.9643035	-0.9696349	-0.9619592	-0.9663198	-0.941731	-0.9392645	-0.9392645
1765776780	-0.9604031	-0.9554283	-0.9697782	-0.9620825	-0.9586023	-0.9799652	-0.9552553	-0.9665323	-0.9812469	-0.9510572	-0.9602612	-0.9652881	-0.9569866	-0.9630484	-0.9575971	-0.9405027	-0.9405027
1765779780	-0.9767848	-0.9692791	-0.9769442	-0.9750125	-0.9567403	-0.9838539	-0.960678	-0.9783189	-0.9851473	-0.9653607	-0.9647699	0.9697901	-0.9576082	-0.969747	-0.9602414	-0.9519564	-0.9519564
1765782780	-0.9571268	-0.953872	-0.9699339	-0.9642635	-0.9519302	-0.9752987	-0.9512271	-0.9662221	-0.9803108	-0.9592973	-0.9565299	0.9564394	-0.9482844	-0.9418619	-0.9409532	-0.9465391	-0.9409532
1765785780	-0.9692961	-0.9653884	-0.979904	-0.9820227	-0.9612401	-0.9947424	-0.965171	-0.967773	-0.9853033	-0.9611629	-0.9669465	-0.9721187	-0.976411	-0.9655409	-0.9414199	-0.9456105	-0.9414199
1765788780	-0.9755367	-0.9720804	-0.9844217	-0.9856057	-0.965895	-0.9976979	-0.9696641	-0.9852978	-0.992012	-0.9736007	-0.9677239	-0.9780179	-0.9802959	-0.9739531	-0.9440642	-0.9552068	-0.9440642
1765791780	-0.9760047	-0.9652328	-0.9817734	-0.9840479	-0.9643433	-0.9955202	-0.9687345	-0.9817308	-0.9879556	-0.9712687	-0.9686567	-0.9718082	-0.9774988	-0.9727069	-0.962108	-0.9572189	-0.9572189
1765794780	-0.9755367	-0.9622759	-0.9753863	-0.9745451	-0.9606194	-0.9844761	-0.9510721	-0.9710298	-0.9753183	-0.957898	-0.9604167	0.9628043	-0.9633578	-0.9663198	-0.9571304	-0.9425149	-0.9425149
1765797780	-0.9777209	-0.9723917	-0.9847333	-0.9829574	-0.9669811	-0.9987867	-0.9687345	-0.9852978	-0.9910759	-0.9732898	-0.9717662	-0.975534	-0.9787419	-0.9666314	-0.9580637	-0.9565998	-0.9565998
1765800780	-0.9794371	-0.9596302	-0.9771	-0.9795302	-0.9570506	-0.9902315	-0.9661006	-0.9817308	-0.972666	-0.9684701	-0.9672575	-0.9688587	-0.9719045	-0.9670987	-0.9437531	-0.9581476	-0.9437531
1765803780	-0.9713243	-0.9680341	-0.980683	-0.9762587	-0.9634124	-0.9950535	-0.9639316	-0.9820409	-0.9778145	-0.9709577	-0.9699005	0.9733607	-0.9725261	-0.9619579	-0.9526195	-0.9561355	-0.9526195
1765806780	-0.978657	-0.9699016	-0.983487	-0.9813996	-0.9635675	-0.987276	-0.9633118	-0.980335	-0.9892037	-0.9718905	-0.9680348	-0.9721187	-0.9625808	-0.969747	-0.9518417	-0.9521112	-0.9518417
1765809780	-0.9827134	-0.9675672	-0.9827081	-0.9835805	-0.9606194	-0.9956757	-0.9670302	-0.9848325	-0.9838992	-0.9714241	-0.9661692	-0.9732054	-0.9770326	-0.9667871	-0.9689522	-0.9565998	-0.9565998
1765812780	-0.9844296	-0.9725473	-0.9855122	-0.9873193	-0.965895	-1.000187	-0.9701289	-0.9851427	-0.9931041	-0.9753109	-0.9717662	-0.9781731	-0.9804513	-0.9748878	-0.962108	-0.9590763	-0.9590763
1765815780	-0.9756927	-0.9691235	-0.9722707	-0.9767261	-0.9544129	-0.9902315	-0.9650161	-0.9834367	-0.9885796	-0.9678483	-0.9688122	-0.9680825	-0.9725261	-0.9692797	-0.9538639	-0.9516469	-0.9516469
1765818780	-0.9778769	-0.9633653	-0.9797483	-0.9799975	-0.9641882	-0.9933425	-0.9642414	-0.9801799	-0.9853033	-0.9673818	-0.9685012	-0.9704111	-0.976411	-0.9624252	-0.9607081	-0.9519564	-0.9519564
1765821780	-0.9770969	-0.9635209	-0.9728938	-0.9731431	-0.9534819	-0.9869649	-0.958354	-0.9755273	-0.9796867	-0.963495	-0.9577736	-0.9637357	-0.9700398	-0.9522994	-0.9672412	-0.9556711	-0.9522994
1765824780	-0.9813093	-0.9742592	-0.9845775	-0.9873193	-0.9672915	-0.9983201	-0.9716782	-0.9880893	-0.9932601	-0.9765547	-0.972699	0.9787941	-0.9826268	-0.9772246	-0.9659968	-0.9612432	-0.9612432
1765827780	-0.9799051	-0.9683454	-0.9792809	-0.98249	-0.9589126	-0.9947424	-0.9645513	-0.9809553	-0.9906078	-0.9717351	-0.9664801	-0.972274	-0.9804513	-0.9745763	-0.9594637	-0.9544329	-0.9544329
1765830780	-0.9731965	-0.9622759	-0.979904	-0.9675349	-0.9562748	-0.9829206	-0.965326	-0.9811104	-0.9835871	-0.9684701	-0.9657027	-0.9680825	-0.9778095	-0.9686565	-0.9596192	-0.9538138	-0.9538138
1765833780	-0.9725724	-0.9717692	-0.9803714	-0.9831132	-0.9626365	-0.9958313	-0.9634668	-0.975062	-0.9879556	-0.9728234	-0.9672575	0.9725845	-0.9733031	-0.9663198	-0.9591526	-0.9565998	-0.9565998
1765836780	-0.9799051	-0.9633653	-0.9722707	-0.9761029	-0.9541025	-0.9885204	-0.9585089	-0.9710298	-0.9775025	-0.9602301	-0.9545087	-0.9615623	-0.9672427	-0.9706817	-0.9642857	-0.9586119	-0.9541025
1765839780	-0.9844296	-0.9689679	-0.9825523	-0.9851383	-0.9643433	-0.9952091	-0.9614527	-0.9780087	-0.9832751	-0.9703358	-0.9636816	-0.9683929	-0.9804513	-0.9664756	-0.9678634	-0.9596954	-0.9596954
1765842780	-0.9830255	-0.9734811	-0.98707	-0.984671	-0.9682224	-0.998009	-0.9740022	-0.9876241	-0.9940402	-0.9771766	-0.9747201	-0.9803465	-0.9848023	-0.9775361	-0.96833	-0.9615527	-0.9615527
1765845780	-0.9850537	-0.973948	-0.9827081	-0.9854499	-0.9654295	-0.9955202	-0.9716782	-0.9845223	-0.9906078	-0.9731343	-0.9692786	0.9738264	-0.9827822	-0.9610232	-0.9692633	-0.9629458	-0.9610232
1765848780	-0.9856777	-0.9636765	-0.9813061	-0.9807764	-0.9587574	-0.9955202	-0.9681148	-0.9814206	-0.9779705	-0.9625622	-0.9618159	-0.9705663	-0.9782757	-0.9639831	-0.9709744	-0.9609336	-0.9587574
1765851780	-0.9844296	-0.977683	-0.989251	-0.989656	-0.9697741	-1.002053	-0.9738473	-0.9890199	-0.9960684	-0.9790423	-0.9751866	-0.9822094	-0.9894642	-0.9814307	-0.9708188	-0.9651127	-0.9651127
1765854780	-0.9914503	-0.976438	-0.9897183	-0.9905907	-0.9702396	-1.003609	-0.9761713	-0.9902605	-0.9962244	-0.9791978	-0.9759639	-0.9818989	-0.9883764	-0.9795613	-0.9756409	-0.9654222	-0.9654222
1765857780	-0.9599351	-0.9666335	-0.9755421	-0.9761029	-0.9607746	-0.9880538	-0.9643964	-0.9828164	-0.982495	-0.9739117	-0.9624378	0.9719635	-0.9782757	-0.9709933	-0.9535528	-0.9558259	-0.9535528
1765860780	-0.9622753	-0.9644547	-0.9688435	-0.9740778	-0.9603091	-0.9833873	-0.9608329	-0.9804901	-0.982339	-0.9681592	-0.9674129	0.9674615	-0.9664657	-0.954013	-0.9566638	-0.950873	-0.950873
1765863780	-0.9750686	-0.9674116	-0.9778789	-0.9804649	-0.9579816	-0.9952091	-0.9532412	-0.976768	-0.9781266	-0.9645833	-0.9624378	0.9685482	-0.9778095	-0.9702144	-0.9624191	-0.9542781	-0.9532412
1765866780	-0.978033	-0.9641434	-0.9788136	-0.9793744	-0.9565852	-0.9902315	-0.9665654	-0.9773883	-0.9890477	-0.9680037	-0.9702114	0.9691692	-0.968175	-0.9705259	-0.944842	-0.9500991	-0.944842
1765869780	-0.9635235	-0.9671003	-0.9711802	-0.9718968	-0.9544129	-0.9833873	-0.9600583	-0.9776985	-0.9773465	-0.960541	-0.9608831	0.9544213	-0.9776542	-0.9705259	-0.9487307	-0.9559807	-0.9487307
1765872780	-0.9708562	-0.9632097	-0.9813061	-0.9793744	-0.9592229	-0.9947424	-0.9595935	-0.9814206	-0.9860834	-0.9683147	-0.9655473	-0.9735159	-0.9692628	-0.9582191	-0.9594637	-0.9567546	-0.9567546
1765875780	-0.9747566	-0.9638322	-0.978502	-0.9787512	-0.9606194	-0.9941202	-0.9585089	-0.9773883	-0.9580005	-0.9547886	-0.9562189	0.9499193	-0.9742355	-0.9700586	-0.9641302	-0.9570641	-0.9499193
1765878780	-0.9777209	-0.9633653	-0.9831755	-0.9818669	-0.9561197	-0.996609	-0.9695092	-0.9856079	-0.9814029	-0.9687811	-0.9630597	0.9696349	-0.9792081	-0.9742647	-0.9636635	-0.9556711	-0.9556711
1765881780	-0.9760047	-0.9558952	-0.9728938	-0.9694043	-0.9477408	-0.9877427	-0.9541708	-0.9693238	-0.9453632	-0.9588308	-0.9426928	-0.9354819	-0.9692628	-0.9666314	-0.9600859	-0.9556711	-0.9354819
1765884780	-0.9827134	-0.9675672	-0.9794367	-0.9835805	-0.9618607	-0.9944313	-0.9654809	-0.9843672	-0.9895157	-0.9718905	-0.969745	0.9718082	-0.9813836	-0.9706817	-0.9667745	-0.9598502	-0.9598502
1765887780	-0.9822454	-0.9716135	-0.9811503	-0.9809322	-0.9654295	-0.9911648	-0.9667204	-0.9856079	-0.9898278	-0.9732898	-0.9709888	-0.9744473	-0.9818498	-0.9723953	-0.9650635	-0.9496347	-0.9496347
1765890780	-0.978189	-0.9639878	-0.9830197	-0.9829574	-0.9612401	-0.9938091	-0.9597484	-0.9832816	-0.982339	-0.9704913	-0.9629042	-0.9682377	-0.9759448	-0.9638273	-0.9642857	-0.9511825	-0.9511825
1765893780	-0.9814653	-0.9694348	-0.9831755	-0.9835805	-0.964033	-0.9947424	-0.9684246	-0.9820409	-0.9902958	-0.972357	-0.970056	-0.9758445	-0.9790527	-0.9745763	-0.9678634	-0.9579928	-0.9579928
1765896780	-0.9769408	-0.9548058	-0.9794367	-0.975324	-0.9568955	-0.988676	-0.9608329	-0.9804901	-0.9842112	-0.9670709	-0.9618159	-0.9654434	-0.9669319	-0.9627368	-0.9628858	-0.952266	-0.952266
1765899780	-0.9769408	-0.9681897	-0.9767884	-0.9818669	-0.9601539	-0.993498	-0.9656358	-0.9798697	-0.9890477	-0.9644279	-0.9674129	0.9711873	-0.9801405	-0.9709933	-0.9641302	-0.9565998	-0.9565998
1765902780	-0.9435534	-0.9081175	-0.9221087	-0.9532029	-0.9095705	-0.9696989	-0.9451847	-0.9590881	-0.8932539	-0.9188744	-0.9251244	-0.9148348	-0.9723707	-0.9628926	-0.9583748	-0.943134	-0.8932539
1765905780	-0.9816213	-0.9723917	-0.9855122	-0.9854499	-0.9655847	-0.9973868	-0.9710585	-0.9852978	-0.992012	-0.9729789	-0.9714552	0.9753788	-0.9818498	-0.9753552	-0.9670856	-0.9586119	-0.9586119
1765908780	-0.9795931	-0.9656997	-0.9828639	-0.9792186	-0.9604643	-0.9925647	-0.9664105	-0.9812655	-0.9765664	-0.9656716	-0.964459	0.9724292	-0.9829376	-0.9633599	-0.9684856	-0.9584572	-0.9584572
1765911780	-0.9825574	-0.967256	-0.9862911	-0.9832689	-0.9651192	-0.9956757	-0.9681148	-0.9804901	-0.9893597	-0.9715796	-0.9678794	0.9724292	-0.9709722	-0.9605558	-0.9454642	-0.9530399	-0.9454642
1765914780	-0.9839616	-0.9680341	-0.9809945	-0.9806206	-0.9612401	-0.9931869	-0.9671852	-0.9837469	-0.9854593	-0.9740672	-0.9664801	-0.9746026	-0.9801405	-0.9593096	-0.9692633	-0.956445	-0.956445
1765917780	-0.9861458	-0.9761267	-0.9859796	-0.9877866	-0.9672915	-0.9990978	-0.9735374	-0.9887097	-0.9954443	-0.977643	-0.9745647	0.980036	-0.9854239	-0.9786266	-0.9694189	-0.962791	-0.962791
1765920780	-0.978813	-0.9765936	-0.9855122	-0.986073	-0.9694638	-1.001898	-0.9730726	-0.9891749	-0.9956003	-0.977643	-0.9745647	-0.980036	-0.9872887	-0.9787824	-0.9712855	-0.9621719	-0.9621719
1765923780	-0.9825574	-0.9758155	-0.9875374	-0.9879424	-0.9694638	-1.001431	-0.9724529	-0.9896402	-0.9965364	-0.9777985	-0.9754975	0.9812779	-0.9846469	-0.9801844	-0.9655301	-0.9643388	-0.9643388
1765926780	-0.9638355	-0.9700573	-0.985668	-0.9815553	-0.9618607	-0.9953646	-0.9687345	-0.9843672	-0.9859274	-0.972357	-0.9709888	-0.9750683	-0.9801405	-0.975511	-0.9677078	-0.960005	-0.960005
1765929780	-0.9850537	-0.9758155	-0.9880047	-0.988254	-0.9693086	-1.00112	-0.9733825	-0.9883995	-0.9940402	-0.9791978	-0.9754975	-0.9812779	-0.9885318	-0.9797171	-0.971441	-0.9626362	-0.9626362
1765932780	-0.9819333	-0.9653884	-0.979904	-0.981088	-0.9641882	-0.9933425	-0.9600583	-0.9828164	-0.9873315	-0.9695585	-0.9638371	-0.9697901	-0.9785865	-0.9720837	-0.9686411	-0.9618623	-0.9600583
1765935780	-0.9873939	-0.9759711	-0.9869143	-0.9888771	-0.9688431	-1.000498	-0.9726078	-0.9896402	-0.9957564	-0.9788868	-0.9750311	0.9795703	-0.9875995	-0.9783151	-0.9723743	-0.9620171	-0.9620171
1765938780	-0.988018	-0.9762824	-0.9867585	-0.9893445	-0.9700844	-1.003298	-0.9709036	-0.9870037	-0.9962244	-0.9767102	-0.9758085	-0.9823646	-0.9891534	-0.9817423	-0.9694189	-0.9623266	-0.9623266
1765941780	-0.9797491	-0.9692791	-0.9797483	-0.9817111	-0.9637227	-0.9969201	-0.9662556	-0.982196	-0.9842112	-0.9729789	-0.9635261	0.9704111	-0.9740801	-0.9466912	-0.9675523	-0.9603145	-0.9466912
1765944780	-0.9819333	-0.9632097	-0.9816176	-0.9820227	-0.9607746	-0.996609	-0.9527764	-0.9794045	-0.9754743	-0.9658271	-0.9551306	0.9620281	-0.9788973	-0.961179	-0.9695744	-0.9581476	-0.9527764
1765947780	-0.9744446	-0.9716135	-0.9797483	-0.9837363	-0.9657398	-0.9967646	-0.9678049	-0.9826613	-0.9912319	-0.9708022	-0.9692786	-0.9713425	-0.9739247	-0.9714606	-0.9608636	-0.9575285	-0.9575285
1765950780	-0.9730404	-0.9700573	-0.9774115	-0.9728315	-0.9624814	-0.9815207	-0.960678	-0.9840571	-0.9907639	-0.9675373	-0.9686567	0.9728949	-0.9677089	-0.9677218	-0.9624191	-0.9553616	-0.9553616
1765953780	-0.9730404	-0.9647659	-0.9780346	-0.9792186	-0.9581368	-0.9821429	-0.9580441	-0.9764578	-0.9877996	-0.9661381	-0.9627488	-0.972274	-0.96227	-0.9596211	-0.9519973	-0.9500991	-0.9500991
1765956780	-0.9811533	-0.9622759	-0.9800598	-0.9776608	-0.955499	-0.9927203	-0.9656358	-0.9814206	-0.9768784	-0.9712687	-0.9619714	0.9694796	-0.9768772	-0.9644504	-0.9624191	-0.9581476	-0.955499
1765959780	-0.9747566	-0.9554283	-0.9666625	-0.9651982	-0.9530164	-0.9827651	-0.9557201	-0.9794045	-0.9831191	-0.9659826	-0.9630597	-0.9482116	-0.9659995	-0.9632041	-0.9532417	-0.9545877	-0.9482116
1765962780	-0.9809973	-0.9680341	-0.979904	-0.9829574	-0.9652743	-0.9947424	-0.969974	-0.9863834	-0.9865514	-0.9728234	-0.9695896	-0.9724292	-0.9736139	-0.9730184	-0.9644413	-0.9558259	-0.9558259
1765965780	-0.978657	-0.9694348	-0.9847333	-0.986073	-0.9665156	-0.998009	-0.9695092	-0.9804901	-0.9915439	-0.9739117	-0.9712998	-0.9752235	-0.9695736	-0.9737974	-0.9588415	-0.956445	-0.956445
1765968780	-0.9672678	-0.959319	-0.9756979	-0.9698716	-0.957361	-0.988676	-0.9530863	-0.9662221	-0.9796867	-0.9630286	-0.9604167	-0.9629595	-0.9560542	-0.9543245	-0.9594637	-0.9513373	-0.9513373
1765971780	-0.9794371	-0.9518489	-0.9783462	-0.9771934	-0.9534819	-0.9945869	-0.965326	-0.9773883	-0.97251	-0.9631841	-0.9568408	-0.9704111	-0.9714383	-0.9650735	-0.9597748	-0.9556711	-0.9518489
1765974780	-0.9742886	-0.9694348	-0.979904	-0.984671	-0.9626365	-0.996609	-0.9640865	-0.9804901	-0.9860834	-0.9700249	-0.9672575	-0.9713425	-0.9781203	-0.9666314	-0.9376867	-0.9535042	-0.9376867
1765977780	-0.9716363	-0.9569846	-0.9700897	-0.9680022	-0.9565852	-0.9777875	-0.9650161	-0.9798697	-0.982651	-0.9675373	-0.9660137	0.9660643	-0.9725261	-0.9702144	-0.9627302	-0.9530399	-0.9530399
1765980780	-0.9806852	-0.9677229	-0.9822408	-0.9842036	-0.9612401	-0.9984756	-0.9696641	-0.9851427	-0.9882676	-0.9736007	-0.9699005	-0.9753788	-0.9734585	-0.9741089	-0.9449975	-0.9573737	-0.9449975
1765983780	-0.9809973	-0.9745705	-0.9830197	-0.9854499	-0.966826	-0.9973868	-0.9702838	-0.9856079	-0.9929481	-0.9743781	-0.9723881	0.9756893	-0.9799851	-0.9748878	-0.9611747	-0.9596954	-0.9596954
1765986780	-0.9772529	-0.9706798	-0.9825523	-0.9798417	-0.9615504	-0.9994089	-0.9665654	-0.9780087	-0.9882676	-0.9748445	-0.9694341	-0.976155	-0.9677089	-0.9702144	-0.9625747	-0.9470035	-0.9470035
1765989780	-0.9845856	-0.9730142	-0.9867585	-0.9859172	-0.9663605	-0.9959868	-0.972143	-0.9871588	-0.9902958	-0.9754664	-0.9716107	0.976776	-0.981539	-0.9753552	-0.9673967	-0.9572189	-0.9572189
1765992780	-0.9808412	-0.9722361	-0.9833313	-0.9837363	-0.9648088	-0.9969201	-0.9654809	-0.9849876	-0.9899838	-0.9732898	-0.9706779	-0.9750683	-0.9806067	-0.9727069	-0.9429754	-0.9586119	-0.9429754
1765995780	-0.9708562	-0.9683454	-0.9786578	-0.9757914	-0.9581368	-0.9908537	-0.9661006	-0.9792494	-0.9898278	-0.9647388	-0.9689677	-0.9704111	-0.9816944	-0.9745763	-0.9569749	-0.9575285	-0.9569749
1765998780	-0.9850537	-0.9636765	-0.9809945	-0.9813996	-0.955499	-0.996609	-0.9639316	-0.9828164	-0.982183	-0.9697139	-0.9610386	-0.9676167	-0.9779649	-0.957596	-0.9639746	-0.9562902	-0.955499
1766001780	-0.9831815	-0.9756599	-0.9861353	-0.9837363	-0.9663605	-0.9975423	-0.9735374	-0.9877792	-0.9941962	-0.9765547	-0.9717662	-0.9797255	-0.9827822	-0.971928	-0.9692633	-0.9570641	-0.9570641
1766004780	-0.9853657	-0.9741036	-0.98707	-0.9890329	-0.9689983	-0.9994089	-0.9729177	-0.9890199	-0.9929481	-0.9759328	-0.9745647	-0.9809675	-0.9868225	-0.9780035	-0.9694189	-0.9631005	-0.9631005
1766007780	-0.9850537	-0.9755042	-0.9881605	-0.9873193	-0.9705499	-1.001276	-0.9730726	-0.98933	-0.9956003	-0.9771766	-0.9751866	-0.9797255	-0.9807621	-0.9787824	-0.9678634	-0.9609336	-0.9609336
1766010780	-0.9752247	-0.9727029	-0.9833313	-0.9771934	-0.9663605	-0.9956757	-0.9726078	-0.9856079	-0.9913879	-0.9753109	-0.9747201	-0.9789493	-0.9840254	-0.9773804	-0.9670856	-0.962791	-0.962791
1766013780	-0.9825574	-0.9585408	-0.9772557	-0.9803091	-0.9593781	-0.9945869	-0.9657908	-0.9823511	-0.9815589	-0.9670709	-0.9608831	-0.9713425	-0.9729923	-0.9635157	-0.9695744	-0.9583024	-0.9583024
1766016780	-0.9877059	-0.977683	-0.9872258	-0.9887213	-0.9703947	-0.9990978	-0.9750868	-0.9896402	-0.9957564	-0.9781095	-0.975342	-0.9803465	-0.9875995	-0.9789382	-0.9719077	-0.9610884	-0.9610884
1766019780	-0.9806852	-0.9756599	-0.9886279	-0.988254	-0.9697741	-1.000809	-0.9724529	-0.9883995	-0.9963804	-0.9754664	-0.9750311	-0.980657	-0.9860455	-0.9808076	-0.9691078	-0.9615527	-0.9615527
1766022780	-0.9903582	-0.9772161	-0.9876932	-0.9887213	-0.9699292	-1.003142	-0.9749318	-0.9890199	-0.9963804	-0.9771766	-0.9754975	0.9808122	-0.9841808	-0.9787824	-0.9638191	-0.9635649	-0.9635649
1766025780	-0.9867698	-0.9787724	-0.9897183	-0.9902792	-0.9717912	-1.00252	-0.9755516	-0.9902605	-0.9962244	-0.9801306	-0.9759639	-0.9825199	-0.9875995	-0.9811191	-0.9739298	-0.9646483	-0.9646483
1766028780	-0.9926985	-0.9779943	-0.9889394	-0.9899676	-0.9697741	-1.003298	-0.9766361	-0.9896402	-0.9962244	-0.9788868	-0.9734764	0.9795703	-0.9879102	-0.9800287	-0.9750187	-0.9654222	-0.9654222
1766031780	-0.9875499	-0.9769049	-0.9894068	-0.9898118	-0.9703947	-1.003453	-0.9761713	-0.9902605	-0.9966925	-0.9799751	-0.9765858	0.9822094	-0.9885318	-0.980496	-0.9733076	-0.9652675	-0.9652675
1766034780	-0.9817773	-0.9753486	-0.9853564	-0.9865404	-0.9685328	-0.9987867	-0.9707486	-0.9871588	-0.9929481	-0.9751555	-0.9737873	-0.9792598	-0.9818498	-0.9761341	-0.9568193	-0.9409671	-0.9409671
1766037780	-0.9710122	-0.9677229	-0.980683	-0.9799975	-0.9632572	-0.9945869	-0.963002	-0.9815757	-0.9834311	-0.9680037	-0.9672575	-0.9696349	-0.9725261	-0.9711491	-0.9446864	-0.9541233	-0.9446864
1766040780	-0.9746006	-0.9717692	-0.982085	-0.9779723	-0.9593781	-0.9938091	-0.967495	-0.9854529	-0.9884236	-0.963495	-0.9691231	-0.9750683	-0.9768772	-0.9716164	-0.9633524	-0.9502538	-0.9502538
1766043780	-0.9705442	-0.9653884	-0.9761653	-0.9782839	-0.9567403	-0.9864983	-0.9544807	-0.9766129	-0.9838992	-0.9642724	-0.9633706	-0.9657538	-0.9659995	-0.9582191	-0.9515306	-0.947313	-0.947313
1766046780	-0.978969	-0.9725473	-0.9831755	-0.9852941	-0.9651192	-0.9976979	-0.9671852	-0.9849876	-0.9812469	-0.9742226	-0.9674129	0.9756893	-0.9770326	-0.9751994	-0.9459308	-0.9552068	-0.9459308
1766049780	-0.9682039	-0.9636765	-0.9823966	-0.9831132	-0.9626365	-0.994898	-0.9662556	-0.9829715	-0.9873315	-0.9740672	-0.9619714	0.9702558	-0.9785865	-0.9653851	-0.955886	-0.9499443	-0.9499443
1766052780	-0.978189	-0.9658553	-0.982085	-0.9806206	-0.9607746	-0.9975423	-0.9688894	-0.9825062	-0.9885796	-0.9734453	-0.9719216	-0.9739816	-0.9692628	-0.9734858	-0.9504418	-0.9570641	-0.9504418
1766055780	-0.9824014	-0.9723917	-0.9827081	-0.9835805	-0.9635675	-0.9975423	-0.9626921	-0.9843672	-0.9879556	-0.9748445	-0.9666356	-0.9733607	-0.9722153	-0.9669429	-0.9597748	-0.957838	-0.957838
1766058780	-0.9756927	-0.9664778	-0.9825523	-0.9815553	-0.9599988	-0.9955202	-0.9626921	-0.9818859	-0.9787506	-0.9669154	-0.9663246	-0.9673063	-0.9751678	-0.9689681	-0.9560416	-0.9601597	-0.9560416
1766061780	-0.9825574	-0.9632097	-0.9791251	-0.9843594	-0.9599988	-0.9970757	-0.960678	-0.9828164	-0.9843672	-0.9670709	-0.9647699	0.9736711	-0.975634	-0.9741089	-0.9596192	-0.9596954	-0.9596192
1766064780	-0.9833375	-0.9734811	-0.9839544	-0.9870077	-0.9657398	-0.998009	-0.969819	-0.9834367	-0.992636	-0.9715796	-0.9712998	-0.9759998	-0.9734585	-0.9751994	-0.9669301	-0.9598502	-0.9598502
1766067780	-0.9760047	-0.9621203	-0.9769442	-0.9790628	-0.9556542	-0.9930314	-0.9563399	-0.9781638	-0.9768784	-0.9628731	-0.9579291	-0.9595442	-0.9687966	-0.9711491	-0.9555749	-0.9435983	-0.9435983
1766070780	-0.9755367	-0.953872	-0.9814619	-0.9784397	-0.9368793	-0.9916314	-0.9530863	-0.966067	-0.9645532	-0.9527674	-0.9481343	-0.9536451	-0.9804513	-0.9699028	-0.9638191	-0.9553616	-0.9368793
1766073780	-0.9671118	-0.9450012	-0.9689993	-0.960992	-0.9297418	-0.9724988	-0.9532412	-0.9700993	-0.9455192	-0.9418843	-0.9478234	0.9384314	-0.9728369	-0.955415	-0.9423532	-0.9528851	-0.9297418
1766076780	-0.9824014	-0.9647659	-0.9845775	-0.9838921	-0.9618607	-0.9970757	-0.9623823	-0.9854529	-0.9890477	-0.9653607	-0.9643035	-0.9693244	-0.9747016	-0.9717722	-0.9650635	-0.9575285	-0.9575285
1766079780	-0.9817773	-0.970991	-0.9802156	-0.9820227	-0.9663605	-0.9930314	-0.965326	-0.9863834	-0.9907639	-0.9661381	-0.9709888	-0.967151	-0.9790527	-0.97333	-0.9672412	-0.9528851	-0.9528851
1766082780	-0.9848977	-0.9652328	-0.982085	-0.9796859	-0.9589126	-0.9952091	-0.9647062	-0.9835918	-0.9803108	-0.9695585	-0.9627488	0.9687034	-0.9820052	-0.9632041	-0.9575971	-0.9604693	-0.9575971
1766085780	-0.978345	-0.9700573	-0.9845775	-0.9849826	-0.9638779	-0.9981645	-0.9640865	-0.9800248	-0.9876435	-0.9729789	-0.9725435	0.9735159	-0.9787419	-0.9725511	-0.9633524	-0.9572189	-0.9572189
1766088780	-0.9707002	-0.967256	-0.9780346	-0.970339	-0.9620159	-0.9889871	-0.9668753	-0.9831266	-0.9885796	-0.9700249	-0.9657027	-0.9642014	-0.9745462	-0.9691239	-0.9614858	-0.9544329	-0.9544329
1766091780	-0.9841176	-0.9747261	-0.9872258	-0.9856057	-0.966826	-1.000342	-0.9738473	-0.9887097	-0.9957564	-0.9784204	-0.9736318	-0.9797255	-0.9857347	-0.9758225	-0.9641302	-0.9618623	-0.9618623
1766094780	-0.9877059	-0.9762824	-0.9876932	-0.9868519	-0.9685328	-1.001431	-0.9741572	-0.9879342	-0.9962244	-0.977954	-0.9751866	-0.9815884	-0.9816944	-0.9748878	-0.9698855	-0.9620171	-0.9620171
1766097780	-0.9858337	-0.9607196	-0.9795925	-0.9812438	-0.9606194	-0.9916314	-0.9608329	-0.9806452	-0.9770344	-0.9620958	-0.958551	0.954887	-0.9709722	-0.9717722	-0.9709744	-0.9607789	-0.954887
1766100780	-0.987862	-0.9641434	-0.983487	-0.9856057	-0.9637227	-0.9994089	-0.9690444	-0.9817308	-0.9765664	-0.9703358	-0.9653918	-0.9753788	-0.9796743	-0.9641388	-0.9675523	-0.9589215	-0.9589215
1766103780	-0.9875499	-0.9758155	-0.9895626	-0.9891887	-0.9714809	-1.002987	-0.9760164	-0.9902605	-0.9968485	-0.9796642	-0.9759639	0.9825199	-0.9894642	-0.9812749	-0.9733076	-0.9652675	-0.9652675
1766106780	-0.9897341	-0.9778386	-0.9881605	-0.9895002	-0.9703947	-1.001431	-0.9761713	-0.9890199	-0.9974725	-0.9785759	-0.9765858	0.9823646	-0.9886872	-0.9811191	-0.9740854	-0.9638744	-0.9638744
1766109780	-0.9858337	-0.9761267	-0.98707	-0.9901234	-0.9717912	-1.001742	-0.9753966	-0.9915012	-0.9976286	-0.9785759	-0.9758085	-0.9834513	-0.9875995	-0.9822096	-0.974552	-0.9623266	-0.9623266
1766112780	-0.9866138	-0.9772161	-0.9883163	-0.9891887	-0.9708602	-1.000809	-0.9749318	-0.9908809	-0.9973165	-0.9788868	-0.975342	-0.9820541	-0.9796743	-0.9815865	-0.9706633	-0.9654222	-0.9654222
1766115780	-0.9928545	-0.9798618	-0.9903415	-0.9913696	-0.9722567	-1.005475	-0.9763262	-0.9902605	-0.9973165	-0.9799751	-0.9770522	0.9826751	-0.9910182	-0.9823654	-0.9775075	-0.965577	-0.965577
1766118780	-0.9895781	-0.9778386	-0.989251	-0.9901234	-0.9689983	-1.002987	-0.9750868	-0.9896402	-0.9959124	-0.977643	-0.9748756	-0.9822094	-0.9899304	-0.9812749	-0.9743965	-0.9649579	-0.9649579
1766121780	-0.9724164	-0.9583852	-0.9760095	-0.977505	-0.9544129	-0.9914759	-0.9654809	-0.978629	-0.9781266	-0.9672264	-0.9672575	-0.9673063	-0.9729923	-0.964762	-0.9644413	-0.9524208	-0.9524208
1766124780	-0.9803732	-0.9733254	-0.9853564	-0.984671	-0.9590678	-0.9970757	-0.9656358	-0.9795596	-0.9863954	-0.9722015	-0.9705224	0.9752235	-0.9663103	-0.9753552	-0.9432865	-0.952266	-0.9432865
1766127780	-0.9749126	-0.969746	-0.9771	-0.9773492	-0.9558093	0.9947424	-0.9650161	-0.9815757	-0.9887356	-0.9739117	-0.9639925	-0.9679272	-0.9736139	-0.9664756	-0.9457753	-0.9510277	-0.9457753
1766130780	-0.9813093	-0.9742592	-0.9866027	-0.9754798	-0.966826	-0.998009	-0.9634668	-0.9811104	-0.992012	-0.9722015	-0.9734764	-0.975534	-0.9684858	-0.9748878	-0.9687967	-0.9538138	-0.9538138
1766133780	-0.9836495	-0.9661666	-0.984266	-0.9838921	-0.9635675	-0.9984756	-0.9657908	-0.9814206	-0.9865514	-0.9736007	-0.9695896	0.972274	-0.9802959	-0.9691239	-0.96833	-0.9632553	-0.9632553
1766136780	-0.9735085	-0.9677229	-0.9661952	-0.9701832	-0.946034	-0.9819873	-0.960678	-0.9758375	-0.9614329	-0.9580535	-0.9475124	-0.9438649	-0.9787419	-0.9713048	-0.9681745	-0.9561355	-0.9438649
1766139780	-0.9847416	-0.9734811	-0.985668	-0.9851383	-0.964964	-0.9989423	-0.9701289	-0.9870037	-0.9895157	-0.9740672	-0.9723881	-0.9746026	-0.9835592	-0.9737974	-0.9689522	-0.961398	-0.961398
1766142780	-0.9802172	-0.9716135	-0.9828639	-0.9815553	-0.9623262	-0.9967646	-0.9670302	-0.9848325	-0.9907639	-0.9751555	-0.967102	0.9764655	-0.9810728	-0.9741089	-0.9695744	-0.9573737	-0.9573737
1766145780	-0.9820894	-0.9610309	-0.9805272	-0.9818669	-0.9607746	-0.9961424	-0.9659457	-0.9826613	-0.9831191	-0.9675373	-0.9635261	-0.9705663	-0.9743909	-0.9501184	-0.9694189	-0.9598502	-0.9501184
1766148780	-0.9799051	-0.968501	-0.9800598	-0.9806206	-0.9648088	-0.9950535	-0.9684246	-0.9749069	-0.9868635	-0.9728234	-0.9689677	0.9713425	-0.9785865	-0.9741089	-0.9617969	-0.9553616	-0.9553616
1766151780	-0.9839616	-0.9744148	-0.9841102	-0.9840479	-0.9652743	-1.000031	-0.9704388	-0.9880893	-0.9935721	-0.9777985	-0.9740983	0.9794151	-0.9824714	-0.9756667	-0.96833	-0.9617075	-0.9617075
1766154780	-0.9703882	-0.9711467	-0.9836428	-0.981088	-0.9615504	-0.9961424	-0.965171	-0.9811104	-0.9810909	-0.9695585	-0.9691231	-0.9721187	-0.9792081	-0.9694354	-0.9607081	-0.9548972	-0.9548972
1766157780	-0.9700761	-0.9451569	-0.9732054	-0.9714295	-0.9385861	-0.9863427	-0.9535511	-0.9775434	-0.9522279	-0.9484142	-0.9545087	-0.9373448	-0.9816944	-0.9586864	-0.9655301	-0.9593858	-0.9373448
1766160780	-0.9814653	-0.9727029	-0.9769442	-0.9829574	-0.9634124	-0.996609	-0.9693542	-0.9745968	-0.9711058	-0.9697139	-0.9632152	0.9648224	-0.9816944	-0.966164	-0.9667745	-0.9590763	-0.9590763
1766163780	-0.9830255	-0.9753486	-0.9853564	-0.9873193	-0.9685328	-0.99972	-0.9724529	-0.987469	-0.9934161	-0.9759328	-0.9733209	-0.9781731	-0.9855793	-0.9787824	-0.9673967	-0.9603145	-0.9603145
1766166780	-0.9822454	-0.975193	-0.9866027	-0.9885656	-0.9686879	-1.000653	-0.9726078	-0.9877792	-0.9943522	-0.9782649	-0.9739428	-0.980657	-0.9868225	-0.9772246	-0.9684856	-0.9624814	-0.9624814
1766169780	-0.9839616	-0.9737923	-0.9867585	-0.9879424	-0.9674466	-0.9992534	-0.9733825	-0.9890199	-0.9945082	-0.9774876	-0.9742537	-0.9805017	-0.9844915	-0.9789382	-0.9709744	-0.9637197	-0.9637197
1766172780	-0.9758487	-0.9619646	-0.9800598	-0.9776608	-0.9581368	-0.9916314	-0.9664105	-0.9808002	-0.9835871	-0.972357	-0.9678794	0.9747578	-0.968175	-0.9574402	-0.9613303	-0.9604693	-0.9574402
1766175780	-0.9830255	-0.9755042	-0.9869143	-0.9879424	-0.9696189	-1.00112	-0.9727628	-0.9891749	-0.9954443	-0.9784204	-0.9731654	-0.980036	-0.9849577	-0.9792498	-0.9698855	-0.9637197	-0.9637197
1766178780	-0.9852097	-0.9767493	-0.9880047	-0.9885656	-0.9700844	-0.9995645	-0.9749318	-0.9897953	-0.9946643	-0.9787313	-0.9747201	-0.9794151	-0.9883764	-0.9812749	-0.9708188	-0.9629458	-0.9629458
1766181780	-0.9834935	-0.9770605	-0.9895626	-0.9891887	-0.9703947	-1.001742	-0.9749318	-0.9904156	-0.9962244	-0.9784204	-0.975342	-0.9814332	-0.9868225	-0.9801844	-0.9731521	-0.9643388	-0.9643388
1766184780	-0.9828694	-0.9705242	-0.9808387	-0.9781281	-0.9613952	-0.9906981	-0.9690444	-0.9837469	-0.9734461	-0.9712687	-0.9562189	-0.9669958	-0.982316	-0.9705259	-0.9719077	-0.9584572	-0.9562189
1766187780	-0.9753807	-0.9675672	-0.9800598	-0.9725199	-0.9568955	-0.9832317	-0.9657908	-0.9778536	-0.9790627	-0.9687811	-0.9629042	-0.9687034	-0.9652225	-0.9563497	-0.9653746	-0.9572189	-0.9563497
1766190780	-0.987862	-0.977683	-0.9894068	-0.9901234	-0.9713257	-1.002831	-0.9757065	-0.9905707	-0.9971605	-0.9801306	-0.975342	-0.9823646	-0.9894642	-0.9800287	-0.9717521	-0.9644936	-0.9644936
1766193780	-0.9908263	-0.9781499	-0.9895626	-0.9904349	-0.9699292	-1.002053	-0.9757065	-0.9899504	-0.9971605	-0.9796642	-0.9770522	0.9825199	-0.9902412	-0.982677	-0.9753298	-0.9651127	-0.9651127
1766196780	-0.9903582	-0.9722361	-0.9872258	-0.9884098	-0.9655847	-1.001431	-0.9749318	-0.9894851	-0.9851473	-0.9770211	-0.9742537	0.9773969	-0.9868225	-0.979094	-0.971441	-0.9626362	-0.9626362
1766199780	-0.9900462	-0.9773718	-0.9901857	-0.9909023	-0.9724119	-1.003453	-0.974622	-0.991036	-0.9982526	-0.9804415	-0.9765858	-0.9828304	-0.9896196	-0.9828328	-0.9705077	-0.965577	-0.965577
1766202780	-0.9905142	-0.9786168	-0.9898741	-0.9912139	-0.9713257	-1.005009	-0.9760164	-0.9887097	-0.9968485	-0.9801306	-0.9767413	0.9829856	-0.989775	-0.9815865	-0.9750187	-0.9649579	-0.9649579
1766205780	-0.9856777	-0.9759711	-0.9890952	-0.989656	-0.9671363	-1.001587	-0.9736924	-0.9894851	-0.992168	-0.977643	-0.9745647	-0.9805017	-0.9885318	-0.9739531	-0.9765742	-0.9643388	-0.9643388
1766208780	-0.9817773	-0.9502926	-0.9744516	-0.9784397	-0.9413791	-0.9922536	-0.9589737	-0.9825062	-0.9801548	-0.9672264	-0.961194	0.9651329	-0.9736139	-0.9691239	-0.9642857	-0.9561355	-0.9413791
1766211780	-0.9725724	-0.9585408	-0.9789693	-0.9747009	-0.953637	-0.9866538	-0.9580441	-0.9756824	-0.9810909	-0.9673818	-0.9573072	0.9680825	-0.9585405	-0.9597769	-0.9647524	-0.9463843	-0.9463843
1766214780	-0.9866138	-0.9761267	-0.9881605	-0.9893445	-0.9696189	-1.001898	-0.9727628	-0.9891749	-0.9943522	-0.9784204	-0.975653	-0.9791046	-0.9865117	-0.9803402	-0.9723743	-0.9640292	-0.9640292
1766217780	-0.9813093	-0.9720804	-0.9827081	-0.9848268	-0.964964	-0.998009	-0.9633118	-0.9823511	-0.992324	-0.972357	-0.9702114	-0.9739816	-0.9787419	-0.9731742	-0.9686411	-0.961398	-0.961398
1766220780	-0.9831815	-0.9750374	-0.9867585	-0.9862288	-0.965895	-0.9990978	-0.9712134	-0.9885546	-0.9945082	-0.9771766	-0.9728545	0.9805017	-0.9868225	-0.9789382	-0.9673967	-0.9609336	-0.9609336
1766223780	-0.9824014	-0.9723917	-0.9853564	-0.986073	-0.9655847	-0.9994089	-0.9657908	-0.982196	-0.9835871	-0.9698694	-0.9683458	-0.9735159	-0.9860455	-0.976913	-0.9694189	-0.9596954	-0.9596954
1766226780	-0.9772529	-0.970991	-0.9828639	-0.9852941	-0.9646537	-0.9944313	-0.9616076	-0.9826613	-0.9884236	-0.969403	-0.9661692	-0.9744473	-0.9753232	-0.975511	-0.9645968	-0.9559807	-0.9559807
1766229780	-0.9817773	-0.9737923	-0.9867585	-0.9879424	-0.9655847	-1.000187	-0.9724529	-0.9880893	-0.9937282	-0.9770211	-0.9734764	0.9784836	-0.9848023	-0.976913	-0.9715966	-0.9624814	-0.9624814
1766232780	-0.9842736	-0.9722361	-0.985668	-0.9849826	-0.9679121	-1.000187	-0.9712134	-0.9862283	-0.9927921	-0.9763993	-0.972699	-0.9781731	-0.9837146	-0.9772246	-0.9659968	-0.9610884	-0.9610884
1766235780	-0.9848977	-0.9748817	-0.9855122	-0.9870077	-0.9669811	-0.9989423	-0.9702838	-0.9851427	-0.9917	-0.9760883	-0.9716107	-0.9775522	-0.9829376	-0.9759783	-0.9630413	-0.9612432	-0.9612432
1766238780	-0.9710122	-0.9600971	-0.9746074	-0.9767261	-0.9523957	-0.9883649	-0.9569596	-0.9775434	-0.9848352	-0.9628731	-0.9643035	-0.9679272	-0.9666211	-0.9537014	-0.9524639	-0.948706	-0.948706
1766241780	-0.9859898	-0.9744148	-0.9867585	-0.9856057	-0.9669811	-1.001276	-0.9704388	-0.9856079	-0.9932601	-0.9754664	-0.9728545	0.9791046	-0.9784311	-0.9775361	-0.9694189	-0.9590763	-0.9590763
1766244780	-0.9863018	-0.975193	-0.9875374	-0.9874751	-0.9683776	-1.000187	-0.9736924	-0.9887097	-0.9937282	-0.9768657	-0.9728545	-0.9801913	-0.9862009	-0.9770688	-0.9705077	-0.9629458	-0.9629458
1766247780	-0.9816213	-0.9675672	-0.9833313	-0.9840479	-0.9609297	-0.9955202	-0.9634668	-0.9848325	-0.9770344	-0.9700249	-0.9664801	-0.9663748	-0.9832484	-0.9700586	-0.9663079	-0.9552068	-0.9552068
1766250780	-0.9809973	-0.9719248	-0.9837986	-0.9838921	-0.9665156	-0.9986312	-0.9664105	-0.9798697	-0.9906078	-0.969403	-0.9711443	0.9735159	-0.9792081	-0.9739531	-0.9582193	-0.9539685	-0.9539685
1766253780	-0.9844296	-0.9750374	-0.9867585	-0.9873193	-0.9663605	-1.00112	-0.9724529	-0.9888648	-0.9931041	-0.977643	-0.9742537	-0.9805017	-0.9855793	-0.979094	-0.96973	-0.9629458	-0.9629458
1766256780	-0.9833375	-0.9625872	-0.9794367	-0.9759472	-0.9606194	-0.9864983	-0.9619175	-0.9845223	-0.9682976	-0.9666045	-0.9632152	-0.9559737	-0.9765664	-0.9614905	-0.9661523	-0.9569094	-0.9559737
1766259780	-0.9850537	-0.9758155	-0.9867585	-0.9880982	-0.9688431	-1.000964	-0.9707486	-0.9883995	-0.9951323	-0.9777985	-0.9744092	0.9794151	-0.9877548	-0.979094	-0.9703522	-0.9607789	-0.9607789
1766262780	-0.9775649	-0.9723917	-0.9786578	-0.9804649	-0.9634124	-0.9914759	-0.958354	-0.9809553	-0.9890477	-0.9700249	-0.9683458	0.9735159	-0.9787419	-0.969747	-0.9614858	-0.9569094	-0.9569094
1766265780	-0.9828694	-0.9745705	-0.9866027	-0.9865404	-0.9686879	-0.99972	-0.9730726	-0.9888648	-0.9957564	-0.9777985	-0.9739428	-0.980036	-0.9844915	-0.9784708	-0.9694189	-0.9624814	-0.9624814
1766268780	-0.9861458	-0.9769049	-0.9883163	-0.9879424	-0.9703947	-1.001431	-0.9743121	-0.9902605	-0.9951323	-0.9785759	-0.9722326	0.980657	-0.9883764	-0.9817423	-0.9708188	-0.9646483	-0.9646483
1766271780	-0.9861458	-0.9741036	-0.9876932	-0.9877866	-0.9688431	-0.9989423	-0.9732276	-0.98933	-0.9943522	-0.9781095	-0.9739428	-0.9795703	-0.988221	-0.9800287	-0.9695744	-0.9629458	-0.9629458
1766274780	-0.9746006	-0.9666335	-0.9827081	-0.9835805	-0.9593781	-0.9953646	-0.9612977	-0.9814206	-0.9885796	-0.9695585	-0.966791	0.9721187	-0.9793635	-0.9728627	-0.9633524	-0.9545877	-0.9545877
1766277780	-0.9859898	-0.9759711	-0.9869143	-0.988254	-0.9697741	-1.000964	-0.9743121	-0.9896402	-0.9956003	-0.9784204	-0.9747201	-0.9817437	-0.9880656	-0.9795613	-0.9720632	-0.9634101	-0.9634101
1766280780	-0.9828694	-0.9759711	-0.9847333	-0.9888771	-0.9685328	-0.9987867	-0.972143	-0.9890199	-0.9963804	-0.9781095	-0.9744092	0.9801913	-0.9848023	-0.9801844	-0.9715966	-0.961398	-0.961398
1766283780	-0.9894221	-0.9758155	-0.98707	-0.9893445	-0.9699292	-1.00252	-0.9749318	-0.9890199	-0.9952883	-0.9771766	-0.9761194	-0.9803465	-0.9857347	-0.9800287	-0.9681745	-0.9646483	-0.9646483
1766286780	-0.9912943	-0.9784612	-0.9900299	-0.989656	-0.9711706	-1.00392	-0.9758614	-0.9904156	-0.9974725	-0.9798197	-0.9767413	-0.9820541	-0.9888426	-0.9822096	-0.9757964	-0.9648031	-0.9648031
1766289780	-0.9834935	-0.9770605	-0.989251	-0.9895002	-0.9707051	-1.001431	-0.9758614	-0.9905707	-0.9962244	-0.9796642	-0.9762749	-0.9820541	-0.9891534	-0.9817423	-0.9731521	-0.9638744	-0.9638744
1766292780	-0.9923864	-0.977683	-0.9900299	-0.9902792	-0.9714809	-1.004075	-0.9750868	-0.9905707	-0.9962244	-0.9790423	-0.9761194	-0.9820541	-0.9899304	-0.9818981	-0.9764186	-0.9657318	-0.9657318
1766295780	-0.9824014	-0.9750374	-0.98707	-0.9887213	-0.9672915	-0.9964535	-0.9749318	-0.9890199	-0.9949763	-0.9771766	-0.9751866	-0.980036	-0.9869779	-0.9811191	-0.971441	-0.9637197	-0.9637197
1766298780	-0.9738205	-0.9664778	-0.9797483	-0.978907	-0.9575161	-0.9891426	-0.9659457	-0.9808002	-0.9895157	-0.9722015	-0.9685012	0.9721187	-0.9779649	-0.9727069	-0.963508	-0.9558259	-0.9558259
1766301780	-0.9834935	-0.9744148	-0.9837986	-0.9879424	-0.9682224	-0.9986312	-0.9735374	-0.98933	-0.9951323	-0.9773321	-0.9739428	-0.9803465	-0.9848023	-0.9784708	-0.9722188	-0.9620171	-0.9620171
1766304780	-0.9824014	-0.9745705	-0.9880047	-0.9874751	-0.9672915	-1.000653	-0.9724529	-0.9876241	-0.9948203	-0.9763993	-0.9725435	0.9792598	-0.9868225	-0.9783151	-0.9731521	-0.9584572	-0.9584572
1766307780	-0.9816213	-0.9755042	-0.9858238	-0.9865404	-0.9683776	-0.9978534	-0.9719881	-0.9883995	-0.9945082	-0.9756219	-0.9733209	-0.9780179	-0.9866671	-0.9792498	-0.9675523	-0.9617075	-0.9617075
1766310780	-0.9814653	-0.9734811	-0.9850449	-0.9866962	-0.9662053	-0.9989423	-0.9726078	-0.9879342	-0.9915439	-0.9770211	-0.9734764	-0.9787941	-0.9840254	-0.9795613	-0.9677078	-0.9601597	-0.9601597
1766313780	-0.9819333	-0.9756599	-0.9861353	-0.9863846	-0.9683776	-0.9994089	-0.9704388	-0.9880893	-0.9932601	-0.9751555	-0.9739428	-0.9789493	-0.9863563	-0.979094	-0.9686411	-0.9621719	-0.9621719
1766316780	-0.9838055	-0.9742592	-0.9861353	-0.9870077	-0.967757	-0.9958313	-0.9719881	-0.9868486	-0.992324	-0.9767102	-0.97301	-0.9789493	-0.9788973	-0.9762899	-0.96833	-0.9612432	-0.9612432
1766319780	-0.9852097	-0.9742592	-0.9855122	-0.9868519	-0.9655847	-0.9978534	-0.9696641	-0.9866935	-0.9934161	-0.9765547	-0.9731654	-0.9775522	-0.9812282	-0.9772246	-0.9638191	-0.9612432	-0.9612432
1766322780	-0.9842736	-0.9727029	-0.985668	-0.986073	-0.9657398	-0.998009	-0.9696641	-0.9854529	-0.9917	-0.9740672	-0.9725435	-0.9769312	-0.9646009	-0.9751994	-0.9649079	-0.9590763	-0.9590763
1766325780	-0.9822454	-0.9747261	-0.9873816	-0.9870077	-0.9685328	-1.000342	-0.9719881	-0.9876241	-0.9938842	-0.9754664	-0.9733209	0.9792598	-0.9865117	-0.9786266	-0.9694189	-0.9612432	-0.9612432
1766328780	-0.9836495	-0.9750374	-0.9861353	-0.9859172	-0.9680673	-0.9994089	-0.9724529	-0.9879342	-0.99248	-0.9770211	-0.9728545	-0.9791046	-0.9834038	-0.9786266	-0.9680189	-0.9617075	-0.9617075
1766331780	-0.978969	-0.9725473	-0.9827081	-0.9843594	-0.9644985	-0.9952091	-0.96765	-0.9794045	-0.9906078	-0.9742226	-0.9706779	-0.975534	-0.9793635	-0.9727069	-0.960397	-0.9567546	-0.9567546
1766334780	-0.9833375	-0.9742592	-0.9855122	-0.9859172	-0.9652743	-0.998009	-0.9702838	-0.9866935	-0.992324	-0.9748445	-0.9728545	-0.9781731	-0.9816944	-0.9727069	-0.9627302	-0.957838	-0.957838
1766337780	-0.9834935	-0.968501	-0.9825523	-0.9859172	-0.9652743	-0.9995645	-0.9684246	-0.9866935	-0.9906078	-0.9754664	-0.9723881	0.9752235	-0.9846469	-0.9716164	-0.971441	-0.956445	-0.956445
1766340780	-0.9838055	-0.9714579	-0.9822408	-0.981088	-0.9634124	-0.9952091	-0.967495	-0.982196	-0.9912319	-0.9700249	-0.9685012	-0.9752235	-0.9824714	-0.97333	-0.9686411	-0.9596954	-0.9596954
1766343780	-0.9850537	-0.9736367	-0.9875374	-0.9874751	-0.966826	-0.9984756	-0.9729177	-0.9873139	-0.9938842	-0.9767102	-0.9734764	0.9780179	-0.968175	-0.9794055	-0.9709744	-0.9629458	-0.9629458
1766346780	-0.9839616	-0.9756599	-0.9867585	-0.9873193	-0.9685328	-0.9998756	-0.9712134	-0.9879342	-0.9932601	-0.9767102	-0.9691231	-0.9778626	-0.9855793	-0.9783151	-0.9706633	-0.9631005	-0.9631005
1766349780	-0.9836495	-0.9750374	-0.9867585	-0.986073	-0.9669811	-1.000498	-0.9730726	-0.9880893	-0.9943522	-0.9768657	-0.9737873	-0.9789493	-0.9857347	-0.979094	-0.9706633	-0.9634101	-0.9634101
1766352780	-0.9842736	-0.9756599	-0.9867585	-0.9871635	-0.9688431	-0.99972	-0.9733825	-0.9887097	-0.9956003	-0.977954	-0.9736318	-0.9805017	-0.9874441	-0.9792498	-0.9719077	-0.9635649	-0.9635649
1766355780	-0.988018	-0.9755042	-0.9875374	-0.9877866	-0.9685328	-1.000342	-0.9738473	-0.9888648	-0.9946643	-0.977954	-0.9747201	-0.9786388	-0.9865117	-0.9795613	-0.9712855	-0.9634101	-0.9634101
1766358780	-0.9855217	-0.9744148	-0.9862911	-0.986073	-0.9686879	-1.000031	-0.9684246	-0.9883995	-0.9957564	-0.9773321	-0.9739428	-0.9803465	-0.9858901	-0.9789382	-0.9703522	-0.9626362	-0.9626362
1766361780	-0.9864578	-0.9756599	-0.9853564	-0.9884098	-0.9680673	-1.000964	-0.9738473	-0.98933	-0.9951323	-0.977643	-0.9745647	-0.9811227	-0.9835592	-0.9803402	-0.9698855	-0.9632553	-0.9632553
1766364780	-0.9758487	-0.969746	-0.9841102	-0.9834247	-0.9663605	-0.9959868	-0.967495	-0.9843672	-0.9893597	-0.9706468	-0.9658582	-0.9749131	-0.9683304	-0.9756667	-0.966619	-0.9604693	-0.9604693
1766407140	-0.9799051	-0.9700573	-0.9833313	-0.9831132	-0.9623262	-0.9964535	-0.9673401	-0.9842122	-0.9893597	-0.9718905	-0.9689677	-0.9733607	-0.9796743	-0.9716164	-0.9586859	-0.9533494	-0.9533494
1766409540	-0.9775649	-0.970991	-0.9852006	-0.9843594	-0.9652743	-0.998009	-0.9710585	-0.9863834	-0.9909199	-0.9737562	-0.9708333	-0.9775522	-0.983093	-0.9744205	-0.9619525	-0.9530399	-0.9530399
1766412540	-0.9742886	-0.9616534	-0.9811503	-0.9790628	-0.9561197	-0.9927203	-0.9639316	-0.9817308	-0.9810909	-0.9725124	-0.9691231	-0.9741369	-0.9669319	-0.9549477	-0.9407977	-0.9422053	-0.9407977
1766415540	-0.9753807	-0.9655441	-0.9795925	-0.9770376	-0.9601539	-0.9910092	-0.95603	-0.9772333	-0.9776585	-0.9680037	-0.9638371	-0.9652881	-0.9750124	-0.9628926	-0.9627302	-0.9569094	-0.95603
1766418540	-0.9839616	-0.9691235	-0.9845775	-0.984671	-0.964033	-0.9959868	-0.9710585	-0.9862283	-0.9931041	-0.9753109	-0.9708333	-0.9764655	-0.9799851	-0.9753552	-0.9669301	-0.9581476	-0.9581476
1766421540	-0.9756927	-0.9635209	-0.9733612	-0.9765703	-0.9440169	-0.9888315	-0.9599033	-0.9707196	-0.9760984	-0.9636505	-0.9605721	-0.9652881	-0.970506	-0.961179	-0.9616414	-0.9541233	-0.9440169
1766424540	-0.9802172	-0.9736367	-0.985668	-0.9849826	-0.9665156	-0.99972	-0.9715233	-0.9865385	-0.9915439	-0.9754664	-0.9706779	-0.9778626	-0.982316	-0.9753552	-0.9649079	-0.9606241	-0.9606241
1766427540	-0.9766288	-0.9694348	-0.9788136	-0.9804649	-0.9581368	-0.9941202	-0.9667204	-0.9840571	-0.982339	-0.9662935	-0.9573072	0.9694796	-0.9733031	-0.9571286	-0.9658412	-0.9587667	-0.9571286
1766430540	-0.9834935	-0.9730142	-0.983487	-0.9863846	-0.9660501	-0.9994089	-0.9701289	-0.987469	-0.9934161	-0.9763993	-0.9736318	-0.9781731	-0.9844915	-0.9775361	-0.9687967	-0.9603145	-0.9603145
1766433540	-0.9713243	-0.9647659	-0.9780346	-0.9784397	-0.9615504	-0.9910092	-0.9631569	-0.983902	-0.972354	-0.9701803	-0.9552861	-0.9657538	-0.9740801	-0.9649177	-0.965219	-0.9555163	-0.9552861
1766436540	-0.9850537	-0.9722361	-0.9858238	-0.9863846	-0.9669811	-0.9990978	-0.9724529	-0.9856079	-0.9902958	-0.9745336	-0.9719216	-0.9789493	-0.9841808	-0.9781593	-0.9684856	-0.9617075	-0.9617075
1766439540	-0.9824014	-0.9728586	-0.983487	-0.9828016	-0.965895	-0.9984756	-0.9647062	-0.9845223	-0.991856	-0.9726679	-0.970056	-0.9772417	-0.9773434	-0.9727069	-0.9675523	-0.9505634	-0.9505634
1766442540	-0.9842736	-0.9742592	-0.9864469	-0.9884098	-0.9680673	-0.9990978	-0.9733825	-0.9885546	-0.9946643	-0.9774876	-0.972699	0.9791046	-0.9857347	-0.9787824	-0.9551083	-0.9623266	-0.9551083
1766445540	-0.9855217	-0.9711467	-0.9867585	-0.9868519	-0.9641882	-0.9994089	-0.9670302	-0.9834367	-0.9879556	-0.975	-0.9695896	-0.976776	-0.98387	-0.9734858	-0.9717521	-0.9634101	-0.9634101
1766448540	-0.9852097	-0.9680341	-0.9827081	-0.9848268	-0.9599988	-0.9972312	-0.9603681	-0.9784739	-0.9829631	-0.9703358	-0.967102	0.9713425	-0.9751678	-0.9720837	-0.9681745	-0.9590763	-0.9590763
1766451540	-0.978813	-0.9638322	-0.9764768	-0.9804649	-0.9418446	-0.9961424	-0.9616076	-0.9758375	-0.9801548	-0.9583644	-0.9629042	0.958147	-0.9781203	-0.9728627	-0.9610192	-0.9466939	-0.9418446
1766454540	-0.9872379	-0.9748817	-0.9872258	-0.9893445	-0.9703947	-0.9986312	-0.9707486	-0.9890199	-0.9952883	-0.9767102	-0.9739428	-0.9795703	-0.9879102	-0.9775361	-0.9720632	-0.9629458	-0.9629458
1766457540	-0.9892661	-0.977683	-0.9886279	-0.9898118	-0.9705499	-1.002364	-0.9749318	-0.9899504	-0.9962244	-0.9793532	-0.975342	-0.9822094	-0.9883764	-0.9817423	-0.9731521	-0.962791	-0.962791
1766460540	-0.9844296	-0.9744148	-0.9855122	-0.9845152	-0.9683776	-0.996609	-0.969974	-0.9868486	-0.9938842	-0.9763993	-0.9739428	-0.9756893	-0.9860455	-0.9773804	-0.9649079	-0.9620171	-0.9620171
1766463540	-0.9870819	-0.9706798	-0.9848891	-0.9871635	-0.9676018	-1.000342	-0.9687345	-0.9873139	-0.9927921	-0.9726679	-0.9705224	0.9756893	-0.9844915	-0.9751994	-0.9723743	-0.9621719	-0.9621719
1766466540	-0.9863018	-0.9722361	-0.9859796	-0.9817111	-0.9610849	-0.9936536	-0.9664105	-0.9866935	-0.992012	-0.9706468	-0.9695896	0.9749131	-0.9821606	-0.9736416	-0.9656857	-0.9604693	-0.9604693
1766469540	-0.9746006	-0.9669447	-0.9841102	-0.9750125	-0.9559645	-0.990387	-0.9639316	-0.9700993	-0.9884236	-0.969092	-0.9658582	-0.9688587	-0.9636686	-0.9669429	-0.9485752	-0.9539685	-0.9485752
1766472540	-0.978813	-0.9675672	-0.9825523	-0.9842036	-0.9644985	-0.9987867	-0.9696641	-0.9834367	-0.9901398	-0.9745336	-0.9703669	0.9773969	-0.9795189	-0.9747321	-0.9636635	-0.9583024	-0.9583024
1766475540	-0.9802172	-0.9706798	-0.9803714	-0.9803091	-0.9623262	-0.9866538	-0.9690444	-0.9846774	-0.9885796	-0.9712687	-0.9661692	-0.9738264	-0.9765664	-0.9730184	-0.9670856	-0.956445	-0.956445
1766478540	-0.978969	-0.9613421	-0.9769442	-0.9751682	-0.9528612	-0.9924092	-0.9650161	-0.9818859	-0.9815589	-0.9684701	-0.9639925	0.9679272	-0.9656887	-0.9680334	-0.9544861	-0.9488608	-0.9488608
1766481540	-0.9721043	-0.9619646	-0.9771	-0.9684696	-0.9610849	-0.979343	-0.9521567	-0.9730459	-0.9686096	-0.9568097	-0.9448694	-0.9562842	-0.9576082	-0.9435755	-0.9555749	-0.9465391	-0.9435755
1766484540	-0.9777209	-0.9639878	-0.9808387	-0.9790628	-0.9579816	-0.9914759	-0.9633118	-0.9825062	-0.9760984	-0.9611629	-0.9573072	-0.9637357	-0.9773434	-0.9605558	-0.9605525	-0.9579928	-0.9573072
1766487540	-0.9731965	-0.9625872	-0.9736727	-0.977505	-0.955499	-0.9931869	-0.9589737	-0.9795596	-0.9806228	-0.9670709	-0.9629042	-0.9713425	-0.9703506	-0.9702144	-0.9390866	-0.9524208	-0.9390866
1766490540	-0.9770969	-0.9723917	-0.9853564	-0.9851383	-0.966826	-0.9994089	-0.9696641	-0.9800248	-0.9917	-0.9753109	-0.9709888	-0.9746026	-0.9776542	-0.9734858	-0.9605525	-0.9510277	-0.9510277
1766493540	-0.978189	-0.9663222	-0.9797483	-0.9792186	-0.9620159	-0.9908537	-0.9614527	-0.9784739	-0.9854593	-0.9670709	-0.9661692	0.9730502	-0.968175	-0.9646062	-0.965219	-0.9572189	-0.9572189
1766496540	-0.9741326	-0.9680341	-0.9755421	-0.9751682	-0.9572058	-0.9889871	-0.9619175	-0.9817308	-0.9734461	-0.9666045	-0.9546642	-0.9618728	-0.974857	-0.9577517	-0.9613303	-0.9530399	-0.9530399
1766499540	-0.9763168	-0.9675672	-0.9755421	-0.9787512	-0.9562748	-0.9919425	-0.9586639	-0.9769231	-0.982339	-0.9569652	-0.9423818	0.9606309	-0.9774988	-0.9627368	-0.9636635	-0.9497895	-0.9423818
1766502540	-0.9809973	-0.9723917	-0.9855122	-0.9865404	-0.9652743	-0.9959868	-0.9710585	-0.9862283	-0.9937282	-0.9734453	-0.9720771	-0.9780179	-0.9742355	-0.971928	-0.9555749	-0.9569094	-0.9555749
1766505540	-0.9808412	-0.9705242	-0.9828639	-0.9842036	-0.9665156	-0.9984756	-0.9650161	-0.9852978	-0.991856	-0.975	-0.9722326	-0.9783284	-0.9719045	-0.9751994	-0.9605525	-0.9586119	-0.9586119
1766508540	-0.9838055	-0.9720804	-0.983487	-0.9865404	-0.9651192	-0.9983201	-0.9667204	-0.9859181	-0.9899838	-0.975	-0.9699005	-0.9721187	-0.9795189	-0.9728627	-0.9625747	-0.9592311	-0.9592311
1766511540	-0.9822454	-0.9728586	-0.9844217	-0.9829574	-0.9655847	-0.9986312	-0.9716782	-0.9866935	-0.992324	-0.9754664	-0.9717662	0.9778626	-0.981539	-0.9764457	-0.9639746	-0.9610884	-0.9610884
1766514540	-0.9820894	-0.9741036	-0.9831755	-0.9837363	-0.9655847	-0.9962979	-0.9691993	-0.9846774	-0.9927921	-0.9748445	-0.9722326	-0.9772417	-0.981539	-0.9767572	-0.9717521	-0.9615527	-0.9615527
1766517540	-0.9845856	-0.9727029	-0.9861353	-0.9854499	-0.9651192	-0.998009	-0.972143	-0.9859181	-0.992324	-0.9756219	-0.97301	-0.9770864	-0.9776542	-0.9762899	-0.9673967	-0.9592311	-0.9592311
1766520540	-0.9817773	-0.9730142	-0.9859796	-0.9832689	-0.963102	-0.9992534	-0.972298	-0.9863834	-0.9917	-0.9754664	-0.9728545	-0.9780179	-0.98387	-0.9772246	-0.9617969	-0.9618623	-0.9617969
1766523540	-0.9850537	-0.9727029	-0.9862911	-0.9843594	-0.966826	-0.9978534	-0.9710585	-0.9879342	-0.9932601	-0.9767102	-0.9736318	0.9781731	-0.9835592	-0.9745763	-0.9681745	-0.9621719	-0.9621719
1766526540	-0.9825574	-0.973948	-0.985668	-0.9871635	-0.9680673	-0.9995645	-0.9707486	-0.9873139	-0.9931041	-0.9759328	-0.9728545	-0.980036	-0.9858901	-0.9780035	-0.9701966	-0.962791	-0.962791
1766529540	-0.9872379	-0.9744148	-0.9875374	-0.9868519	-0.9688431	-1.000653	-0.9733825	-0.9873139	-0.9929481	-0.9768657	-0.9742537	0.9791046	-0.9869779	-0.9778477	-0.96973	-0.9638744	-0.9638744
1766532540	-0.9827134	-0.9725473	-0.9837986	-0.9863846	-0.9686879	-0.9992534	-0.9733825	-0.9876241	-0.9941962	-0.9765547	-0.9733209	-0.9794151	-0.9683304	-0.9772246	-0.9638191	-0.9615527	-0.9615527
1766535540	-0.9848977	-0.9744148	-0.9875374	-0.9885656	-0.9691534	-1.000809	-0.9735374	-0.9866935	-0.9951323	-0.9773321	-0.9744092	0.9808122	-0.9875995	-0.9778477	-0.9700411	-0.962791	-0.962791
1766538540	-0.9869259	-0.9762824	-0.9869143	-0.9865404	-0.9679121	-0.9983201	-0.974467	-0.98933	-0.9952883	-0.9777985	-0.9748756	-0.9809675	-0.9866671	-0.9797171	-0.9734632	-0.9634101	-0.9634101
1766541540	-0.978813	-0.9649216	-0.9788136	-0.9796859	-0.95643	-0.9950535	-0.9631569	-0.9814206	-0.9862394	-0.9666045	-0.9635261	-0.9690139	-0.9720599	-0.9633599	-0.9505973	-0.9513373	-0.9505973
1766544540	-0.9752247	-0.9675672	-0.9808387	-0.9815553	-0.9624814	-0.9941202	-0.9650161	-0.9832816	-0.9867074	-0.9678483	-0.9674129	-0.96327	-0.9778095	-0.9705259	-0.9557305	-0.9531947	-0.9531947
1766547540	-0.9767848	-0.9725473	-0.9839544	-0.981088	-0.964964	-0.9964535	-0.9637766	-0.9852978	-0.9910759	-0.9697139	-0.9638371	-0.975534	-0.9739247	-0.9708375	-0.9659968	-0.9558259	-0.9558259
1766550540	-0.9864578	-0.9742592	-0.9858238	-0.9862288	-0.9662053	-0.9984756	-0.9730726	-0.9883995	-0.9956003	-0.9765547	-0.9737873	-0.9784836	-0.982316	-0.9783151	-0.9708188	-0.9609336	-0.9609336
1766553540	-0.9738205	-0.9669447	-0.9800598	-0.9773492	-0.9626365	-0.9905426	-0.965171	-0.9828164	-0.9865514	-0.9697139	-0.964148	-0.9701006	-0.9711275	-0.9663198	-0.9647524	-0.9493252	-0.9493252
1766556540	-0.9752247	-0.9700573	-0.9816176	-0.9779723	-0.9609297	-0.9958313	-0.9626921	-0.9835918	-0.9899838	-0.972046	-0.9669465	0.9746026	-0.974857	-0.9720837	-0.9631969	-0.9562902	-0.9562902
1766559540	-0.9778769	-0.9691235	-0.980683	-0.9792186	-0.9617056	-0.9892982	-0.9661006	-0.9823511	-0.9857713	-0.9715796	-0.9685012	0.9643567	-0.975634	-0.9736416	-0.9529306	-0.9570641	-0.9529306
1766562540	-0.978189	-0.9688123	-0.9774115	-0.9771934	-0.9613952	-0.9920981	-0.9631569	-0.9845223	-0.9888917	-0.9731343	-0.967102	-0.967772	-0.9767218	-0.9713048	-0.9613303	-0.9556711	-0.9556711
1766565540	-0.9824014	-0.9723917	-0.9830197	-0.9828016	-0.9643433	-0.9978534	-0.9709036	-0.985763	-0.9906078	-0.9751555	-0.9708333	0.9753788	-0.9703506	-0.9772246	-0.9544861	-0.9595406	-0.9544861
1766568540	-0.9813093	-0.9731698	-0.9859796	-0.9851383	-0.965895	-0.9964535	-0.9704388	-0.9860732	-0.992636	-0.9736007	-0.9714552	-0.9781731	-0.9824714	-0.9756667	-0.9580637	-0.9595406	-0.9580637
1766571540	-0.978189	-0.9636765	-0.9689993	-0.9751682	-0.9523957	-0.9875871	-0.9636217	-0.976768	-0.9611208	-0.9597637	-0.9541978	-0.9513164	-0.9734585	-0.9605558	-0.9624191	-0.9584572	-0.9513164
1766574540	-0.9797491	-0.9713023	-0.9848891	-0.9854499	-0.9618607	-0.9967646	-0.9710585	-0.9840571	-0.9917	-0.9739117	-0.9708333	-0.975534	-0.9754786	-0.9762899	-0.9692633	-0.9593858	-0.9593858
1766577540	-0.9799051	-0.9716135	-0.9836428	-0.9838921	-0.965895	-0.9964535	-0.9688894	-0.9849876	-0.9896717	-0.9754664	-0.9705224	0.9778626	-0.9788973	-0.9750436	-0.9628858	-0.9576833	-0.9576833
1766580540	-0.9811533	-0.9725473	-0.9845775	-0.9838921	-0.9648088	-0.994898	-0.9705937	-0.985763	-0.9915439	-0.9745336	-0.9699005	-0.9763102	-0.977188	-0.9739531	-0.9627302	-0.9552068	-0.9552068
1766583540	-0.978189	-0.9667891	-0.9792809	-0.9835805	-0.9651192	-0.9925647	-0.9664105	-0.982196	-0.9832751	-0.9686256	-0.9652363	-0.971653	-0.9733031	-0.9490279	-0.9446864	-0.94592	-0.9446864
1766586540	-0.9764728	-0.9675672	-0.9828639	-0.9859172	-0.965895	-0.9984756	-0.9701289	-0.9870037	-0.9890477	-0.9740672	-0.9705224	0.9777074	-0.9734585	-0.9736416	-0.957286	-0.9598502	-0.957286
1766589540	-0.9710122	-0.9723917	-0.9844217	-0.9831132	-0.9654295	-0.991787	-0.9664105	-0.9848325	-0.9888917	-0.9728234	-0.969745	-0.9728949	-0.9778095	-0.9677218	-0.9614858	-0.9567546	-0.9567546
1766592540	-0.9830255	-0.9725473	-0.9853564	-0.9868519	-0.9671363	-0.9983201	-0.9704388	-0.9826613	-0.992012	-0.9756219	-0.9722326	0.9770864	-0.9787419	-0.9770688	-0.9593081	-0.9593858	-0.9593081
1766595540	-0.9817773	-0.9733254	-0.9844217	-0.9852941	-0.9666708	-0.9981645	-0.9687345	-0.9842122	-0.9907639	-0.9746891	-0.9714552	-0.9777074	-0.9773434	-0.9747321	-0.9597748	-0.9592311	-0.9592311
1766598540	-0.9819333	-0.9733254	-0.9864469	-0.9856057	-0.9655847	-0.9983201	-0.9716782	-0.9849876	-0.992012	-0.9759328	-0.9723881	0.9786388	-0.9781203	-0.9775361	-0.9678634	-0.9620171	-0.9620171
1766601540	-0.9809973	-0.9728586	-0.9850449	-0.9856057	-0.9660501	-0.9956757	-0.9695092	-0.9859181	-0.9929481	-0.9760883	-0.9714552	-0.9784836	-0.9801405	-0.9778477	-0.9695744	-0.9610884	-0.9610884
1766604540	-0.9842736	-0.9727029	-0.9859796	-0.984671	-0.9655847	-0.99972	-0.9718332	-0.9859181	-0.9915439	-0.9756219	-0.9720771	-0.9786388	-0.9827822	-0.9778477	-0.965219	-0.9609336	-0.9609336
1766607540	-0.9817773	-0.9722361	-0.9859796	-0.9865404	-0.9635675	-0.9978534	-0.9724529	-0.987469	-0.9935721	-0.9763993	-0.9728545	0.9789493	-0.9844915	-0.9776919	-0.9701966	-0.9583024	-0.9583024
1766610540	-0.9808412	-0.975193	-0.9862911	-0.9862288	-0.9685328	-0.9990978	-0.9730726	-0.9870037	-0.9940402	-0.9757774	-0.97301	-0.9792598	-0.9840254	-0.9773804	-0.9694189	-0.9623266	-0.9623266
1766613540	-0.9856777	-0.9762824	-0.9875374	-0.9874751	-0.967757	-0.9989423	-0.9736924	-0.9882444	-0.9946643	-0.9765547	-0.9737873	0.9801913	-0.9872887	-0.9780035	-0.9734632	-0.9635649	-0.9635649
1766616540	-0.9858337	-0.9756599	-0.9867585	-0.9876309	-0.9688431	-1.000653	-0.9733825	-0.9879342	-0.9941962	-0.9762438	-0.9740983	0.9801913	-0.9816944	-0.9784708	-0.9647524	-0.9606241	-0.9606241
1766619540	-0.9766288	-0.9737923	-0.9859796	-0.9868519	-0.9683776	-0.9986312	-0.9693542	-0.9871588	-0.9937282	-0.9765547	-0.9723881	-0.9795703	-0.9840254	-0.9784708	-0.9691078	-0.962791	-0.962791
1766622540	-0.9842736	-0.9748817	-0.9859796	-0.9871635	-0.9680673	-1.000498	-0.9716782	-0.987469	-0.9935721	-0.9763993	-0.9722326	-0.9789493	-0.9871333	-0.976913	-0.9715966	-0.9626362	-0.9626362
1766625540	-0.9852097	-0.9737923	-0.9858238	-0.9870077	-0.9666708	-0.9964535	-0.9715233	-0.9876241	-0.9935721	-0.9771766	-0.9733209	-0.9798808	-0.9862009	-0.9786266	-0.9692633	-0.9620171	-0.9620171
1766628540	-0.9855217	-0.9753486	-0.9866027	-0.9874751	-0.9676018	-1.000342	-0.9735374	-0.9879342	-0.9940402	-0.977643	-0.9734764	-0.9781731	-0.9871333	-0.9789382	-0.9717521	-0.9635649	-0.9635649
1766631540	-0.9848977	-0.9759711	-0.9872258	-0.9887213	-0.9691534	-0.99972	-0.9732276	-0.9888648	-0.9945082	-0.9770211	-0.9750311	-0.9789493	-0.9875995	-0.9795613	-0.9715966	-0.9640292	-0.9640292
1766634540	-0.9920744	-0.9769049	-0.9887836	-0.9891887	-0.9699292	-1.003142	-0.9752417	-0.9897953	-0.9957564	-0.9781095	-0.9745647	0.9814332	-0.9888426	-0.9817423	-0.9740854	-0.9646483	-0.9646483
1766637540	-0.9895781	-0.9762824	-0.987849	-0.9890329	-0.9688431	-1.002675	-0.974622	-0.9880893	-0.9956003	-0.9773321	-0.9734764	-0.9801913	-0.988221	-0.9800287	-0.9740854	-0.9643388	-0.9643388
1766640540	-0.9863018	-0.9750374	-0.9883163	-0.9879424	-0.9686879	-0.9990978	-0.9738473	-0.9887097	-0.9945082	-0.977954	-0.9742537	0.9803465	-0.9863563	-0.9789382	-0.9737743	-0.9629458	-0.9629458
1766643540	-0.9845856	-0.9733254	-0.9847333	-0.9876309	-0.967757	-1.000498	-0.9736924	-0.9880893	-0.9941962	-0.9765547	-0.9733209	-0.9781731	-0.9880656	-0.9792498	-0.9709744	-0.961398	-0.961398
1766646540	-0.9836495	-0.9745705	-0.9869143	-0.9876309	-0.9685328	-1.001587	-0.9736924	-0.9880893	-0.9943522	-0.9771766	-0.9733209	0.9784836	-0.9858901	-0.9798729	-0.9692633	-0.9634101	-0.9634101
1766649540	-0.9772529	-0.9731698	-0.9836428	-0.9863846	-0.9679121	-0.9959868	-0.9719881	-0.9877792	-0.9948203	-0.9763993	-0.9734764	-0.9789493	-0.9841808	-0.9778477	-0.96833	-0.9618623	-0.9618623
1766652540	-0.9828694	-0.9736367	-0.9875374	-0.9859172	-0.966826	-0.9978534	-0.9709036	-0.9883995	-0.9929481	-0.9756219	-0.9737873	0.9803465	-0.9846469	-0.9780035	-0.9705077	-0.9623266	-0.9623266
1766655540	-0.9828694	-0.9744148	-0.9853564	-0.986073	-0.9682224	-0.9987867	-0.969974	-0.9870037	-0.9935721	-0.9770211	-0.9722326	-0.9792598	-0.9848023	-0.9783151	-0.9705077	-0.9606241	-0.9606241
1766658540	-0.9842736	-0.9747261	-0.9850449	-0.9856057	-0.9657398	-0.9981645	-0.9713684	-0.9865385	-0.9932601	-0.975	-0.9712998	-0.9781731	-0.9854239	-0.9770688	-0.9705077	-0.9617075	-0.9617075
1766661540	-0.9799051	-0.9720804	-0.9836428	-0.9857615	-0.9615504	-0.9976979	-0.9704388	-0.9860732	-0.992324	-0.9757774	-0.9712998	0.9763102	-0.981539	-0.9748878	-0.958997	-0.9592311	-0.958997
1766664540	-0.9825574	-0.9706798	-0.9841102	-0.9838921	-0.9644985	-0.9961424	-0.9691993	-0.9859181	-0.9907639	-0.9748445	-0.9706779	-0.975534	-0.9787419	-0.9728627	-0.9627302	-0.9533494	-0.9533494
1766667540	-0.9813093	-0.9717692	-0.9848891	-0.9849826	-0.9660501	-0.996609	-0.9688894	-0.985763	-0.9915439	-0.9748445	-0.9720771	-0.9769312	-0.9806067	-0.9753552	-0.9659968	-0.9606241	-0.9606241
1766670540	-0.9742886	-0.973948	-0.9850449	-0.9854499	-0.9652743	-0.9984756	-0.9685796	-0.9876241	-0.9929481	-0.9759328	-0.97301	-0.9770864	-0.9848023	-0.9781593	-0.9670856	-0.9617075	-0.9617075
1766673540	-0.9842736	-0.9741036	-0.9858238	-0.9859172	-0.9660501	-0.9981645	-0.9719881	-0.9873139	-0.9931041	-0.9754664	-0.9725435	-0.9778626	-0.9827822	-0.9781593	-0.9681745	-0.9604693	-0.9604693
1766676540	-0.9848977	-0.9731698	-0.9853564	-0.9849826	-0.9672915	-0.9990978	-0.9707486	-0.9856079	-0.9929481	-0.9754664	-0.9717662	-0.9780179	-0.9862009	-0.9761341	-0.9695744	-0.9618623	-0.9618623
1766679540	-0.9827134	-0.9742592	-0.985668	-0.9831132	-0.9660501	-0.9970757	-0.9710585	-0.9863834	-0.9909199	-0.9757774	-0.9723881	0.9777074	-0.9787419	-0.9764457	-0.9687967	-0.9612432	-0.9612432
1766682540	-0.9830255	-0.9692791	-0.9850449	-0.9835805	-0.9654295	-0.9972312	-0.9685796	-0.9831266	-0.9912319	-0.9728234	-0.9720771	-0.9753788	-0.9778095	-0.9736416	-0.963508	-0.9587667	-0.9587667
1766685540	-0.9741326	-0.9713023	-0.9855122	-0.9843594	-0.9651192	-0.9981645	-0.9716782	-0.9862283	-0.9904518	-0.9756219	-0.9714552	-0.9775522	-0.9851131	-0.9775361	-0.9691078	-0.9607789	-0.9607789
1766688540	-0.9811533	-0.9708354	-0.9827081	-0.9820227	-0.9648088	-0.9962979	-0.9661006	-0.9826613	-0.9904518	-0.972357	-0.9678794	0.9733607	-0.9818498	-0.9751994	-0.9641302	-0.9510277	-0.9510277
1766691540	-0.9816213	-0.9733254	-0.9847333	-0.9854499	-0.9674466	-0.9986312	-0.9716782	-0.9870037	-0.9927921	-0.9745336	-0.9708333	-0.9789493	-0.9834038	-0.9786266	-0.9684856	-0.9604693	-0.9604693
1766694540	-0.9795931	-0.9725473	-0.9855122	-0.9859172	-0.966826	-1.000498	-0.9726078	-0.9852978	-0.9940402	-0.9762438	-0.97301	-0.9789493	-0.9848023	-0.9775361	-0.9711299	-0.9626362	-0.9626362
1766697540	-0.9820894	-0.9736367	-0.9848891	-0.9874751	-0.966826	-0.99972	-0.9730726	-0.9834367	-0.9941962	-0.9763993	-0.9706779	-0.9794151	-0.9820052	-0.9780035	-0.9692633	-0.961398	-0.961398
1766700540	-0.9861458	-0.9728586	-0.9845775	-0.9871635	-0.9671363	-0.9987867	-0.9715233	-0.9868486	-0.9932601	-0.9763993	-0.9719216	-0.9795703	-0.9837146	-0.9776919	-0.9711299	-0.9615527	-0.9615527
1766703540	-0.9739765	-0.9741036	-0.9853564	-0.9851383	-0.9669811	-0.9972312	-0.9716782	-0.9848325	-0.9931041	-0.9737562	-0.9719216	-0.9789493	-0.9840254	-0.9775361	-0.9709744	-0.9589215	-0.9589215
1766706540	-0.9856777	-0.9742592	-0.9862911	-0.9862288	-0.9680673	-0.9987867	-0.9715233	-0.9873139	-0.9937282	-0.9765547	-0.9722326	-0.9781731	-0.983093	-0.9786266	-0.9687967	-0.9618623	-0.9618623
1766709540	-0.9819333	-0.9723917	-0.9862911	-0.9851383	-0.9680673	-0.9998756	-0.9713684	-0.9870037	-0.992012	-0.9759328	-0.9725435	0.9792598	-0.9852685	-0.9780035	-0.9625747	-0.961398	-0.961398
1766712540	-0.9869259	-0.975193	-0.987849	-0.986073	-0.9683776	-1.000031	-0.9740022	-0.9879342	-0.9941962	-0.977954	-0.9733209	-0.9798808	-0.9872887	-0.9797171	-0.9712855	-0.9601597	-0.9601597
1766715540	-0.9855217	-0.9731698	-0.9859796	-0.9848268	-0.9683776	-0.9984756	-0.9701289	-0.987469	-0.9945082	-0.9767102	-0.9712998	0.9791046	-0.9849577	-0.9794055	-0.9689522	-0.9624814	-0.9624814
1766718540	-0.9873939	-0.9747261	-0.9858238	-0.9866962	-0.9679121	-1.000498	-0.9735374	-0.9883995	-0.9951323	-0.9757774	-0.9748756	0.9797255	-0.9862009	-0.9742647	-0.9695744	-0.9637197	-0.9637197
1766721540	-0.9856777	-0.9755042	-0.9866027	-0.9868519	-0.9693086	-1.002209	-0.9730726	-0.9891749	-0.9943522	-0.9771766	-0.9739428	0.9805017	-0.9886872	-0.9775361	-0.9739298	-0.9623266	-0.9623266
1766724540	-0.988018	-0.9758155	-0.98707	-0.9873193	-0.9683776	-0.9998756	-0.9733825	-0.9885546	-0.9948203	-0.9768657	-0.9736318	-0.980657	-0.9868225	-0.9781593	-0.9711299	-0.9629458	-0.9629458
1766727540	-0.9816213	-0.9722361	-0.9852006	-0.9862288	-0.9665156	-0.9958313	-0.9693542	-0.985763	-0.9917	-0.9760883	-0.9733209	-0.9794151	-0.9778095	-0.9699028	-0.9684856	-0.9603145	-0.9603145
1766730540	-0.9731965	-0.9568289	-0.9716476	-0.9704948	-0.9454134	-0.9802763	-0.9628471	-0.9769231	-0.9770344	-0.9639614	-0.9635261	-0.9595442	-0.9779649	-0.9703701	-0.9596192	-0.9575285	-0.9454134
1766733540	-0.9669558	-0.9653884	-0.9809945	-0.9815553	-0.9615504	-0.9933425	-0.9662556	-0.9800248	-0.9879556	-0.9678483	-0.970056	0.9749131	-0.9695736	-0.9700586	-0.9593081	-0.9558259	-0.9558259
1766736540	-0.9811533	-0.9706798	-0.9828639	-0.9843594	-0.9657398	-0.9958313	-0.9691993	-0.9865385	-0.991856	-0.9753109	-0.9705224	0.9783284	-0.9792081	-0.9748878	-0.9613303	-0.9610884	-0.9610884
1766739540	-0.9817773	-0.9734811	-0.9850449	-0.9859172	-0.9679121	-0.9950535	-0.9716782	-0.985763	-0.9929481	-0.9748445	-0.9728545	0.9783284	-0.983093	-0.9773804	-0.9684856	-0.9601597	-0.9601597
1766742540	-0.9850537	-0.9711467	-0.9841102	-0.9838921	-0.9648088	-0.9981645	-0.9701289	-0.9871588	-0.9895157	-0.9740672	-0.9717662	-0.9773969	-0.9778095	-0.9766014	-0.965219	-0.9603145	-0.9603145
1766745540	-0.9809973	-0.9720804	-0.9794367	-0.9790628	-0.9607746	-0.9941202	-0.9679598	-0.9832816	-0.9887356	-0.9706468	-0.9688122	-0.9752235	-0.9793635	-0.9722395	-0.9658412	-0.9587667	-0.9587667
1766748540	-0.9838055	-0.9717692	-0.9848891	-0.9848268	-0.9654295	-0.9978534	-0.9713684	-0.9820409	-0.9915439	-0.975	-0.9708333	-0.9769312	-0.9848023	-0.976913	-0.9689522	-0.9606241	-0.9606241
1766751540	-0.9838055	-0.9714579	-0.9853564	-0.9854499	-0.964964	-0.9969201	-0.9705937	-0.9815757	-0.9906078	-0.9742226	-0.9712998	0.9772417	-0.9761002	-0.9773804	-0.9661523	-0.9552068	-0.9552068
1766754540	-0.9819333	-0.9741036	-0.9794367	-0.9862288	-0.965895	-0.9956757	-0.9691993	-0.9854529	-0.992168	-0.9743781	-0.9706779	-0.9770864	-0.9816944	-0.9770688	-0.9664634	-0.9607789	-0.9607789
1766757540	-0.9844296	-0.9730142	-0.9828639	-0.9848268	-0.966826	-0.9986312	-0.9709036	-0.983902	-0.992012	-0.9757774	-0.9711443	-0.9758445	-0.9821606	-0.9761341	-0.966619	-0.9610884	-0.9610884
1766760540	-0.9822454	-0.9728586	-0.9837986	-0.986073	-0.9657398	-0.9984756	-0.972143	-0.9873139	-0.99248	-0.9753109	-0.9720771	-0.9783284	-0.9846469	-0.9737974	-0.9692633	-0.9617075	-0.9617075
1766763540	-0.9824014	-0.9714579	-0.982085	-0.9843594	-0.9638779	-0.9973868	-0.969819	-0.9848325	-0.9898278	-0.9740672	-0.9711443	-0.9777074	-0.9829376	-0.9731742	-0.9619525	-0.960005	-0.960005
1766766540	-0.9816213	-0.9719248	-0.9855122	-0.9851383	-0.9651192	-0.9962979	-0.9691993	-0.9854529	-0.9902958	-0.9739117	-0.9709888	-0.9772417	-0.9810728	-0.9766014	-0.9638191	-0.960005	-0.960005
1766769540	-0.9813093	-0.973948	-0.9848891	-0.9848268	-0.9671363	-0.9990978	-0.9713684	-0.9860732	-0.992168	-0.9751555	-0.9712998	-0.9783284	-0.9832484	-0.9767572	-0.9659968	-0.9603145	-0.9603145
1766772540	-0.9869259	-0.973948	-0.9867585	-0.9854499	-0.9666708	-0.9990978	-0.9724529	-0.9876241	-0.9929481	-0.9756219	-0.9719216	0.9794151	-0.9855793	-0.976913	-0.9701966	-0.9609336	-0.9609336
1766775540	-0.9845856	-0.9730142	-0.9855122	-0.9857615	-0.9669811	-0.9986312	-0.9710585	-0.9856079	-0.991856	-0.9736007	-0.9717662	0.9787941	-0.9841808	-0.9761341	-0.9700411	-0.9612432	-0.9612432
1766778540	-0.9842736	-0.9728586	-0.9862911	-0.9862288	-0.9666708	-0.9990978	-0.9730726	-0.9870037	-0.9934161	-0.9756219	-0.9725435	-0.9795703	-0.9849577	-0.9781593	-0.9686411	-0.9621719	-0.9621719
1766781540	-0.9847416	-0.9753486	-0.9862911	-0.9854499	-0.9676018	-1.000809	-0.972298	-0.9879342	-0.9917	-0.9760883	-0.9736318	-0.9783284	-0.98387	-0.9756667	-0.9653746	-0.9596954	-0.9596954
1766784540	-0.9856777	-0.9748817	-0.9872258	-0.9848268	-0.966826	-1.000187	-0.9733825	-0.9873139	-0.9935721	-0.9770211	-0.972699	-0.9786388	-0.9865117	-0.9792498	-0.9720632	-0.960005	-0.960005
1766787540	-0.9852097	-0.9741036	-0.98707	-0.9870077	-0.9669811	-0.9983201	-0.9733825	-0.987469	-0.992168	-0.9760883	-0.9728545	-0.9786388	-0.9837146	-0.9775361	-0.9701966	-0.9624814	-0.9624814
1766790540	-0.9739765	-0.960564	-0.9732054	-0.9723642	-0.9517751	-0.9844761	-0.9588188	-0.9736663	-0.9773465	-0.9675373	-0.961505	-0.9693244	-0.9759448	-0.964762	-0.9580637	-0.9470035	-0.9470035
1766793540	-0.9830255	-0.973948	-0.9872258	-0.9874751	-0.9674466	-0.9994089	-0.9726078	-0.9880893	-0.9945082	-0.9771766	-0.9737873	0.9794151	-0.9855793	-0.9789382	-0.9708188	-0.9629458	-0.9629458
1766796540	-0.9831815	-0.9756599	-0.9881605	-0.9851383	-0.9693086	-1.002053	-0.9740022	-0.9888648	-0.9949763	-0.9765547	-0.9742537	0.9809675	-0.9875995	-0.9798729	-0.9705077	-0.9632553	-0.9632553
1766799540	-0.9820894	-0.9748817	-0.9859796	-0.9865404	-0.967757	-1.000031	-0.9733825	-0.9873139	-0.9927921	-0.9751555	-0.9725435	-0.9801913	-0.9866671	-0.9794055	-0.96973	-0.9618623	-0.9618623
1766802540	-0.9900462	-0.9769049	-0.9884721	-0.988254	-0.9705499	-1.001431	-0.9733825	-0.9901055	-0.9952883	-0.977643	-0.9750311	-0.9801913	-0.9883764	-0.9812749	-0.971441	-0.9644936	-0.9644936
1766805540	-0.9863018	-0.9772161	-0.9884721	-0.9877866	-0.9691534	-0.99972	-0.9740022	-0.9856079	-0.9946643	-0.9787313	-0.9747201	-0.9805017	-0.9865117	-0.9795613	-0.9722188	-0.962791	-0.962791
1766808540	-0.9895781	-0.9770605	-0.9442298	-0.9461927	-0.9686879	-1.001898	-0.974622	-0.9887097	-0.9956003	-0.9781095	-0.9747201	-0.9809675	-0.969729	-0.9758225	-0.9733076	-0.9418957	-0.9418957
1766811540	-0.9733525	-0.9720804	-0.9825523	-0.9785955	-0.9621711	-0.9883649	-0.9617625	-0.9846774	-0.9857713	-0.9653607	-0.966791	0.9721187	-0.9726815	-0.9705259	-0.9650635	-0.9525755	-0.9525755
1766814540	-0.9870819	-0.9748817	-0.98707	-0.9879424	-0.9683776	-0.9981645	-0.9736924	-0.9866935	-0.9938842	-0.9770211	-0.9731654	-0.9798808	-0.9844915	-0.9794055	-0.9711299	-0.962791	-0.962791
1766817540	-0.9639915	-0.9677229	-0.9813061	-0.9757914	-0.9606194	-0.9900759	-0.9614527	-0.9787841	-0.9870195	-0.9681592	-0.9678794	-0.971032	-0.9580743	-0.9709933	-0.9575971	-0.9544329	-0.9544329
1766820540	-0.9834935	-0.960564	-0.9764768	-0.9782839	-0.9612401	-0.994898	-0.9648612	-0.9752171	-0.9736021	-0.9575871	-0.9591729	-0.9595442	-0.9743909	-0.9630484	-0.9532417	-0.9572189	-0.9532417
1766823540	-0.9816213	-0.9708354	-0.9758537	-0.9792186	-0.9618607	-0.9925647	-0.9685796	-0.9825062	-0.9842112	-0.9703358	-0.9653918	-0.9694796	-0.9813836	-0.975511	-0.9658412	-0.9598502	-0.9598502
1766826540	-0.978345	-0.9736367	-0.9850449	-0.9870077	-0.9648088	-0.9992534	-0.9707486	-0.9877792	-0.9912319	-0.9762438	-0.9720771	0.9773969	-0.9820052	-0.9761341	-0.9695744	-0.9592311	-0.9592311
1766829540	-0.9827134	-0.9722361	-0.9839544	-0.9842036	-0.9660501	-0.9976979	-0.9684246	-0.983902	-0.9917	-0.9743781	-0.9702114	-0.9773969	-0.9782757	-0.9750436	-0.9672412	-0.960005	-0.960005
1766832540	-0.9802172	-0.9717692	-0.9848891	-0.9831132	-0.9652743	-0.9931869	-0.9688894	-0.983902	-0.9901398	-0.9731343	-0.9705224	0.9766207	-0.9706614	-0.9748878	-0.9504418	-0.9488608	-0.9488608
1766835540	-0.9841176	-0.9708354	-0.9814619	-0.98249	-0.9523957	-0.9969201	-0.9643964	-0.9846774	-0.9879556	-0.9700249	-0.955908	-0.9701006	-0.9701952	-0.9594654	-0.9649079	-0.9589215	-0.9523957
1766838540	-0.978969	-0.9730142	-0.9847333	-0.9856057	-0.9654295	-0.9975423	-0.9710585	-0.9865385	-0.992324	-0.9748445	-0.9722326	-0.9777074	-0.9781203	-0.9716164	-0.9673967	-0.9603145	-0.9603145
1766841540	-0.9817773	-0.9700573	-0.9819292	-0.9831132	-0.9624814	-0.9947424	-0.9684246	-0.978629	-0.9868635	-0.9695585	-0.9646144	0.9724292	-0.9745462	-0.958998	-0.9602414	-0.9586119	-0.9586119
1766844540	-0.9803732	-0.9716135	-0.9859796	-0.986073	-0.9660501	-0.9989423	-0.9715233	-0.9868486	-0.9929481	-0.9754664	-0.9717662	0.9766207	-0.9694182	-0.976913	-0.9591526	-0.9584572	-0.9584572
1766847540	-0.9842736	-0.9677229	-0.9848891	-0.9835805	-0.964964	-0.9962979	-0.9633118	-0.9848325	-0.9873315	-0.9718905	-0.9622823	0.9752235	-0.981539	-0.9717722	-0.9655301	-0.9583024	-0.9583024
1766850540	-0.9792811	-0.970991	-0.9847333	-0.9852941	-0.9655847	-0.9983201	-0.9709036	-0.9866935	-0.992012	-0.9756219	-0.9716107	-0.9770864	-0.9826268	-0.9762899	-0.9650635	-0.9589215	-0.9589215
1766853540	-0.9845856	-0.9731698	-0.9844217	-0.9854499	-0.9662053	-0.9962979	-0.9695092	-0.9860732	-0.9910759	-0.9757774	-0.9720771	-0.9763102	-0.9751678	-0.9770688	-0.966619	-0.9581476	-0.9581476
1766856540	-0.9833375	-0.9661666	-0.9823966	-0.9817111	-0.9567403	-0.9989423	-0.9656358	-0.9770782	-0.9870195	-0.9739117	-0.9666356	-0.971653	-0.9810728	-0.9750436	-0.9681745	-0.9604693	-0.9567403
1766859540	-0.9853657	-0.9736367	-0.9864469	-0.9859172	-0.9671363	-0.9981645	-0.9716782	-0.9870037	-0.992012	-0.9757774	-0.9717662	0.9777074	-0.9799851	-0.9767572	-0.9691078	-0.9624814	-0.9624814
1766862540	-0.9809973	-0.9579183	-0.9795925	-0.9728315	-0.958292	-0.9889871	-0.9569596	-0.9789392	-0.9806228	-0.9628731	-0.961505	-0.9713425	-0.9776542	-0.9653851	-0.9649079	-0.9562902	-0.9562902
1766865540	-0.9774089	-0.9658553	-0.9769442	-0.9731431	-0.957361	-0.990387	-0.9512271	-0.9716501	-0.9807788	-0.9591418	-0.944092	-0.9649776	-0.9487506	-0.9293993	-0.9566638	-0.9494799	-0.9293993
1766868540	-0.9813093	-0.9728586	-0.9855122	-0.9868519	-0.9680673	-0.9981645	-0.9724529	-0.9868486	-0.9932601	-0.9765547	-0.9728545	-0.9787941	-0.98387	-0.9742647	-0.9691078	-0.9620171	-0.9620171
1766871540	-0.9711682	-0.9541833	-0.9775673	-0.9728315	-0.9433962	-0.9829206	-0.9656358	-0.9800248	-0.972978	-0.9670709	-0.9569963	0.9583023	-0.9774988	-0.9706817	-0.9622636	-0.9556711	-0.9433962
1766874540	-0.9856777	-0.9755042	-0.9869143	-0.9880982	-0.966826	-0.99972	-0.9726078	-0.9862283	-0.9934161	-0.9773321	-0.9728545	-0.9789493	-0.9761002	-0.9795613	-0.9708188	-0.9623266	-0.9623266
1766877540	-0.9831815	-0.9719248	-0.9783462	-0.9767261	-0.9638779	-0.9931869	-0.9643964	-0.9772333	-0.9798427	-0.9648943	-0.9661692	-0.9685482	-0.9709722	-0.9593096	-0.9642857	-0.9607789	-0.9593096
1766880540	-0.9850537	-0.9742592	-0.9866027	-0.9851383	-0.9689983	-0.9998756	-0.9736924	-0.9879342	-0.9943522	-0.9773321	-0.9744092	-0.9803465	-0.9857347	-0.976913	-0.9708188	-0.9621719	-0.9621719
1766883540	-0.9795931	-0.9753486	-0.9867585	-0.9868519	-0.9693086	-0.9972312	-0.9724529	-0.9883995	-0.9945082	-0.9770211	-0.9733209	-0.9789493	-0.9827822	-0.9780035	-0.9644413	-0.9595406	-0.9595406
1766886540	-0.9792811	-0.9750374	-0.9876932	-0.9865404	-0.9680673	-1.000187	-0.9727628	-0.9879342	-0.9945082	-0.9770211	-0.9744092	0.9789493	-0.9875995	-0.9792498	-0.9712855	-0.962791	-0.962791
1766889540	-0.9833375	-0.9755042	-0.9869143	-0.9876309	-0.9693086	-1.001276	-0.9735374	-0.9880893	-0.9943522	-0.9773321	-0.9742537	0.9797255	-0.9874441	-0.9797171	-0.9722188	-0.9592311	-0.9592311
1766892540	-0.9808412	-0.9736367	-0.9867585	-0.9866962	-0.9665156	-1.000964	-0.9718332	-0.9880893	-0.9915439	-0.9782649	-0.9739428	0.9792598	-0.9863563	-0.9786266	-0.96973	-0.9621719	-0.9621719
1766895540	-0.9836495	-0.9755042	-0.9869143	-0.9874751	-0.9685328	-1.000031	-0.9726078	-0.9896402	-0.9943522	-0.9767102	-0.9740983	0.9805017	-0.9871333	-0.9783151	-0.9723743	-0.9634101	-0.9634101
1766898540	-0.988174	-0.9747261	-0.9855122	-0.9879424	-0.9685328	-1.000498	-0.9724529	-0.9873139	-0.9929481	-0.9763993	-0.9723881	-0.9769312	-0.9875995	-0.9778477	-0.9705077	-0.9606241	-0.9606241
1766901540	-0.959467	-0.9658553	-0.9797483	-0.9768819	-0.9604643	-0.9892982	-0.9688894	-0.9820409	-0.9838992	-0.9672264	-0.9653918	0.967151	-0.9753232	-0.9708375	-0.9597748	-0.9548972	-0.9548972
1766904540	-0.9853657	-0.9742592	-0.9853564	-0.9849826	-0.9686879	-0.9989423	-0.9716782	-0.9870037	-0.9935721	-0.9754664	-0.972699	0.9784836	-0.9829376	-0.9753552	-0.9647524	-0.9623266	-0.9623266
1766907540	-0.9813093	-0.9728586	-0.9837986	-0.9854499	-0.9676018	-0.9959868	-0.9705937	-0.987469	-0.9932601	-0.975	-0.9723881	-0.9777074	-0.9846469	-0.9775361	-0.9687967	-0.961398	-0.961398
1766910540	-0.9816213	-0.9731698	-0.9852006	-0.9852941	-0.965895	-0.9944313	-0.9690444	-0.9860732	-0.9917	-0.9757774	-0.9723881	-0.9759998	-0.9784311	-0.9773804	-0.9619525	-0.9606241	-0.9606241
1766913540	-0.9811533	-0.9725473	-0.9828639	-0.9859172	-0.9654295	-0.9976979	-0.9691993	-0.9859181	-0.992012	-0.9748445	-0.9708333	0.9772417	-0.9729923	-0.9708375	-0.955886	-0.9590763	-0.955886
1766916540	-0.9836495	-0.9728586	-0.9852006	-0.9856057	-0.9657398	-0.9984756	-0.9710585	-0.9848325	-0.9898278	-0.9739117	-0.9725435	-0.9750683	-0.9804513	-0.9762899	-0.9691078	-0.9596954	-0.9596954
1766919540	-0.9814653	-0.9705242	-0.9837986	-0.98249	-0.9638779	-0.9964535	-0.9685796	-0.9846774	-0.9910759	-0.9743781	-0.9689677	-0.9744473	-0.9846469	-0.975511	-0.9624191	-0.9584572	-0.9584572
1766922540	-0.9816213	-0.9727029	-0.9848891	-0.9837363	-0.964033	-0.9973868	-0.9684246	-0.985763	-0.992012	-0.9743781	-0.9699005	-0.9763102	-0.9733031	-0.9748878	-0.9630413	-0.9586119	-0.9586119
1766925540	-0.9816213	-0.9703685	-0.9837986	-0.9835805	-0.965895	-0.9961424	-0.969819	-0.9860732	-0.9917	-0.9701803	-0.9719216	-0.9739816	-0.9695736	-0.9716164	-0.9457753	-0.9589215	-0.9457753
1766928540	-0.9831815	-0.9723917	-0.9841102	-0.9857615	-0.9654295	-0.9989423	-0.9705937	-0.985763	-0.9901398	-0.9751555	-0.9712998	0.9750683	-0.974857	-0.9741089	-0.9594637	-0.9603145	-0.9594637
1766931540	-0.9839616	-0.9727029	-0.9850449	-0.9848268	-0.964964	-0.996609	-0.9681148	-0.9863834	-0.9907639	-0.975	-0.9716107	-0.9753788	-0.9824714	-0.9717722	-0.9602414	-0.9589215	-0.9589215
1766934540	-0.9813093	-0.9702129	-0.9847333	-0.9851383	-0.9644985	-0.9984756	-0.9693542	-0.9854529	-0.9893597	-0.9742226	-0.9708333	-0.9763102	-0.9788973	-0.9727069	-0.9659968	-0.9587667	-0.9587667
1766937540	-0.9834935	-0.9716135	-0.9844217	-0.9859172	-0.9644985	-0.9944313	-0.9702838	-0.9843672	-0.9895157	-0.9742226	-0.9712998	-0.976155	-0.981539	-0.976913	-0.9678634	-0.9604693	-0.9604693
1766940540	-0.9836495	-0.9706798	-0.9845775	-0.9838921	-0.9648088	-0.9972312	-0.9690444	-0.9843672	-0.9874875	-0.9753109	-0.9706779	-0.9773969	-0.975634	-0.9742647	-0.9575971	-0.9610884	-0.9575971
1766943540	-0.9811533	-0.9720804	-0.9830197	-0.9842036	-0.9646537	-0.996609	-0.969974	-0.9851427	-0.9915439	-0.9748445	-0.9714552	-0.9772417	-0.9796743	-0.9748878	-0.9673967	-0.9607789	-0.9607789
1766946540	-0.9839616	-0.9723917	-0.9845775	-0.9840479	-0.964964	-0.9986312	-0.9693542	-0.9860732	-0.992012	-0.9753109	-0.9706779	-0.9747578	-0.9834038	-0.9748878	-0.9672412	-0.9601597	-0.9601597
1766949540	-0.9792811	-0.9722361	-0.9853564	-0.98249	-0.965895	-0.991787	-0.9702838	-0.9849876	-0.9896717	-0.9739117	-0.9703669	-0.9728949	-0.970506	-0.9655409	-0.9647524	-0.9561355	-0.9561355
1766952540	-0.9824014	-0.9737923	-0.9852006	-0.9856057	-0.9646537	-0.9981645	-0.9719881	-0.9848325	-0.992324	-0.9754664	-0.9717662	0.976776	-0.983093	-0.9753552	-0.9677078	-0.9612432	-0.9612432
1766955540	-0.9819333	-0.9728586	-0.9853564	-0.9831132	-0.9662053	-0.9969201	-0.9710585	-0.9851427	-0.992324	-0.9734453	-0.9714552	0.9772417	-0.9804513	-0.9750436	-0.960397	-0.9587667	-0.9587667
1766958540	-0.9833375	-0.9716135	-0.9861353	-0.9852941	-0.9665156	-0.9950535	-0.9702838	-0.9859181	-0.9910759	-0.9760883	-0.9706779	-0.9780179	-0.9824714	-0.9731742	-0.9607081	-0.9593858	-0.9593858
1766961540	-0.9836495	-0.9689679	-0.9814619	-0.9826458	-0.9648088	-0.9970757	-0.9691993	-0.9849876	-0.9856153	-0.9728234	-0.9706779	-0.9725845	-0.9816944	-0.9753552	-0.9664634	-0.9615527	-0.9615527
1766964540	-0.978501	-0.9736367	-0.9864469	-0.9845152	-0.9652743	-0.9990978	-0.9719881	-0.987469	-0.9937282	-0.9751555	-0.9725435	-0.9786388	-0.983093	-0.9778477	-0.9687967	-0.9584572	-0.9584572
1766967540	-0.9714803	-0.9409549	-0.9702455	-0.9641077	-0.938431	-0.9791874	-0.9453396	-0.9545906	-0.9514478	-0.9420398	-0.9430037	0.9486773	-0.976411	-0.9627368	-0.9585304	-0.9476226	-0.938431
1766970540	-0.9836495	-0.9736367	-0.9866027	-0.9857615	-0.9669811	-0.9984756	-0.972298	-0.9876241	-0.9934161	-0.9768657	-0.97301	-0.980036	-0.9860455	-0.9780035	-0.9711299	-0.9615527	-0.9615527
1766973540	-0.9800612	-0.9744148	-0.9867585	-0.9873193	-0.9676018	-0.9983201	-0.9736924	-0.987469	-0.9940402	-0.9767102	-0.9731654	0.980036	-0.9860455	-0.9776919	-0.9703522	-0.9623266	-0.9623266
1766976540	-0.9855217	-0.973948	-0.9850449	-0.9880982	-0.9680673	-0.9978534	-0.9724529	-0.9887097	-0.9932601	-0.9754664	-0.9728545	0.9798808	-0.9857347	-0.9787824	-0.9712855	-0.9629458	-0.9629458
1766979540	-0.9867698	-0.9731698	-0.9855122	-0.9870077	-0.9666708	-0.9990978	-0.972298	-0.9879342	-0.9945082	-0.9773321	-0.9740983	0.9780179	-0.9852685	-0.9786266	-0.9701966	-0.9623266	-0.9623266
1766982540	-0.9842736	-0.9692791	-0.9795925	-0.9793744	-0.9581368	-0.9928758	-0.965326	-0.9794045	-0.9857713	-0.9683147	-0.9657027	0.9713425	-0.9826268	-0.9741089	-0.9684856	-0.9601597	-0.9581368
1766985540	-0.9753807	-0.9632097	-0.9774115	-0.9768819	-0.9592229	-0.9897648	-0.963002	-0.9772333	-0.9877996	-0.96676	-0.9657027	-0.9694796	-0.9580743	-0.9646062	-0.9523084	-0.9524208	-0.9523084
1766988540	-0.9675799	-0.9655441	-0.9771	-0.9771934	-0.9542577	-0.9896093	-0.9642414	-0.9818859	-0.9859274	-0.9670709	-0.9610386	-0.9655986	-0.969729	-0.9582191	-0.9617969	-0.9541233	-0.9541233
1766991540	-0.978189	-0.9706798	-0.9811503	-0.9801533	-0.9643433	-0.9953646	-0.9681148	-0.9849876	-0.9899838	-0.9714241	-0.9706779	0.9741369	-0.9706614	-0.9708375	-0.9519973	-0.9542781	-0.9519973
1766994540	-0.9739765	-0.9625872	-0.9781904	-0.981088	-0.9621711	-0.9942758	-0.9631569	-0.9846774	-0.9849913	-0.9695585	-0.9666356	0.9691692	-0.9722153	-0.9695912	-0.9585304	-0.9538138	-0.9538138
1766997540	-0.9738205	-0.966011	-0.9741401	-0.9790628	-0.9562748	-0.9906981	-0.9639316	-0.9817308	-0.9843672	-0.969092	-0.9653918	-0.9713425	-0.9646009	-0.962581	-0.9518417	-0.9524208	-0.9518417
1767000540	-0.9791251	-0.9694348	-0.9828639	-0.9834247	-0.964033	-0.9936536	-0.9685796	-0.982196	-0.9888917	-0.9689366	-0.970056	-0.972274	-0.9776542	-0.9741089	-0.9538639	-0.9572189	-0.9538639
1767003540	-0.958843	-0.9222796	-0.9367522	-0.9374688	-0.9070879	-0.9507218	-0.9298463	-0.9477667	-0.9200886	-0.9235386	-0.9212376	0.9140586	-0.9605607	-0.9471585	-0.9546416	-0.9432888	-0.9070879
1767006540	-0.9756927	-0.9681897	-0.9795925	-0.981088	-0.9641882	-0.994898	-0.965326	-0.9797146	-0.9860834	-0.966449	-0.964459	-0.9682377	-0.9677089	-0.9677218	-0.9423532	-0.9496347	-0.9423532
1767009540	-0.9731965	-0.9534051	-0.9702455	-0.9725199	-0.9539474	-0.9858761	-0.9585089	-0.9811104	-0.9840552	-0.9687811	-0.9633706	-0.9708768	-0.9722153	-0.9692797	-0.9645968	-0.952266	-0.952266
1767012540	-0.9792811	-0.969746	-0.9839544	-0.9831132	-0.9634124	-0.9964535	-0.9682697	-0.9835918	-0.9892037	-0.9736007	-0.9714552	0.9756893	-0.9778095	-0.9699028	-0.9630413	-0.9530399	-0.9530399
1767015540	-0.9696081	-0.9669447	-0.9783462	-0.9771934	-0.9601539	-0.9955202	-0.9667204	-0.9783189	-0.9885796	-0.9686256	-0.9669465	-0.9718082	-0.9722153	-0.9681892	-0.9549527	-0.9562902	-0.9549527
1767018540	-0.9544745	-0.9451569	-0.9680646	-0.9686254	-0.9395171	-0.977943	-0.9538609	-0.9697891	-0.9770344	-0.9619403	-0.9545087	0.9618728	-0.9666211	-0.9457565	-0.9560416	-0.9525755	-0.9395171
1767021540	-0.9795931	-0.9713023	-0.9841102	-0.9828016	-0.964964	-0.9962979	-0.9691993	-0.9829715	-0.9899838	-0.9737562	-0.9688122	0.9769312	-0.9796743	-0.9708375	-0.9627302	-0.9545877	-0.9545877
1767024540	-0.9761608	-0.958074	-0.9716476	-0.971741	-0.9496028	-0.9829206	-0.9623823	-0.9817308	-0.9835871	-0.96676	-0.9594838	-0.9643567	-0.9737693	-0.9653851	-0.9642857	-0.9545877	-0.9496028
1767027540	-0.9803732	-0.9714579	-0.9822408	-0.9829574	-0.9641882	-0.9969201	-0.9684246	-0.9818859	-0.9860834	-0.9736007	-0.9674129	-0.9738264	-0.9743909	-0.9725511	-0.9557305	-0.9559807	-0.9557305
1767030540	-0.9809973	-0.9644547	-0.9774115	-0.9787512	-0.9604643	-0.9944313	-0.9659457	-0.9787841	-0.9803108	-0.9683147	-0.9636816	-0.9674615	-0.9781203	-0.9694354	-0.963508	-0.9567546	-0.9567546
1767033540	-0.9736645	-0.9591633	-0.9669741	-0.9742335	-0.9558093	-0.987276	-0.9561849	-0.9721154	-0.963149	-0.9540112	-0.9579291	-0.9564394	-0.9788973	-0.9621137	-0.9649079	-0.9502538	-0.9502538
1767036540	-0.978501	-0.9695904	-0.9828639	-0.9838921	-0.9620159	-0.9978534	-0.9633118	-0.982196	-0.9871755	-0.9725124	-0.9658582	-0.9752235	-0.9792081	-0.9727069	-0.9610192	-0.9586119	-0.9586119
1767039540	-0.9794371	-0.9733254	-0.9841102	-0.9851383	-0.965895	-0.9961424	-0.9702838	-0.9854529	-0.9915439	-0.9739117	-0.9708333	0.9763102	-0.9770326	-0.9773804	-0.962108	-0.9596954	-0.9596954
1767042540	-0.9628994	-0.9515376	-0.9668183	-0.9700274	-0.9457237	-0.9836984	-0.9504524	-0.9704094	-0.9736021	-0.9594527	-0.9560634	-0.9583023	-0.9663103	-0.953234	-0.9518417	-0.9483965	-0.9457237
1767045540	-0.9774089	-0.9686566	-0.9795925	-0.9817111	-0.9635675	-0.993498	-0.9656358	-0.9811104	-0.9779705	-0.9703358	-0.9594838	0.962649	-0.9798297	-0.9658524	-0.952775	-0.9565998	-0.952775
1767048540	-0.9834935	-0.9714579	-0.9850449	-0.9856057	-0.967757	-0.9972312	-0.972143	-0.9877792	-0.9931041	-0.9751555	-0.9725435	-0.9781731	-0.9816944	-0.9758225	-0.9689522	-0.9610884	-0.9610884
1767051540	-0.9800612	-0.9730142	-0.9816176	-0.9856057	-0.9665156	-0.9967646	-0.9712134	-0.9866935	-0.9929481	-0.9726679	-0.9720771	-0.9612519	-0.9745462	-0.9759783	-0.9664634	-0.9565998	-0.9565998
1767054540	-0.9817773	-0.9688123	-0.9788136	-0.9812438	-0.9623262	-0.9962979	-0.9591287	-0.9831266	-0.9784386	-0.9672264	-0.9664801	-0.9665301	-0.9773434	-0.9649177	-0.9653746	-0.9579928	-0.9579928
1767057540	-0.9813093	-0.9753486	-0.9848891	-0.9863846	-0.9671363	-0.9995645	-0.9729177	-0.9870037	-0.9935721	-0.9762438	-0.97301	-0.9794151	-0.9858901	-0.9778477	-0.9692633	-0.9620171	-0.9620171
1767060540	-0.9794371	-0.9756599	-0.9841102	-0.9874751	-0.9679121	-0.9984756	-0.9724529	-0.987469	-0.9927921	-0.9759328	-0.9733209	0.9794151	-0.98387	-0.9786266	-0.9692633	-0.961398	-0.961398
1767063540	-0.9834935	-0.9742592	-0.9862911	-0.9854499	-0.967757	-0.9994089	-0.9716782	-0.9870037	-0.9938842	-0.975	-0.9734764	-0.9784836	-0.9827822	-0.9784708	-0.9720632	-0.9615527	-0.9615527
1767066540	-0.9866138	-0.9741036	-0.9876932	-0.9873193	-0.9686879	-0.9984756	-0.9738473	-0.9882444	-0.9941962	-0.977643	-0.9739428	0.9791046	-0.9869779	-0.9792498	-0.9731521	-0.962791	-0.962791
1767069540	-0.9638355	-0.9579183	-0.972738	-0.9729873	-0.9516199	-0.9857205	-0.9588188	-0.9711849	-0.982339	-0.9653607	-0.9622823	-0.9648224	-0.9666211	-0.9653851	-0.9579082	-0.947313	-0.947313
1767072540	-0.9794371	-0.9671003	-0.9788136	-0.9798417	-0.9617056	-0.9936536	-0.9591287	-0.9778536	-0.9876435	-0.9709577	-0.967102	0.9683929	-0.9719045	-0.9714606	-0.9647524	-0.9547424	-0.9547424
1767075540	-0.9753807	-0.960564	-0.9792809	-0.9813996	-0.9544129	-0.9920981	-0.9643964	-0.9790943	-0.9859274	-0.9650498	-0.9618159	0.9707216	-0.9787419	-0.9689681	-0.9659968	-0.9570641	-0.9544129
1767078540	-0.9736645	-0.9708354	-0.9822408	-0.9801533	-0.964033	-0.9931869	-0.9667204	-0.983902	-0.9877996	-0.969403	-0.9672575	-0.9724292	-0.975634	-0.9686565	-0.9667745	-0.9559807	-0.9559807
1767081540	-0.9795931	-0.9703685	-0.9831755	-0.9828016	-0.9638779	-0.9953646	-0.9693542	-0.9834367	-0.9890477	-0.972046	-0.9691231	0.9746026	-0.9753232	-0.9714606	-0.962108	-0.9562902	-0.9562902
1767084540	-0.959311	-0.9548058	-0.9816176	-0.9759472	-0.9567403	-0.9896093	-0.9634668	-0.9806452	-0.9888917	-0.966449	-0.9653918	-0.9744473	-0.9680196	-0.9632041	-0.9509084	-0.9476226	-0.9476226
1767087540	-0.9555667	-0.9485807	-0.9627679	-0.9605247	-0.9343967	-0.9735876	-0.9532412	-0.9466811	-0.9661133	-0.9460821	-0.9489117	-0.9562842	-0.9605607	-0.9563497	-0.9585304	-0.947313	-0.9343967
1767104640	-0.9808412	-0.969746	-0.9844217	-0.9832689	-0.9613952	-0.9959868	-0.969819	-0.9843672	-0.9888917	-0.9715796	-0.9674129	-0.9752235	-0.9796743	-0.9748878	-0.9656857	-0.950873	-0.950873
1767107040	-0.978501	-0.9635209	-0.9738285	-0.9757914	-0.9513096	-0.988676	-0.9654809	-0.9798697	-0.9862394	-0.9697139	-0.9675684	-0.963891	-0.9770326	-0.9644504	-0.9543305	-0.9576833	-0.9513096
1767110040	-0.9756927	-0.9632097	-0.9613659	-0.9697159	-0.9531715	-0.9838539	-0.9602132	-0.9702543	-0.9701697	-0.9625622	-0.9524876	-0.9646672	-0.9711275	-0.9591538	-0.9561971	-0.956445	-0.9524876
1767113040	-0.9753807	-0.9621203	-0.9744516	-0.975324	-0.9559645	-0.9883649	-0.9605231	-0.9733561	-0.972822	-0.9645833	-0.9576182	-0.9646672	-0.970506	-0.9639831	-0.9597748	-0.9525755	-0.9525755
1767116040	-0.9772529	-0.9700573	-0.9836428	-0.9807764	-0.9651192	-0.9969201	-0.9704388	-0.9848325	-0.9899838	-0.9729789	-0.9694341	-0.9772417	-0.9659995	-0.9734858	-0.9608636	-0.9586119	-0.9586119
1767119040	-0.9803732	-0.9722361	-0.9841102	-0.984671	-0.9643433	-0.9976979	-0.9693542	-0.9851427	-0.9910759	-0.9740672	-0.9708333	0.9753788	-0.981539	-0.9725511	-0.9675523	-0.960005	-0.960005
1767122040	-0.9819333	-0.9572958	-0.9795925	-0.9790628	-0.9621711	-0.9911648	-0.9654809	-0.9787841	-0.982651	-0.9650498	-0.9643035	0.96327	-0.9750124	-0.9558824	-0.9684856	-0.9589215	-0.9558824
1767125040	-0.978345	-0.9661666	-0.9775673	-0.9806206	-0.9578265	-0.9967646	-0.9695092	-0.9820409	-0.9881116	-0.972046	-0.9681903	-0.9721187	-0.9739247	-0.9705259	-0.9627302	-0.9538138	-0.9538138
1767128040	-0.978813	-0.970991	-0.9848891	-0.9851383	-0.966826	-0.9961424	-0.9712134	-0.9831266	-0.992324	-0.9753109	-0.9717662	-0.9783284	-0.983093	-0.9761341	-0.9653746	-0.9590763	-0.9590763
1767131040	-0.9819333	-0.9720804	-0.9855122	-0.9866962	-0.9662053	-0.9992534	-0.9724529	-0.9848325	-0.992012	-0.9753109	-0.9723881	0.9792598	-0.98387	-0.9773804	-0.96833	-0.9612432	-0.9612432
1767132840	-0.9760047	-0.9624315	-0.9780346	-0.9806206	-0.9556542	-0.993498	-0.9634668	-0.9784739	-0.982027	-0.9672264	-0.9591729	-0.9652881	-0.976411	-0.9667871	-0.9653746	-0.9575285	-0.9556542
1767134040	-0.9800612	-0.9722361	-0.982085	-0.9857615	-0.966826	-0.9983201	-0.9710585	-0.9870037	-0.9938842	-0.9759328	-0.9720771	-0.9772417	-0.9820052	-0.9778477	-0.9540194	-0.9562902	-0.9540194
1767137040	-0.9817773	-0.9727029	-0.9864469	-0.9859172	-0.9679121	-0.9959868	-0.9716782	-0.9860732	-0.992636	-0.9754664	-0.9705224	0.9763102	-0.9818498	-0.9775361	-0.9686411	-0.9589215	-0.9589215
1767140040	-0.9820894	-0.9733254	-0.9852006	-0.9857615	-0.9674466	-0.9969201	-0.9710585	-0.985763	-0.9935721	-0.9760883	-0.9723881	0.9777074	-0.9841808	-0.9770688	-0.9694189	-0.9593858	-0.9593858
1767143040	-0.9841176	-0.9723917	-0.9853564	-0.9863846	-0.9680673	-0.9987867	-0.9716782	-0.9868486	-0.99248	-0.9756219	-0.9728545	-0.9794151	-0.98387	-0.9756667	-0.9678634	-0.9606241	-0.9606241
1767143640	-0.9814653	-0.9736367	-0.9861353	-0.9862288	-0.9679121	-0.9984756	-0.9730726	-0.9870037	-0.9934161	-0.9757774	-0.972699	0.9787941	-0.9821606	-0.9775361	-0.9681745	-0.9607789	-0.9607789
1767146040	-0.9827134	-0.9744148	-0.9869143	-0.9863846	-0.9682224	-0.9990978	-0.9730726	-0.9887097	-0.9935721	-0.9767102	-0.9733209	-0.9787941	-0.9848023	-0.9778477	-0.9703522	-0.9615527	-0.9615527
1767149040	-0.9847416	-0.9755042	-0.9852006	-0.9862288	-0.9689983	-0.9990978	-0.9726078	-0.987469	-0.9945082	-0.9774876	-0.9734764	0.9805017	-0.9824714	-0.9781593	-0.9720632	-0.9615527	-0.9615527
1767152040	-0.978813	-0.9691235	-0.9831755	-0.981088	-0.9612401	-0.9920981	-0.9647062	-0.9815757	-0.9863954	-0.9676928	-0.9664801	-0.9732054	-0.9747016	-0.9711491	-0.9653746	-0.9531947	-0.9531947
1767155040	-0.9831815	-0.9636765	-0.9808387	-0.9796859	-0.9581368	-0.9922536	-0.9612977	-0.9818859	-0.9806228	-0.966449	-0.9633706	0.9702558	-0.983093	-0.9717722	-0.9691078	-0.9601597	-0.9581368
1767158040	-0.9830255	-0.9691235	-0.9823966	-0.9796859	-0.9637227	-0.9945869	-0.9647062	-0.9840571	-0.9892037	-0.969403	-0.9686567	0.9732054	-0.9761002	-0.9691239	-0.9641302	-0.9583024	-0.9583024
1767161040	-0.9808412	-0.9728586	-0.9831755	-0.9832689	-0.9657398	-0.9955202	-0.9701289	-0.9851427	-0.992012	-0.9722015	-0.9716107	0.9738264	-0.9793635	-0.9742647	-0.9684856	-0.9606241	-0.9606241
1767164040	-0.9795931	-0.9671003	-0.9822408	-0.9821785	-0.9634124	-0.9919425	-0.9628471	-0.982196	-0.9888917	-0.9718905	-0.9705224	0.975534	-0.9733031	-0.9725511	-0.9641302	-0.9531947	-0.9531947
1767165240	-0.9721043	-0.9632097	-0.9739843	-0.9793744	-0.9531715	-0.9913203	-0.958354	-0.9797146	-0.9838992	-0.9684701	-0.9605721	0.9665301	-0.9695736	-0.9544803	-0.9446864	-0.9490156	-0.9446864
1767167040	-0.9811533	-0.9705242	-0.983487	-0.9831132	-0.9638779	-0.9952091	-0.969819	-0.9846774	-0.9907639	-0.9742226	-0.970056	-0.9753788	-0.9834038	-0.97333	-0.9639746	-0.9592311	-0.9592311
1767170040	-0.9744446	-0.9649216	-0.9816176	-0.9806206	-0.9579816	-0.9961424	-0.9681148	-0.9837469	-0.9898278	-0.972357	-0.9680348	0.9708768	-0.9781203	-0.9702144	-0.9608636	-0.9581476	-0.9579816
1767173040	-0.9819333	-0.9717692	-0.9847333	-0.9821785	-0.9626365	-0.9950535	-0.9701289	-0.9859181	-0.9915439	-0.9742226	-0.9711443	-0.9775522	-0.9728369	-0.9750436	-0.9641302	-0.9596954	-0.9596954
1767176040	-0.9794371	-0.9664778	-0.9795925	-0.9803091	-0.9565852	-0.9941202	-0.9645513	-0.9809553	-0.9787506	-0.9683147	-0.9649254	-0.9663748	-0.9742355	-0.9695912	-0.9645968	-0.9561355	-0.9561355
1767179040	-0.9738205	-0.9541833	-0.9736727	-0.9742335	-0.947896	-0.985565	-0.9631569	-0.9780087	-0.9734461	-0.9631841	-0.9604167	-0.9645119	-0.9739247	-0.9702144	-0.9639746	-0.9527303	-0.947896
1767182040	-0.9820894	-0.9658553	-0.9800598	-0.9806206	-0.9629469	-0.9941202	-0.9617625	-0.9763027	-0.9873315	-0.9697139	-0.967102	0.9728949	-0.9787419	-0.9686565	-0.9610192	-0.9559807	-0.9559807
1767185040	-0.9767848	-0.9644547	-0.9783462	-0.9798417	-0.9558093	-0.9927203	-0.9623823	-0.9789392	-0.9814029	-0.9610075	-0.9569963	-0.9640462	-0.9784311	-0.964762	-0.9669301	-0.9584572	-0.9558093
1767188040	-0.9763168	-0.969746	-0.9809945	-0.9834247	-0.9637227	-0.9914759	-0.9673401	-0.9835918	-0.9877996	-0.9729789	-0.970056	-0.9766207	-0.9798297	-0.9737974	-0.9521528	-0.9535042	-0.9521528
1767188640	-0.9802172	-0.9694348	-0.9833313	-0.9826458	-0.9629469	-0.9975423	-0.9691993	-0.9852978	-0.991856	-0.9740672	-0.9689677	0.972274	-0.9821606	-0.9750436	-0.9673967	-0.9581476	-0.9581476
1767191040	-0.9699201	-0.966011	-0.979904	-0.9801533	-0.9584471	-0.9939647	-0.9589737	-0.9809553	-0.9846792	-0.9712687	-0.9683458	-0.9688587	-0.9753232	-0.9714606	-0.9627302	-0.9562902	-0.9562902
1767194040	-0.9802172	-0.9723917	-0.9831755	-0.9845152	-0.9654295	-0.9973868	-0.9716782	-0.9848325	-0.9917	-0.9739117	-0.9708333	-0.976776	-0.9829376	-0.9761341	-0.9681745	-0.9610884	-0.9610884
1767197040	-0.9805292	-0.9711467	-0.9839544	-0.984671	-0.9662053	-0.9975423	-0.9695092	-0.9859181	-0.9909199	-0.9745336	-0.9706779	0.9739816	-0.9773434	-0.9741089	-0.9686411	-0.9607789	-0.9607789
1767200040	-0.9800612	-0.9733254	-0.9852006	-0.9851383	-0.9669811	-0.9967646	-0.9713684	-0.9849876	-0.9917	-0.9743781	-0.9711443	-0.9775522	-0.9812282	-0.976913	-0.9673967	-0.9598502	-0.9598502
1767208320	-0.9830255	-0.9733254	-0.9847333	-0.9840479	-0.9666708	-0.9981645	-0.9716782	-0.9851427	-0.9915439	-0.9746891	-0.9709888	-0.9784836	-0.9841808	-0.976913	-0.9695744	-0.9604693	-0.9604693
1767210720	-0.9819333	-0.969746	-0.9813061	-0.9828016	-0.9621711	-0.9924092	-0.9665654	-0.9846774	-0.9853033	-0.9706468	-0.9655473	0.9741369	-0.9807621	-0.9727069	-0.9669301	-0.9581476	-0.9581476
1767213720	-0.9838055	-0.9719248	-0.9844217	-0.9863846	-0.9672915	-0.9989423	-0.9716782	-0.985763	-0.9934161	-0.9753109	-0.9719216	0.9784836	-0.9843362	-0.9761341	-0.9681745	-0.9610884	-0.9610884
1767216720	-0.9850537	-0.9750374	-0.9867585	-0.9868519	-0.9688431	-1.00112	-0.9732276	-0.9876241	-0.9938842	-0.9771766	-0.9733209	-0.9801913	-0.9852685	-0.9786266	-0.9715966	-0.9620171	-0.9620171
1767219720	-0.9850537	-0.9734811	-0.9875374	-0.9871635	-0.9688431	-1.000809	-0.9726078	-0.9879342	-0.9937282	-0.9756219	-0.9731654	0.9791046	-0.9862009	-0.9786266	-0.9717521	-0.9623266	-0.9623266
1767222720	-0.9848977	-0.9747261	-0.98707	-0.9874751	-0.9676018	-1.000653	-0.9729177	-0.9876241	-0.9941962	-0.9771766	-0.9739428	-0.980036	-0.9854239	-0.9778477	-0.9695744	-0.9624814	-0.9624814
1767225720	-0.9858337	-0.9748817	-0.9883163	-0.9880982	-0.9682224	-1.000653	-0.9747769	-0.9882444	-0.9948203	-0.977643	-0.9733209	-0.9794151	-0.9868225	-0.980496	-0.9722188	-0.9634101	-0.9634101
1767228720	-0.9808412	-0.9730142	-0.9839544	-0.9862288	-0.966826	-0.9992534	-0.9724529	-0.9865385	-0.9927921	-0.9765547	-0.9703669	0.9786388	-0.9827822	-0.9770688	-0.96973	-0.9603145	-0.9603145
1767231720	-0.9825574	-0.9734811	-0.9858238	-0.9845152	-0.967757	-0.998009	-0.9715233	-0.9868486	-0.9934161	-0.9760883	-0.9728545	-0.9777074	-0.9854239	-0.976913	-0.9689522	-0.9609336	-0.9609336
1767234720	-0.9830255	-0.9722361	-0.9855122	-0.9832689	-0.9674466	-0.9961424	-0.9712134	-0.9865385	-0.9937282	-0.9742226	-0.9723881	-0.9786388	-0.9835592	-0.9770688	-0.9686411	-0.9612432	-0.9612432
1767237720	-0.9845856	-0.9745705	-0.9866027	-0.9838921	-0.9669811	-0.9978534	-0.9718332	-0.9862283	-0.9937282	-0.9757774	-0.9719216	-0.9797255	-0.9863563	-0.9775361	-0.9647524	-0.9609336	-0.9609336
1767240720	-0.9841176	-0.9736367	-0.9830197	-0.9851383	-0.9679121	-0.9987867	-0.9719881	-0.9862283	-0.991856	-0.9760883	-0.972699	-0.9784836	-0.9854239	-0.9775361	-0.9694189	-0.9617075	-0.9617075
1767243720	-0.9855217	-0.975193	-0.9861353	-0.9854499	-0.9682224	-1.000342	-0.9740022	-0.9876241	-0.9937282	-0.9762438	-0.9733209	-0.9794151	-0.9869779	-0.9784708	-0.9723743	-0.9620171	-0.9620171
1767246720	-0.9836495	-0.9731698	-0.9847333	-0.984671	-0.9651192	-0.9967646	-0.9696641	-0.9856079	-0.9909199	-0.9734453	-0.9703669	0.9766207	-0.9854239	-0.9767572	-0.966619	-0.961398	-0.961398
1767249720	-0.9805292	-0.9728586	-0.9858238	-0.984671	-0.9662053	-0.9970757	-0.9671852	-0.9842122	-0.992324	-0.975	-0.9714552	-0.9772417	-0.9816944	-0.9747321	-0.9641302	-0.9607789	-0.9607789
1767252720	-0.9841176	-0.9734811	-0.985668	-0.9840479	-0.9674466	-0.9983201	-0.9719881	-0.9865385	-0.99248	-0.9759328	-0.9723881	-0.9783284	-0.9849577	-0.976913	-0.9712855	-0.961398	-0.961398
1767255720	-0.9799051	-0.9737923	-0.9855122	-0.9862288	-0.9669811	-0.9961424	-0.9704388	-0.9859181	-0.9931041	-0.9753109	-0.9717662	-0.9783284	-0.9841808	-0.9776919	-0.9687967	-0.9620171	-0.9620171
1767258720	-0.9802172	-0.9737923	-0.9853564	-0.9863846	-0.9672915	-0.9986312	-0.9719881	-0.9862283	-0.9934161	-0.975	-0.9723881	-0.9777074	-0.9851131	-0.9773804	-0.9692633	-0.9615527	-0.9615527
1767261720	-0.9738205	-0.9548058	-0.9742959	-0.9669118	-0.9556542	-0.9773208	-0.9577343	-0.9669975	-0.9684536	-0.9641169	-0.9557525	-0.9614071	-0.9778095	-0.961179	-0.9642857	-0.952266	-0.952266
1767264720	-0.9814653	-0.9708354	-0.9831755	-0.9848268	-0.9648088	-0.9958313	-0.9702838	-0.9852978	-0.9887356	-0.9736007	-0.9705224	-0.975534	-0.9816944	-0.9753552	-0.9670856	-0.9581476	-0.9581476
1767267720	-0.9813093	-0.9719248	-0.9831755	-0.9828016	-0.9635675	-0.9967646	-0.9665654	-0.9848325	-0.9912319	-0.9725124	-0.9686567	-0.9728949	-0.9781203	-0.9734858	-0.9575971	-0.9542781	-0.9542781
1767270720	-0.9778769	-0.967256	-0.9813061	-0.9809322	-0.9565852	-0.9945869	-0.9622273	-0.9741315	-0.982183	-0.9701803	-0.9636816	-0.9673063	-0.9577636	-0.9571286	-0.965219	-0.9552068	-0.9552068
1767273720	-0.9802172	-0.9702129	-0.984266	-0.9843594	-0.9644985	-0.9958313	-0.9695092	-0.9843672	-0.9915439	-0.9736007	-0.9708333	0.9775522	-0.9725261	-0.975511	-0.9597748	-0.9596954	-0.9596954
1767276720	-0.9749126	-0.9600971	-0.9767884	-0.9740778	-0.9567403	-0.987276	-0.9637766	-0.9787841	-0.9843672	-0.9653607	-0.9652363	0.9687034	-0.9673981	-0.9728627	-0.9499751	-0.9519564	-0.9499751
1767279720	-0.9775649	-0.9590077	-0.978502	-0.9818669	-0.958292	-0.9956757	-0.9640865	-0.9795596	-0.9770344	-0.9661381	-0.9660137	-0.9690139	-0.9821606	-0.9744205	-0.9617969	-0.9581476	-0.9581476
1767282720	-0.9816213	-0.9717692	-0.980683	-0.9829574	-0.9624814	-0.996609	-0.9691993	-0.9845223	-0.9893597	-0.9728234	-0.9692786	-0.9728949	-0.9742355	-0.9753552	-0.9655301	-0.9573737	-0.9573737
1767285720	-0.9680479	-0.9661666	-0.9827081	-0.9782839	-0.9601539	-0.9906981	-0.9634668	-0.9738213	-0.9849913	-0.9712687	-0.9678794	-0.9711873	-0.9715937	-0.9663198	-0.9566638	-0.9541233	-0.9541233
1767288720	-0.9803732	-0.9716135	-0.9830197	-0.9843594	-0.9644985	-0.9959868	-0.9688894	-0.9851427	-0.9888917	-0.9737562	-0.9695896	-0.9758445	-0.9824714	-0.9737974	-0.9667745	-0.9586119	-0.9586119
1767291720	-0.978813	-0.9695904	-0.9828639	-0.9840479	-0.9643433	-0.9972312	-0.9690444	-0.9842122	-0.9884236	-0.9732898	-0.9692786	0.9750683	-0.9773434	-0.9737974	-0.9670856	-0.956445	-0.956445
1767294720	-0.9794371	-0.969746	-0.9830197	-0.9834247	-0.9648088	-0.996609	-0.9679598	-0.9842122	-0.9906078	-0.9737562	-0.9699005	-0.9759998	-0.9799851	-0.9723953	-0.9655301	-0.9589215	-0.9589215
1767297720	-0.9803732	-0.9706798	-0.9848891	-0.9835805	-0.9646537	-0.9969201	-0.9688894	-0.9846774	-0.9917	-0.9748445	-0.9688122	-0.9766207	-0.9832484	-0.9756667	-0.9659968	-0.9592311	-0.9592311
1767300720	-0.9814653	-0.9706798	-0.9841102	-0.984671	-0.9635675	-0.9983201	-0.9678049	-0.9843672	-0.9906078	-0.9728234	-0.969745	-0.9769312	-0.9837146	-0.9748878	-0.9670856	-0.9596954	-0.9596954
1767303720	-0.9806852	-0.9731698	-0.983487	-0.984671	-0.9654295	-0.994898	-0.9701289	-0.9854529	-0.992168	-0.9743781	-0.9708333	-0.9773969	-0.974857	-0.9744205	-0.9583748	-0.9603145	-0.9583748
1767306720	-0.9764728	-0.9711467	-0.9823966	-0.9849826	-0.9665156	-0.9973868	-0.9707486	-0.9856079	-0.9912319	-0.9743781	-0.9692786	-0.9773969	-0.9826268	-0.9761341	-0.9680189	-0.9601597	-0.9601597
1767309720	-0.9813093	-0.9727029	-0.9828639	-0.9854499	-0.9657398	-0.9973868	-0.969819	-0.9852978	-0.992324	-0.9746891	-0.9716107	-0.9778626	-0.9829376	-0.9742647	-0.9687967	-0.9598502	-0.9598502
1767312720	-0.96914	-0.9602527	-0.9736727	-0.9726757	-0.954568	-0.988676	-0.9571145	-0.9735112	-0.9838992	-0.9628731	-0.9588619	-0.9651329	-0.9597837	-0.9596211	-0.9487307	-0.9519564	-0.9487307
1767315720	-0.9848977	-0.970991	-0.9852006	-0.9859172	-0.966826	-0.9976979	-0.9727628	-0.9863834	-0.992012	-0.9748445	-0.9717662	-0.9777074	-0.9841808	-0.9778477	-0.9669301	-0.9615527	-0.9615527
1767318720	-0.9819333	-0.9737923	-0.9853564	-0.9859172	-0.9666708	-0.9978534	-0.9716782	-0.9862283	-0.9929481	-0.9751555	-0.9723881	-0.9773969	-0.9844915	-0.9770688	-0.9678634	-0.9618623	-0.9618623
1767321720	-0.9822454	-0.9744148	-0.9845775	-0.9843594	-0.9671363	-0.9990978	-0.9718332	-0.9862283	-0.9932601	-0.9739117	-0.972699	0.9791046	-0.9852685	-0.9781593	-0.9722188	-0.9621719	-0.9621719
1767324720	-0.9761608	-0.9616534	-0.9771	-0.9784397	-0.9601539	-0.9930314	-0.9599033	-0.9783189	-0.9867074	-0.966449	-0.9630597	-0.9725845	-0.9715937	-0.9594654	-0.963508	-0.9497895	-0.9497895
1767327720	-0.978189	-0.9666335	-0.9805272	-0.9787512	-0.9612401	-0.9952091	-0.9661006	-0.9790943	-0.9837431	-0.9673818	-0.9661692	0.9733607	-0.9711275	-0.9674103	-0.9664634	-0.9565998	-0.9565998
1767336120	-0.9730404	-0.9653884	-0.9741401	-0.9734546	-0.9607746	-0.9852539	-0.9602132	-0.9781638	-0.9740701	-0.9680037	-0.9666356	-0.9679272	-0.9658441	-0.9488721	-0.9490418	-0.9545877	-0.9488721
1767336720	-0.9696081	-0.9691235	-0.9795925	-0.9806206	-0.9589126	-0.9928758	-0.9640865	-0.9806452	-0.9862394	-0.9653607	-0.966791	0.9730502	-0.9750124	-0.9702144	-0.9596192	-0.9488608	-0.9488608
1767357120	-0.9778769	-0.9702129	-0.9808387	-0.9815553	-0.9634124	-0.9950535	-0.9678049	-0.9834367	-0.9876435	-0.9722015	-0.966791	0.9733607	-0.9725261	-0.9699028	-0.9577526	-0.9531947	-0.9531947
1767360120	-0.9769408	-0.9703685	-0.9753863	-0.9834247	-0.9596884	-0.9962979	-0.9690444	-0.9789392	-0.9892037	-0.9728234	-0.9652363	-0.9750683	-0.9711275	-0.9689681	-0.9583748	-0.9542781	-0.9542781
1767380520	-0.9760047	-0.963054	-0.979904	-0.9768819	-0.9548784	-0.9892982	-0.9647062	-0.9691687	-0.9835871	-0.9700249	-0.9635261	-0.9669958	-0.9768772	-0.9664756	-0.9462419	-0.9524208	-0.9462419
1767391920	-0.9803732	-0.9688123	-0.9811503	-0.9803091	-0.9604643	-0.9952091	-0.9679598	-0.9811104	-0.9867074	-0.9706468	-0.9610386	-0.9719635	-0.9801405	-0.9699028	-0.9677078	-0.9584572	-0.9584572
1767451920	-0.9802172	-0.9722361	-0.9831755	-0.9835805	-0.9652743	-0.9976979	-0.96765	-0.9852978	-0.9910759	-0.9729789	-0.9714552	-0.9766207	-0.9757894	-0.9716164	-0.9669301	-0.9587667	-0.9587667
1767468120	-0.9838055	-0.9720804	-0.9850449	-0.9843594	-0.9657398	-0.9978534	-0.9704388	-0.9852978	-0.9906078	-0.9746891	-0.9703669	-0.9775522	-0.9837146	-0.9761341	-0.9658412	-0.960005	-0.960005
1767474720	-0.9839616	-0.9737923	-0.9853564	-0.9843594	-0.9669811	-0.9989423	-0.969819	-0.9860732	-0.991856	-0.9754664	-0.9725435	-0.9783284	-0.9795189	-0.975511	-0.9611747	-0.952266	-0.952266
1767486120	-0.9772529	-0.9702129	-0.9811503	-0.9815553	-0.9632572	-0.991787	-0.9682697	-0.9808002	-0.9845232	-0.9650498	-0.9675684	0.9640462	-0.9562096	-0.9642946	-0.9664634	-0.9561355	-0.9561355
1767538320	-0.9836495	-0.9713023	-0.9791251	-0.9831132	-0.9632572	-0.9969201	-0.9681148	-0.9823511	-0.9843672	-0.9706468	-0.966791	0.9727397	-0.9774988	-0.9658524	-0.9650635	-0.9596954	-0.9596954
1767561720	-0.9721043	-0.9572958	-0.9778789	-0.9795302	-0.9517751	-0.9816762	-0.9585089	-0.9727357	-0.9832751	-0.9655162	-0.9643035	-0.9643567	-0.9628916	-0.9588422	-0.9505973	-0.9514921	-0.9505973
1767570120	-0.978969	-0.9646103	-0.9710244	-0.9728315	-0.9635675	-0.9866538	-0.9516919	-0.9668424	-0.9784386	-0.9571206	-0.9610386	0.9699454	-0.9788973	-0.9736416	-0.9586859	-0.9462296	-0.9462296
1768530000	-0.9833375	-0.9745705	-0.9855122	-0.9862288	-0.9680673	-1.000031	-0.9726078	-0.9883995	-0.9949763	-0.9759328	-0.9744092	0.9798808	-0.9852685	-0.9792498	-0.9681745	-0.9610884	-0.9610884
1768533000	-0.987862	-0.9758155	-0.9875374	-0.9873193	-0.9680673	-0.998009	-0.9735374	-0.9888648	-0.9941962	-0.9763993	-0.9740983	-0.9805017	-0.9821606	-0.9798729	-0.9658412	-0.9618623	-0.9618623
1768536000	-0.9877059	-0.9761267	-0.9884721	-0.9874751	-0.9682224	-1.000031	-0.9736924	-0.9885546	-0.9943522	-0.977954	-0.97301	-0.9787941	-0.983093	-0.9737974	-0.9737743	-0.9634101	-0.9634101
1768539000	-0.9839616	-0.9758155	-0.9850449	-0.9859172	-0.9652743	-0.9994089	-0.9707486	-0.9849876	-0.9938842	-0.9746891	-0.9731654	-0.9786388	-0.9834038	-0.9750436	-0.9729965	-0.9626362	-0.9626362
1768542000	-0.9632114	-0.9614978	-0.9772557	-0.9762587	-0.9565852	-0.9868094	-0.9523116	-0.9749069	-0.9799988	-0.9652052	-0.9618159	-0.967772	-0.9552772	-0.9644504	-0.9491974	-0.9456105	-0.9456105
1769418660	-0.9806852	-0.9650772	-0.9805272	-0.9798417	-0.9620159	-0.9913203	-0.9637766	-0.980335	-0.9817149	-0.9692475	-0.9661692	0.9660643	-0.9736139	-0.9664756	-0.9653746	-0.9533494	-0.9533494
1769421060	-0.9728844	-0.9574514	-0.9778789	-0.977505	-0.9562748	-0.9874316	-0.9614527	-0.9749069	-0.972666	-0.9628731	-0.9590174	-0.9578366	-0.9680196	-0.9652293	-0.9624191	-0.9555163	-0.9555163
1769424060	-0.978033	-0.9663222	-0.9761653	-0.9768819	-0.9477408	-0.9914759	-0.9564948	-0.976768	-0.9643972	-0.9563433	-0.964148	-0.9601652	-0.9793635	-0.9759783	-0.9597748	-0.9488608	-0.9477408
1769427060	-0.9811533	-0.9694348	-0.9844217	-0.9842036	-0.9624814	-0.9962979	-0.9684246	-0.982196	-0.9854593	-0.9726679	-0.9692786	0.9744473	-0.9742355	-0.9688123	-0.9582193	-0.9576833	-0.9576833
1769430060	-0.9750686	-0.9635209	-0.9803714	-0.9785955	-0.9551887	-0.9836984	-0.9642414	-0.980335	-0.9888917	-0.9666045	-0.9669465	0.9673063	-0.975634	-0.9680334	-0.9488863	-0.9499443	-0.9488863
1769433060	-0.9825574	-0.9714579	-0.9848891	-0.9842036	-0.9660501	-0.9956757	-0.9707486	-0.9848325	-0.9909199	-0.9756219	-0.9689677	-0.9764655	-0.9818498	-0.9756667	-0.9694189	-0.9604693	-0.9604693
1769436060	-0.9817773	-0.9716135	-0.9848891	-0.9815553	-0.9651192	-0.9967646	-0.967495	-0.9860732	-0.9904518	-0.9737562	-0.9695896	0.9733607	-0.982316	-0.97333	-0.9611747	-0.9559807	-0.9559807
1769439060	-0.9830255	-0.9719248	-0.984266	-0.9817111	-0.966826	-0.9947424	-0.9710585	-0.9856079	-0.9912319	-0.9751555	-0.9711443	-0.976776	-0.9774988	-0.976913	-0.96973	-0.9575285	-0.9575285
1769442060	-0.9791251	-0.969746	-0.9830197	-0.9813996	-0.9638779	-0.9978534	-0.96765	-0.9840571	-0.9863954	-0.9692475	-0.9681903	-0.971653	-0.9759448	-0.9549477	-0.9647524	-0.9559807	-0.9549477
1769445060	-0.9658637	-0.9644547	-0.9781904	-0.9790628	-0.9610849	-0.9913203	-0.9569596	-0.982196	-0.9848352	-0.969092	-0.9658582	-0.9663748	-0.9684858	-0.971928	-0.963508	-0.9542781	-0.9542781
1769448060	-0.9800612	-0.9717692	-0.9828639	-0.9803091	-0.964964	-0.9976979	-0.9693542	-0.9848325	-0.9884236	-0.9743781	-0.9694341	0.9773969	-0.9832484	-0.975511	-0.9641302	-0.9592311	-0.9592311
1769454060	-0.9746006	-0.9557395	-0.9741401	-0.975324	-0.9475857	-0.9877427	-0.9568047	-0.9770782	-0.9606528	-0.9575871	-0.9490672	0.9578366	-0.9680196	-0.961179	-0.9599303	-0.9511825	-0.9475857
1769457060	-0.9791251	-0.9725473	-0.984266	-0.9845152	-0.9671363	-0.9981645	-0.9695092	-0.9865385	-0.992636	-0.975	-0.9719216	-0.9784836	-0.982316	-0.9720837	-0.9677078	-0.9595406	-0.9595406
1769460060	-0.9797491	-0.9549614	-0.9758537	-0.9714295	-0.9559645	-0.9854094	-0.9554103	-0.9773883	-0.9765664	-0.9641169	-0.9498445	-0.959389	-0.977188	-0.961179	-0.9650635	-0.9547424	-0.9498445
1769463060	-0.9847416	-0.9744148	-0.9869143	-0.9862288	-0.9663605	-0.9958313	-0.9727628	-0.985763	-0.9946643	-0.9763993	-0.9734764	0.9794151	-0.9862009	-0.9778477	-0.9687967	-0.9603145	-0.9603145
1769466060	-0.9825574	-0.9748817	-0.9867585	-0.9866962	-0.9672915	-0.99972	-0.9730726	-0.9871588	-0.9949763	-0.9767102	-0.9740983	-0.9798808	-0.9854239	-0.9778477	-0.9717521	-0.9621719	-0.9621719
1769469060	-0.9841176	-0.9689679	-0.9822408	-0.9821785	-0.9620159	-0.9955202	-0.9616076	-0.9787841	-0.9887356	-0.9697139	-0.9646144	-0.9699454	-0.9729923	-0.9672545	-0.9673967	-0.9592311	-0.9592311
1769472060	-0.9866138	-0.9753486	-0.9864469	-0.9873193	-0.9688431	-0.9983201	-0.9741572	-0.9873139	-0.9946643	-0.9762438	-0.972699	0.9789493	-0.9875995	-0.9787824	-0.9708188	-0.962791	-0.962791
1769475060	-0.9847416	-0.9736367	-0.98707	-0.9865404	-0.9686879	-0.9956757	-0.9735374	-0.9880893	-0.9948203	-0.9760883	-0.972699	-0.9792598	-0.9875995	-0.9783151	-0.9711299	-0.9624814	-0.9624814
1769478060	-0.9869259	-0.9758155	-0.9855122	-0.9884098	-0.9697741	-1.000809	-0.9735374	-0.9883995	-0.9956003	-0.977643	-0.9745647	-0.980657	-0.9872887	-0.9800287	-0.9711299	-0.9620171	-0.9620171
1769481060	-0.9605592	-0.9602527	-0.9778789	-0.9787512	-0.9568955	-0.9885204	-0.9589737	-0.9781638	-0.9867074	-0.9658271	-0.9647699	-0.9649776	-0.974857	-0.9689681	-0.965219	-0.9548972	-0.9548972
1769484060	-0.9855217	-0.9747261	-0.9875374	-0.986073	-0.9683776	-0.9990978	-0.972298	-0.9885546	-0.9938842	-0.9771766	-0.9728545	-0.9786388	-0.9872887	-0.9778477	-0.9686411	-0.9607789	-0.9607789
1769487060	-0.9856777	-0.9694348	-0.9811503	-0.9829574	-0.958292	-0.9955202	-0.965171	-0.9820409	-0.9748502	-0.9681592	-0.9657027	-0.9640462	-0.975634	-0.9547919	-0.9705077	-0.9562902	-0.9547919
1769490060	-0.9858337	-0.9745705	-0.9862911	-0.9849826	-0.9672915	-0.9972312	-0.9707486	-0.9880893	-0.9932601	-0.9756219	-0.9717662	-0.9778626	-0.981539	-0.9766014	-0.9689522	-0.9620171	-0.9620171
1769493060	-0.9839616	-0.9716135	-0.9852006	-0.986073	-0.9674466	-0.9987867	-0.9705937	-0.9860732	-0.9927921	-0.9746891	-0.9695896	0.9775522	-0.98387	-0.9750436	-0.9689522	-0.9530399	-0.9530399
1769496060	-0.9756927	-0.969746	-0.9828639	-0.9842036	-0.963102	-0.9920981	-0.969819	-0.9826613	-0.9888917	-0.972357	-0.9709888	-0.9733607	-0.9754786	-0.9686565	-0.9594637	-0.957838	-0.957838
1769499060	-0.9622753	-0.9611865	-0.9733612	-0.9762587	-0.9551887	-0.9861872	-0.9603681	-0.9755273	-0.9745382	-0.9630286	-0.9601057	-0.9578366	-0.9655333	-0.961179	-0.9512195	-0.950873	-0.950873
1769502060	-0.978657	-0.9468688	-0.9753863	-0.9771934	-0.9514647	-0.9866538	-0.9608329	-0.9755273	-0.9464553	-0.9610075	-0.9557525	0.9460383	-0.976411	-0.9723953	-0.9659968	-0.9542781	-0.9460383
1769505060	-0.978501	-0.9669447	-0.980683	-0.9803091	-0.9596884	-0.9933425	-0.9643964	-0.9790943	-0.9806228	-0.9678483	-0.9630597	-0.9705663	-0.9737693	-0.9630484	-0.9653746	-0.9463843	-0.9463843
1769508060	-0.9758487	-0.9619646	-0.9778789	-0.9778166	-0.9593781	-0.9930314	-0.9600583	-0.9798697	-0.9831191	-0.9689366	-0.9649254	-0.9699454	-0.9708168	-0.9621137	-0.9549527	-0.9552068	-0.9549527
1769511060	-0.9806852	-0.9678785	-0.9802156	-0.9801533	-0.9568955	-0.9950535	-0.9566497	-0.9806452	-0.9768784	-0.9670709	-0.9597948	-0.9666853	-0.9773434	-0.956817	-0.9684856	-0.9562902	-0.9562902
1769514060	-0.9700761	-0.9532495	-0.9764768	-0.9759472	-0.9485166	-0.9906981	-0.9552553	-0.980335	-0.9857713	-0.9666045	-0.9625933	0.9676167	-0.9597837	-0.9529225	-0.9474863	-0.9510277	-0.9474863
1769517060	-0.9724164	-0.9650772	-0.9780346	-0.9762587	-0.9522406	-0.9902315	-0.9538609	-0.9790943	-0.982339	-0.9583644	-0.9527985	0.9579918	-0.9669319	-0.9622694	-0.9468641	-0.9511825	-0.9468641
1769520060	-0.9791251	-0.9646103	-0.980683	-0.9828016	-0.9581368	-0.9952091	-0.9678049	-0.9842122	-0.9887356	-0.9703358	-0.9678794	0.9730502	-0.9635132	-0.9689681	-0.9599303	-0.9539685	-0.9539685
1769523060	-0.9747566	-0.9560508	-0.9710244	-0.9731431	-0.9452582	-0.982454	-0.9546356	-0.9747519	-0.9670494	-0.9550995	-0.9588619	0.9643567	-0.9740801	-0.9583749	-0.9610192	-0.9539685	-0.9452582
1769526060	-0.9752247	-0.9613421	-0.9756979	-0.9773492	-0.9562748	-0.9914759	-0.9597484	-0.9784739	-0.9737581	-0.9641169	-0.9565299	-0.9623385	-0.9743909	-0.9599327	-0.9518417	-0.9548972	-0.9518417
1769529060	-0.9624314	-0.9705242	-0.982085	-0.9731431	-0.9556542	-0.9910092	-0.965326	-0.9831266	-0.9879556	-0.9706468	-0.9699005	-0.9721187	-0.9708168	-0.9688123	-0.9602414	-0.9572189	-0.9556542
1769532060	-0.9802172	-0.9666335	-0.9822408	-0.9809322	-0.9610849	-0.9969201	-0.9667204	-0.9790943	-0.9860834	-0.9729789	-0.9633706	-0.9728949	-0.9734585	-0.9742647	-0.9532417	-0.955052	-0.9532417
1769535060	-0.9666438	-0.9608752	-0.9658836	-0.971741	-0.9494476	-0.9899204	-0.9521567	-0.9662221	-0.9692336	-0.9630286	-0.9608831	0.9590785	-0.9597837	-0.9563497	-0.9493529	-0.9527303	-0.9493529
1769538060	-0.9713243	-0.9569846	-0.9772557	-0.9779723	-0.9528612	-0.9894537	-0.9650161	-0.983902	-0.9857713	-0.9680037	-0.9602612	0.9688587	-0.9684858	-0.9709933	-0.960397	-0.955052	-0.9528612
1769541060	-0.9699201	-0.9669447	-0.9811503	-0.9768819	-0.9607746	-0.9928758	-0.9657908	-0.9829715	-0.9865514	-0.9680037	-0.9658582	-0.972274	-0.9720599	-0.9677218	-0.966619	-0.9511825	-0.9511825
1769544060	-0.978345	-0.9736367	-0.983487	-0.986073	-0.9665156	-0.9978534	-0.9701289	-0.9837469	-0.9929481	-0.9756219	-0.9711443	-0.9773969	-0.9834038	-0.9761341	-0.965219	-0.9595406	-0.9595406
1769547060	-0.9769408	-0.9737923	-0.9855122	-0.9865404	-0.9671363	-0.9978534	-0.972143	-0.9873139	-0.9927921	-0.9757774	-0.9733209	0.9780179	-0.9770326	-0.9764457	-0.9680189	-0.9610884	-0.9610884
1769550060	-0.9809973	-0.973948	-0.9864469	-0.9849826	-0.9674466	-0.9983201	-0.9719881	-0.985763	-0.9929481	-0.9760883	-0.9719216	-0.9784836	-0.9848023	-0.9764457	-0.9701966	-0.9601597	-0.9601597
1769553060	-0.9792811	-0.959319	-0.9783462	-0.9823342	-0.9618607	-0.9916314	-0.9620724	-0.9801799	-0.9771905	-0.9715796	-0.9618159	0.9646672	-0.968952	-0.961179	-0.96833	-0.9558259	-0.9558259
1769556060	-0.9839616	-0.9753486	-0.9884721	-0.9873193	-0.9691534	-1.000964	-0.9730726	-0.9868486	-0.9943522	-0.977643	-0.9739428	-0.9792598	-0.9865117	-0.979094	-0.971441	-0.9623266	-0.9623266
1769559060	-0.9814653	-0.9610309	-0.9823966	-0.9809322	-0.9576713	-0.9970757	-0.9656358	-0.980335	-0.9773465	-0.969403	-0.9622823	-0.9680825	-0.9787419	-0.9725511	-0.9672412	-0.9535042	-0.9535042
1769562060	-0.988018	-0.9769049	-0.98707	-0.988254	-0.9696189	0.9992534	-0.9750868	-0.9891749	-0.9960684	-0.9782649	-0.9745647	-0.9797255	-0.9855793	-0.9767572	-0.9722188	-0.9638744	-0.9638744
1769565060	-0.9713243	-0.9655441	-0.9797483	-0.9653539	-0.9617056	-0.9896093	-0.9568047	-0.9800248	-0.9859274	-0.9704913	-0.9650808	-0.9739816	-0.9706614	-0.9705259	-0.9591526	-0.952266	-0.952266
1769568060	-0.9863018	-0.9761267	-0.9876932	-0.9880982	-0.9694638	-1.000653	-0.9732276	-0.9887097	-0.9946643	-0.9791978	-0.9754975	0.9812779	-0.9868225	-0.9803402	-0.9720632	-0.9643388	-0.9643388
1769571060	-0.988642	-0.976438	-0.989251	-0.9887213	-0.9694638	-1.002364	-0.9755516	-0.9885546	-0.9948203	-0.977954	-0.9742537	-0.9812779	-0.9837146	-0.9811191	-0.9723743	-0.9618623	-0.9618623
1769574060	-0.958687	-0.9579183	-0.9792809	-0.9781281	-0.955499	-0.9882093	-0.9631569	-0.9784739	-0.9876435	-0.9589863	-0.9653918	-0.9634252	-0.969729	-0.9653851	-0.9638191	-0.9474678	-0.9474678
1769577060	-0.9827134	-0.9742592	-0.9845775	-0.9866962	-0.9663605	-0.9981645	-0.9705937	-0.9865385	-0.992168	-0.9740672	-0.9708333	0.9750683	-0.9776542	-0.9762899	-0.9712855	-0.9604693	-0.9604693
1769580060	-0.9619633	-0.9566733	-0.976321	-0.9784397	-0.9587574	-0.9920981	-0.9662556	-0.9814206	-0.9867074	-0.9644279	-0.9658582	0.9683929	-0.9725261	-0.9653851	-0.9644413	-0.9456105	-0.9456105
1769583060	-0.9814653	-0.9727029	-0.984266	-0.9849826	-0.9652743	-0.9973868	-0.9707486	-0.9860732	-0.9913879	-0.9757774	-0.9720771	0.9781731	-0.9806067	-0.9731742	-0.962108	-0.9587667	-0.9587667
1769586060	-0.9752247	-0.9610309	-0.9741401	-0.9761029	-0.9579816	-0.9914759	-0.9617625	-0.9753722	-0.9806228	-0.9633396	-0.9632152	-0.9685482	-0.9656887	-0.9713048	-0.960397	-0.9545877	-0.9545877
1769589060	-0.9763168	-0.9614978	-0.9761653	-0.975324	-0.9528612	-0.9883649	-0.9608329	-0.9790943	-0.9796867	-0.9611629	-0.9557525	0.9640462	-0.9778095	-0.9702144	-0.9625747	-0.9583024	-0.9528612
1769592060	-0.9763168	-0.9625872	-0.9775673	-0.9762587	-0.955499	-0.9906981	-0.9647062	-0.9753722	-0.982495	-0.9620958	-0.95824	-0.9674615	-0.9733031	-0.9667871	-0.9580637	-0.9505634	-0.9505634
1769595060	-0.9730404	-0.9677229	-0.9760095	-0.9764145	-0.9579816	-0.9869649	-0.9516919	-0.9752171	-0.9845232	-0.9606965	-0.9660137	-0.9699454	-0.9672427	-0.9691239	-0.960397	-0.9556711	-0.9516919
1769598060	-0.9708562	-0.9614978	-0.9732054	-0.9792186	-0.9542577	-0.9849428	-0.9597484	-0.9778536	-0.982183	-0.9627177	-0.9604167	0.9654434	-0.9714383	-0.9588422	-0.9600859	-0.9358593	-0.9358593
1769601060	-0.9774089	-0.952627	-0.9755421	-0.9754798	-0.9584471	-0.9896093	-0.9549455	-0.976768	-0.9609648	-0.9470149	-0.9489117	-0.9469697	-0.968952	-0.9607116	-0.9655301	-0.9539685	-0.9469697
1769604060	-0.9822454	-0.9703685	-0.9855122	-0.9854499	-0.9596884	-0.9942758	-0.9671852	-0.9856079	-0.9885796	-0.9736007	-0.9705224	-0.9756893	-0.9747016	-0.9722395	-0.9653746	-0.9555163	-0.9555163
1769607060	-0.9828694	-0.9644547	-0.978502	-0.9829574	-0.9551887	-0.9939647	-0.9682697	-0.9814206	-0.9899838	-0.9675373	-0.9653918	0.9705663	-0.9743909	-0.97333	-0.9617969	-0.9541233	-0.9541233
1769610060	-0.9708562	-0.9286604	-0.9665067	-0.9644192	-0.9362587	-0.9771653	-0.9462692	-0.9614144	-0.95332	-0.9446828	-0.9406716	-0.9415363	-0.9655333	-0.954013	-0.9588415	-0.9490156	-0.9286604
1769613060	-0.9763168	-0.9599415	-0.9789693	-0.9762587	-0.9613952	-0.9905426	-0.9647062	-0.975062	-0.9809348	-0.9661381	-0.9635261	0.963891	-0.9715937	-0.9529225	-0.9614858	-0.9569094	-0.9529225
1769616060	-0.9791251	-0.9667891	-0.9833313	-0.9821785	-0.965895	-0.9972312	-0.967495	-0.9837469	-0.9902958	-0.9745336	-0.970056	-0.9756893	-0.9608715	-0.9748878	-0.9594637	-0.9500991	-0.9500991
1769619060	-0.9817773	-0.9716135	-0.9853564	-0.9829574	-0.9648088	-0.9976979	-0.9702838	-0.9846774	-0.992324	-0.975	-0.9712998	-0.976776	-0.9762556	-0.9753552	-0.9602414	-0.9579928	-0.9579928
1769622060	-0.9836495	-0.9720804	-0.9855122	-0.9851383	-0.9651192	-0.9984756	-0.9704388	-0.985763	-0.9915439	-0.9754664	-0.9716107	0.9769312	-0.9809175	-0.9736416	-0.9681745	-0.9593858	-0.9593858
1769625060	-0.9769408	-0.9646103	-0.9791251	-0.9781281	-0.957361	-0.9927203	-0.9588188	-0.980335	-0.9832751	-0.9704913	-0.9636816	-0.9683929	-0.9733031	-0.9708375	-0.9684856	-0.9593858	-0.957361
1769628060	-0.9828694	-0.9744148	-0.9861353	-0.9871635	-0.964964	-0.9961424	-0.9719881	-0.9868486	-0.992012	-0.9759328	-0.972699	-0.9780179	-0.9849577	-0.9776919	-0.9663079	-0.9617075	-0.9617075
1769631060	-0.9800612	-0.9686566	-0.9795925	-0.9848268	-0.9637227	-0.9967646	-0.960678	-0.9834367	-0.9915439	-0.9728234	-0.9678794	0.9764655	-0.9765664	-0.9664756	-0.9669301	-0.9553616	-0.9553616
1769634060	-0.9831815	-0.9736367	-0.9837986	-0.9859172	-0.9685328	-0.9956757	-0.972298	-0.9876241	-0.992168	-0.9748445	-0.9716107	-0.9763102	-0.9812282	-0.9761341	-0.9647524	-0.9559807	-0.9559807
1769637060	-0.9842736	-0.9736367	-0.9875374	-0.9879424	-0.9694638	-1.000498	-0.9727628	-0.9882444	-0.9943522	-0.9760883	-0.9740983	0.9795703	-0.9837146	-0.9770688	-0.96833	-0.961398	-0.961398
1769640060	-0.9864578	-0.973948	-0.9867585	-0.9879424	-0.9674466	-0.9984756	-0.9727628	-0.9888648	-0.9952883	-0.9770211	-0.9745647	0.9792598	-0.9863563	-0.9787824	-0.971441	-0.9631005	-0.9631005
1769643060	-0.9831815	-0.9702129	-0.9775673	-0.9820227	-0.958292	-0.996609	-0.9684246	-0.9842122	-0.9898278	-0.9728234	-0.9709888	-0.9724292	-0.9792081	-0.9734858	-0.9678634	-0.9592311	-0.958292
1769646060	-0.9877059	-0.9741036	-0.9880047	-0.9879424	-0.9693086	-1.002053	-0.9738473	-0.987469	-0.9962244	-0.9756219	-0.9750311	-0.9809675	-0.9866671	-0.9803402	-0.9722188	-0.9637197	-0.9637197
1769649060	-0.9900462	-0.9778386	-0.9887836	-0.9891887	-0.9710154	-0.9995645	-0.9752417	-0.98933	-0.9968485	-0.9796642	-0.9758085	-0.9817437	-0.988998	-0.9809634	-0.974552	-0.9644936	-0.9644936
1769652060	-0.9869259	-0.9755042	-0.9889394	-0.9890329	-0.9688431	-1.001742	-0.9747769	-0.9890199	-0.9954443	-0.9788868	-0.9744092	0.980657	-0.9862009	-0.9795613	-0.9733076	-0.9635649	-0.9635649
1769655060	-0.9869259	-0.9636765	-0.9837986	-0.9796859	-0.9575161	-0.9913203	-0.9657908	-0.9843672	-0.9843672	-0.969092	-0.9646144	0.9628043	-0.9759448	-0.9547919	-0.9692633	-0.9596954	-0.9547919
1769658060	-0.988174	-0.9767493	-0.9880047	-0.9888771	-0.9688431	-1.001587	-0.9732276	-0.9845223	-0.9946643	-0.9773321	-0.9722326	-0.9787941	-0.9865117	-0.9767572	-0.9695744	-0.9632553	-0.9632553
1769661060	-0.9838055	-0.9734811	-0.983487	-0.9849826	-0.9662053	-0.9962979	-0.9702838	-0.9859181	-0.9879556	-0.9753109	-0.967102	-0.9752235	-0.9784311	-0.9706817	-0.9709744	-0.9606241	-0.9606241
1769664060	-0.9824014	-0.9663222	-0.9847333	-0.9835805	-0.9643433	-0.9994089	-0.9727628	-0.9868486	-0.9938842	-0.9753109	-0.9720771	-0.9783284	-0.9818498	-0.9748878	-0.9692633	-0.9618623	-0.9618623
1769667060	-0.9750686	-0.9663222	-0.9771	-0.9742335	-0.9596884	-0.9942758	-0.9650161	-0.982196	-0.9854593	-0.9695585	-0.9666356	-0.9699454	-0.9726815	-0.9695912	-0.9613303	-0.9519564	-0.9519564
1769670060	-0.9697641	-0.9619646	-0.9724265	-0.9748567	-0.9589126	-0.9916314	-0.9617625	-0.9666873	-0.9843672	-0.9656716	-0.9647699	-0.9699454	-0.9605607	-0.9580633	-0.9449975	-0.9398836	-0.9398836
1769673060	-0.9767848	-0.969746	-0.983487	-0.9832689	-0.9627917	-0.9945869	-0.9633118	-0.9835918	-0.9901398	-0.9729789	-0.9708333	-0.9724292	-0.9729923	-0.9691239	-0.9619525	-0.9542781	-0.9542781
1769676060	-0.9803732	-0.9691235	-0.9805272	-0.9826458	-0.9617056	-0.9947424	-0.9668753	-0.9840571	-0.9865514	-0.9731343	-0.9685012	-0.9724292	-0.9806067	-0.9734858	-0.9649079	-0.9544329	-0.9544329
1769679060	-0.9635235	-0.9621203	-0.9700897	-0.9664444	-0.9483615	-0.977943	-0.95603	-0.9685484	-0.9775025	-0.9641169	-0.9462687	-0.9562842	-0.96227	-0.9604	-0.9535528	-0.9479321	-0.9462687
1769682060	-0.9760047	-0.9663222	-0.9780346	-0.9787512	-0.9581368	-0.9931869	-0.9552553	-0.9800248	-0.9867074	-0.9636505	-0.9639925	-0.9702558	-0.9661549	-0.9613347	-0.9624191	-0.9535042	-0.9535042
1769685060	-0.958687	-0.9389318	-0.9707129	-0.9709621	-0.9404481	-0.9875871	-0.9549455	-0.9792494	-0.9785946	-0.9619403	-0.9593284	0.9609414	-0.9667765	-0.9563497	-0.9538639	-0.9491704	-0.9389318
1769688060	-0.978345	-0.9652328	-0.9769442	-0.9778166	-0.9620159	-0.9916314	-0.9650161	-0.9820409	-0.9845232	-0.969403	-0.9647699	-0.9646672	-0.9734585	-0.9512089	-0.9607081	-0.9535042	-0.9512089
1769691060	-0.9650836	-0.9607196	-0.9789693	-0.9795302	-0.9528612	-0.9911648	-0.9592836	-0.9778536	-0.9785946	-0.9642724	-0.9646144	-0.9617176	-0.9616484	-0.9677218	-0.9502862	-0.9518016	-0.9502862
1769694060	-0.9802172	-0.9720804	-0.9848891	-0.986073	-0.9663605	-0.9987867	-0.9710585	-0.9863834	-0.9937282	-0.9767102	-0.9720771	0.9778626	-0.977188	-0.9747321	-0.96833	-0.9548972	-0.9548972
1769697060	-0.9767848	-0.9661666	-0.9805272	-0.978907	-0.953637	-0.9936536	-0.9580441	-0.9792494	-0.982651	-0.9617848	-0.9607276	-0.9665301	-0.9714383	-0.9667871	-0.9633524	-0.9565998	-0.953637
1769700060	-0.9814653	-0.9702129	-0.9848891	-0.9843594	-0.9615504	-0.9964535	-0.9661006	-0.9811104	-0.9812469	-0.9647388	-0.9663246	-0.967151	-0.9790527	-0.9652293	-0.9622636	-0.9598502	-0.9598502
1769703060	-0.9828694	-0.9717692	-0.9848891	-0.9856057	-0.964964	-0.9975423	-0.9709036	-0.9863834	-0.9887356	-0.9740672	-0.9694341	0.9756893	-0.9810728	-0.9759783	-0.9667745	-0.9598502	-0.9598502
1769706060	-0.9828694	-0.9716135	-0.9852006	-0.9832689	-0.9657398	-0.9983201	-0.9707486	-0.9846774	-0.9909199	-0.9737562	-0.9716107	-0.9770864	-0.9807621	-0.9739531	-0.9633524	-0.9581476	-0.9581476
1769709060	-0.9746006	-0.9566733	-0.9783462	-0.9776608	-0.9593781	-0.9913203	-0.9634668	-0.9790943	-0.9868635	-0.9656716	-0.9610386	-0.9697901	-0.9687966	-0.9680334	-0.9630413	-0.9437531	-0.9437531
1769712060	-0.9803732	-0.9610309	-0.9811503	-0.9820227	-0.9570506	-0.9987867	-0.9654809	-0.9806452	-0.9785946	-0.9666045	-0.961194	0.9665301	-0.9779649	-0.9627368	-0.9678634	-0.9596954	-0.9570506
1769715060	-0.9822454	-0.9745705	-0.98707	-0.9866962	-0.9682224	-0.9967646	-0.9709036	-0.9866935	-0.9935721	-0.9771766	-0.9736318	-0.9786388	-0.9827822	-0.976913	-0.9645968	-0.9620171	-0.9620171
1769718060	-0.9811533	-0.9748817	-0.9867585	-0.9865404	-0.9672915	-0.998009	-0.9713684	-0.9840571	-0.9935721	-0.9748445	-0.97301	-0.9786388	-0.9835592	-0.9775361	-0.9705077	-0.9612432	-0.9612432
1769721060	-0.9845856	-0.9744148	-0.9880047	-0.9877866	-0.9682224	-1.00112	-0.9729177	-0.9880893	-0.9949763	-0.977954	-0.9742537	-0.9794151	-0.9779649	-0.9775361	-0.9633524	-0.9586119	-0.9586119
1769724060	-0.9795931	-0.9755042	-0.9866027	-0.9870077	-0.9691534	-0.9972312	-0.9738473	-0.9885546	-0.9938842	-0.977954	-0.9742537	0.9789493	-0.9832484	-0.9780035	-0.9700411	-0.9579928	-0.9579928
1769727060	-0.9836495	-0.9744148	-0.9841102	-0.9854499	-0.9646537	-1.000809	-0.9730726	-0.9871588	-0.9890477	-0.9767102	-0.9709888	0.9763102	-0.9849577	-0.9795613	-0.9686411	-0.9610884	-0.9610884
1769730060	-0.978657	-0.9713023	-0.9839544	-0.9792186	-0.964033	-0.9938091	-0.9659457	-0.9849876	-0.9796867	-0.9683147	-0.9639925	-0.9713425	-0.9720599	-0.9588422	-0.9700411	-0.9586119	-0.9586119
1769733060	-0.9808412	-0.958074	-0.9794367	-0.9764145	-0.9621711	-0.9920981	-0.9623823	-0.9837469	-0.9892037	-0.9683147	-0.9660137	0.9708768	-0.9801405	-0.9734858	-0.9673967	-0.9434435	-0.9434435
1769736060	-0.9889541	-0.9772161	-0.9876932	-0.989656	-0.9702396	-1.002831	-0.9747769	-0.9899504	-0.9963804	-0.9796642	-0.9762749	-0.9818989	-0.988998	-0.9815865	-0.971441	-0.9652675	-0.9652675
1769739060	-0.9848977	-0.9775274	-0.9884721	-0.9877866	-0.9693086	-1.002987	-0.9752417	-0.9890199	-0.9957564	-0.9788868	-0.975653	-0.9808122	-0.9835592	-0.9784708	-0.9736187	-0.9637197	-0.9637197
1769742060	-0.988486	-0.9758155	-0.9880047	-0.9885656	-0.9691534	-1.002831	-0.9758614	-0.9904156	-0.9965364	-0.9798197	-0.9754975	-0.9817437	-0.9872887	-0.9817423	-0.9681745	-0.9651127	-0.9651127
1769745060	-0.9912943	-0.9772161	-0.9898741	-0.9887213	-0.9708602	-1.00392	-0.9738473	-0.9901055	-0.9949763	-0.9784204	-0.9742537	-0.9817437	-0.9874441	-0.9801844	-0.9747076	-0.9648031	-0.9648031
1769748060	-0.9672678	-0.9613421	-0.9771	-0.9697159	-0.9544129	-0.988676	-0.9558751	-0.9724256	-0.9789066	-0.9653607	-0.9580846	-0.9640462	-0.9632024	-0.9605558	-0.951064	-0.9535042	-0.951064
1769751060	-0.9856777	-0.9691235	-0.9844217	-0.9852941	-0.9657398	-0.9967646	-0.965171	-0.9837469	-0.9909199	-0.9725124	-0.9716107	0.9741369	-0.968175	-0.9703701	-0.9596192	-0.9576833	-0.9576833
1769754060	-0.9474538	-0.9655441	-0.9839544	-0.9809322	-0.9606194	-0.9924092	-0.9648612	-0.9835918	-0.992012	-0.9669154	-0.9688122	0.971032	-0.9733031	-0.9641388	-0.9607081	-0.9535042	-0.9474538
1769757060	-0.9741326	-0.967256	-0.9794367	-0.9798417	-0.9581368	-0.9947424	-0.9572695	-0.9790943	-0.9846792	-0.9647388	-0.9677239	0.9662196	-0.9673981	-0.9652293	-0.955886	-0.9521112	-0.9521112
1769760060	-0.9630554	-0.9563621	-0.9786578	-0.9690927	-0.955499	-0.9894537	-0.9499876	-0.9780087	-0.9806228	-0.9661381	-0.9588619	0.9666853	-0.9560542	-0.9621137	-0.9495085	-0.9504086	-0.9495085
1769763060	-0.978657	-0.966011	-0.9780346	-0.9812438	-0.9581368	-0.994898	-0.9594385	-0.978629	-0.9876435	-0.9659826	-0.9624378	-0.9708768	-0.9708168	-0.9674103	-0.9647524	-0.9541233	-0.9541233
1769766060	-0.9827134	-0.9720804	-0.9831755	-0.9835805	-0.9654295	-0.9959868	-0.9710585	-0.9835918	-0.9902958	-0.9739117	-0.9703669	-0.9749131	-0.9821606	-0.9741089	-0.9677078	-0.9567546	-0.9567546
1769769060	-0.9766288	-0.9669447	-0.9817734	-0.9790628	-0.9607746	-0.9931869	-0.9628471	-0.9795596	-0.9770344	-0.9659826	-0.9588619	-0.9609414	-0.9778095	-0.9510531	-0.9655301	-0.9586119	-0.9510531
1769772060	-0.9760047	-0.9711467	-0.9822408	-0.9842036	-0.964033	-0.994898	-0.96765	-0.9851427	-0.9879556	-0.9712687	-0.9706779	-0.9744473	-0.9736139	-0.9730184	-0.9594637	-0.956445	-0.956445
1769775060	-0.9766288	-0.9688123	-0.9800598	-0.9743893	-0.9634124	-0.9931869	-0.9589737	-0.9823511	-0.9881116	-0.9698694	-0.9630597	-0.9730502	-0.9761002	-0.971928	-0.9638191	-0.9535042	-0.9535042
1769778060	-0.9816213	-0.9644547	-0.9816176	-0.9806206	-0.9590678	-0.9931869	-0.9551004	-0.9809553	-0.9876435	-0.9708022	-0.9691231	-0.9699454	-0.969729	-0.9666314	-0.9513751	-0.9531947	-0.9513751
1769781060	-0.9750686	-0.9678785	-0.9819292	-0.9779723	-0.9610849	-0.9924092	-0.9631569	-0.9694789	-0.9901398	-0.9676928	-0.9689677	-0.9752235	-0.9714383	-0.9713048	-0.951064	-0.9528851	-0.951064
1769784060	-0.9739765	-0.963054	-0.9786578	-0.9776608	-0.9586023	-0.9910092	-0.9600583	-0.9759926	-0.9840552	-0.9675373	-0.9650808	0.9659091	-0.976411	-0.9638273	-0.9630413	-0.9539685	-0.9539685
1769787060	-0.9795931	-0.9613421	-0.9802156	-0.9812438	-0.9627917	-0.9922536	-0.9670302	-0.9770782	-0.9877996	-0.9706468	-0.9705224	-0.9680825	-0.9750124	-0.9709933	-0.9582193	-0.9530399	-0.9530399
1769790060	-0.978969	-0.969746	-0.9797483	-0.9842036	-0.9634124	-0.9952091	-0.9667204	-0.9856079	-0.9879556	-0.9725124	-0.9601057	-0.9699454	-0.9799851	-0.9702144	-0.9659968	-0.9593858	-0.9593858
1769793060	-0.9772529	-0.9638322	-0.9777231	-0.9761029	-0.9570506	-0.9885204	-0.9465791	-0.9775434	-0.9809348	-0.9662935	-0.9621269	-0.9704111	-0.9717491	-0.9530783	-0.9630413	-0.9528851	-0.9465791
1769796060	-0.9795931	-0.9692791	-0.9867585	-0.9862288	-0.9663605	-0.9989423	-0.9701289	-0.9876241	-0.9927921	-0.9765547	-0.972699	0.9773969	-0.9796743	-0.9766014	-0.9600859	-0.9596954	-0.9596954
1769799060	-0.9777209	-0.9566733	-0.9767884	-0.9761029	-0.9452582	-0.9891426	-0.9544807	-0.9739764	-0.9779705	-0.957898	-0.961505	-0.9592337	-0.9659995	-0.9630484	-0.9670856	-0.9565998	-0.9452582
1769802060	-0.9817773	-0.9688123	-0.9816176	-0.9828016	-0.9603091	-0.9955202	-0.9695092	-0.9842122	-0.992636	-0.9748445	-0.9723881	0.9766207	-0.9829376	-0.9703701	-0.96833	-0.9595406	-0.9595406
1769805060	-0.9825574	-0.9742592	-0.9853564	-0.98249	-0.9641882	-0.9905426	-0.96765	-0.980335	-0.992324	-0.9717351	-0.9688122	-0.9752235	-0.9692628	-0.9686565	-0.9661523	-0.9548972	-0.9548972
1769808060	-0.9819333	-0.9714579	-0.9873816	-0.9879424	-0.9696189	-1.000964	-0.9733825	-0.9842122	-0.9952883	-0.9774876	-0.9739428	0.9805017	-0.9868225	-0.9787824	-0.9723743	-0.9626362	-0.9626362
1769811060	-0.9839616	-0.9722361	-0.9873816	-0.9859172	-0.9652743	-0.9981645	-0.9729177	-0.9885546	-0.9946643	-0.9777985	-0.9737873	-0.9789493	-0.9872887	-0.9789382	-0.9675523	-0.9615527	-0.9615527
1769814060	-0.9853657	-0.9639878	-0.9822408	-0.9843594	-0.967757	-0.9973868	-0.9673401	-0.9873139	-0.9896717	-0.9757774	-0.9663246	0.9763102	-0.982316	-0.9558824	-0.9684856	-0.9587667	-0.9558824
1770204000	-0.9719483	-0.9546501	-0.9696224	-0.9678465	-0.9547232	-0.9826095	-0.9489031	-0.9811104	-0.9799988	-0.9641169	-0.9549751	-0.9643567	-0.9677089	-0.9561939	-0.9537083	-0.9545877	-0.9489031
1770206400	-0.9838055	-0.9646103	-0.9817734	-0.981088	-0.9523957	-0.9959868	-0.963002	-0.9840571	-0.9853033	-0.9703358	-0.9692786	-0.9693244	-0.9719045	-0.9678776	-0.9664634	-0.9583024	-0.9523957
1770209400	-0.9767848	-0.9714579	-0.9795925	-0.9785955	-0.9613952	-0.9920981	-0.9665654	-0.9826613	-0.9902958	-0.9717351	-0.967102	0.9693244	-0.9717491	-0.9582191	-0.9664634	-0.9544329	-0.9544329
1770212400	-0.9797491	-0.9613421	-0.9844217	-0.9834247	-0.957361	-0.9961424	-0.963002	-0.9837469	-0.9859274	-0.9692475	-0.9677239	-0.9704111	-0.9804513	-0.9602443	-0.9661523	-0.9587667	-0.957361
1770215400	-0.9664878	-0.9614978	-0.9699339	-0.9633288	-0.9382758	-0.9840095	-0.9487481	-0.9763027	-0.982339	-0.9652052	-0.9674129	0.9598547	-0.9728369	-0.9646062	-0.9585304	-0.9490156	-0.9382758
1770218400	-0.9696081	-0.9608752	-0.9680646	-0.9722084	-0.9430859	-0.9874316	-0.9628471	-0.9812655	-0.9810909	-0.9633396	-0.9652363	-0.9694796	-0.9698844	-0.9675661	-0.9563527	-0.9561355	-0.9430859
1770221400	-0.9836495	-0.9703685	-0.9845775	-0.9854499	-0.9638779	-0.9959868	-0.9712134	-0.9860732	-0.9870195	-0.9762438	-0.9705224	-0.9732054	-0.9678642	-0.9739531	-0.9647524	-0.960005	-0.960005
1770224400	-0.9859898	-0.9736367	-0.9853564	-0.9834247	-0.966826	-0.9969201	-0.9709036	-0.9843672	-0.991856	-0.9767102	-0.9723881	-0.9763102	-0.9790527	-0.9730184	-0.9667745	-0.9592311	-0.9592311
1770227400	-0.9828694	-0.9747261	-0.9844217	-0.9874751	-0.9680673	-1.00112	-0.9718332	-0.9887097	-0.9940402	-0.9773321	-0.9734764	-0.9772417	-0.9837146	-0.9778477	-0.9717521	-0.962791	-0.962791
1770230400	-0.9870819	-0.963054	-0.9831755	-0.9809322	-0.964033	-0.9970757	-0.9557201	-0.9820409	-0.982339	-0.9711132	-0.9683458	-0.9693244	-0.9714383	-0.9705259	-0.9649079	-0.9573737	-0.9557201
1770233400	-0.978969	-0.9727029	-0.9855122	-0.9851383	-0.9620159	-0.996609	-0.9671852	-0.9818859	-0.9940402	-0.9722015	-0.969745	-0.9752235	-0.9795189	-0.9725511	-0.9701966	-0.9533494	-0.9533494
1770236400	-0.9824014	-0.9644547	-0.9771	-0.9799975	-0.953637	0.9919425	-0.960678	-0.9716501	-0.9714179	-0.9585199	-0.9517102	-0.9482116	-0.9712829	-0.958998	-0.9661523	-0.9572189	-0.9482116
1770239400	-0.9839616	-0.9699016	-0.9831755	-0.9815553	-0.957361	-0.9931869	-0.9648612	-0.9835918	-0.9870195	-0.9718905	-0.9639925	0.9708768	-0.9751678	-0.9635157	-0.9687967	-0.960005	-0.957361
1770242400	-0.988018	-0.9674116	-0.9811503	-0.9834247	-0.9607746	-0.9959868	-0.9682697	-0.9815757	-0.9898278	-0.9692475	-0.961194	-0.9763102	-0.9810728	-0.9675661	-0.9653746	-0.9621719	-0.9607746
1770245400	-0.9900462	-0.9772161	-0.9847333	-0.9880982	-0.9693086	-1.001587	-0.9747769	-0.9896402	-0.9948203	-0.9791978	-0.9762749	0.9817437	-0.9875995	-0.9811191	-0.971441	-0.9629458	-0.9629458
1770248400	-0.9895781	-0.976438	-0.987849	-0.9888771	-0.9696189	-1.001276	-0.972143	-0.9885546	-0.9945082	-0.9781095	-0.9758085	-0.9814332	-0.9866671	-0.9730184	-0.9701966	-0.9609336	-0.9609336
1770251400	-0.987862	-0.9781499	-0.9889394	-0.989656	-0.971636	-1.00252	-0.9747769	-0.9904156	-0.9971605	-0.9795087	-0.9764303	-0.9817437	-0.9899304	-0.9809634	-0.9753298	-0.9634101	-0.9634101
1770254400	-0.9925424	-0.9781499	-0.9886279	-0.989656	-0.9708602	-1.002053	-0.9757065	-0.9902605	-0.9977846	-0.9791978	-0.9759639	-0.9818989	-0.9880656	-0.9811191	-0.9723743	-0.9644936	-0.9644936
1770257400	-0.9953507	-0.978928	-0.9911204	-0.9904349	-0.9721015	-1.005164	-0.9763262	-0.9921216	-0.9977846	-0.9804415	-0.9772077	-0.9831408	-0.9903966	-0.9823654	-0.9778186	-0.9660414	-0.9660414
1770260400	-0.9911383	-0.9767493	-0.9898741	-0.9884098	-0.9708602	-1.002831	-0.9738473	-0.9904156	-0.9965364	-0.9795087	-0.9754975	0.980036	-0.9886872	-0.9801844	-0.9754853	-0.9652675	-0.9652675
1770263400	-0.9933225	-0.9773718	-0.9898741	-0.9899676	-0.9717912	-1.002987	-0.9753966	-0.9911911	-0.9966925	-0.9777985	-0.9744092	0.9814332	-0.9894642	-0.9815865	-0.9762631	-0.9634101	-0.9634101
1770266400	-0.9905142	-0.9783055	-0.9887836	-0.9895002	-0.9705499	-1.001742	-0.9760164	-0.9896402	-0.9965364	-0.9796642	-0.9751866	0.9812779	-0.9880656	-0.9786266	-0.9740854	-0.9646483	-0.9646483
1770269400	-0.9873939	-0.9703685	-0.9845775	-0.9840479	-0.963102	-0.9953646	-0.9687345	-0.9846774	-0.9871755	-0.9746891	-0.9689677	0.9733607	-0.9796743	-0.9594654	-0.9722188	-0.9629458	-0.9594654
1770272400	-0.9727284	-0.9566733	-0.9808387	-0.9734546	-0.9544129	-0.982454	-0.9616076	-0.9759926	-0.9789066	-0.966449	-0.9622823	-0.967772	-0.9678642	-0.9705259	-0.9571304	-0.9575285	-0.9544129
1770275400	-0.968516	-0.9621203	-0.9722707	-0.9708063	-0.9609297	-0.9858761	-0.9569596	-0.9772333	-0.9851473	-0.9675373	-0.9646144	0.9696349	-0.9664657	-0.9678776	-0.9619525	-0.9538138	-0.9538138
1770278400	-0.9816213	-0.9708354	-0.9844217	-0.9837363	-0.9660501	-0.9987867	-0.969819	-0.9859181	-0.991856	-0.9732898	-0.9691231	-0.9749131	-0.9751678	-0.9723953	-0.960397	-0.9465391	-0.9465391
1770281400	-0.9824014	-0.9730142	-0.9855122	-0.9849826	-0.9672915	-0.9990978	-0.9678049	-0.9862283	-0.9917	-0.9763993	-0.9705224	-0.9786388	-0.9820052	-0.976913	-0.958997	-0.9586119	-0.9586119
1770284400	-0.9700761	-0.9588521	-0.9739843	-0.9723642	-0.9568955	-0.9852539	-0.9382127	-0.9581576	-0.9775025	-0.954944	-0.955908	-0.9623385	-0.9534125	-0.9533898	-0.9563527	-0.947313	-0.9382127
1770287400	-0.9775649	-0.9627428	-0.9739843	-0.9768819	-0.9604643	-0.9897648	-0.9605231	-0.9817308	-0.9853033	-0.9675373	-0.9674129	-0.9721187	-0.9655333	-0.968345	-0.9519973	-0.9500991	-0.9500991
1770290400	-0.9700761	-0.9462463	-0.9618333	-0.9617709	-0.9427756	-0.9760764	-0.9546356	-0.9741315	-0.9681415	-0.957898	-0.9515547	0.9474354	-0.9753232	-0.9616463	-0.9602414	-0.9559807	-0.9427756
1770293400	-0.9814653	-0.9723917	-0.9848891	-0.9851383	-0.9666708	-0.9992534	-0.9685796	-0.9848325	-0.992012	-0.9753109	-0.9706779	0.9766207	-0.9729923	-0.9728627	-0.9689522	-0.9556711	-0.9556711
1770296400	-0.9767848	-0.9702129	-0.9822408	-0.9828016	-0.958292	-0.9896093	-0.9667204	-0.9828164	-0.9890477	-0.9698694	-0.964459	-0.9735159	-0.9795189	-0.9686565	-0.9675523	-0.9559807	-0.9559807
1770299400	-0.9866138	-0.9705242	-0.9839544	-0.9834247	-0.9615504	-0.9981645	-0.9667204	-0.9812655	-0.982339	-0.9701803	-0.9653918	0.9739816	-0.9779649	-0.9621137	-0.9658412	-0.9573737	-0.9573737
1770302400	-0.9842736	-0.9744148	-0.9866027	-0.9862288	-0.9683776	-0.99972	-0.967495	-0.9870037	-0.9935721	-0.9762438	-0.9723881	-0.9791046	-0.9733031	-0.976913	-0.9687967	-0.961398	-0.961398
1770305400	-0.9866138	-0.9741036	-0.9872258	-0.9877866	-0.967757	-0.9970757	-0.9709036	-0.987469	-0.9932601	-0.9770211	-0.9725435	-0.9756893	-0.9804513	-0.9736416	-0.9547972	-0.9567546	-0.9547972
1770308400	-0.9834935	-0.9742592	-0.9869143	-0.9871635	-0.9663605	-1.000187	-0.9712134	-0.9868486	-0.992168	-0.9759328	-0.9733209	-0.9778626	-0.9742355	-0.9758225	-0.9608636	-0.9569094	-0.9569094
1770311400	-0.9855217	-0.9733254	-0.9862911	-0.9868519	-0.9663605	-0.9975423	-0.9704388	-0.9876241	-0.9931041	-0.9770211	-0.9725435	-0.9781731	-0.9807621	-0.9708375	-0.9667745	-0.9587667	-0.9587667
1770314400	-0.9859898	-0.9736367	-0.9853564	-0.9851383	-0.9679121	-0.9986312	-0.972298	-0.9877792	-0.9932601	-0.9765547	-0.9717662	0.9791046	-0.9790527	-0.9758225	-0.9673967	-0.9601597	-0.9601597
1770317400	-0.988018	-0.9744148	-0.9855122	-0.9857615	-0.9669811	-0.9975423	-0.9667204	-0.9862283	-0.9898278	-0.9704913	-0.9647699	0.971653	-0.9742355	-0.9639831	-0.9709744	-0.9626362	-0.9626362
1770320400	-0.9756927	-0.9655441	-0.9805272	-0.9781281	-0.9601539	-0.9843206	-0.9668753	-0.9804901	-0.9899838	-0.9658271	-0.9681903	-0.9705663	-0.968175	-0.9646062	-0.9563527	-0.9528851	-0.9528851
1770323400	-0.9864578	-0.975193	-0.9864469	-0.9857615	-0.9671363	-0.9983201	-0.9726078	-0.9883995	-0.9943522	-0.9757774	-0.9716107	0.9792598	-0.9835592	-0.9789382	-0.9705077	-0.9610884	-0.9610884
1770326400	-0.987862	-0.9744148	-0.98707	-0.9866962	-0.9686879	-1.002209	-0.9743121	-0.9873139	-0.9954443	-0.9790423	-0.9761194	-0.9808122	-0.9860455	-0.980496	-0.9736187	-0.9638744	-0.9638744
1770329400	-0.9853657	-0.9773718	-0.9890952	-0.9871635	-0.9708602	-1.001431	-0.9688894	-0.9899504	-0.9963804	-0.9784204	-0.9754975	0.9814332	-0.9846469	-0.9797171	-0.9729965	-0.9631005	-0.9631005
1770332400	-0.988018	-0.9748817	-0.9876932	-0.9866962	-0.9705499	-1.000809	-0.9749318	-0.9891749	-0.9966925	-0.9763993	-0.9758085	-0.9805017	-0.9804513	-0.9778477	-0.9616414	-0.9592311	-0.9592311
1770335400	-0.9850537	-0.9650772	-0.9850449	-0.9834247	-0.9617056	-0.9975423	-0.9605231	-0.982196	-0.9757863	-0.9652052	-0.9538868	0.9634252	-0.9806067	-0.9635157	-0.9700411	-0.9621719	-0.9538868
1770338400	-0.9847416	-0.9719248	-0.9850449	-0.9873193	-0.9676018	-1.001898	-0.9726078	-0.9863834	-0.9913879	-0.9759328	-0.9709888	0.9741369	-0.9858901	-0.9709933	-0.9706633	-0.9626362	-0.9626362
1770341400	-0.988174	-0.9775274	-0.9875374	-0.9888771	-0.9697741	-0.99972	-0.9740022	-0.9896402	-0.9968485	-0.9773321	-0.9750311	-0.9811227	-0.9880656	-0.9787824	-0.9726854	-0.9638744	-0.9638744
1770344400	-0.9870819	-0.977683	-0.989251	-0.9905907	-0.9703947	-1.002831	-0.9760164	-0.9891749	-0.9979406	-0.9790423	-0.9762749	-0.9829856	-0.9891534	-0.9798729	-0.9673967	-0.9623266	-0.9623266
1770347400	-0.9902022	-0.9787724	-0.9897183	-0.9891887	-0.9714809	-1.00252	-0.9757065	-0.9911911	-0.9974725	-0.9799751	-0.975342	-0.9817437	-0.9860455	-0.9800287	-0.9764186	-0.9660414	-0.9660414
1770350400	-0.9925424	-0.9736367	-0.9836428	-0.9828016	-0.9685328	-0.9987867	-0.972143	-0.9840571	-0.9902958	-0.9756219	-0.9683458	0.9742921	-0.9816944	-0.9685007	-0.9733076	-0.9623266	-0.9623266
1770353400	-0.9858337	-0.9666335	-0.9795925	-0.9759472	-0.9609297	-0.9945869	-0.963002	-0.9832816	-0.9807788	-0.9680037	-0.9618159	0.9693244	-0.9670873	-0.9535456	-0.9649079	-0.9601597	-0.9535456
1770356400	-0.9742886	-0.9568289	-0.9732054	-0.9751682	-0.9530164	-0.9860316	-0.9571145	-0.976768	-0.9789066	-0.96676	-0.9538868	-0.9531793	-0.9737693	-0.9627368	-0.960397	-0.9525755	-0.9525755
1770359400	-0.9799051	-0.963054	-0.9760095	-0.9767261	-0.9579816	-0.9885204	-0.9628471	-0.9738213	-0.9885796	-0.96676	-0.9616604	-0.9694796	-0.9754786	-0.9618021	-0.9611747	-0.9521112	-0.9521112
1770362400	-0.9809973	-0.9714579	-0.983487	-0.9835805	-0.964964	-0.993498	-0.9619175	-0.978629	-0.9859274	-0.9736007	-0.9674129	-0.9736711	-0.9776542	-0.9691239	-0.9437531	-0.9505634	-0.9437531
1770365400	-0.9822454	-0.9736367	-0.9867585	-0.9862288	-0.9682224	-1.000187	-0.9718332	-0.987469	-0.9941962	-0.9773321	-0.9731654	-0.976155	-0.9773434	-0.9761341	-0.965219	-0.9587667	-0.9587667
1770368400	-0.9742886	-0.9632097	-0.9791251	-0.9793744	-0.9483615	-0.9959868	-0.9602132	-0.9770782	-0.982495	-0.9596082	-0.9531095	0.9576813	-0.9597837	-0.9711491	-0.9418865	-0.9493252	-0.9418865
1770371400	-0.9830255	-0.9714579	-0.9808387	-0.9843594	-0.9671363	-0.9987867	-0.9592836	-0.9866935	-0.9913879	-0.9680037	-0.9731654	-0.975534	-0.9698844	-0.9566613	-0.9619525	-0.9541233	-0.9541233
1770374400	-0.9828694	-0.9650772	-0.9803714	-0.9796859	-0.9539474	-0.9906981	-0.9642414	-0.9806452	-0.9834311	-0.9644279	-0.9563744	-0.9609414	-0.9750124	-0.9569728	-0.9616414	-0.9544329	-0.9539474
1770377400	-0.9764728	-0.9442231	-0.9604312	-0.9641077	-0.9311383	-0.9751431	-0.9605231	-0.9797146	-0.9842112	-0.9620958	-0.9492226	-0.9615623	-0.9659995	-0.9490279	-0.957286	-0.9535042	-0.9311383
1770380400	-0.9769408	-0.9611865	-0.9660394	-0.9743893	-0.955499	-0.9826095	-0.9599033	-0.9775434	-0.9873315	-0.9655162	-0.9655473	0.9665301	-0.9628916	-0.9650735	-0.904399	-0.9538138	-0.904399
1770383400	-0.9764728	-0.961809	-0.9697782	-0.9736104	-0.9444824	-0.9849428	-0.9580441	-0.9724256	-0.9466113	-0.9563433	-0.9479789	0.9340847	-0.9810728	-0.9669429	-0.9644413	-0.9528851	-0.9340847
1770386400	-0.9806852	-0.9745705	-0.9848891	-0.9851383	-0.964964	-0.9983201	-0.9712134	-0.9849876	-0.9873315	-0.9743781	-0.9723881	0.9711873	-0.9778095	-0.9711491	-0.9600859	-0.9579928	-0.9579928
1770389400	-0.9808412	-0.9639878	-0.9795925	-0.9756356	-0.9624814	-0.9875871	-0.9603681	-0.9673077	-0.9656453	-0.9645833	-0.9545087	-0.9550422	-0.9675535	-0.9546361	-0.9670856	-0.9606241	-0.9545087
1770392400	-0.987862	-0.9734811	-0.9866027	-0.9856057	-0.9696189	-1.001587	-0.9710585	-0.9863834	-0.9934161	-0.9777985	-0.9745647	-0.9791046	-0.9796743	-0.9783151	-0.9607081	-0.9593858	-0.9593858
1770395400	-0.9873939	-0.9733254	-0.9853564	-0.9877866	-0.9679121	-1.000031	-0.9719881	-0.9887097	-0.992324	-0.9759328	-0.9711443	-0.9778626	-0.9798297	-0.9744205	-0.9602414	-0.9575285	-0.9575285
1770398400	-0.9803732	-0.9745705	-0.9873816	-0.9859172	-0.9683776	-1.00112	-0.9733825	-0.9888648	-0.9951323	-0.9759328	-0.9744092	-0.9797255	-0.9834038	-0.9797171	-0.9641302	-0.9609336	-0.9609336
1770401400	-0.9848977	-0.976438	-0.9872258	-0.9891887	-0.9703947	-1.001431	-0.9724529	-0.987469	-0.9948203	-0.9773321	-0.9737873	-0.9809675	-0.9848023	-0.9781593	-0.96973	-0.9603145	-0.9603145
1770404400	-0.9682039	-0.9476469	-0.9704013	-0.9722084	-0.9447927	-0.9847872	-0.9510721	-0.9769231	-0.9795307	-0.9614739	-0.9571517	-0.9621833	-0.9636686	-0.9579075	-0.9524639	-0.9513373	-0.9447927
1770407400	-0.9800612	-0.9681897	-0.9831755	-0.9852941	-0.9617056	-0.9972312	-0.967495	-0.9865385	-0.9915439	-0.9709577	-0.9714552	0.972274	-0.9806067	-0.9747321	-0.9628858	-0.9598502	-0.9598502
1770410400	-0.987862	-0.976438	-0.9889394	-0.9895002	-0.9705499	-1.00252	-0.9732276	-0.9899504	-0.9940402	-0.977643	-0.975653	-0.980036	-0.9832484	-0.9761341	-0.9733076	-0.9615527	-0.9615527
1770413400	-0.9889541	-0.9759711	-0.9886279	-0.9870077	-0.9711706	-1.002987	-0.9755516	-0.9902605	-0.9970045	-0.9798197	-0.9770522	0.9822094	-0.988998	-0.9809634	-0.9656857	-0.9644936	-0.9644936
1770416400	-0.9845856	-0.9762824	-0.9897183	-0.9884098	-0.9719464	-1.000809	-0.9758614	-0.9899504	-0.9966925	-0.980908	-0.9765858	-0.9818989	-0.9891534	-0.9814307	-0.9694189	-0.9651127	-0.9651127
1770419400	-0.9889541	-0.9772161	-0.989251	-0.9902792	-0.9721015	-1.002987	-0.9760164	-0.9915012	-0.9957564	-0.9804415	-0.9768968	-0.9829856	-0.9914843	-0.9818981	-0.9733076	-0.9640292	-0.9640292
1770422400	-0.9866138	-0.9784612	-0.9886279	-0.9904349	-0.971636	-1.001276	-0.976946	-0.9908809	-0.9984086	-0.9813744	-0.9775187	-0.9828304	-0.9900858	-0.9822096	-0.9740854	-0.9649579	-0.9649579
1770425400	-0.9834935	-0.9613421	-0.980683	-0.9793744	-0.963102	-0.9939647	-0.9650161	-0.9800248	-0.9809348	-0.9703358	-0.9618159	-0.9719635	-0.9809175	-0.9686565	-0.9677078	-0.9518016	-0.9518016
1770428400	-0.9894221	-0.9694348	-0.9841102	-0.9863846	-0.9575161	-0.9984756	-0.9673401	-0.9834367	-0.9863954	-0.9739117	-0.9685012	-0.9727397	-0.9719045	-0.9649177	-0.9703522	-0.9643388	-0.9575161
1770431400	-0.9903582	-0.9801731	-0.9890952	-0.991837	-0.971636	-1.005164	-0.9752417	-0.9908809	-0.9988767	-0.9810634	-0.978607	-0.9828304	-0.9862009	-0.9842348	-0.9705077	-0.9646483	-0.9646483
1770434400	-0.988174	-0.9790837	-0.9912762	-0.9923043	-0.9738083	-1.005009	-0.9783404	-0.9932072	-0.9987207	-0.9824627	-0.9789179	-0.9832961	-0.9919505	-0.9842348	-0.9770408	-0.9666605	-0.9666605
1770437400	-0.9908263	-0.9770605	-0.9847333	-0.9884098	-0.9710154	-1.00252	-0.9741572	-0.9899504	-0.9948203	-0.9787313	-0.9728545	-0.9805017	-0.9862009	-0.9822096	-0.9731521	-0.9635649	-0.9635649
1770440400	-0.988486	-0.9773718	-0.9876932	-0.988254	-0.9722567	-1.000342	-0.9760164	-0.9901055	-0.9970045	-0.9784204	-0.9773632	-0.9820541	-0.9869779	-0.9806518	-0.9729965	-0.9649579	-0.9649579
1770443400	-0.9521343	-0.9327067	-0.9504611	-0.9337301	-0.9309831	-0.9454331	-0.9324802	-0.9466811	-0.9249251	-0.9297575	-0.9282338	-0.9371895	-0.9619592	-0.9524551	-0.955886	-0.9468487	-0.9249251
1770446400	-0.9844296	-0.9787724	-0.9884721	-0.9876309	-0.9713257	-1.001742	-0.9735374	-0.9904156	-0.9976286	-0.9788868	-0.9751866	0.9801913	-0.9877548	-0.9803402	-0.9686411	-0.9635649	-0.9635649
1770449400	-0.9805292	-0.9747261	-0.9866027	-0.9843594	-0.9696189	-0.9972312	-0.9701289	-0.9866935	-0.9906078	-0.9751555	-0.9709888	-0.9735159	-0.975634	-0.9756667	-0.9684856	-0.9606241	-0.9606241
1770452400	-0.9770969	-0.9683454	-0.9724265	-0.9759472	-0.9604643	-0.994898	-0.9634668	-0.9831266	-0.9902958	-0.9700249	-0.9699005	0.9735159	-0.9795189	-0.975511	-0.9653746	-0.9610884	-0.9604643
1770455400	-0.9895781	-0.9762824	-0.9898741	-0.9898118	-0.9710154	-0.9972312	-0.9743121	-0.9890199	-0.9965364	-0.9799751	-0.9740983	-0.980657	-0.9854239	-0.9806518	-0.96973	-0.964184	-0.964184
1770458400	-0.9850537	-0.9753486	-0.9859796	-0.9891887	-0.9688431	-1.000187	-0.9718332	-0.9879342	-0.9917	-0.9763993	-0.9748756	-0.9794151	-0.9804513	-0.979094	-0.9547972	-0.9621719	-0.9547972
1770461400	-0.9777209	-0.9741036	-0.9861353	-0.977505	-0.9671363	-0.9967646	-0.9662556	-0.9846774	-0.9941962	-0.9753109	-0.9711443	0.9781731	-0.9782757	-0.9709933	-0.9649079	-0.9617075	-0.9617075
1770464400	-0.9850537	-0.9700573	-0.9823966	-0.9815553	-0.9638779	-0.9981645	-0.9645513	-0.985763	-0.992324	-0.9701803	-0.9674129	-0.9752235	-0.9717491	-0.9703701	-0.9571304	-0.9623266	-0.9571304
1770467400	-0.988642	-0.9758155	-0.9887836	-0.9890329	-0.9693086	-0.9992534	-0.9741572	-0.9882444	-0.9912319	-0.977954	-0.9751866	-0.9787941	-0.9857347	-0.9741089	-0.9686411	-0.9595406	-0.9595406
1770470400	-0.9872379	-0.9762824	-0.9864469	-0.9888771	-0.9708602	-1.002209	-0.9727628	-0.9905707	-0.9962244	-0.977954	-0.9750311	-0.9811227	-0.982316	-0.9792498	-0.9701966	-0.9638744	-0.9638744
1770473400	-0.9900462	-0.9756599	-0.9894068	-0.989656	-0.9705499	-1.00252	-0.9758614	-0.9866935	-0.9970045	-0.977643	-0.9768968	-0.9815884	-0.9852685	-0.9814307	-0.9689522	-0.961398	-0.961398
1770476400	-0.9891101	-0.9753486	-0.9881605	-0.9905907	-0.9700844	-1.002675	-0.974467	-0.9894851	-0.9940402	-0.9785759	-0.975653	-0.9808122	-0.9871333	-0.9786266	-0.96833	-0.9626362	-0.9626362
1770479400	-0.9820894	-0.9756599	-0.9876932	-0.9835805	-0.9634124	-0.9964535	-0.972298	-0.9837469	-0.9956003	-0.9770211	-0.9761194	0.980036	-0.9762556	-0.9681892	-0.9670856	-0.9596954	-0.9596954
1770482400	-0.9770969	-0.967256	-0.9808387	-0.9723642	-0.9646537	-0.9922536	-0.9487481	-0.9747519	-0.9860834	-0.9700249	-0.9601057	0.971032	-0.9754786	-0.9638273	-0.9571304	-0.9530399	-0.9487481
1770485400	-0.9811533	-0.9731698	-0.9894068	-0.9899676	-0.9702396	-1.002053	-0.9752417	-0.9862283	-0.9945082	-0.9798197	-0.9762749	0.9815884	-0.9865117	-0.9818981	-0.9600859	-0.9621719	-0.9600859
1770488400	-0.9778769	-0.9566733	-0.9733612	-0.9776608	-0.9503786	-0.9897648	-0.9577343	-0.9781638	-0.9664254	-0.963495	-0.955597	-0.9634252	-0.9767218	-0.9705259	-0.9700411	-0.9561355	-0.9503786
1770491400	-0.9852097	-0.9747261	-0.9858238	-0.9845152	-0.9657398	-0.9983201	-0.9704388	-0.9834367	-0.9854593	-0.9732898	-0.970056	0.9669958	-0.974857	-0.9558824	-0.9678634	-0.9604693	-0.9558824
1770494400	-0.9914503	-0.9769049	-0.9903415	-0.9902792	-0.9717912	-1.003453	-0.9760164	-0.9913462	-0.9971605	-0.980597	-0.9767413	-0.9811227	-0.9868225	-0.9817423	-0.9726854	-0.9649579	-0.9649579
1770497400	-0.9889541	-0.9728586	-0.9853564	-0.9823342	-0.9662053	-0.9990978	-0.9681148	-0.9840571	-0.9806228	-0.9756219	-0.9678794	-0.9766207	-0.974857	-0.9725511	-0.9734632	-0.9603145	-0.9603145
1770500400	-0.9892661	-0.9767493	-0.9903415	-0.9902792	-0.9713257	-1.001431	-0.9758614	-0.9913462	-0.9988767	-0.9804415	-0.9778296	0.9801913	-0.9826268	-0.9815865	-0.9695744	-0.9649579	-0.9649579
1770503400	-0.9902022	-0.9753486	-0.9886279	-0.9852941	-0.9682224	-1.000031	-0.9713684	-0.9880893	-0.9882676	-0.9757774	-0.9744092	0.9781731	-0.9868225	-0.9680334	-0.9740854	-0.9649579	-0.9649579
1770506400	-0.9897341	-0.9793949	-0.9908088	-0.9907465	-0.9727222	-1.002831	-0.9766361	-0.9924318	-0.9988767	-0.9785759	-0.9787624	0.9837618	-0.9801405	-0.9815865	-0.9722188	-0.9654222	-0.9654222
1770509400	-0.9919184	-0.9793949	-0.9889394	-0.9905907	-0.9730325	-1.002053	-0.9766361	-0.9905707	-0.9984086	-0.9813744	-0.978296	-0.9825199	-0.9827822	-0.9814307	-0.9761075	-0.965577	-0.965577
1770512400	-0.9873939	-0.9779943	-0.9903415	-0.9912139	-0.9713257	-1.002209	-0.9763262	-0.9885546	-0.9974725	-0.9813744	-0.9770522	0.9834513	-0.9886872	-0.9767572	-0.9708188	-0.9665057	-0.9665057
1770515400	-0.988486	-0.9695904	-0.9848891	-0.9818669	-0.9609297	-0.996609	-0.958354	-0.982196	-0.9815589	-0.9703358	-0.966791	-0.9696349	-0.96227	-0.9633599	-0.9670856	-0.9598502	-0.958354
1770518400	-0.9839616	-0.9762824	-0.9903415	-0.9923043	-0.9730325	-1.001742	-0.9774108	-0.9936725	-0.9980966	-0.980908	-0.9796953	-0.9831408	-0.9862009	-0.9847021	-0.9669301	-0.9657318	-0.9657318
1770521400	-0.9942586	-0.9773718	-0.9912762	-0.9905907	-0.9730325	-1.000964	-0.9763262	-0.9924318	-0.9993447	-0.9821517	-0.9789179	0.9843828	-0.990552	-0.9794055	-0.9729965	-0.9663509	-0.9663509
1770524400	-0.9833375	-0.9737923	-0.9839544	-0.9840479	-0.967757	-0.9941202	-0.9681148	-0.9832816	-0.9945082	-0.9732898	-0.9660137	0.9777074	-0.9729923	-0.9792498	-0.962108	-0.9632553	-0.962108
1770527400	-0.9908263	-0.9806399	-0.9917435	-0.9907465	-0.9738083	-1.004075	-0.9783404	-0.9938275	-0.9995007	-0.980908	-0.9789179	-0.9843828	-0.9916397	-0.9843906	-0.9750187	-0.9672796	-0.9672796
1770530400	-0.9906702	-0.9779943	-0.9898741	-0.9921486	-0.972567	-1.003764	-0.9752417	-0.9913462	-0.9990327	-0.9819963	-0.9776741	-0.9837618	-0.990552	-0.9829885	-0.9757964	-0.9678987	-0.9678987
1770533400	-0.978345	-0.9653884	-0.9781904	-0.9784397	-0.9618607	-0.9916314	-0.9690444	-0.9843672	-0.9790627	-0.9692475	-0.9678794	0.9733607	-0.976411	-0.9737974	-0.9585304	-0.9567546	-0.9567546
1770536400	-0.988018	-0.977683	-0.9900299	-0.9893445	-0.9699292	-1.001587	-0.9753966	-0.9913462	-0.9948203	-0.9801306	-0.9772077	-0.9826751	-0.9875995	-0.9792498	-0.9711299	-0.9649579	-0.9649579
1770539400	-0.9870819	-0.9727029	-0.9880047	-0.9868519	-0.9702396	-0.9989423	-0.9747769	-0.983902	-0.9968485	-0.9777985	-0.9761194	0.9814332	-0.9802959	-0.9783151	-0.9627302	-0.9601597	-0.9601597
1770542400	-0.9853657	-0.976438	-0.9889394	-0.9893445	-0.9707051	-1.001742	-0.9735374	-0.9907258	-0.9960684	-0.9785759	-0.9759639	-0.9823646	-0.9858901	-0.9808076	-0.9692633	-0.9644936	-0.9644936
1770545400	-0.9892661	-0.9769049	-0.9886279	-0.988254	-0.9693086	-1.00112	-0.9738473	-0.9876241	-0.9959124	-0.9791978	-0.975342	-0.9815884	-0.9774988	-0.9725511	-0.9664634	-0.9624814	-0.9624814
1770548400	-0.98833	-0.9758155	-0.9884721	-0.9887213	-0.9700844	-1.00112	-0.9724529	-0.9896402	-0.9954443	-0.9787313	-0.9750311	-0.980657	-0.98387	-0.9801844	-0.9627302	-0.9631005	-0.9627302
1770551400	-0.9864578	-0.976438	-0.9886279	-0.9870077	-0.9705499	-1.000964	-0.9738473	-0.9876241	-0.9941962	-0.977643	-0.975653	-0.980036	-0.9854239	-0.9801844	-0.9675523	-0.9626362	-0.9626362
1770554400	-0.9863018	-0.9755042	-0.9881605	-0.9840479	-0.9699292	-1.000964	-0.9727628	-0.9894851	-0.9943522	-0.9793532	-0.9740983	0.9814332	-0.9835592	-0.9762899	-0.9680189	-0.9603145	-0.9603145
1770557400	-0.9839616	-0.9761267	-0.9890952	-0.9857615	-0.9703947	-1.001276	-0.9740022	-0.9873139	-0.9934161	-0.9788868	-0.9754975	0.9808122	-0.9784311	-0.9783151	-0.965219	-0.9596954	-0.9596954
1770560400	-0.9863018	-0.9772161	-0.9867585	-0.9895002	-0.9710154	-0.9986312	-0.9740022	-0.98933	-0.9951323	-0.9796642	-0.9772077	-0.9817437	-0.9844915	-0.980496	-0.9636635	-0.9632553	-0.9632553
1770563400	-0.9877059	-0.976438	-0.9887836	-0.989656	-0.9689983	-1.000964	-0.9691993	-0.9891749	-0.9951323	-0.9784204	-0.9754975	-0.9803465	-0.9863563	-0.9798729	-0.9614858	-0.9612432	-0.9612432
1770566400	-0.988018	-0.9756599	-0.9881605	-0.9888771	-0.9697741	-1.000964	-0.9730726	-0.98933	-0.9962244	-0.9785759	-0.975342	-0.9805017	-0.9784311	-0.9783151	-0.9658412	-0.961398	-0.961398
1770569400	-0.9730404	-0.975193	-0.987849	-0.9859172	-0.9689983	-0.9973868	-0.969819	-0.9856079	-0.992636	-0.9729789	-0.9750311	-0.9770864	-0.9806067	-0.9756667	-0.9633524	-0.9590763	-0.9590763
1770572400	-0.988486	-0.9747261	-0.987849	-0.9887213	-0.9679121	-1.000964	-0.972143	-0.9882444	-0.9946643	-0.9781095	-0.975653	-0.9797255	-0.9866671	-0.979094	-0.9645968	-0.9632553	-0.9632553
1770575400	-0.988486	-0.9772161	-0.9890952	-0.9895002	-0.9699292	-1.003298	-0.9738473	-0.9887097	-0.9960684	-0.9791978	-0.9761194	-0.9805017	-0.9865117	-0.9809634	-0.9722188	-0.9643388	-0.9643388
1770578400	-0.988486	-0.9767493	-0.9884721	-0.9904349	-0.9708602	-0.9998756	-0.9726078	-0.9902605	-0.9968485	-0.9798197	-0.972699	-0.9818989	-0.9883764	-0.9801844	-0.9729965	-0.9615527	-0.9615527
1770581400	-0.9867698	-0.9756599	-0.9889394	-0.9893445	-0.9705499	-1.001587	-0.9730726	-0.9908809	-0.9954443	-0.9796642	-0.9762749	0.9815884	-0.9863563	-0.979094	-0.9725299	-0.9623266	-0.9623266
1770584400	-0.9864578	-0.9770605	-0.987849	-0.9891887	-0.9702396	-1.003609	-0.9750868	-0.9915012	-0.9966925	-0.9785759	-0.9754975	-0.9815884	-0.9896196	-0.9812749	-0.9720632	-0.9644936	-0.9644936
1770587400	-0.988486	-0.9775274	-0.987849	-0.9880982	-0.9722567	-1.003298	-0.976791	-0.9908809	-0.9966925	-0.9801306	-0.9778296	-0.9811227	-0.9841808	-0.9795613	-0.9725299	-0.9644936	-0.9644936
1770590400	-0.9892661	-0.978928	-0.9901857	-0.9895002	-0.9717912	-1.00252	-0.9766361	-0.991036	-0.9977846	-0.9810634	-0.9768968	-0.9820541	-0.989775	-0.9828328	-0.9722188	-0.9663509	-0.9663509
1770593400	-0.9903582	-0.9795505	-0.9897183	-0.9909023	-0.9708602	-1.003453	-0.972143	-0.9908809	-0.9985647	-0.9810634	-0.9773632	-0.9837618	-0.9910182	-0.982677	-0.9723743	-0.9648031	-0.9648031
1770596400	-0.9657077	-0.9770605	-0.9853564	-0.981088	-0.9686879	-0.9939647	-0.9715233	-0.9781638	-0.992012	-0.9773321	-0.975653	-0.9803465	-0.9807621	-0.9756667	-0.9644413	-0.9561355	-0.9561355
1770599400	-0.9895781	-0.9798618	-0.9895626	-0.9905907	-0.9728774	-1.004231	-0.9760164	-0.9891749	-0.9996568	-0.9796642	-0.9784515	0.9822094	-0.9910182	-0.984079	-0.975952	-0.9660414	-0.9660414
1770602400	-0.9912943	-0.9790837	-0.9895626	-0.9904349	-0.9739635	-1.001742	-0.9749318	-0.9911911	-0.9971605	-0.9812189	-0.978607	-0.9832961	-0.982316	-0.9801844	-0.9596192	-0.9593858	-0.9593858
1770605400	-0.9891101	-0.9815737	-0.9917435	-0.9930833	-0.973498	-1.006409	-0.9788052	-0.9936725	-1.000125	-0.9830846	-0.9795398	-0.9801913	-0.9933491	-0.9843906	-0.9775075	-0.9680535	-0.9680535
1770608400	-0.9941026	-0.9795505	-0.9908088	-0.991837	-0.9728774	-1.004853	-0.9755516	-0.9908809	-0.9973165	-0.9807525	-0.9768968	-0.9818989	-0.9913289	-0.9831443	-0.9778186	-0.9665057	-0.9665057
1770611400	-0.978813	-0.9590077	-0.982085	-0.9784397	-0.9606194	-0.9930314	-0.9595935	-0.982196	-0.9748502	-0.9645833	-0.9655473	-0.971032	-0.9709722	-0.9711491	-0.96833	-0.9575285	-0.9575285
1770614400	-0.98833	-0.9770605	-0.9890952	-0.9901234	-0.9699292	-1.002675	-0.9740022	-0.9922767	-0.9959124	-0.9798197	-0.975342	-0.9817437	-0.9874441	-0.9745763	-0.9743965	-0.9638744	-0.9638744
1770617400	-0.98833	-0.976438	-0.9876932	-0.9893445	-0.9710154	-1.001587	-0.9747769	-0.9901055	-0.9954443	-0.9796642	-0.9767413	-0.9794151	-0.988998	-0.9803402	-0.9731521	-0.9621719	-0.9621719
1770620400	-0.9839616	-0.9720804	-0.9819292	-0.98249	-0.9672915	-0.993498	-0.9594385	-0.9843672	-0.9876435	-0.9753109	-0.9720771	-0.9778626	-0.9765664	-0.9713048	-0.9631969	-0.9620171	-0.9594385
1770623400	-0.978813	-0.9720804	-0.9853564	-0.9871635	-0.9618607	-0.993498	-0.9701289	-0.9866935	-0.9907639	-0.9754664	-0.9714552	-0.9714978	-0.9708168	-0.9681892	-0.9544861	-0.9573737	-0.9544861
1770955740	-0.9866138	-0.9664778	-0.9778789	-0.9759472	-0.9509993	-0.988676	-0.9614527	-0.9744417	-0.9620569	-0.9628731	-0.9503109	0.9443306	-0.9711275	-0.9602443	-0.971441	-0.960005	-0.9443306
1770970140	-0.9847416	-0.9686566	-0.985668	-0.9849826	-0.9629469	-0.996609	-0.969974	-0.987469	-0.9848352	-0.9703358	-0.9680348	-0.9777074	-0.975634	-0.9622694	-0.9667745	-0.9606241	-0.9606241
1770981540	-0.9750686	-0.9647659	-0.979904	-0.9715852	-0.9544129	-0.9896093	-0.9558751	-0.9790943	-0.9860834	-0.9695585	-0.9632152	0.9707216	-0.9672427	-0.9485606	-0.9502862	-0.9553616	-0.9485606
1770982140	-0.9731965	-0.9661666	-0.9809945	-0.9812438	-0.9635675	-0.9964535	-0.9637766	-0.9820409	-0.9888917	-0.9678483	-0.9680348	-0.971032	-0.9647563	-0.9686565	-0.9476419	-0.9496347	-0.9476419
1770982740	-0.9830255	-0.9706798	-0.9819292	-0.9795302	-0.9652743	-0.994898	-0.9662556	-0.9840571	-0.9917	-0.9756219	-0.9699005	-0.9738264	-0.9796743	-0.9670987	-0.9418865	-0.9462296	-0.9418865
1770983340	-0.9824014	-0.9692791	-0.9828639	-0.9776608	-0.9621711	-0.9964535	-0.9640865	-0.983902	-0.9902958	-0.9728234	-0.9731654	0.9735159	-0.9799851	-0.9717722	-0.9432865	-0.956445	-0.9432865
1770983940	-0.9758487	-0.9689679	-0.9802156	-0.9712737	-0.9589126	-0.9947424	-0.963002	-0.9811104	-0.9796867	-0.9678483	-0.9677239	0.9665301	-0.9712829	-0.9608674	-0.9453086	-0.9572189	-0.9453086
1770984540	-0.9895781	-0.9733254	-0.9869143	-0.9877866	-0.9634124	-1.00112	-0.9707486	-0.9843672	-0.9927921	-0.9770211	-0.9740983	-0.9791046	-0.9846469	-0.9728627	-0.9669301	-0.9575285	-0.9575285
1770985140	-0.9814653	-0.9713023	-0.9873816	-0.9852941	-0.9666708	-0.9994089	-0.9705937	-0.983902	-0.9901398	-0.9767102	-0.9686567	0.9713425	-0.9807621	-0.9737974	-0.9675523	-0.9603145	-0.9603145
1770985740	-0.9838055	-0.975193	-0.9855122	-0.9862288	-0.9672915	-0.9986312	-0.9719881	-0.9834367	-0.9934161	-0.9762438	-0.9740983	0.9792598	-0.976411	-0.975511	-0.9456197	-0.9603145	-0.9456197
1770986340	-0.9824014	-0.9691235	-0.9827081	-0.9826458	-0.9626365	-0.9958313	-0.9670302	-0.9862283	-0.9902958	-0.9768657	-0.9719216	-0.9759998	-0.9778095	-0.9744205	-0.9600859	-0.9586119	-0.9586119
1770986940	-0.9763168	-0.9683454	-0.9789693	-0.9795302	-0.9618607	-0.9899204	-0.965326	-0.9843672	-0.9877996	-0.9684701	-0.9719216	0.971653	-0.9745462	-0.9669429	-0.9512195	-0.9513373	-0.9512195
1771001940	-0.9870819	-0.9714579	-0.985668	-0.9866962	-0.9637227	-0.9978534	-0.9647062	-0.9794045	-0.9818709	-0.9656716	-0.9605721	0.9663748	-0.9796743	-0.9678776	-0.9672412	-0.9615527	-0.9605721
1771026540	-0.988174	-0.9786168	-0.9903415	-0.9890329	-0.9694638	-1.00252	-0.9764812	-0.9915012	-0.9973165	-0.980908	-0.9770522	-0.9815884	-0.9872887	-0.9770688	-0.9740854	-0.9615527	-0.9615527