17/08/2025	10:04	-1.030454	-1.008342	-1.018071	-1.019566	-1.00391	-1.	035497	-1.004524	-1.022053	-1.02852	-1.009049	-1.007369	-1.012171	-1.0	27847	-1.017417	-1.017639	-0.9965329	-1.035497
17/08/2025	10:14	-1.030142	-1.008186	-1.018071	-1.019566	-1.00422	-1.	034719	-1.004834	-1.022829	-1.028364	-1.009049	-1.007836	-1.012947	-1.	025205	-1.025829	-1.014995	-0.9960686	-1.034719
17/08/2025	10:54	-1.033887	-1.010987	-1.028197	-1.020657	-1.009341	-1	.037363	-1.010257	-1.025931	-1.036477	-1.014179	-1.013744	-1.021796	-1	.029712	-1.025206	-1.011573	-0.9952947	-1.037363
17/08/2025	11:44	-1.032327	-1.017679	-1.025548	-1.025953	-1.011203	-1	.04063	-1.012426	-1.028877	-1.039597	-1.016978	-1.017164	-1.025211	-1.	023962	-1.023959	-1.010017	-0.9990094	-1.04063
17/08/2025	12:34	-1.031078	-1.007408	-1.020563	-1.019411	-1.00422	-1.	036274	-1.005764	-1.023604	-1.030392	-1.008582	-1.009701	-1.012016	-1.	024428	-1.017728	-1.012506	-0.9952947	-1.036274
17/08/2025	13:24	-1.02866	-1.007875	-1.017603	-1.017697	-1.004686	-1.	034408	-1.005299	-1.023449	-1.027896	-1.007494	-1.006437	-1.011239	-1.	023651	-1.01617	-1.012973	-0.994366	-1.034408
17/08/2025	14:14	-1.030532	-1.006785	-1.017759	-1.018476	-1.003289	-1	.034252	-1.00282	-1.021278	-1.025711	-1.007183	-1.006592	-1.012326	-1.	02505	-1.016014	-1.012662	-0.9968425	-1.034252
17/08/2025	15:04	-1.028816	-1.006163	-1.018694	-1.017385	-1.003134	-1	.034097	-1.00158	-1.022053	-1.026179	-1.008893	-1.006903	-1.01155	-1.0	23807	-1.015547	-1.013128	-0.9952947	-1.034097
17/08/2025	15:54	-1.028036	-1.00803	-1.017448	-1.018008	-1.003755	-1.	034874	-1.0022	-1.020813	-1.026023	-1.006872	-1.005659	-1.011705	-1.02	2719	-1.018507	-1.013128	-0.9946756	-1.034874
17/08/2025	16:44	-1.028426	-1.009275	-1.017136	-1.018787	-1.004065	-1	.033941	-1.003285	-1.021743	-1.026335	-1.006872	-1.00768	-1.010774	-1.	023496	-1.01617	-1.014062	-0.9951399	-1.033941
17/08/2025	17:34	-1.028348	-1.006941	-1.017292	-1.019722	-1.004376	-1	.035963	-1.003285	-1.021588	-1.026335	-1.008893	-1.005815	-1.01155	-1.	024894	-1.016638	-1.016239	-0.9945208	-1.035963
17/08/2025	18:24	-1.02866	-1.005852	-1.017759	-1.018632	-1.00422	-1.0	33474	-1.00313	-1.021588	-1.026023	-1.007338	-1.005659	-1.010929	-1.03	0489	-1.015859	-1.012662	-0.994366	-1.033474
17/08/2025	19:14	-1.032405	-1.007563	-1.01698	-1.019255	-1.003289	-1.	03363	-1.002355	-1.021588	-1.027428	-1.009204	-1.007214	-1.01155	-1.03	0489	-1.018195	-1.018728	-0.994366	-1.03363
17/08/2025	20:04	-1.030064	-1.007719	-1.016513	-1.018787	-1.0036	-1.0	33785	-1.001425	-1.024225	-1.026023	-1.007027	-1.00768	-1.011395	-1.02	3962	-1.015391	-1.019817	-0.995759	-1.033785
17/08/2025	20:54	-1.028504	-1.006318	-1.018538	-1.017697	-1.002358	-1	.032697	-1.002665	-1.021278	-1.024619	-1.007338	-1.006126	-1.010153	-1	.022253	-1.014301	-1.010484	-0.9939017	-1.032697
17/08/2025	21:44	-1.028504	-1.00663	-1.017292	-1.017697	-1.002514	-1.	035341	-1.002665	-1.020347	-1.025399	-1.00625	-1.00597	-1.010463	-1.02	132	-1.015236	-1.010795	-0.9940565	-1.035341
17/08/2025	22:34	-1.028036	-1.005229	-1.016513	-1.018008	-1.003289	-1	.03363	-1.016919	-1.021123	-1.025087	-1.007027	-1.005193	-1.01155	-1.0	24428	-1.016326	-1.01064	-0.9960686	-1.03363
17/08/2025	23:24	-1.02788	-1.006941	-1.016513	-1.018476	-1.002979	-1.	033785	-1.002975	-1.020813	-1.024619	-1.006561	-1.006126	-1.010463	-1.	022563	-1.015547	-1.010173	-0.9945208	-1.033785
18/08/2025	00:14	-1.028894	-1.006163	-1.01698	-1.016918	-1.004376	-1.	03363	-1.000651	-1.020037	-1.024775	-1.006095	-1.006281	-1.009532	-1.0	21631	-1.016793	-1.009084	-0.9940565	-1.03363
18/08/2025	01:04	-1.027568	-1.005229	-1.015734	-1.016762	-1.001428	-1	.032697	-1.00127	-1.020502	-1.023527	-1.005162	-1.005193	-1.009842	-1.	021786	-1.012899	-1.009551	-0.9921991	-1.032697
18/08/2025	01:54	-1.027646	-1.003673	-1.01589	-1.015983	-1.000652	-1.	032541	-1.001425	-1.020192	-1.024619	-1.005939	-1.006126	-1.008911	-1.	021631	-1.012899	-1.007373	-0.992973	-1.032541
18/08/2025	02:44	-1.032795	-1.014255	-1.024458	-1.025019	-1.009341	-1	.040941	-1.009792	-1.025155	-1.029768	-1.011536	-1.010634	-1.014344	-1	.026448	-1.02209	-1.017639	-0.9988546	-1.040941
18/08/2025	03:34	-1.034199	-1.014878	-1.020096	-1.022059	-1.0081	-1.0	37985	-1.007468	-1.02469	-1.030704	-1.011847	-1.015765	-1.021175	-1.02	7691	-1.036734	-1.01204	-0.9985451	-1.037985
18/08/2025	04:24	-1.032014	-1.010054	-1.024302	-1.022215	-1.010737	-1	.039696	-1.009017	-1.027947	-1.02852	-1.017133	-1.009235	-1.018536	-1.	026293	-1.020844	-1.010017	-0.9956043	-1.039696
18/08/2025	05:14	-1.040751	-1.017679	-1.027106	-1.02829	-1.016478	-1.	04343	-1.018158	-1.027947	-1.035384	-1.017289	-1.02074	-1.022262	-1.02	8002	-1.033462	-1.010484	-0.9963782	-1.04343
18/08/2025	06:04	-1.031312	-1.004607	-1.020252	-1.017385	-1.002358	-1	.032386	-1.002355	-1.024069	-1.024619	-1.008893	-1.004726	-1.010308	-1	.025516	-1.016638	-1.027595	-0.9942112	-1.032386
18/08/2025	06:54	-1.029518	-1.006785	-1.018227	-1.01832	-1.002979	-1.	034563	-1.00251	-1.020968	-1.025555	-1.006405	-1.006437	-1.010618	-1.0	23651	-1.021467	-1.015306	-0.9959138	-1.034563
18/08/2025	07:44	-1.033263	-1.007408	-1.017915	-1.018164	-1.003445	-1	.034563	-1.002975	-1.022053	-1.028208	-1.006561	-1.006281	-1.016518	-1	.02909	-1.015703	-1.025728	-0.997926	-1.034563
18/08/2025	08:34	-1.042936	-1.017835	-1.021498	-1.023772	-1.00841	-1.	040474	-1.0132	-1.031824	-1.0332	-1.012158	-1.011567	-1.019312	-1.0321	98	-1.022869	-1.025884	-1.005355	-1.042936
18/08/2025	09:24	-1.043014	-1.012388	-1.021654	-1.029692	-1.012444	-1	.044052	-1.009327	-1.026241	-1.0332	-1.012935	-1.008769	-1.018846	-1.0	27381	-1.020376	-1.02075	-1.007213	-1.044052
18/08/2025	10:14	-1.027802	-1.00663	-1.016669	-1.018008	-1.002358	-1.	033785	-1.00189	-1.020502	-1.026804	-1.007805	-1.006437	-1.011705	-1.0	22253	-1.016793	-1.010017	-0.9939017	-1.033785
18/08/2025	11:04	-1.02749	-1.006941	-1.01698	-1.017385	-1.003289	-1.0	3363	-1.00313	-1.020968	-1.026648	-1.006561	-1.005504	-1.009687	-1.021	476	-1.024271	-1.009084	-0.9939017	-1.03363
18/08/2025	11:14	-1.028426	-1.006785	-1.017603	-1.017853	-1.003134	-1	.033941	-1.005609	-1.022829	-1.027428	-1.008271	-1.007214	-1.011239	-1	.025361	-1.016949	-1.010173	-0.9948304	-1.033941
18/08/2025	11:54	-1.032014	-1.011765	-1.022277	-1.020813	-1.007634	-1	.037674	-1.011031	-1.027326	-1.033356	-1.010603	-1.01079	-1.018846	-1.	023962	-1.018507	-1.009395	-0.999319	-1.037674
18/08/2025	12:44	-1.030376	-1.007875	-1.017136	-1.018008	-1.004686	-1	.035185	-1.002355	-1.022364	-1.025711	-1.007494	-1.007214	-1.01186	-1.	025205	-1.015391	-1.012817	-0.9940565	-1.035185
18/08/2025	13:34	-1.040751	-1.022504	-1.02181	-1.028913	-1.013996	-1.	041874	-1.009792	-1.030583	-1.037569	-1.018377	-1.01421	-1.028161	-1.0	35927	-1.030502	-1.02075	-0.9988546	-1.041874
18/08/2025	14:24	-1.037007	-1.008809	-1.018071	-1.020034	-1.004065	-1	.034252	-1.0022	-1.023914	-1.02696	-1.007494	-1.007525	-1.012947	-1.02	2874	-1.016482	-1.019039	-0.9949851	-1.037007
18/08/2025	15:14	-1.02905	-1.006941	-1.01698	-1.019255	-1.0036	-1.035	341	-1.0022	-1.020813	-1.026023	-1.006716	-1.006592	-1.010308	-1.02536	1	-1.018351	-1.01795	-0.9960686	-1.035341
18/08/2025	16:04	-1.028348	-1.006474	-1.017915	-1.018476	-1.003445	-1	.035808	-1.003594	-1.021588	-1.026804	-1.007183	-1.005815	-1.010618	-1	.024739	-1.017261	-1.011417	-0.9954495	-1.035808
18/08/2025	16:54	-1.030064	-1.008497	-1.017136	-1.019878	-1.003289	-1	.036119	-1.004059	-1.021898	-1.028052	-1.007027	-1.005659	-1.011239	-1	.024117	-1.016014	-1.016551	-0.9945208	-1.036119
18/08/2025	17:44	-1.035525	-1.017991	-1.029131	-1.025486	-1.013375	-1	.04203	-1.017229	-1.033375	-1.036321	-1.020553	-1.018097	-1.025522	-1.	032664	-1.022869	-1.015306	-0.9990094	-1.04203
18/08/2025	18:34	-1.03178	-1.008497	-1.018071	-1.019255	-1.005462	-1.	034563	-1.005609	-1.023604	-1.029612	-1.007649	-1.007058	-1.011084	-1.	023807	-1.020532	-1.022928	-0.9942112	-1.034563
18/08/2025	19:24	-1.037163	-1.011765	-1.022277	-1.024084	-1.00391	-1.	040163	-1.010102	-1.023604	-1.028208	-1.014024	-1.008458	-1.014344	-1.	028624	-1.016638	-1.014839	-0.9988546	-1.040163
18/08/2025	20:14	-1.034745	-1.016279	-1.023212	-1.023149	-1.01353	-1.	037208	-1.013355	-1.026396	-1.031016	-1.011692	-1.012811	-1.015897	-1.	027691	-1.025361	-1.014995	-1.001331	-1.037208
18/08/2025	21:04	-1.030454	-1.011143	-1.023056	-1.022215	-1.005462	-1	.037985	-1.012271	-1.026396	-1.036633	-1.014179	-1.018408	-1.017915	-1	.039657	-1.025985	-1.013595	-0.9956043	-1.039657
18/08/2025	21:54	-1.028348	-1.005229	-1.016046	-1.017541	-1.002979	-1	.034563	-1.000961	-1.020347	-1.026023	-1.006872	-1.005193	-1.010308	-1	.021942	-1.015703	-1.009862	-0.9935921	-1.034563
18/08/2025	22:44	-1.026632	-1.005229	-1.016513	-1.01723	-1.002203	-1.	033474	-1.001425	-1.020813	-1.023527	-1.005317	-1.00426	-1.008911	-1.0	24117	-1.015391	-1.00924	-0.9940565	-1.033474
18/08/2025	23:34	-1.027256	-1.005229	-1.016046	-1.016451	-1.001428	-1	.032386	-1.001735	-1.020813	-1.024463	-1.005473	-1.005193	-1.010463	-1	.022097	-1.014301	-1.01204	-0.9925087	-1.032386
19/08/2025	00:24	-1.032327	-1.020014	-1.022433	-1.02128	-1.009496	-1.	036274	-1.012735	-1.026551	-1.042405	-1.017133	-1.018408	-1.023969	-1.	032353	-1.031593	-1.010484	-0.997926	-1.042405
19/08/2025	01:14	-1.028348	-1.006474	-1.014332	-1.015983	-1.000497	-1	.031608	-1.001116	-1.020192	-1.024307	-1.005473	-1.00426	-1.009377	-1.	021786	-1.014145	-1.011417	-0.9925087	-1.031608
19/08/2025	02:04	-1.025618	-1.005073	-1.016046	-1.016295	-1.001893	-1	.031452	-1.000341	-1.018952	-1.023371	-1.005006	-1.00426	-1.00829	-1.0	193	-1.012276	-1.006595	-0.9926634	-1.031452
19/08/2025	02:54	-1.025384	-1.002428	-1.015422	-1.015983	-1.000186	-1	.031608	-0.9992563	-1.018486	-1.022435	-1.004073	-1.003172	-1.008445	-	1.022097	-1.01321	-1.009395	-0.9948304	-1.031608
19/08/2025	03:44	-1.024526	-1.002583	-1.014799	-1.015049	-1.001272	-1	.030986	-1.000341	-1.018797	-1.022591	-1.004384	-1.003638	-1.006893	-1	.018057	-1.012431	-1.005351	-0.99158	-1.030986
19/08/2025	04:34	-1.033029	-1.005073	-1.017759	-1.018008	-1.002824	-1	.033785	-1.002045	-1.021123	-1.023371	-1.009204	-1.004571	-1.011084	-1	.025671	-1.014924	-1.036616	-0.9952947	-1.036616
19/08/2025	05:24	-1.036383	-1.013166	-1.021654	-1.025642	-1.007944	-1	.039074	-1.009172	-1.02438	-1.029612	-1.014956	-1.010012	-1.018691	-1.	029245	-1.023648	-1.018417	-1.003962	-1.039074
19/08/2025	06:14	-1.029284	-1.006474	-1.017136	-1.017697	-1.002203	-1	.034719	-1.00344	-1.020347	-1.025711	-1.007649	-1.005193	-1.013413	-1.	024428	-1.021	-1.01204	-0.992973	-1.034719
19/08/2025	07:04	-1.030766	-1.004607	-1.017915	-1.017074	-1.002048	-1	.033785	-1.002975	-1.020658	-1.024931	-1.007338	-1.005193	-1.009377	-1	.035927	-1.018663	-1.025106	-0.9985451	-1.035927
19/08/2025	07:54	-1.035291	-1.012855	-1.023367	-1.022215	-1.007324	-1	.037519	-1.005454	-1.024845	-1.029612	-1.008271	-1.008613	-1.013102	-1	.032819	-1.025673	-1.023706	-1.000402	-1.037519
19/08/2025	08:44	-1.038879	-1.020792	-1.027106	-1.028446	-1.017875	-1	.044985	-1.015679	-1.029653	-1.043029	-1.02615	-1.022761	-1.028937	-1.	033596	-1.032372	-1.017795	-1.001022	-1.044985
19/08/2025	10:24	-1.033497	-1.008653	-1.019317	-1.018476	-1.004841	-1	.033785	-1.00282	-1.023139	-1.029144	-1.008893	-1.007058	-1.011705	-1.	024584	-1.016638	-1.009706	-0.9946756	-1.033785
19/08/2025	11:14	-1.036149	-1.014567	-1.025237	-1.025174	-1.011358	-1	.040941	-1.013045	-1.028567	-1.042249	-1.014646	-1.024005	-1.029403	-1	.037326	-1.030502	-1.009551	-0.9965329	-1.042249
19/08/2025	12:04	-1.04824	-1.031219	-1.034116	-1.036235	-1.03246	-1.0	47163	-1.023426	-1.039268	-1.042717	-1.026772	-1.026182	-1.028316	-1.0	32509	-1.022713	-1.011884	-0.9980807	-1.04824
19/08/2025	12:54	-1.033263	-1.008186	-1.019161	-1.020968	-1.006393	-1	.037052	-1.004369	-1.025	-1.027272	-1.010759	-1.006281	-1.01481	-1.025	05	-1.01617	-1.015617	-0.9985451	-1.037052
19/08/2025	13:44	-1.029986	-1.007252	-1.018227	-1.018943	-1.006238	-1	.035497	-1.00344	-1.020813	-1.026179	-1.008116	-1.007214	-1.011239	-1.	022408	-1.016793	-1.011884	-0.9949851	-1.035497
19/08/2025	14:34	-1.031702	-1.010676	-1.021654	-1.022059	-1.006393	-1	.037363	-1.005918	-1.028412	-1.031016	-1.016822	-1.014677	-1.020399	-1	.043231	-1.042653	-1.019039	-1.002415	-1.043231
19/08/2025	15:24	-1.030142	-1.006474	-1.017292	-1.017385	-1.002824	-1	.035185	-1.00282	-1.021123	-1.027272	-1.007183	-1.005504	-1.011395	-1.	022874	-1.016014	-1.013751	-0.9956043	-1.035185
19/08/2025	16:14	-1.036071	-1.01161	-1.022588	-1.026265	-1.008565	-1.	038919	-1.019862	-1.03477	-1.036165	-1.017133	-1.022139	-1.019001	-1.0	28002	-1.022246	-1.020128	-0.9968425	-1.038919
19/08/2025	17:04	-1.03217	-1.006318	-1.017448	-1.018476	-1.002824	-1.	033785	-1.00282	-1.020502	-1.02852	-1.006872	-1.006592	-1.010929	-1.02	1476	-1.017105	-1.013751	-0.9934373	-1.033785
19/08/2025	17:54	-1.033029	-1.007097	-1.01698	-1.020813	-1.004376	-1.	03503	-1.004679	-1.024225	-1.026179	-1.009981	-1.005504	-1.01155	-1.02	6914	-1.016949	-1.013906	-0.994366	-1.03503
19/08/2025	18:44	-1.037475	-1.009431	-1.026795	-1.022215	-1.004686	-1	.040007	-1.01413	-1.027947	-1.029456	-1.011381	-1.010168	-1.01512	-1.0	35306	-1.01804	-1.019506	-1.000093	-1.040007
19/08/2025	19:34	-1.029986	-1.007563	-1.018382	-1.020345	-1.002824	-1	.036119	-1.002975	-1.021898	-1.025555	-1.006561	-1.007525	-1.010618	-1	.025361	-1.016326	-1.014839	-0.9949851	-1.036119
19/08/2025	20:24	-1.028348	-1.007875	-1.017292	-1.017385	-1.0036	-1.0	33008	-1.002355	-1.021123	-1.025399	-1.006405	-1.006126	-1.009842	-1.0	21476	-1.015391	-1.013751	-0.9954495	-1.033008
19/08/2025	21:14	-1.028972	-1.00554	-1.018071	-1.01723	-1.003755	-1.0	33785	-1.00282	-1.020192	-1.025243	-1.006095	-1.005504	-1.010463	-1.02	1165	-1.01508	-1.009551	-0.9928182	-1.033785
19/08/2025	22:04	-1.02788	-1.005229	-1.017603	-1.016918	-1.001583	-1.	032852	-1.002665	-1.019882	-1.023839	-1.006405	-1.004882	-1.008756	-1.	022097	-1.01508	-1.010017	-0.994366	-1.032852
19/08/2025	22:54	-1.027256	-1.004762	-1.016201	-1.016139	-1.001738	-1	.034252	-1.000961	-1.020813	-1.024307	-1.007183	-1.004571	-1.009066	-1	.020543	-1.017417	-1.007684	-0.9937469	-1.034252
19/08/2025	23:44	-1.027412	-1.004451	-1.01698	-1.016918	-1.001272	-1.	032852	-1.000031	-1.019882	-1.025399	-1.005939	-1.005348	-1.009532	-1.	02132	-1.012587	-1.009084	-0.9920443	-1.032852
20/08/2025	00:34	-1.027646	-1.005696	-1.016513	-1.017541	-1.001893	-1	.033008	-1.00189	-1.020502	-1.024931	-1.007027	-1.004571	-1.0086	-1.02	0232	-1.013055	-1.013284	-0.9945208	-1.033008
20/08/2025	01:24	-1.027958	-1.005073	-1.016046	-1.017697	-1.001428	-1	.033008	-1.001116	-1.019572	-1.023527	-1.005317	-1.005348	-1.008445	-1	.026759	-1.016638	-1.014217	-0.9926634	-1.033008
20/08/2025	02:14	-1.025774	-1.002739	-1.014488	-1.01536	-1.000186	-1.	032074	-0.9992563	-1.018331	-1.022903	-1.003762	-1.003172	-1.00829	-1.	020077	-1.012276	-1.005506	-0.9920443	-1.032074
20/08/2025	03:04	-1.044652	-1.016279	-1.029443	-1.02424	-1.009496	-1.	038763	-1.020327	-1.025931	-1.033824	-1.013402	-1.014521	-1.028005	-1.	028002	-1.0291	-1.03755	-1.004427	-1.044652
20/08/2025	03:54	-1.032092	-1.006941	-1.018694	-1.018164	-1.002514	-1	.033941	-1.00313	-1.024069	-1.0293	-1.005784	-1.006592	-1.012481	-1.02	2563	-1.014612	-1.021528	-0.9962234	-1.033941
20/08/2025	04:44	-1.028972	-1.006318	-1.020563	-1.018787	-1.007479	-1	.036741	-1.005144	-1.023449	-1.026804	-1.00967	-1.00908	-1.013879	-1.0	21631	-1.014768	-1.016551	-0.9939017	-1.036741
20/08/2025	05:34	-1.033653	-1.013944	-1.022433	-1.03125	-1.007013	-1.	047318	-1.009637	-1.031824	-1.030548	-1.012935	-1.012189	-1.01512	-1.0	409	-1.025673	-1.018573	-0.9982355	-1.047318
20/08/2025	06:24	-1.033575	-1.016123	-1.020875	-1.02128	-1.007789	-1.	036274	-1.012271	-1.023139	-1.028364	-1.014024	-1.012345	-1.018691	-1.	031887	-1.027231	-1.014528	-1.002569	-1.036274
20/08/2025	07:14	-1.031312	-1.008342	-1.017759	-1.018164	-1.003755	-1	.035185	-1.004679	-1.021743	-1.02696	-1.007338	-1.006126	-1.010774	-1.	023962	-1.022402	-1.019973	-0.9949851	-1.035185
20/08/2025	08:04	-1.031234	-1.008186	-1.018227	-1.018008	-1.002824	-1	.034719	-1.004214	-1.022208	-1.027584	-1.008116	-1.007991	-1.011239	-1	.025361	-1.015547	-1.016551	-0.9959138	-1.034719
20/08/2025	08:54	-1.031624	-1.011921	-1.021498	-1.020657	-1.00841	-1.	038452	-1.014595	-1.027171	-1.031328	-1.013402	-1.012811	-1.017449	-1.	033441	-1.021778	-1.015462	-0.9974616	-1.038452
20/08/2025	09:44	-1.029752	-1.008186	-1.018382	-1.018632	-1.002824	-1	.034874	-1.003594	-1.021433	-1.027272	-1.007338	-1.00597	-1.012481	-1.	025671	-1.018507	-1.014217	-0.9939017	-1.034874
20/08/2025	10:34	-1.028738	-1.007252	-1.016825	-1.017697	-1.002979	-1	.033319	-1.002045	-1.020968	-1.026023	-1.007338	-1.005815	-1.010929	-1	.023651	-1.016793	-1.010173	-0.9946756	-1.033319
20/08/2025	11:24	-1.038333	-1.022971	-1.024458	-1.030783	-1.016013	-1	.046852	-1.016764	-1.030893	-1.039129	-1.02102	-1.018563	-1.026919	-1.	024273	-1.018195	-1.017328	-0.9990094	-1.046852
20/08/2025	12:14	-1.033107	-1.006785	-1.019629	-1.02128	-1.005151	-1.	036741	-1.004059	-1.021743	-1.029768	-1.008582	-1.010634	-1.0145	-1.02	334	-1.015859	-1.013128	-0.997926	-1.036741
20/08/2025	13:04	-1.03178	-1.011921	-1.020719	-1.020657	-1.004531	-1.	040163	-1.013355	-1.028722	-1.033356	-1.019465	-1.027581	-1.031886	-1.	02909	-1.023648	-1.021839	-0.9976164	-1.040163
20/08/2025	13:54	-1.031858	-1.018457	-1.025548	-1.02424	-1.008255	-1.	037519	-1.01444	-1.034926	-1.038661	-1.020864	-1.028047	-1.026453	-1.0	31421	-1.037357	-1.019039	-1.001022	-1.038661
20/08/2025	14:44	-1.038021	-1.013944	-1.023367	-1.028913	-1.010893	-1	.041252	-1.014285	-1.030118	-1.040689	-1.023974	-1.022139	-1.025522	-1	.028158	-1.032995	-1.019039	-1.000712	-1.041252
20/08/2025	15:34	-1.02944	-1.007875	-1.017292	-1.018787	-1.003134	-1.	034563	-1.002665	-1.021278	-1.026023	-1.006405	-1.007058	-1.010618	-1.	022563	-1.016326	-1.012506	-0.9962234	-1.034563
20/08/2025	16:24	-1.029674	-1.007719	-1.017759	-1.018632	-1.003289	-1	.034408	-1.003594	-1.021588	-1.028208	-1.007027	-1.006748	-1.012171	-1	.022563	-1.016326	-1.010795	-0.994366	-1.034408
20/08/2025	17:14	-1.032327	-1.006941	-1.018071	-1.018787	-1.00422	-1.	03363	-1.002975	-1.021743	-1.026492	-1.007183	-1.007369	-1.011084	-1.0	2303	-1.017728	-1.012973	-0.9945208	-1.03363
20/08/2025	18:04	-1.037709	-1.015812	-1.025393	-1.0272	-1.009806	-1.0	38763	-1.01351	-1.029963	-1.03476	-1.020087	-1.017942	-1.017915	-1.026	759	-1.022557	-1.015151	-0.9968425	-1.038763
20/08/2025	18:54	-1.02905	-1.007875	-1.017448	-1.018476	-1.003289	-1.	034097	-1.003285	-1.021743	-1.025711	-1.006561	-1.006126	-1.010929	-1.	024273	-1.01804	-1.012506	-0.9959138	-1.034097
20/08/2025	19:04	-1.029362	-1.007252	-1.01885	-1.018164	-1.005927	-1.	035497	-1.004059	-1.022519	-1.026023	-1.007649	-1.006437	-1.01155	-1.0	23962	-1.01804	-1.010795	-0.994366	-1.035497
20/08/2025	19:44	-1.029908	-1.008186	-1.017915	-1.01832	-1.004065	-1.	034097	-1.00313	-1.022053	-1.024931	-1.006716	-1.00597	-1.011084	-1.02	4428	-1.015547	-1.01795	-0.997926	-1.034097
20/08/2025	20:34	-1.031468	-1.012855	-1.022588	-1.02237	-1.00841	-1.0	40007	-1.013975	-1.028877	-1.031328	-1.012469	-1.014832	-1.017139	-1.0	26914	-1.032995	-1.020906	-0.997926	-1.040007
20/08/2025	21:24	-1.028972	-1.006318	-1.016513	-1.018008	-1.002514	-1	.033319	-1.001425	-1.020347	-1.024931	-1.005939	-1.005037	-1.012326	-1	.021476	-1.013366	-1.011884	-0.9937469	-1.033319
20/08/2025	22:14	-1.02905	-1.006318	-1.017136	-1.017541	-1.003134	-1.	034408	-1.00282	-1.020192	-1.024775	-1.00796	-1.006592	-1.01155	-1.021	32	-1.013678	-1.011728	-0.992973	-1.034408
20/08/2025	23:04	-1.027724	-1.005696	-1.016513	-1.017541	-1.001583	-1	.033941	-1.002665	-1.020658	-1.024775	-1.007027	-1.005037	-1.009998	-1	.020543	-1.013366	-1.011262	-0.9931278	-1.033941
20/08/2025	23:54	-1.029206	-1.007408	-1.018694	-1.017697	-1.004841	-1	.034252	-1.002045	-1.020813	-1.027116	-1.007183	-1.005193	-1.010774	-1	.020543	-1.014457	-1.00924	-0.9942112	-1.034252
21/08/2025	00:44	-1.02749	-1.006163	-1.016513	-1.016918	-1.002979	-1.	034719	-1.00158	-1.020192	-1.024775	-1.00625	-1.005193	-1.009842	-1.02	3807	-1.016014	-1.014373	-0.9932826	-1.034719
21/08/2025	01:34	-1.030376	-1.016746	-1.022433	-1.024551	-1.009341	-1	.041407	-1.007778	-1.025775	-1.037101	-1.011847	-1.010012	-1.019001	-1	.029867	-1.033774	-1.010173	-0.995759	-1.041407
21/08/2025	02:24	-1.02593	-1.003362	-1.015111	-1.016139	-1.000497	-1.	032074	-1.001735	-1.020037	-1.023215	-1.005939	-1.004415	-1.009221	-1.	02132	-1.011653	-1.010951	-0.9914252	-1.032074
21/08/2025	03:14	-1.024994	-1.004607	-1.016201	-1.015983	-1.001272	-1	.032386	-1.000651	-1.019727	-1.023683	-1.00625	-1.004415	-1.008911	-1.	018989	-1.013366	-1.004729	-0.9926634	-1.032386
21/08/2025	04:04	-1.032639	-1.013944	-1.028041	-1.020657	-1.009341	-1	.038452	-1.007468	-1.024845	-1.026335	-1.011381	-1.008769	-1.01807	-1.	027225	-1.019909	-1.017484	-0.9960686	-1.038452
21/08/2025	04:54	-1.039815	-1.02904	-1.029443	-1.03125	-1.01291	-1.04	9029	-1.0132	-1.033685	-1.031796	-1.018221	-1.015143	-1.02428	-1.04416	3	-1.038603	-1.016706	-1.002569	-1.049029
21/08/2025	05:44	-1.052921	-1.010676	-1.020252	-1.021903	-1.006548	-1	.039385	-1.005764	-1.02469	-1.031328	-1.011381	-1.00908	-1.015586	-1.0	28624	-1.018663	-1.022617	-0.9997833	-1.052921
21/08/2025	06:34	-1.033029	-1.015189	-1.020719	-1.023149	-1.00841	-1.	038141	-1.005918	-1.024535	-1.029924	-1.012624	-1.011101	-1.014034	-1.	035617	-1.021623	-1.018884	-0.9999381	-1.038141
21/08/2025	07:24	-1.029284	-1.010054	-1.019629	-1.019411	-1.005772	-1	.034874	-1.003594	-1.022208	-1.027584	-1.007183	-1.007369	-1.013258	-1	.030022	-1.019753	-1.015462	-0.9976164	-1.034874
21/08/2025	08:14	-1.031702	-1.010209	-1.020719	-1.024084	-1.006858	-1	.038296	-1.007158	-1.023604	-1.032108	-1.012469	-1.009235	-1.015431	-1	.02707	-1.022869	-1.023084	-0.9969973	-1.038296
21/08/2025	09:04	-1.031702	-1.020325	-1.022588	-1.021436	-1.008875	-1	.039696	-1.007623	-1.027792	-1.036321	-1.012935	-1.010634	-1.019933	-1	.031576	-1.037045	-1.016395	-0.9965329	-1.039696
21/08/2025	09:54	-1.030922	-1.006318	-1.017915	-1.020345	-1.00422	-1.	034563	-1.003285	-1.021898	-1.030548	-1.007338	-1.006748	-1.011395	-1.	022097	-1.020376	-1.016706	-0.9960686	-1.034563
21/08/2025	10:44	-1.035915	-1.010209	-1.026327	-1.0272	-1.010272	-1.0	47474	-1.01351	-1.024535	-1.03164	-1.014956	-1.010012	-1.020554	-1.025	516	-1.022557	-1.01344	-0.9956043	-1.047474
21/08/2025	11:34	-1.034277	-1.00912	-1.018538	-1.020345	-1.00391	-1.0	35497	-1.010566	-1.022984	-1.027896	-1.008738	-1.009701	-1.013879	-1.0	21942	-1.020065	-1.012506	-0.9949851	-1.035497
21/08/2025	12:24	-1.031	-1.00912	-1.021186	-1.020501	-1.004376	-1.037	363	-1.007313	-1.023294	-1.029768	-1.008116	-1.009235	-1.01186	-1.0239	62	-1.02209	-1.01204	-0.9954495	-1.037363
21/08/2025	13:14	-1.028348	-1.007563	-1.018071	-1.018476	-1.004376	-1	.034408	-1.004834	-1.025155	-1.026804	-1.01107	-1.010945	-1.011705	-1.	028779	-1.016482	-1.025884	-1.000093	-1.034408
21/08/2025	14:04	-1.029206	-1.007097	-1.018538	-1.020034	-1.004686	-1	.036119	-1.002665	-1.022674	-1.02774	-1.00625	-1.00597	-1.010774	-1.02	5827	-1.016326	-1.017639	-0.9973068	-1.036119
21/08/2025	14:54	-1.033029	-1.011143	-1.021654	-1.02128	-1.004996	-1.	03643	-1.006693	-1.025155	-1.028832	-1.010292	-1.01421	-1.015431	-1.06	4365	-1.04904	-1.016551	-1.003808	-1.064365
21/08/2025	15:44	-1.03022	-1.012232	-1.019161	-1.021903	-1.005151	-1.	035341	-1.008242	-1.02562	-1.028832	-1.009515	-1.007369	-1.013258	-1.0	25982	-1.018195	-1.016239	-0.9956043	-1.035341
21/08/2025	16:34	-1.029908	-1.00803	-1.020096	-1.019099	-1.005927	-1.	034408	-1.002975	-1.022829	-1.026492	-1.007494	-1.007836	-1.013102	-1.	023185	-1.017261	-1.016862	-0.9956043	-1.034408
21/08/2025	17:24	-1.030766	-1.010365	-1.018071	-1.021591	-1.009806	-1	.036274	-1.004679	-1.022053	-1.027896	-1.009515	-1.008147	-1.015741	-1	.024739	-1.023025	-1.017173	-0.9951399	-1.036274
21/08/2025	18:14	-1.02983	-1.008342	-1.018694	-1.019411	-1.00391	-1.0	3503	-1.003594	-1.021898	-1.026648	-1.008582	-1.006748	-1.010929	-1.02	4739	-1.018195	-1.013751	-0.9959138	-1.03503
21/08/2025	19:04	-1.029986	-1.00803	-1.017448	-1.019099	-1.004065	-1.	034719	-1.002665	-1.022519	-1.028052	-1.009204	-1.006592	-1.012016	-1.	022874	-1.020065	-1.015773	-0.9962234	-1.034719
21/08/2025	19:54	-1.033107	-1.012544	-1.020719	-1.021124	-1.006082	-1	.037363	-1.003749	-1.024535	-1.02696	-1.009204	-1.007214	-1.013102	-1.	025361	-1.016793	-1.014995	-0.9977712	-1.037363
21/08/2025	20:44	-1.028894	-1.00554	-1.017915	-1.01832	-1.003134	-1.0	33941	-1.0022	-1.022674	-1.026648	-1.007338	-1.006281	-1.010153	-1.024	739	-1.016793	-1.012195	-0.9939017	-1.033941
21/08/2025	21:34	-1.029908	-1.008497	-1.017136	-1.017697	-1.0036	-1.0	33941	-1.002045	-1.021588	-1.027896	-1.007338	-1.006281	-1.010618	-1.0	22719	-1.018819	-1.014839	-0.9963782	-1.033941
21/08/2025	22:24	-1.028972	-1.00663	-1.017448	-1.017853	-1.003755	-1.	034563	-1.00313	-1.020658	-1.024775	-1.007494	-1.008147	-1.011084	-1.0	21476	-1.016949	-1.016551	-0.9945208	-1.034563
21/08/2025	23:14	-1.028192	-1.00554	-1.017292	-1.018943	-1.004841	-1.	033941	-1.00189	-1.020813	-1.026023	-1.006561	-1.006437	-1.01186	-1.02	0388	-1.015703	-1.011573	-0.9940565	-1.033941
22/08/2025	00:04	-1.035525	-1.012232	-1.02586	-1.02533	-1.014772	-1.0	42963	-1.011031	-1.030428	-1.040845	-1.016511	-1.017164	-1.018536	-1.0	35461	-1.029723	-1.011884	-0.9988546	-1.042963
22/08/2025	00:54	-1.027178	-1.006941	-1.017448	-1.016918	-1.002824	-1	.033785	-1.00251	-1.021278	-1.024463	-1.005939	-1.005659	-1.012171	-1.	030333	-1.014145	-1.012817	-0.9940565	-1.033785
22/08/2025	01:44	-1.027802	-1.006007	-1.015734	-1.018164	-1.002203	-1	.033163	-1.00158	-1.021898	-1.024307	-1.006716	-1.005348	-1.009377	-1.	023651	-1.014145	-1.011573	-0.9946756	-1.033163
22/08/2025	02:34	-1.026164	-1.003984	-1.015422	-1.016762	-1.001272	-1	.032074	-1.00189	-1.019572	-1.023371	-1.005317	-1.005815	-1.009687	-1.	024273	-1.015703	-1.017795	-0.994366	-1.032074
22/08/2025	03:24	-1.02632	-1.003828	-1.018071	-1.015983	-1.001117	-1.	031919	-1.002045	-1.021433	-1.023683	-1.006872	-1.004571	-1.00829	-1.0	26137	-1.015236	-1.016239	-0.9934373	-1.031919
22/08/2025	04:14	-1.027178	-1.005385	-1.015734	-1.017697	-1.002514	-1	.033941	-1.00251	-1.019882	-1.025399	-1.007027	-1.005659	-1.011239	-1.	019455	-1.012276	-1.007062	-0.9918895	-1.033941
22/08/2025	05:04	-1.031312	-1.007875	-1.022277	-1.026732	-1.005617	-1	.044363	-1.007468	-1.027326	-1.026492	-1.010759	-1.009546	-1.014189	-1	.031887	-1.018195	-1.01935	-1.000712	-1.044363
22/08/2025	05:54	-1.031078	-1.01052	-1.019161	-1.022526	-1.007324	-1.	039541	-1.009327	-1.029653	-1.029924	-1.017133	-1.010168	-1.016052	-1.	024117	-1.017728	-1.020906	-0.9963782	-1.039541
22/08/2025	06:44	-1.050034	-1.012077	-1.030222	-1.026265	-1.008875	-1	.039852	-1.015369	-1.044851	-1.042561	-1.019776	-1.017475	-1.023814	-1	.034684	-1.032372	-1.024017	-1.008606	-1.050034
22/08/2025	07:34	-1.037319	-1.0155	-1.025237	-1.024396	-1.015703	-1.0	42963	-1.014285	-1.029032	-1.033668	-1.016978	-1.016387	-1.018536	-1.0	33596	-1.028789	-1.035061	-1.003034	-1.042963
22/08/2025	08:24	-1.04317	-1.014255	-1.026327	-1.027355	-1.007324	-1.	042341	-1.01475	-1.026551	-1.033356	-1.018688	-1.0125	-1.018381	-1.030	178	-1.023336	-1.017795	-0.9983903	-1.04317
22/08/2025	09:14	-1.031702	-1.014722	-1.019005	-1.021591	-1.012134	-1	.038608	-1.006693	-1.026396	-1.036945	-1.012158	-1.012189	-1.023348	-1	.027847	-1.026296	-1.02075	-0.9982355	-1.038608
22/08/2025	10:04	-1.039893	-1.024994	-1.028197	-1.034521	-1.028892	-1	.046541	-1.030398	-1.047953	-1.05083	-1.033769	-1.039863	-1.032663	-1.	029867	-1.030814	-1.014839	-1.004427	-1.05083
22/08/2025	10:54	-1.030766	-1.016279	-1.020563	-1.024396	-1.008255	-1	.03783	-1.007158	-1.023294	-1.029612	-1.01107	-1.012345	-1.017139	-1.0	2707	-1.019286	-1.011262	-0.9983903	-1.03783
22/08/2025	11:44	-1.02827	-1.008342	-1.017759	-1.019722	-1.0036	-1.03	4563	-1.005144	-1.023604	-1.027116	-1.007649	-1.008769	-1.012637	-1.02	4273	-1.020376	-1.010173	-0.9985451	-1.034563
22/08/2025	12:34	-1.04278	-1.027951	-1.03583	-1.034521	-1.02765	-1.04	9807	-1.025905	-1.036476	-1.047242	-1.029882	-1.0324	-1.035768	-1.0329	75	-1.051689	-1.017639	-1.001641	-1.051689
22/08/2025	13:24	-1.031	-1.010987	-1.021342	-1.023772	-1.006858	-1.03	783	-1.008552	-1.029032	-1.031328	-1.014024	-1.013744	-1.020554	-1.029	712	-1.019442	-1.01344	-0.9966877	-1.03783
22/08/2025	14:14	-1.031156	-1.010832	-1.019629	-1.020968	-1.005307	-1	.035341	-1.005144	-1.023449	-1.029612	-1.010137	-1.008769	-1.015897	-1	.02334	-1.017417	-1.018884	-0.9966877	-1.035341
22/08/2025	15:04	-1.042624	-1.027017	-1.042217	-1.032185	-1.016634	-1	.047474	-1.019707	-1.034305	-1.048178	-1.021486	-1.021517	-1.030645	-1	.036394	-1.02801	-1.015151	-1.002569	-1.048178
22/08/2025	15:54	-1.033575	-1.013944	-1.022744	-1.026732	-1.005927	-1	.03783	-1.007468	-1.025775	-1.03008	-1.009204	-1.007991	-1.012171	-1.0	32819	-1.027542	-1.014684	-0.9969973	-1.03783
22/08/2025	16:44	-1.03217	-1.011454	-1.019161	-1.020813	-1.00422	-1.0	36274	-1.003904	-1.023449	-1.029612	-1.009515	-1.007991	-1.013723	-1.0	25361	-1.017572	-1.017795	-0.999319	-1.036274
22/08/2025	17:34	-1.045354	-1.016746	-1.025237	-1.025642	-1.00872	-1.	043585	-1.019707	-1.027171	-1.032264	-1.016667	-1.01592	-1.017915	-1.0	35306	-1.025361	-1.015462	-1.001486	-1.045354
23/08/2025	11:04	-1.028738	-1.006941	-1.018694	-1.018787	-1.004376	-1	.034097	-1.00282	-1.022674	-1.026804	-1.007805	-1.007058	-1.012792	-1.	02505	-1.016326	-1.011106	-0.9959138	-1.034097
23/08/2025	11:54	-1.028816	-1.008653	-1.017136	-1.018787	-1.006238	-1	.034719	-1.003285	-1.022053	-1.026023	-1.008271	-1.006903	-1.010463	-1	.023651	-1.017572	-1.012817	-0.9949851	-1.034719
23/08/2025	12:44	-1.039191	-1.022037	-1.030845	-1.03016	-1.019427	-1.	044363	-1.017693	-1.029963	-1.036633	-1.022264	-1.020118	-1.026764	-1.	025205	-1.024427	-1.015617	-1.002105	-1.044363
23/08/2025	13:34	-1.031156	-1.00663	-1.019317	-1.020968	-1.004996	-1.	036741	-1.002665	-1.022208	-1.028208	-1.008116	-1.007369	-1.011705	-1.	022719	-1.016793	-1.014839	-0.9954495	-1.036741
23/08/2025	14:24	-1.028582	-1.008809	-1.018538	-1.020813	-1.00422	-1.	035652	-1.004059	-1.021278	-1.027584	-1.008427	-1.007369	-1.012947	-1.	023962	-1.01913	-1.013595	-0.9959138	-1.035652
23/08/2025	15:14	-1.031312	-1.009275	-1.01994	-1.021591	-1.006858	-1.	03643	-1.003285	-1.022674	-1.027584	-1.008582	-1.006903	-1.011395	-1.0	25205	-1.015703	-1.017639	-0.9952947	-1.03643
23/08/2025	16:04	-1.03217	-1.009431	-1.019629	-1.020657	-1.005772	-1.	035808	-1.008397	-1.023604	-1.032732	-1.012158	-1.011567	-1.017449	-1.	023807	-1.017261	-1.015928	-0.9959138	-1.035808
23/08/2025	16:54	-1.029986	-1.008186	-1.017603	-1.019411	-1.005617	-1	.03363	-1.004524	-1.022674	-1.02696	-1.007805	-1.007058	-1.012637	-1.0	23651	-1.01913	-1.013595	-0.9948304	-1.03363
23/08/2025	17:44	-1.032873	-1.00803	-1.018538	-1.019566	-1.00422	-1.0	35808	-1.003594	-1.022829	-1.027896	-1.009049	-1.007836	-1.011395	-1.0	2505	-1.01913	-1.015617	-0.994366	-1.035808
23/08/2025	18:34	-1.031	-1.008497	-1.018071	-1.021436	-1.00422	-1.036	43	-1.00313	-1.022364	-1.026492	-1.008893	-1.007058	-1.011239	-1.02505	-1.017572	-1.018884	-0.9946756	-1.03643
23/08/2025	19:24	-1.034043	-1.008497	-1.018227	-1.019255	-1.003755	-1	.036896	-1.004369	-1.02469	-1.026804	-1.007805	-1.006437	-1.01186	-1.0	28624	-1.016638	-1.017173	-0.9952947	-1.036896
23/08/2025	20:14	-1.029362	-1.007563	-1.01698	-1.018476	-1.0036	-1.03	503	-1.00251	-1.021278	-1.026023	-1.006872	-1.006903	-1.010463	-1.0242	73	-1.016326	-1.014062	-0.9949851	-1.03503
23/08/2025	21:04	-1.027724	-1.007408	-1.020096	-1.018008	-1.0036	-1.0	34252	-1.00282	-1.021898	-1.026179	-1.008427	-1.006592	-1.010308	-1.02	334	-1.015547	-1.011573	-0.9956043	-1.034252
23/08/2025	21:54	-1.028114	-1.010209	-1.018538	-1.019878	-1.004065	-1	.035185	-1.003904	-1.023294	-1.028052	-1.008116	-1.007836	-1.013879	-1	.023962	-1.021778	-1.018884	-0.9962234	-1.035185
23/08/2025	22:44	-1.030064	-1.007563	-1.017603	-1.018476	-1.00391	-1.	034252	-1.002355	-1.021588	-1.026335	-1.007183	-1.006437	-1.012326	-1.	022563	-1.015547	-1.015151	-0.9931278	-1.034252
23/08/2025	23:34	-1.028972	-1.007719	-1.017448	-1.018476	-1.002979	-1	.034719	-1.00251	-1.020968	-1.025867	-1.006405	-1.006437	-1.010463	-1.	02334	-1.016014	-1.018573	-0.9952947	-1.034719
24/08/2025	00:24	-1.033107	-1.006007	-1.01994	-1.018943	-1.003289	-1.	034097	-1.00282	-1.022053	-1.027428	-1.007338	-1.006126	-1.011395	-1.0	23651	-1.015859	-1.01064	-0.9945208	-1.034097
24/08/2025	01:14	-1.028894	-1.006785	-1.017759	-1.018008	-1.003755	-1	.034252	-1.00282	-1.021123	-1.026648	-1.007183	-1.006748	-1.010308	-1.	022719	-1.016949	-1.014217	-0.9946756	-1.034252
24/08/2025	02:04	-1.029518	-1.00554	-1.016513	-1.017697	-1.001738	-1.	033319	-1.0022	-1.021743	-1.024619	-1.006716	-1.006126	-1.010463	-1.02	3807	-1.014145	-1.011417	-0.9932826	-1.033319
24/08/2025	02:54	-1.029206	-1.003984	-1.01589	-1.017074	-1.001893	-1.	032541	-1.000961	-1.021123	-1.024931	-1.006405	-1.005659	-1.008911	-1.	020543	-1.01508	-1.014062	-0.9931278	-1.032541
24/08/2025	03:44	-1.026086	-1.005229	-1.016513	-1.01723	-1.002203	-1.	033163	-1.001425	-1.022364	-1.025087	-1.00625	-1.006437	-1.009532	-1.0	20232	-1.01321	-1.006595	-0.9942112	-1.033163
24/08/2025	04:34	-1.025228	-1.00414	-1.014955	-1.016918	-1.001583	-1.	032074	-1.00127	-1.020347	-1.024463	-1.006716	-1.005037	-1.009532	-1.0	21009	-1.011964	-1.012817	-0.9928182	-1.032074
24/08/2025	05:24	-1.028192	-1.004295	-1.017136	-1.018476	-1.0036	-1.0	33163	-1.00127	-1.022519	-1.024931	-1.006716	-1.006592	-1.009687	-1.02	2253	-1.016638	-1.012506	-0.997926	-1.033163
24/08/2025	06:14	-1.028426	-1.005073	-1.017759	-1.017697	-1.002358	-1	.034719	-1.005609	-1.020658	-1.024463	-1.006405	-1.007525	-1.010153	-1	.023962	-1.016014	-1.010173	-0.9942112	-1.034719
24/08/2025	07:04	-1.025774	-1.003984	-1.01589	-1.016918	-1.002669	-1.	033319	-1.000496	-1.019572	-1.024463	-1.005317	-1.005659	-1.009377	-1.	018989	-1.013055	-1.005506	-0.9925087	-1.033319
24/08/2025	07:54	-1.026866	-1.005385	-1.016669	-1.018008	-1.001893	-1	.033008	-1.003594	-1.020502	-1.025867	-1.006716	-1.005193	-1.009377	-1	.019611	-1.014301	-1.00644	-0.9926634	-1.033008
24/08/2025	08:44	-1.031156	-1.00912	-1.019005	-1.022059	-1.004841	-1.	035652	-1.004059	-1.022519	-1.028676	-1.009049	-1.007369	-1.013102	-1.	035306	-1.017728	-1.022617	-0.9969973	-1.035652
24/08/2025	09:34	-1.034667	-1.0155	-1.024458	-1.024396	-1.015703	-1.0	41874	-1.006228	-1.025931	-1.033356	-1.013557	-1.011256	-1.019778	-1.0	27847	-1.020532	-1.012351	-0.9971521	-1.041874
24/08/2025	10:24	-1.02983	-1.008497	-1.018538	-1.019255	-1.004531	-1.	034719	-1.003594	-1.023449	-1.027272	-1.008271	-1.008147	-1.012326	-1.	022408	-1.01913	-1.01064	-0.9952947	-1.034719
24/08/2025	11:14	-1.028192	-1.006941	-1.019005	-1.019099	-1.003755	-1	.034719	-1.00313	-1.022519	-1.027584	-1.009204	-1.008458	-1.01186	-1.0	22097	-1.016326	-1.012351	-0.9959138	-1.034719
24/08/2025	12:04	-1.034277	-1.014411	-1.019629	-1.021591	-1.0081	-1.0	37208	-1.007158	-1.022984	-1.032264	-1.011225	-1.011567	-1.015741	-1.0	24273	-1.023804	-1.012817	-0.9986999	-1.037208
24/08/2025	12:54	-1.029986	-1.008497	-1.017448	-1.018787	-1.003755	-1	.034719	-1.002665	-1.021898	-1.025555	-1.008271	-1.006748	-1.011084	-1	.024584	-1.015391	-1.014995	-0.9976164	-1.034719
24/08/2025	13:44	-1.040751	-1.026394	-1.028041	-1.030315	-1.013375	-1	.043585	-1.018468	-1.030583	-1.034448	-1.01931	-1.018874	-1.023659	-1.	049758	-1.048106	-1.019973	-1.00551	-1.049758
24/08/2025	14:34	-1.039581	-1.021726	-1.028197	-1.028134	-1.012599	-1	.044674	-1.009017	-1.028412	-1.034604	-1.017133	-1.014521	-1.019933	-1	.029712	-1.024738	-1.017639	-1.004427	-1.044674
24/08/2025	15:24	-1.031234	-1.008653	-1.019473	-1.018787	-1.004841	-1	.036119	-1.004059	-1.022208	-1.026804	-1.008582	-1.007214	-1.011395	-1	.022408	-1.019442	-1.013906	-0.9954495	-1.036119
24/08/2025	16:14	-1.029908	-1.009275	-1.017292	-1.019411	-1.004531	-1	.035497	-1.00313	-1.022364	-1.027428	-1.007494	-1.006903	-1.012326	-1.	024428	-1.016793	-1.012351	-0.9956043	-1.035497
24/08/2025	17:04	-1.029518	-1.007408	-1.019317	-1.018632	-1.004065	-1	.035808	-1.003594	-1.022674	-1.027896	-1.009515	-1.007058	-1.01155	-1.	024894	-1.019909	-1.013595	-0.9969973	-1.035808
24/08/2025	17:54	-1.03217	-1.008653	-1.019005	-1.020034	-1.005462	-1.	035497	-1.003904	-1.021898	-1.027428	-1.009049	-1.006903	-1.012637	-1.	024894	-1.021155	-1.015462	-0.9969973	-1.035497
24/08/2025	18:44	-1.031	-1.009431	-1.018694	-1.018787	-1.004065	-1.03	7052	-1.004679	-1.022829	-1.026648	-1.009204	-1.007214	-1.011239	-1.02	3651	-1.016638	-1.016862	-0.9971521	-1.037052
24/08/2025	19:34	-1.030454	-1.007408	-1.019473	-1.020034	-1.003755	-1	.03643	-1.00313	-1.022053	-1.026023	-1.007805	-1.007214	-1.012016	-1.0	23807	-1.01804	-1.014995	-0.9949851	-1.03643
24/08/2025	20:24	-1.02905	-1.008342	-1.017292	-1.018008	-1.00391	-1.0	33785	-1.002665	-1.021898	-1.026179	-1.007183	-1.007836	-1.010774	-1.0	22563	-1.018351	-1.015928	-0.9951399	-1.033785
24/08/2025	21:14	-1.029986	-1.007097	-1.018071	-1.01832	-1.003289	-1.	03503	-1.002975	-1.021743	-1.027584	-1.007805	-1.006592	-1.011705	-1.0	25205	-1.016014	-1.013284	-0.9951399	-1.03503
24/08/2025	22:04	-1.029128	-1.006474	-1.016825	-1.019411	-1.005151	-1	.035497	-1.00313	-1.021588	-1.025867	-1.006716	-1.006281	-1.011239	-1.	023962	-1.017105	-1.015928	-0.9939017	-1.035497
24/08/2025	22:54	-1.028738	-1.006163	-1.017759	-1.018787	-1.002979	-1	.033319	-1.00189	-1.021123	-1.027272	-1.006872	-1.005815	-1.010618	-1.	024428	-1.017417	-1.014684	-0.9956043	-1.033319
24/08/2025	23:44	-1.027802	-1.007563	-1.017292	-1.018164	-1.003445	-1	.033785	-1.002355	-1.021588	-1.026804	-1.007338	-1.006281	-1.010153	-1	.022408	-1.015236	-1.011884	-0.9951399	-1.033785
25/08/2025	00:34	-1.03061	-1.007875	-1.017759	-1.018476	-1.003755	-1.	034097	-1.001735	-1.020347	-1.025867	-1.007494	-1.007058	-1.010618	-1.	024894	-1.014924	-1.010484	-0.9942112	-1.034097
25/08/2025	01:24	-1.027958	-1.004918	-1.015734	-1.017385	-1.003445	-1	.033319	-1.00127	-1.021898	-1.025243	-1.005784	-1.005037	-1.009221	-1.	024584	-1.013833	-1.014217	-0.9942112	-1.033319
25/08/2025	02:14	-1.036617	-1.013633	-1.02586	-1.026109	-1.010117	-1.	04483	-1.011961	-1.024535	-1.029456	-1.015112	-1.00908	-1.021796	-1.03	5306	-1.030658	-1.016084	-0.9990094	-1.04483
25/08/2025	03:04	-1.025306	-1.004607	-1.015422	-1.016762	-1.001272	-1	.031141	-0.9998761	-1.019417	-1.024307	-1.00625	-1.005659	-1.00829	-1.	02303	-1.012899	-1.00924	-0.9925087	-1.031141
25/08/2025	03:54	-1.038489	-1.013477	-1.022277	-1.023305	-1.0081	-1.0	42341	-1.007313	-1.024535	-1.029924	-1.014179	-1.010323	-1.01481	-1.03	0022	-1.022246	-1.020595	-0.9977712	-1.042341
25/08/2025	04:44	-1.03217	-1.01161	-1.020096	-1.021436	-1.002979	-1.0	40007	-1.010721	-1.031824	-1.029144	-1.012313	-1.009546	-1.016052	-1.0	40278	-1.020065	-1.013595	-0.9999381	-1.040278
25/08/2025	05:34	-1.037085	-1.020169	-1.028508	-1.026421	-1.013375	-1	.047629	-1.012426	-1.026551	-1.038661	-1.017289	-1.013744	-1.01776	-1.	027847	-1.023336	-1.027128	-1.000557	-1.047629
25/08/2025	06:24	-1.036227	-1.016279	-1.023679	-1.026888	-1.011048	-1	.043585	-1.013355	-1.026241	-1.0293	-1.012313	-1.011878	-1.01807	-1.03	8569	-1.028166	-1.03195	-0.9996285	-1.043585
25/08/2025	07:14	-1.034433	-1.011765	-1.021031	-1.023149	-1.009651	-1	.040163	-1.007468	-1.028412	-1.034292	-1.012313	-1.010323	-1.017915	-1	.03888	-1.024583	-1.024017	-0.9977712	-1.040163
25/08/2025	08:04	-1.032639	-1.008186	-1.021965	-1.019566	-1.005617	-1	.035652	-1.005299	-1.022984	-1.027428	-1.009204	-1.007836	-1.013879	-1	.028624	-1.017105	-1.018728	-0.9973068	-1.035652
25/08/2025	08:54	-1.035681	-1.008653	-1.020096	-1.022526	-1.00422	-1.	044363	-1.006383	-1.025465	-1.02774	-1.012002	-1.009235	-1.014189	-1.0	39346	-1.018507	-1.013906	-0.9977712	-1.044363
25/08/2025	09:44	-1.030688	-1.007563	-1.018538	-1.018943	-1.004841	-1	.037363	-1.007933	-1.022829	-1.028988	-1.009826	-1.008613	-1.013102	-1	.024117	-1.019597	-1.018417	-0.9966877	-1.037363
25/08/2025	10:34	-1.037319	-1.014567	-1.025237	-1.031873	-1.00872	-1.	040163	-1.009947	-1.026396	-1.031016	-1.013091	-1.012811	-1.015897	-1.	028002	-1.027075	-1.025261	-1.000248	-1.040163
25/08/2025	11:24	-1.034901	-1.012699	-1.021965	-1.020189	-1.005462	-1	.036896	-1.014285	-1.027636	-1.030704	-1.011381	-1.013433	-1.014189	-1	.028624	-1.026296	-1.029772	-0.9977712	-1.036896
25/08/2025	12:14	-1.032951	-1.010676	-1.020563	-1.021747	-1.006858	-1	.038608	-1.007623	-1.023139	-1.03242	-1.009515	-1.007991	-1.012947	-1.	027225	-1.016482	-1.015773	-0.9965329	-1.038608
25/08/2025	13:04	-1.030298	-1.007719	-1.019161	-1.019722	-1.005151	-1	.036274	-1.004679	-1.023914	-1.027428	-1.008893	-1.011256	-1.012016	-1	.024584	-1.01913	-1.013284	-0.9974616	-1.036274
25/08/2025	13:54	-1.031546	-1.007875	-1.020252	-1.018943	-1.004065	-1	.035341	-1.002975	-1.022984	-1.0293	-1.007805	-1.007058	-1.012171	-1.0	27536	-1.018507	-1.012506	-0.9965329	-1.035341
25/08/2025	14:44	-1.031312	-1.007875	-1.01885	-1.018787	-1.00422	-1.0	35497	-1.004834	-1.022519	-1.027896	-1.008271	-1.007214	-1.012326	-1.0	21942	-1.018351	-1.012662	-0.9948304	-1.035497
25/08/2025	15:34	-1.030142	-1.009431	-1.021342	-1.020657	-1.004841	-1	.035808	-1.006693	-1.02469	-1.033356	-1.010914	-1.011567	-1.016983	-1.	027536	-1.022246	-1.012662	-0.9973068	-1.035808
25/08/2025	16:24	-1.054247	-1.024216	-1.035207	-1.039662	-1.020357	-1	.054474	-1.026834	-1.029342	-1.03398	-1.017289	-1.024782	-1.024435	-1.	032975	-1.025206	-1.030083	-1.004736	-1.054474
25/08/2025	17:14	-1.033497	-1.007719	-1.018538	-1.019411	-1.004531	-1	.034563	-1.003904	-1.022984	-1.02852	-1.008427	-1.006437	-1.012171	-1.	024428	-1.016014	-1.012973	-0.9948304	-1.034563
25/08/2025	18:04	-1.040049	-1.01052	-1.023835	-1.026577	-1.007013	-1.	038141	-1.007623	-1.026706	-1.028832	-1.01278	-1.011101	-1.012947	-1.0	2909	-1.019597	-1.015773	-1.000712	-1.040049
25/08/2025	18:54	-1.032483	-1.010987	-1.021186	-1.023772	-1.006858	-1	.039074	-1.007933	-1.02531	-1.033512	-1.01449	-1.011567	-1.014189	-1.0	28002	-1.021934	-1.015773	-1.001486	-1.039074
25/08/2025	19:44	-1.028972	-1.006941	-1.01885	-1.019411	-1.004376	-1.	034252	-1.003594	-1.022829	-1.025399	-1.007494	-1.006903	-1.010774	-1.	026293	-1.018351	-1.028217	-0.9968425	-1.034252
25/08/2025	20:34	-1.030844	-1.006163	-1.017136	-1.018787	-1.00391	-1.	034408	-1.00344	-1.021898	-1.026023	-1.007338	-1.006281	-1.011395	-1.0	26293	-1.017261	-1.011728	-0.9935921	-1.034408
25/08/2025	21:24	-1.028972	-1.005852	-1.017292	-1.01832	-1.003755	-1.	035497	-1.002975	-1.020968	-1.027896	-1.00796	-1.006748	-1.012326	-1.0	22097	-1.017417	-1.012817	-0.9949851	-1.035497
25/08/2025	22:14	-1.033731	-1.012544	-1.023212	-1.022682	-1.009651	-1	.042185	-1.006228	-1.022364	-1.027584	-1.009826	-1.007369	-1.015586	-1	.028313	-1.016793	-1.00924	-0.9942112	-1.042185
25/08/2025	23:04	-1.027256	-1.004762	-1.017292	-1.017541	-1.002514	-1	.033163	-1.003594	-1.020968	-1.025087	-1.00625	-1.004882	-1.010618	-1.	025982	-1.013989	-1.011728	-0.9940565	-1.033163
25/08/2025	23:54	-1.029986	-1.006474	-1.016046	-1.017074	-1.002203	-1	.033474	-1.000961	-1.021278	-1.024463	-1.006405	-1.00597	-1.009687	-1.	024739	-1.01508	-1.007995	-0.9945208	-1.033474
26/08/2025	00:44	-1.026632	-1.007408	-1.016046	-1.017697	-1.002514	-1	.033785	-1.000961	-1.021278	-1.024931	-1.009515	-1.005348	-1.010153	-1	.028624	-1.013989	-1.010951	-0.9939017	-1.033785
26/08/2025	01:34	-1.026476	-1.004295	-1.018382	-1.017853	-1.003289	-1	.034097	-1.000806	-1.022519	-1.023683	-1.006095	-1.005037	-1.0086	-1.0	22253	-1.014768	-1.008151	-0.992973	-1.034097
26/08/2025	02:24	-1.029362	-1.003673	-1.015578	-1.017074	-1.000962	-1	.033474	-1.000806	-1.019572	-1.023371	-1.005006	-1.005348	-1.008135	-1	.018679	-1.011808	-1.00504	-0.992973	-1.033474
26/08/2025	03:14	-1.028582	-1.006785	-1.018227	-1.018008	-1.002203	-1	.034408	-1.00189	-1.022208	-1.024931	-1.008893	-1.007525	-1.01186	-1.0	21631	-1.013055	-1.006129	-0.9932826	-1.034408
26/08/2025	04:04	-1.036461	-1.005385	-1.017603	-1.019878	-1.0036	-1.0	37363	-1.00251	-1.022829	-1.024307	-1.007338	-1.006903	-1.009221	-1.02	2563	-1.013833	-1.021061	-0.9951399	-1.037363
26/08/2025	04:54	-1.047928	-1.012855	-1.023679	-1.024707	-1.010582	-1	.040319	-1.016764	-1.027171	-1.032108	-1.014024	-1.016076	-1.020864	-1	.038725	-1.027075	-1.02355	-1.003962	-1.047928
26/08/2025	05:44	-1.029284	-1.006941	-1.01698	-1.019255	-1.003134	-1.	034408	-1.005918	-1.022208	-1.026492	-1.007649	-1.00768	-1.012171	-1.0	2334	-1.016326	-1.014995	-0.9937469	-1.034408
26/08/2025	06:34	-1.040205	-1.017835	-1.032247	-1.03016	-1.015703	-1.	043118	-1.011496	-1.028877	-1.037725	-1.013402	-1.015143	-1.022727	-1.	033752	-1.024738	-1.026506	-1.003188	-1.043118
26/08/2025	07:24	-1.032561	-1.006007	-1.017915	-1.019411	-1.003445	-1	.034563	-1.004059	-1.023759	-1.026804	-1.009515	-1.007525	-1.011084	-1	.032819	-1.015391	-1.023239	-0.997926	-1.034563
26/08/2025	08:14	-1.04395	-1.025149	-1.036609	-1.0353	-1.025168	-1.05	1207	-1.01444	-1.032444	-1.045994	-1.021797	-1.01903	-1.029247	-1.0301	78	-1.020376	-1.019039	-1.000248	-1.051207
26/08/2025	09:04	-1.030298	-1.008186	-1.018538	-1.019722	-1.004065	-1	.035963	-1.005454	-1.022519	-1.028208	-1.008738	-1.00768	-1.012171	-1.	028779	-1.024583	-1.014373	-0.9983903	-1.035963
26/08/2025	09:54	-1.037007	-1.013322	-1.019473	-1.021124	-1.007324	-1	.035652	-1.005454	-1.026706	-1.031484	-1.009359	-1.009235	-1.013723	-1	.02909	-1.01913	-1.02775	-0.9968425	-1.037007
26/08/2025	10:44	-1.032561	-1.007563	-1.022588	-1.020345	-1.005151	-1	.037208	-1.005299	-1.022674	-1.028832	-1.008738	-1.012034	-1.01186	-1.	024428	-1.01804	-1.01344	-0.9959138	-1.037208
26/08/2025	11:34	-1.028738	-1.007875	-1.017136	-1.018632	-1.00422	-1.	034097	-1.00313	-1.021898	-1.028052	-1.008893	-1.008147	-1.015586	-1.0	24428	-1.017572	-1.011573	-0.9974616	-1.034097
26/08/2025	12:24	-1.034745	-1.013477	-1.019629	-1.021124	-1.007169	-1	.035185	-1.004524	-1.023139	-1.02852	-1.012158	-1.011256	-1.014965	-1.	031266	-1.026452	-1.014995	-0.9976164	-1.035185
26/08/2025	13:14	-1.030298	-1.007252	-1.017915	-1.019722	-1.006238	-1	.035497	-1.003594	-1.023759	-1.027584	-1.010759	-1.009235	-1.011395	-1	.024273	-1.016949	-1.02775	-0.9954495	-1.035497
26/08/2025	14:04	-1.030922	-1.008809	-1.019005	-1.020345	-1.00422	-1.	034719	-1.00344	-1.02469	-1.027896	-1.008582	-1.00768	-1.012171	-1.025	671	-1.017728	-1.014995	-0.9951399	-1.034719
26/08/2025	14:54	-1.033575	-1.021103	-1.025237	-1.023617	-1.011203	-1	.038763	-1.007003	-1.027636	-1.039753	-1.019776	-1.019496	-1.020864	-1	.027225	-1.023804	-1.015773	-0.9977712	-1.039753
26/08/2025	15:44	-1.031546	-1.009742	-1.020563	-1.024396	-1.005462	-1	.036585	-1.008242	-1.02531	-1.027584	-1.014801	-1.008613	-1.015586	-1.	028158	-1.020376	-1.011728	-0.9983903	-1.036585
26/08/2025	16:34	-1.031468	-1.00912	-1.023212	-1.024396	-1.017099	-1.	037208	-1.006693	-1.025155	-1.047398	-1.013557	-1.01903	-1.026143	-1.0	31887	-1.018974	-1.022617	-1.003343	-1.047398
26/08/2025	17:24	-1.032405	-1.008653	-1.017915	-1.019878	-1.00391	-1.	03503	-1.006848	-1.023759	-1.025867	-1.007649	-1.006903	-1.011395	-1.0	23962	-1.01913	-1.019039	-0.9956043	-1.03503
26/08/2025	18:14	-1.030064	-1.006474	-1.017915	-1.020189	-1.00422	-1.	035963	-1.004834	-1.021743	-1.026648	-1.008271	-1.006437	-1.013723	-1.	025361	-1.015703	-1.013284	-0.9951399	-1.035963
26/08/2025	19:04	-1.030766	-1.006785	-1.017448	-1.019255	-1.003445	-1	.034874	-1.003904	-1.021898	-1.025867	-1.008738	-1.007058	-1.011239	-1	.025361	-1.018195	-1.016395	-0.9951399	-1.034874
26/08/2025	19:54	-1.028504	-1.006941	-1.017759	-1.018787	-1.003445	-1	.034097	-1.002355	-1.021433	-1.028052	-1.006561	-1.007836	-1.010463	-1	.021942	-1.01508	-1.013128	-0.9962234	-1.034097
26/08/2025	20:44	-1.035213	-1.012544	-1.022433	-1.023928	-1.006858	-1	.03783	-1.005299	-1.024225	-1.029768	-1.010137	-1.010945	-1.015897	-1.	02334	-1.015547	-1.014995	-0.994366	-1.03783
26/08/2025	21:34	-1.028426	-1.016434	-1.023835	-1.02237	-1.005772	-1.	038608	-1.005764	-1.027636	-1.042717	-1.018532	-1.016542	-1.02133	-1.0	2707	-1.019597	-1.015617	-0.9966877	-1.042717
26/08/2025	22:24	-1.027022	-1.006007	-1.017915	-1.016762	-1.001583	-1	.034719	-1.000341	-1.020502	-1.025087	-1.006095	-1.004571	-1.009221	-1	.023807	-1.014301	-1.009395	-0.9926634	-1.034719
28/08/2025	12:38	-1.031156	-1.010054	-1.018382	-1.018164	-1.004531	-1	.034563	-1.003749	-1.022674	-1.028832	-1.008271	-1.006592	-1.011705	-1	.022097	-1.015547	-1.012351	-0.9965329	-1.034563
28/08/2025	12:48	-1.034979	-1.009742	-1.022277	-1.022059	-1.00841	-1.	037052	-1.006538	-1.023914	-1.029768	-1.009826	-1.008613	-1.012481	-1.	02707	-1.017884	-1.020284	-0.9991642	-1.037052
28/08/2025	12:58	-1.029986	-1.009275	-1.020252	-1.022994	-1.004531	-1	.03783	-1.004369	-1.024225	-1.029924	-1.012158	-1.008924	-1.01186	-1.0	32509	-1.025673	-1.025106	-0.995759	-1.03783
28/08/2025	13:08	-1.036071	-1.021259	-1.027574	-1.0272	-1.021754	-1.0	44207	-1.01475	-1.029032	-1.041781	-1.018066	-1.015609	-1.021951	-1.03	0178	-1.03798	-1.016239	-0.9968425	-1.044207
28/08/2025	13:18	-1.03217	-1.010209	-1.02181	-1.020813	-1.006858	-1.0	38608	-1.009017	-1.024225	-1.027116	-1.013402	-1.008924	-1.014655	-1.0	25671	-1.018351	-1.014839	-0.9966877	-1.038608
28/08/2025	13:28	-1.028816	-1.007252	-1.019784	-1.019411	-1.003755	-1	.034563	-1.007623	-1.022519	-1.029924	-1.010603	-1.007991	-1.014965	-1	.022408	-1.019753	-1.016862	-0.9949851	-1.034563
28/08/2025	13:38	-1.038879	-1.027639	-1.029131	-1.028602	-1.014616	-1	.045141	-1.013355	-1.028722	-1.045681	-1.020709	-1.022761	-1.030334	-1	.028313	-1.027075	-1.020284	-0.9982355	-1.045681
28/08/2025	13:48	-1.049098	-1.015345	-1.023835	-1.029069	-1.014772	-1	.056496	-1.031947	-1.033065	-1.039285	-1.025684	-1.023228	-1.038562	-1	.034995	-1.039693	-1.017017	-1.00551	-1.056496
29/08/2025	03:38	-1.028114	-1.003206	-1.014644	-1.015983	-1.000652	-1	.032074	-1.000031	-1.019417	-1.023527	-1.004695	-1.004415	-1.008135	-1	.02334	-1.013678	-1.008306	-0.9920443	-1.032074
29/08/2025	03:48	-1.025618	-1.003828	-1.016513	-1.018476	-1.003445	-1	.033319	-1.003904	-1.019882	-1.027896	-1.007338	-1.006748	-1.010308	-1	.022097	-1.014768	-1.005662	-0.9937469	-1.033319
29/08/2025	03:58	-1.029206	-1.004918	-1.016201	-1.018787	-1.000962	-1	.03363	-1.005764	-1.020037	-1.024307	-1.006561	-1.004726	-1.009221	-1.	028313	-1.013833	-1.012662	-0.9951399	-1.03363
29/08/2025	04:08	-1.029128	-1.006007	-1.016669	-1.018632	-1.001738	-1	.033319	-1.001425	-1.019882	-1.024931	-1.007183	-1.005815	-1.009842	-1	.019922	-1.014457	-1.004573	-0.9932826	-1.033319
29/08/2025	04:18	-1.061658	-1.028884	-1.046579	-1.054617	-1.031374	-1	.069873	-1.033961	-1.042835	-1.045213	-1.027705	-1.031934	-1.042909	-1	.042143	-1.028321	-1.025261	-1.008606	-1.069873
29/08/2025	04:28	-1.026476	-1.004918	-1.016046	-1.016918	-1.002048	-1	.03223	-1.0022	-1.020658	-1.024463	-1.006095	-1.005348	-1.009066	-1.02	303	-1.015391	-1.008462	-0.9937469	-1.03223
29/08/2025	04:38	-1.044106	-1.015967	-1.031468	-1.029381	-1.015858	-1	.049029	-1.018778	-1.036476	-1.037881	-1.020553	-1.014055	-1.024745	-1	.049913	-1.040161	-1.029772	-1.000402	-1.049913
29/08/2025	04:48	-1.029986	-1.009431	-1.018071	-1.021903	-1.005772	-1	.035808	-1.005454	-1.022208	-1.030704	-1.010914	-1.009857	-1.016362	-1	.035306	-1.018351	-1.024017	-0.9965329	-1.035808
29/08/2025	04:58	-1.041843	-1.015189	-1.022277	-1.023617	-1.009341	-1	.036585	-1.01289	-1.027326	-1.029612	-1.018688	-1.010012	-1.016828	-1.	031266	-1.029568	-1.022928	-1.008915	-1.041843
29/08/2025	05:08	-1.034043	-1.019391	-1.027418	-1.030627	-1.011048	-1	.049029	-1.011496	-1.027326	-1.05083	-1.021175	-1.026026	-1.026453	-1.	027225	-1.024115	-1.016862	-0.9988546	-1.05083
29/08/2025	05:18	-1.043716	-1.021414	-1.028197	-1.029848	-1.011823	-1	.04063	-1.011341	-1.026396	-1.030392	-1.010292	-1.011878	-1.017604	-1.	030644	-1.020532	-1.033972	-1.002415	-1.043716
29/08/2025	05:28	-1.040907	-1.017524	-1.028197	-1.026109	-1.010893	-1	.041563	-1.011806	-1.029498	-1.029924	-1.018066	-1.011412	-1.015741	-1	.038103	-1.023959	-1.018728	-1.00226	-1.041563
29/08/2025	05:38	-1.031702	-1.018613	-1.021031	-1.023928	-1.00841	-1.	038141	-1.009947	-1.02531	-1.049738	-1.013868	-1.011412	-1.020243	-1.0	33752	-1.030658	-1.027128	-0.9974616	-1.049738
29/08/2025	05:48	-1.040673	-1.015967	-1.022277	-1.025953	-1.012599	-1	.042185	-1.009172	-1.028877	-1.034448	-1.015889	-1.014521	-1.021175	-1	.029556	-1.026452	-1.023395	-0.9988546	-1.042185
29/08/2025	05:58	-1.040985	-1.012699	-1.026639	-1.022526	-1.011668	-1	.038452	-1.011186	-1.029963	-1.034136	-1.013557	-1.012966	-1.019157	-1	.034218	-1.018819	-1.023861	-1.002879	-1.040985
29/08/2025	06:08	-1.033887	-1.010676	-1.020719	-1.018632	-1.005151	-1	.037208	-1.004834	-1.023759	-1.028832	-1.009204	-1.006748	-1.012637	-1	.028779	-1.019753	-1.017795	-0.9969973	-1.037208
29/08/2025	06:18	-1.036773	-1.015967	-1.032714	-1.029069	-1.01291	-1.	043741	-1.012581	-1.032134	-1.030236	-1.01791	-1.012345	-1.017449	-1.0	35927	-1.028166	-1.027128	-1.004272	-1.043741
29/08/2025	06:28	-1.033185	-1.011765	-1.021186	-1.024084	-1.005307	-1	.036896	-1.012581	-1.028102	-1.0293	-1.011381	-1.016853	-1.022262	-1.0	28158	-1.02318	-1.025884	-0.9968425	-1.036896
29/08/2025	06:38	-1.037787	-1.024371	-1.024458	-1.028602	-1.014461	-1	.045296	-1.019243	-1.035236	-1.033668	-1.016356	-1.0125	-1.021175	-1.0	28313	-1.035487	-1.031794	-1.000093	-1.045296
29/08/2025	06:48	-1.045744	-1.030441	-1.036609	-1.035923	-1.032771	-1	.050585	-1.019553	-1.039423	-1.045369	-1.032525	-1.028669	-1.030024	-1	.026914	-1.031125	-1.018106	-0.9969973	-1.050585
29/08/2025	06:58	-1.033887	-1.009587	-1.017292	-1.017853	-1.004686	-1	.034408	-1.003749	-1.022053	-1.027428	-1.007649	-1.007525	-1.012481	-1	.028468	-1.017572	-1.019662	-0.9974616	-1.034408
29/08/2025	07:08	-1.037241	-1.022659	-1.031157	-1.032496	-1.015082	-1	.047163	-1.028384	-1.043145	-1.057383	-1.024129	-1.023228	-1.034991	-1	.030333	-1.024115	-1.024639	-1.008141	-1.057383
29/08/2025	07:18	-1.052063	-1.015967	-1.024146	-1.023617	-1.010737	-1	.041874	-1.009482	-1.024535	-1.029768	-1.0162	-1.012655	-1.022727	-1.0	29556	-1.02614	-1.019662	-1.006594	-1.052063
29/08/2025	07:28	-1.037709	-1.01301	-1.020875	-1.022838	-1.01291	-1.0	38141	-1.010102	-1.029342	-1.035072	-1.012002	-1.009701	-1.014965	-1.0	39812	-1.023025	-1.041283	-1.003498	-1.041283
29/08/2025	07:38	-1.035213	-1.009742	-1.020252	-1.022838	-1.007789	-1	.036585	-1.007778	-1.022364	-1.027272	-1.011536	-1.007991	-1.012481	-1	.026293	-1.021155	-1.018417	-0.997926	-1.036585
29/08/2025	07:48	-1.034355	-1.019547	-1.024458	-1.025019	-1.010117	-1	.042185	-1.009327	-1.031359	-1.030392	-1.0162	-1.014677	-1.01776	-1.03	0955	-1.02505	-1.020906	-1.001331	-1.042185
29/08/2025	07:58	-1.036929	-1.010365	-1.02181	-1.023149	-1.005307	-1.	039385	-1.010412	-1.02469	-1.028364	-1.012469	-1.010945	-1.015741	-1.0	28935	-1.023336	-1.033661	-0.9996285	-1.039385
29/08/2025	08:08	-1.038645	-1.020169	-1.030222	-1.023928	-1.010582	-1	.041874	-1.008242	-1.029808	-1.034136	-1.016356	-1.013122	-1.022727	-1	.034373	-1.02318	-1.025106	-1.006439	-1.041874
29/08/2025	08:18	-1.038021	-1.011454	-1.018382	-1.020968	-1.003445	-1	.035808	-1.003749	-1.023604	-1.028364	-1.006872	-1.008458	-1.01186	-1.	027381	-1.030191	-1.025728	-0.9960686	-1.038021
29/08/2025	08:28	-1.040283	-1.01659	-1.025548	-1.026577	-1.011513	-1.	042807	-1.0132	-1.027792	-1.030548	-1.020553	-1.016076	-1.021641	-1.02	9401	-1.02209	-1.01795	-0.9985451	-1.042807
29/08/2025	08:38	-1.033887	-1.013322	-1.026171	-1.024084	-1.0081	-1.0	40785	-1.01444	-1.027947	-1.040689	-1.014646	-1.015609	-1.029713	-1.02	6914	-1.02209	-1.023239	-0.9977712	-1.040785
29/08/2025	08:48	-1.039113	-1.017057	-1.027574	-1.029069	-1.01322	-1.	051052	-1.019862	-1.030583	-1.031328	-1.016978	-1.014521	-1.022262	-1.	035617	-1.025829	-1.021528	-1.009689	-1.051052
29/08/2025	08:58	-1.041531	-1.013477	-1.024302	-1.02237	-1.006548	-1.	03923	-1.008397	-1.027171	-1.038505	-1.01791	-1.0125	-1.024901	-1.0304	89	-1.021	-1.02915	-0.9974616	-1.041531
29/08/2025	09:08	-1.038801	-1.023593	-1.025704	-1.031873	-1.015237	-1	.041719	-1.015679	-1.029963	-1.041313	-1.020864	-1.018408	-1.032663	-1	.032353	-1.026763	-1.024639	-1.001641	-1.041719
29/08/2025	09:18	-1.035603	-1.011299	-1.023212	-1.020501	-1.009341	-1	.037363	-1.007778	-1.023604	-1.028988	-1.009981	-1.008302	-1.014189	-1	.025516	-1.018663	-1.018262	-0.9983903	-1.037363
29/08/2025	09:28	-1.02944	-1.008497	-1.019629	-1.020501	-1.004065	-1.	035963	-1.003749	-1.02469	-1.029144	-1.008738	-1.009857	-1.014189	-1.0	24894	-1.018351	-1.016706	-0.9959138	-1.035963
29/08/2025	09:38	-1.032873	-1.01052	-1.021031	-1.023149	-1.011668	-1.	039541	-1.008397	-1.026861	-1.03164	-1.011381	-1.015299	-1.023038	-1.0	33286	-1.024738	-1.021528	-0.9977712	-1.039541
29/08/2025	09:58	-1.034433	-1.009431	-1.020408	-1.02533	-1.004841	-1.	038296	-1.009172	-1.025155	-1.02852	-1.010759	-1.012811	-1.012481	-1.0	25827	-1.020221	-1.016239	-0.9977712	-1.038296
29/08/2025	10:08	-1.039893	-1.025149	-1.024925	-1.029536	-1.012754	-1	.043896	-1.018003	-1.031669	-1.049114	-1.02102	-1.02245	-1.02754	-1.03	2819	-1.027854	-1.022928	-1.003188	-1.049114
29/08/2025	10:18	-1.041219	-1.009431	-1.021031	-1.02533	-1.006238	-1.	04063	-1.023116	-1.026706	-1.031328	-1.013557	-1.011878	-1.015897	-1.0	32664	-1.025673	-1.026195	-1.001641	-1.041219
29/08/2025	10:28	-1.041453	-1.019547	-1.029443	-1.03234	-1.012444	-1.	048407	-1.02451	-1.028722	-1.037101	-1.016511	-1.013899	-1.021641	-1.0	39501	-1.024738	-1.026661	-1.004581	-1.048407
29/08/2025	10:38	-1.029518	-1.006941	-1.021342	-1.018943	-1.003755	-1	.03503	-1.004524	-1.022053	-1.030548	-1.008271	-1.007058	-1.015276	-1.	023651	-1.014768	-1.017639	-0.9963782	-1.03503
29/08/2025	10:48	-1.046758	-1.049272	-1.042217	-1.046517	-1.029357	-1	.059607	-1.024201	-1.045161	-1.081253	-1.02926	-1.034577	-1.056725	-1.	034529	-1.027387	-1.021684	-1.000557	-1.081253
29/08/2025	10:58	-1.031078	-1.010987	-1.024925	-1.026265	-1.008565	-1	.038763	-1.013665	-1.026396	-1.034136	-1.017133	-1.02074	-1.024435	-1.	028158	-1.022246	-1.014995	-0.9977712	-1.038763
29/08/2025	11:08	-1.032249	-1.00663	-1.021031	-1.019411	-1.003755	-1.	035808	-1.005454	-1.021433	-1.029768	-1.008271	-1.008613	-1.01186	-1.0	28779	-1.016793	-1.014839	-0.9963782	-1.035808
29/08/2025	11:18	-1.031858	-1.007408	-1.019317	-1.018787	-1.00391	-1.	033785	-1.003285	-1.021433	-1.027272	-1.008116	-1.006748	-1.014034	-1.	023962	-1.017417	-1.015928	-0.9971521	-1.033785
29/08/2025	11:28	-1.029128	-1.008809	-1.018382	-1.019099	-1.0036	-1.0	34719	-1.00344	-1.021898	-1.025867	-1.007805	-1.009391	-1.012326	-1.02	8002	-1.01617	-1.015306	-0.9959138	-1.034719
29/08/2025	11:38	-1.032327	-1.006941	-1.019629	-1.023149	-1.004531	-1	.038141	-1.006383	-1.025155	-1.029768	-1.008271	-1.010168	-1.015741	-1	.028935	-1.022246	-1.020128	-0.9999381	-1.038141
29/08/2025	11:48	-1.033809	-1.014878	-1.028352	-1.026265	-1.006703	-1	.042963	-1.008242	-1.02438	-1.043185	-1.013402	-1.018408	-1.026764	-1.	025671	-1.027231	-1.028372	-0.9994737	-1.043185
29/08/2025	11:58	-1.033809	-1.009431	-1.019161	-1.023928	-1.005307	-1	.039696	-1.008088	-1.023759	-1.028676	-1.008893	-1.010012	-1.015431	-1	.025827	-1.019909	-1.017484	-0.999319	-1.039696
29/08/2025	12:08	-1.034667	-1.014255	-1.026016	-1.025642	-1.007944	-1	.045141	-1.009792	-1.025775	-1.038817	-1.012624	-1.012966	-1.01776	-1.	030178	-1.021778	-1.014839	-0.9965329	-1.045141
29/08/2025	12:18	-1.030766	-1.014255	-1.021186	-1.020968	-1.006238	-1	.037674	-1.008552	-1.028722	-1.029768	-1.011225	-1.010479	-1.01512	-1.	029245	-1.026763	-1.030083	-0.9966877	-1.037674
29/08/2025	12:28	-1.032561	-1.007408	-1.019629	-1.020501	-1.005772	-1	.034719	-1.004214	-1.022519	-1.027116	-1.008427	-1.006903	-1.016052	-1	.024117	-1.015547	-1.013284	-0.995759	-1.034719
29/08/2025	12:38	-1.046212	-1.022815	-1.036453	-1.042622	-1.020978	-1	.061629	-1.02575	-1.043921	-1.055979	-1.030037	-1.026648	-1.047876	-1.	042454	-1.034864	-1.017017	-1.00551	-1.061629
29/08/2025	12:48	-1.032405	-1.010832	-1.020563	-1.019099	-1.005462	-1	.037052	-1.005144	-1.023294	-1.0293	-1.010448	-1.008769	-1.012947	-1.0	28313	-1.020844	-1.019662	-0.995759	-1.037052
29/08/2025	12:58	-1.034745	-1.017835	-1.028041	-1.032652	-1.009806	-1	.045141	-1.01382	-1.026861	-1.050206	-1.01449	-1.017942	-1.029713	-1.0	2909	-1.032683	-1.021061	-1.001641	-1.050206
29/08/2025	13:08	-1.040907	-1.010054	-1.019629	-1.025174	-1.005151	-1	.037985	-1.018003	-1.029498	-1.02852	-1.012469	-1.012655	-1.015431	-1.	028002	-1.022557	-1.019662	-1.003498	-1.040907
29/08/2025	13:18	-1.033965	-1.011921	-1.026639	-1.02128	-1.009186	-1.	038296	-1.010721	-1.027326	-1.035696	-1.01791	-1.019652	-1.023038	-1.0	26759	-1.023804	-1.021373	-0.9976164	-1.038296
29/08/2025	13:28	-1.038411	-1.015812	-1.026483	-1.035456	-1.01803	-1.	049185	-1.020947	-1.032754	-1.039285	-1.028016	-1.031001	-1.0308	-1.03	515	-1.031904	-1.014217	-1.000712	-1.049185
29/08/2025	13:38	-1.042702	-1.016123	-1.020875	-1.023617	-1.010427	-1	.03783	-1.016144	-1.029808	-1.032576	-1.016667	-1.018097	-1.021175	-1.	033596	-1.0291	-1.021217	-1.004891	-1.042702
29/08/2025	13:48	-1.032795	-1.008497	-1.020252	-1.023149	-1.008255	-1	.03503	-1.005764	-1.022208	-1.027584	-1.008738	-1.009857	-1.016207	-1.	028779	-1.017105	-1.021373	-0.9980807	-1.03503
29/08/2025	13:58	-1.032639	-1.015345	-1.024302	-1.02424	-1.012444	-1.	040319	-1.010102	-1.029342	-1.04615	-1.019465	-1.014988	-1.028626	-1.0	33286	-1.034241	-1.017795	-0.9974616	-1.04615
29/08/2025	14:08	-1.034199	-1.011299	-1.023523	-1.032652	-1.007634	-1	.046229	-1.017848	-1.036632	-1.030548	-1.016667	-1.01421	-1.021485	-1.	024117	-1.021934	-1.014528	-0.9952947	-1.046229
29/08/2025	14:18	-1.038489	-1.018613	-1.032714	-1.027823	-1.02284	-1.	041252	-1.018778	-1.030738	-1.058475	-1.021175	-1.022761	-1.035457	-1.	034529	-1.038447	-1.031328	-0.9982355	-1.058475
29/08/2025	14:28	-1.031234	-1.008186	-1.019161	-1.018943	-1.004065	-1	.034097	-1.004059	-1.022984	-1.026335	-1.009049	-1.006592	-1.012637	-1	.022874	-1.016638	-1.011106	-0.9945208	-1.034097
29/08/2025	14:38	-1.038645	-1.017991	-1.024614	-1.023461	-1.009031	-1	.043741	-1.011341	-1.033995	-1.038817	-1.021486	-1.027736	-1.026298	-1	.034063	-1.023804	-1.022928	-1.00551	-1.043741
29/08/2025	14:48	-1.030142	-1.007408	-1.017759	-1.019878	-1.00422	-1.	034097	-1.006848	-1.022519	-1.027896	-1.011381	-1.008613	-1.013258	-1.	023496	-1.017261	-1.011728	-0.9969973	-1.034097
29/08/2025	14:58	-1.037631	-1.013322	-1.019784	-1.02533	-1.006858	-1.	042185	-1.007003	-1.029498	-1.039129	-1.016667	-1.012811	-1.019622	-1.	030022	-1.028477	-1.016706	-0.9999381	-1.042185
29/08/2025	15:08	-1.032327	-1.010054	-1.017915	-1.019566	-1.005307	-1	.035341	-1.003749	-1.021433	-1.027272	-1.006716	-1.007836	-1.012792	-1	.025982	-1.016949	-1.01344	-0.9966877	-1.035341
29/08/2025	15:18	-1.029986	-1.007875	-1.017292	-1.017853	-1.00391	-1.	034097	-1.005609	-1.026861	-1.02774	-1.006872	-1.008924	-1.010308	-1.0	21942	-1.014612	-1.011884	-0.9963782	-1.034097
29/08/2025	15:28	-1.035447	-1.008342	-1.017448	-1.018787	-1.004686	-1	.034874	-1.004679	-1.022674	-1.028988	-1.008271	-1.007214	-1.016673	-1	.021786	-1.016014	-1.017795	-0.9966877	-1.035447
29/08/2025	15:38	-1.030454	-1.006318	-1.022744	-1.020345	-1.006082	-1	.034408	-1.0022	-1.021123	-1.026335	-1.007183	-1.00597	-1.010929	-1.02	3651	-1.015391	-1.012195	-0.9942112	-1.034408
29/08/2025	15:48	-1.02905	-1.007252	-1.018071	-1.017541	-1.004376	-1.	033163	-1.003904	-1.02438	-1.024931	-1.007183	-1.006592	-1.011239	-1.0	21165	-1.017884	-1.010951	-0.9976164	-1.033163
29/08/2025	15:58	-1.02905	-1.009587	-1.021342	-1.018164	-1.00391	-1.0	36896	-1.003749	-1.021123	-1.027272	-1.007338	-1.00597	-1.011239	-1.02	3496	-1.015859	-1.01935	-0.9954495	-1.036896
29/08/2025	16:08	-1.034277	-1.009431	-1.018694	-1.018632	-1.005151	-1	.034252	-1.00344	-1.022053	-1.026648	-1.00967	-1.006748	-1.012326	-1.0	23807	-1.018351	-1.014373	-0.9966877	-1.034277
29/08/2025	16:18	-1.040049	-1.018613	-1.026483	-1.028602	-1.017409	-1	.045452	-1.009327	-1.029032	-1.031016	-1.013402	-1.012966	-1.017449	-1	.030644	-1.026452	-1.024328	-1.002879	-1.045452
04/09/2025	09:38	-1.039815	-1.017524	-1.027262	-1.032496	-1.01291	-1.	041096	-1.018313	-1.032444	-1.03086	-1.016356	-1.012811	-1.020088	-1.0	33286	-1.024583	-1.019817	-1.002569	-1.041096
04/09/2025	10:28	-1.035291	-1.019702	-1.025704	-1.027667	-1.015703	-1	.043118	-1.0132	-1.031669	-1.037881	-1.017289	-1.02416	-1.02459	-1.027	536	-1.02505	-1.015773	-0.9994737	-1.043118
04/09/2025	11:18	-1.041921	-1.034798	-1.027729	-1.033743	-1.021754	-1	.045607	-1.021567	-1.033375	-1.05161	-1.024129	-1.027114	-1.02754	-1.0	3313	-1.031749	-1.025728	-1.001795	-1.05161
04/09/2025	12:08	-1.034589	-1.012388	-1.021498	-1.024551	-1.008875	-1	.037985	-1.009017	-1.026861	-1.034604	-1.016978	-1.013433	-1.028471	-1	.035617	-1.025206	-1.021217	-0.9976164	-1.037985
04/09/2025	12:58	-1.030298	-1.011299	-1.01994	-1.023305	-1.007944	-1.	038919	-1.007623	-1.029187	-1.0293	-1.014956	-1.011256	-1.015276	-1.02	5361	-1.021623	-1.017639	-0.997926	-1.038919
04/09/2025	13:48	-1.030688	-1.007719	-1.019161	-1.019099	-1.004531	-1	.034563	-1.00344	-1.022674	-1.02696	-1.008116	-1.007058	-1.013413	-1.0	26914	-1.020844	-1.020128	-0.9959138	-1.034563
04/09/2025	14:38	-1.035291	-1.0141	-1.024146	-1.022526	-1.010737	-1.0	37985	-1.006693	-1.027326	-1.031952	-1.01107	-1.011567	-1.019778	-1.03	4063	-1.027387	-1.033972	-1.001641	-1.037985
04/09/2025	15:28	-1.033029	-1.009742	-1.02181	-1.022215	-1.004376	-1.	038452	-1.007313	-1.024069	-1.029456	-1.009826	-1.008302	-1.012481	-1.	026914	-1.019753	-1.013128	-0.999319	-1.038452
04/09/2025	16:18	-1.025774	-1.006941	-1.015734	-1.016918	-1.001738	-1	.03363	-1.000806	-1.019882	-1.024151	-1.005939	-1.00597	-1.009221	-1.0	21165	-1.012899	-1.005506	-0.9925087	-1.03363
04/09/2025	17:08	-1.030142	-1.006941	-1.020719	-1.019099	-1.00422	-1.	034719	-1.004369	-1.022364	-1.026648	-1.008738	-1.007058	-1.010929	-1.	025982	-1.01617	-1.012973	-0.9946756	-1.034719
04/09/2025	17:58	-1.039035	-1.012232	-1.024458	-1.027355	-1.011048	-1	.044985	-1.0132	-1.027947	-1.030704	-1.013091	-1.009235	-1.016207	-1.0	29401	-1.025361	-1.02355	-1.001795	-1.044985
04/09/2025	18:48	-1.028894	-1.00803	-1.017915	-1.018632	-1.004376	-1.	035652	-1.005144	-1.021588	-1.02696	-1.007649	-1.007058	-1.011084	-1.0	23962	-1.016014	-1.012195	-0.9948304	-1.035652
04/09/2025	19:38	-1.030766	-1.008653	-1.017759	-1.021747	-1.00391	-1.	037208	-1.008242	-1.023294	-1.036789	-1.014179	-1.009857	-1.018225	-1.	025516	-1.021	-1.015773	-0.9977712	-1.037208
04/09/2025	20:28	-1.031312	-1.007408	-1.021186	-1.020034	-1.007169	-1	.037208	-1.005918	-1.024225	-1.028676	-1.012624	-1.007058	-1.013102	-1	.026137	-1.027075	-1.01795	-0.9960686	-1.037208
04/09/2025	21:18	-1.027724	-1.005073	-1.016357	-1.018008	-1.002048	-1	.035341	-1.002665	-1.021123	-1.025243	-1.007338	-1.005815	-1.009998	-1	.026914	-1.015547	-1.011884	-0.9931278	-1.035341
04/09/2025	22:08	-1.029596	-1.00554	-1.017448	-1.017385	-1.002824	-1.	034252	-1.00158	-1.021743	-1.025555	-1.00796	-1.007369	-1.009998	-1.02	0388	-1.014612	-1.013595	-0.9939017	-1.034252
04/09/2025	22:48	-1.029986	-1.005696	-1.016825	-1.01723	-1.003755	-1.	033319	-1.001116	-1.020658	-1.024619	-1.006716	-1.006281	-1.009066	-1.	024428	-1.018507	-1.008462	-0.9959138	-1.033319
04/09/2025	22:58	-1.02788	-1.005229	-1.016357	-1.01723	-1.001738	-1.0	3363	-1.00127	-1.020192	-1.024775	-1.005939	-1.004882	-1.009532	-1.020	699	-1.012899	-1.01064	-0.9926634	-1.03363
04/09/2025	23:48	-1.029284	-1.006785	-1.017759	-1.017853	-1.002669	-1	.033785	-1.00158	-1.022364	-1.028832	-1.006561	-1.005815	-1.010463	-1.	022097	-1.01321	-1.009084	-0.9946756	-1.033785
05/09/2025	00:38	-1.02866	-1.00414	-1.016201	-1.016451	-1.001272	-1.0	32697	-1.00127	-1.020347	-1.023371	-1.005473	-1.005037	-1.009066	-1.02	2097	-1.014145	-1.010329	-0.9935921	-1.032697
05/09/2025	01:28	-1.032639	-1.004451	-1.016513	-1.017074	-1.001893	-1	.033163	-1.004524	-1.020037	-1.024931	-1.009359	-1.005193	-1.011084	-1	.021942	-1.019909	-1.008773	-0.9952947	-1.033163
05/09/2025	02:18	-1.030142	-1.00554	-1.016357	-1.016451	-1.001893	-1.	032541	-1.002355	-1.020347	-1.023215	-1.006405	-1.004571	-1.008911	-1.	019922	-1.013055	-1.007995	-0.9934373	-1.032541
05/09/2025	03:08	-1.031	-1.005073	-1.019005	-1.020189	-1.002358	-1.03	4874	-1.002975	-1.020658	-1.023683	-1.007338	-1.005815	-1.009998	-1.03	2819	-1.016638	-1.024328	-0.9932826	-1.034874
05/09/2025	03:58	-1.029752	-1.00554	-1.016825	-1.017697	-1.001583	-1.	033785	-1.005918	-1.022053	-1.025555	-1.006561	-1.006126	-1.010308	-1.	038103	-1.013522	-1.019817	-0.9960686	-1.038103
05/09/2025	04:48	-1.02866	-1.004762	-1.01698	-1.016139	-1.001893	-1.0	31297	-1.000961	-1.020037	-1.023839	-1.005473	-1.004726	-1.009066	-1.0	20232	-1.018507	-1.01204	-0.9931278	-1.031297
05/09/2025	05:38	-1.030142	-1.005385	-1.017915	-1.018943	-1.004065	-1	.036585	-1.006228	-1.020813	-1.025243	-1.007805	-1.005815	-1.011239	-1	.028313	-1.01617	-1.016239	-0.9934373	-1.036585
05/09/2025	06:28	-1.032951	-1.011921	-1.021654	-1.022526	-1.010272	-1	.041719	-1.007933	-1.02562	-1.035228	-1.016356	-1.01732	-1.022262	-1.0	28313	-1.025361	-1.021217	-1.002569	-1.041719
05/09/2025	07:18	-1.041219	-1.016123	-1.024458	-1.030004	-1.017875	-1	.04483	-1.014595	-1.029653	-1.036008	-1.015578	-1.013588	-1.022417	-1.	028779	-1.023492	-1.02635	-1.000712	-1.04483
05/09/2025	08:08	-1.036617	-1.011765	-1.022121	-1.021124	-1.006393	-1	.035652	-1.007778	-1.025775	-1.028676	-1.009359	-1.011412	-1.013568	-1	.030489	-1.019286	-1.019817	-1.001486	-1.036617
05/09/2025	08:58	-1.043092	-1.020792	-1.023523	-1.02424	-1.019116	-1.	04063	-1.015834	-1.031824	-1.043965	-1.021642	-1.014366	-1.029558	-1.0	34218	-1.035332	-1.019195	-1.000248	-1.043965
05/09/2025	09:48	-1.035525	-1.017212	-1.024458	-1.028134	-1.011048	-1	.043274	-1.010721	-1.027326	-1.039441	-1.018532	-1.0125	-1.019157	-1.0	33907	-1.040317	-1.015773	-0.995759	-1.043274
05/09/2025	10:38	-1.043092	-1.024838	-1.033961	-1.030004	-1.018185	-1	.047629	-1.013045	-1.031979	-1.031484	-1.015578	-1.014521	-1.022572	-1	.043076	-1.026608	-1.021373	-1.000402	-1.047629
05/09/2025	11:28	-1.028114	-1.008497	-1.020875	-1.019099	-1.004065	-1	.03503	-1.00313	-1.022829	-1.027272	-1.008116	-1.008302	-1.011705	-1.0	26759	-1.018195	-1.013128	-0.9962234	-1.03503
05/09/2025	12:18	-1.041765	-1.014878	-1.024458	-1.025953	-1.013841	-1	.041407	-1.011341	-1.029808	-1.03164	-1.01449	-1.011101	-1.018536	-1.0	44474	-1.034864	-1.023239	-0.9996285	-1.044474
05/09/2025	13:08	-1.033497	-1.008653	-1.019784	-1.020034	-1.00422	-1.	035497	-1.004214	-1.022829	-1.030704	-1.009204	-1.007836	-1.014189	-1.	02505	-1.023804	-1.013284	-0.9960686	-1.035497
05/09/2025	13:58	-1.032405	-1.010676	-1.021342	-1.023461	-1.008255	-1	.037052	-1.007468	-1.026396	-1.036165	-1.018688	-1.010323	-1.018536	-1	.026604	-1.023336	-1.018573	-0.9980807	-1.037052
05/09/2025	14:48	-1.038645	-1.010054	-1.021342	-1.023305	-1.014151	-1	.037208	-1.012735	-1.02469	-1.031016	-1.011692	-1.008769	-1.017915	-1.	029401	-1.023025	-1.016084	-1.000712	-1.038645
05/09/2025	15:38	-1.02944	-1.008809	-1.017448	-1.018476	-1.003755	-1.	033941	-1.00344	-1.021278	-1.026804	-1.007338	-1.00597	-1.01186	-1.027	847	-1.015391	-1.015306	-0.9982355	-1.033941
05/09/2025	16:28	-1.031702	-1.007719	-1.018071	-1.020345	-1.004686	-1	.034252	-1.004834	-1.023914	-1.0293	-1.007183	-1.010168	-1.013258	-1.0	2334	-1.019753	-1.026195	-0.9985451	-1.034252
05/09/2025	17:18	-1.033107	-1.008964	-1.018694	-1.020189	-1.004531	-1	.035341	-1.004214	-1.026396	-1.027428	-1.008271	-1.010012	-1.012326	-1	.024584	-1.020688	-1.015928	-0.9954495	-1.035341
05/09/2025	18:08	-1.045588	-1.017212	-1.030066	-1.035923	-1.01353	-1.	051518	-1.023116	-1.03446	-1.038973	-1.018843	-1.019963	-1.025677	-1.0	49758	-1.037045	-1.020595	-1.003034	-1.051518
05/09/2025	18:58	-1.037007	-1.011299	-1.023367	-1.027355	-1.011048	-1	.044674	-1.01413	-1.027016	-1.030236	-1.013713	-1.012655	-1.016207	-1.	028779	-1.019753	-1.017639	-1.001022	-1.044674
05/09/2025	19:48	-1.038177	-1.01908	-1.02586	-1.026888	-1.010427	-1.0	44052	-1.011341	-1.029653	-1.03476	-1.013557	-1.014366	-1.023038	-1.03	2353	-1.023025	-1.025106	-1.001022	-1.044052
05/09/2025	20:38	-1.034511	-1.019236	-1.02991	-1.032496	-1.020202	-1.	043585	-1.016919	-1.037097	-1.037569	-1.020709	-1.020118	-1.028782	-1.	031887	-1.058387	-1.02355	-1.000402	-1.058387
05/09/2025	21:28	-1.029128	-1.005073	-1.017136	-1.018632	-1.002669	-1	.034874	-1.00189	-1.020968	-1.024619	-1.00625	-1.005815	-1.011395	-1.0	21786	-1.014301	-1.011106	-0.9954495	-1.034874
05/09/2025	22:18	-1.028972	-1.005073	-1.017136	-1.017697	-1.001738	-1	.033319	-1.00127	-1.020192	-1.025867	-1.00625	-1.005659	-1.008756	-1.0	21942	-1.013989	-1.009395	-0.9954495	-1.033319
05/09/2025	23:08	-1.030376	-1.005385	-1.016513	-1.018008	-1.003755	-1	.034563	-1.001425	-1.020192	-1.025555	-1.007338	-1.005504	-1.009998	-1	.022874	-1.014924	-1.01064	-0.9928182	-1.034563
05/09/2025	23:58	-1.028114	-1.004918	-1.016201	-1.01723	-1.002358	-1.	033474	-1.001735	-1.020192	-1.023839	-1.007338	-1.005037	-1.009687	-1.	02334	-1.016326	-1.018262	-0.9923539	-1.033474
06/09/2025	00:48	-1.027724	-1.005229	-1.017292	-1.016918	-1.001738	-1	.032541	-1.001735	-1.021743	-1.024307	-1.005473	-1.004571	-1.009066	-1	.022097	-1.016014	-1.015462	-0.992973	-1.032541
06/09/2025	01:38	-1.025696	-1.004295	-1.01589	-1.016139	-1.002048	-1.	031608	-1.00127	-1.021898	-1.023683	-1.005784	-1.004571	-1.009377	-1.0	19455	-1.012276	-1.010329	-0.99158	-1.031608
06/09/2025	02:28	-1.024838	-1.003517	-1.014955	-1.015828	-1.001583	-1	.031919	-0.9997211	-1.019262	-1.023215	-1.004695	-1.003949	-1.007979	-	1.020854	-1.011653	-1.005506	-0.9928182	-1.031919
06/09/2025	03:18	-1.028816	-1.00414	-1.015267	-1.016451	-1.000962	-1.	032852	-1.000186	-1.018952	-1.023839	-1.005162	-1.005815	-1.00829	-1.0	19922	-1.011808	-1.007529	-0.9914252	-1.032852
06/09/2025	04:08	-1.02593	-1.004607	-1.016825	-1.017853	-1.001117	-1.	035652	-1.000651	-1.020968	-1.024619	-1.005317	-1.004726	-1.009687	-1.	019145	-1.015236	-1.011417	-0.9949851	-1.035652
06/09/2025	04:58	-1.028504	-1.003828	-1.016513	-1.01832	-1.002358	-1.	036119	-1.004214	-1.021898	-1.023527	-1.007805	-1.006437	-1.009066	-1.	022874	-1.016638	-1.016084	-0.9932826	-1.036119
06/09/2025	05:48	-1.040517	-1.016901	-1.024146	-1.026109	-1.009031	-1	.039696	-1.013355	-1.030738	-1.040845	-1.016045	-1.011567	-1.021485	-1	.032509	-1.03206	-1.020439	-1.000402	-1.040845
06/09/2025	06:38	-1.04278	-1.022971	-1.033026	-1.034989	-1.015392	-1.	047629	-1.025595	-1.039578	-1.037569	-1.023974	-1.016698	-1.023659	-1.	050068	-1.037824	-1.023239	-1.007987	-1.050068
06/09/2025	07:28	-1.036227	-1.017991	-1.028041	-1.029536	-1.018185	-1	.049963	-1.011031	-1.026396	-1.036633	-1.020243	-1.018252	-1.029868	-1	.038103	-1.03611	-1.021839	-1.001641	-1.049963
06/09/2025	08:18	-1.032249	-1.01161	-1.026171	-1.023928	-1.010427	-1.	038141	-1.008552	-1.026396	-1.029924	-1.014179	-1.014366	-1.021175	-1.	031887	-1.040472	-1.018884	-0.9986999	-1.040472
06/09/2025	09:08	-1.038879	-1.023438	-1.024146	-1.033275	-1.013841	-1	.046541	-1.009172	-1.027016	-1.031952	-1.012624	-1.010012	-1.016207	-1	.032043	-1.022402	-1.01935	-1.002415	-1.046541
06/09/2025	09:58	-1.033419	-1.00912	-1.019784	-1.020189	-1.00422	-1.0	37363	-1.007313	-1.02531	-1.02774	-1.009981	-1.009546	-1.013879	-1.030	644	-1.02801	-1.017795	-0.9980807	-1.037363
06/09/2025	10:48	-1.031312	-1.009275	-1.019629	-1.018943	-1.004531	-1	.03783	-1.009482	-1.02469	-1.026648	-1.01107	-1.009235	-1.012171	-1.02	6293	-1.025985	-1.019195	-1.001176	-1.03783
06/09/2025	12:28	-1.033107	-1.007719	-1.018071	-1.019099	-1.003134	-1	.03503	-1.004059	-1.021898	-1.026804	-1.008271	-1.006126	-1.010929	-1.	023651	-1.018351	-1.014528	-0.9945208	-1.03503
06/09/2025	13:18	-1.03139	-1.007563	-1.019784	-1.020034	-1.004686	-1.	035497	-1.004369	-1.023914	-1.02852	-1.010292	-1.00768	-1.012792	-1.02	5516	-1.017261	-1.019817	-0.9959138	-1.035497
06/09/2025	14:08	-1.030376	-1.007563	-1.017136	-1.017385	-1.002979	-1	.034563	-1.00127	-1.020658	-1.024931	-1.007494	-1.006281	-1.009842	-1.	023807	-1.016482	-1.011262	-0.9932826	-1.034563
06/09/2025	14:58	-1.029674	-1.006007	-1.017292	-1.017385	-1.0036	-1.0	35497	-1.002665	-1.020968	-1.024775	-1.007183	-1.005504	-1.010308	-1.0	26604	-1.016638	-1.014528	-0.9940565	-1.035497
06/09/2025	15:48	-1.037163	-1.011765	-1.025081	-1.024084	-1.00841	-1.	041719	-1.008397	-1.02562	-1.030548	-1.016667	-1.012189	-1.016673	-1.0	30955	-1.018663	-1.017173	-0.9974616	-1.041719
06/09/2025	16:38	-1.035213	-1.012388	-1.023523	-1.023772	-1.008875	-1	.040163	-1.010876	-1.02531	-1.030236	-1.011225	-1.010012	-1.015897	-1.	028468	-1.021	-1.025884	-0.9980807	-1.040163
06/09/2025	17:28	-1.029596	-1.007408	-1.022588	-1.022526	-1.004531	-1	.038452	-1.007933	-1.023449	-1.031328	-1.012624	-1.012345	-1.016052	-1	.024739	-1.01804	-1.012195	-0.9982355	-1.038452
06/09/2025	18:18	-1.043326	-1.02157	-1.029443	-1.036079	-1.011513	-1.	047629	-1.017693	-1.033375	-1.042093	-1.023663	-1.025093	-1.022883	-1.	029712	-1.031281	-1.01795	-0.999319	-1.047629
06/09/2025	19:08	-1.029908	-1.007252	-1.018538	-1.017697	-1.00391	-1.	033941	-1.004524	-1.022674	-1.025555	-1.007183	-1.007214	-1.01186	-1.0	25205	-1.021934	-1.017173	-0.9968425	-1.033941
06/09/2025	19:58	-1.029362	-1.005696	-1.017603	-1.01832	-1.002203	-1.	034563	-1.00282	-1.020813	-1.025399	-1.007338	-1.007058	-1.010153	-1.0	23807	-1.016793	-1.016084	-0.9951399	-1.034563
06/09/2025	20:48	-1.032639	-1.009275	-1.019161	-1.023928	-1.004686	-1	.03643	-1.005144	-1.024069	-1.026179	-1.01107	-1.007836	-1.012481	-1.0	26137	-1.016949	-1.010329	-0.9937469	-1.03643
06/09/2025	21:38	-1.029596	-1.007252	-1.018071	-1.018632	-1.002669	-1	.03363	-1.00189	-1.020658	-1.024775	-1.005784	-1.004882	-1.009842	-1.0	2303	-1.014457	-1.01204	-0.9937469	-1.03363
06/09/2025	22:28	-1.028348	-1.007097	-1.015422	-1.016762	-1.001893	-1	.033163	-1.000806	-1.020192	-1.024775	-1.006561	-1.006126	-1.009377	-1	.022097	-1.014457	-1.010484	-0.9928182	-1.033163
06/09/2025	23:18	-1.032483	-1.016746	-1.02181	-1.022526	-1.009496	-1.	039541	-1.011806	-1.026551	-1.043809	-1.021486	-1.015454	-1.020554	-1.	030022	-1.029723	-1.011106	-0.9959138	-1.043809
07/09/2025	00:08	-1.02866	-1.005073	-1.017292	-1.018787	-1.002358	-1.	034874	-1.002045	-1.020347	-1.024775	-1.007805	-1.005193	-1.010153	-1.	027381	-1.014145	-1.018106	-0.9931278	-1.034874
07/09/2025	00:58	-1.029752	-1.005385	-1.016201	-1.017074	-1.003289	-1	.036741	-1.001116	-1.020813	-1.023839	-1.00625	-1.005348	-1.009532	-1.	023651	-1.01804	-1.010795	-0.9931278	-1.036741
07/09/2025	01:48	-1.02593	-1.005385	-1.015578	-1.015828	-1.001117	-1.	032541	-1.000186	-1.019417	-1.023371	-1.005473	-1.004571	-1.008911	-1.	023496	-1.01212	-1.007684	-0.9921991	-1.032541
07/09/2025	02:38	-1.027802	-1.004295	-1.016046	-1.01536	-1.001272	-1.	032386	-1.002045	-1.020658	-1.023059	-1.005473	-1.004415	-1.008911	-1.	020699	-1.012587	-1.005818	-0.9917348	-1.032386
07/09/2025	03:28	-1.028036	-1.006007	-1.017292	-1.019255	-1.002203	-1	.032541	-1.00158	-1.022519	-1.023371	-1.005162	-1.004104	-1.007669	-1.	026604	-1.012431	-1.018417	-0.9917348	-1.032541
07/09/2025	04:18	-1.027646	-1.003828	-1.014644	-1.016762	-1.000652	-1	.035652	-1.000651	-1.019882	-1.023527	-1.005006	-1.00426	-1.008756	-1.	020077	-1.01321	-1.008306	-0.9925087	-1.035652
07/09/2025	05:08	-1.026008	-1.00414	-1.015267	-1.015672	-1.000652	-1.	031608	-1.000341	-1.019727	-1.023059	-1.004851	-1.003638	-1.007669	-1.	020699	-1.014612	-1.008151	-0.9918895	-1.031608
07/09/2025	05:58	-1.02749	-1.00414	-1.015422	-1.017853	-1.002048	-1.0	33163	-1.000651	-1.019882	-1.023995	-1.005939	-1.004726	-1.008445	-1.0	22874	-1.014612	-1.006906	-0.9925087	-1.033163
07/09/2025	06:48	-1.038255	-1.005229	-1.018382	-1.01832	-1.002514	-1.	034252	-1.003594	-1.02438	-1.024151	-1.00625	-1.004571	-1.010463	-1.02	7691	-1.014612	-1.012351	-0.9945208	-1.038255
07/09/2025	07:38	-1.028738	-1.006474	-1.015734	-1.016762	-1.002203	-1	.03503	-1.00189	-1.020658	-1.026648	-1.005784	-1.005193	-1.009221	-1.0	23496	-1.014612	-1.009862	-0.994366	-1.03503
07/09/2025	08:28	-1.031	-1.00663	-1.017448	-1.017385	-1.003445	-1.033	163	-1.002045	-1.021588	-1.026179	-1.007649	-1.005815	-1.010618	-1.024	584	-1.01617	-1.013751	-0.9951399	-1.033163
07/09/2025	09:18	-1.034667	-1.010987	-1.019473	-1.025174	-1.005927	-1	.036274	-1.011031	-1.024225	-1.028208	-1.010292	-1.008769	-1.016052	-1	.03313	-1.028789	-1.017328	-1.000248	-1.036274
07/09/2025	10:08	-1.029674	-1.010209	-1.017292	-1.018943	-1.003289	-1	.035808	-1.002665	-1.023139	-1.026492	-1.007338	-1.006903	-1.010774	-1	.024584	-1.014457	-1.017017	-0.9952947	-1.035808
07/09/2025	10:58	-1.027724	-1.00803	-1.017448	-1.018164	-1.002669	-1.	033941	-1.003285	-1.021278	-1.026492	-1.008582	-1.005504	-1.012637	-1.	02132	-1.016326	-1.009862	-0.9945208	-1.033941
07/09/2025	11:48	-1.027802	-1.007252	-1.016357	-1.017697	-1.002979	-1	.033785	-1.004989	-1.021433	-1.026023	-1.007649	-1.006126	-1.010618	-1	.02303	-1.015547	-1.011262	-0.9946756	-1.033785
07/09/2025	12:38	-1.031546	-1.007252	-1.017759	-1.018787	-1.006082	-1	.034408	-1.00344	-1.021278	-1.025399	-1.00796	-1.006437	-1.011239	-1.0	25671	-1.017261	-1.013751	-0.9965329	-1.034408
07/09/2025	13:28	-1.030142	-1.006941	-1.01994	-1.017074	-1.002048	-1.	033474	-1.001735	-1.020968	-1.025399	-1.00625	-1.005504	-1.009998	-1.0	2334	-1.017261	-1.012351	-0.9946756	-1.033474
07/09/2025	14:18	-1.028738	-1.00663	-1.016513	-1.018787	-1.002203	-1.	034874	-1.00313	-1.021123	-1.026492	-1.007649	-1.005504	-1.010308	-1.0	23807	-1.017884	-1.012506	-0.9937469	-1.034874
07/09/2025	15:08	-1.030688	-1.008809	-1.018694	-1.021747	-1.004065	-1	.037363	-1.003749	-1.021588	-1.026804	-1.006561	-1.00597	-1.01155	-1.0	2303	-1.018351	-1.018106	-0.9951399	-1.037363
07/09/2025	15:28	-1.032951	-1.006785	-1.01698	-1.018632	-1.005772	-1.	033785	-1.003749	-1.021278	-1.028676	-1.007183	-1.007214	-1.01186	-1.0	25205	-1.015859	-1.041905	-0.9948304	-1.041905
07/09/2025	15:58	-1.029674	-1.007408	-1.017292	-1.019878	-1.004065	-1	.036741	-1.003594	-1.022519	-1.025243	-1.007338	-1.007525	-1.009532	-1	.02334	-1.018974	-1.011262	-0.994366	-1.036741
07/09/2025	16:48	-1.032873	-1.007719	-1.019317	-1.019411	-1.006858	-1	.034874	-1.003749	-1.021433	-1.027272	-1.006716	-1.007369	-1.012016	-1	.024584	-1.018974	-1.018728	-0.9962234	-1.034874
07/09/2025	17:38	-1.030142	-1.007563	-1.017759	-1.018164	-1.004531	-1	.03503	-1.002665	-1.021898	-1.025711	-1.007338	-1.006592	-1.011395	-1.	02303	-1.016326	-1.014995	-0.9952947	-1.03503
07/09/2025	18:28	-1.029518	-1.007408	-1.017915	-1.018632	-1.002979	-1	.035185	-1.00344	-1.021898	-1.026335	-1.009049	-1.006903	-1.012637	-1.	025671	-1.016326	-1.020906	-0.9968425	-1.035185
07/09/2025	19:18	-1.030142	-1.009431	-1.017136	-1.017385	-1.00391	-1.	034252	-1.004214	-1.021588	-1.025243	-1.006405	-1.006437	-1.010153	-1.	022408	-1.016638	-1.018106	-0.9963782	-1.034252
07/09/2025	20:08	-1.029596	-1.007408	-1.017915	-1.019099	-1.0036	-1.0	34097	-1.00282	-1.022208	-1.025399	-1.007183	-1.006126	-1.011239	-1.02	6604	-1.018351	-1.014839	-0.9942112	-1.034097
07/09/2025	20:58	-1.033029	-1.006941	-1.016825	-1.018787	-1.003134	-1	.035185	-1.00313	-1.021588	-1.026492	-1.007183	-1.00597	-1.010463	-1.0	27536	-1.018819	-1.014528	-0.994366	-1.035185
07/09/2025	21:48	-1.032092	-1.007252	-1.017136	-1.018943	-1.002358	-1	.036896	-1.005918	-1.022208	-1.025555	-1.009826	-1.00597	-1.009532	-1.	023185	-1.018351	-1.012817	-0.9942112	-1.036896
07/09/2025	22:38	-1.031702	-1.00554	-1.016825	-1.018164	-1.002203	-1.	034563	-1.00189	-1.020658	-1.025711	-1.006872	-1.005504	-1.010308	-1.0	22097	-1.016949	-1.013906	-0.9928182	-1.034563
07/09/2025	23:28	-1.02983	-1.005696	-1.017448	-1.016918	-1.002048	-1.	033319	-1.002665	-1.020968	-1.024463	-1.006872	-1.00597	-1.010463	-1.0	22097	-1.01617	-1.011417	-0.992973	-1.033319
08/09/2025	00:18	-1.027256	-1.006163	-1.015578	-1.016918	-1.001738	-1	.032852	-1.001116	-1.020192	-1.025555	-1.005473	-1.005193	-1.0086	-1.0	2132	-1.014924	-1.009706	-0.995759	-1.032852
08/09/2025	01:08	-1.029518	-1.00663	-1.018227	-1.021591	-1.003755	-1.	036585	-1.004369	-1.022519	-1.025243	-1.010137	-1.006281	-1.012792	-1.	026448	-1.014457	-1.008929	-0.9966877	-1.036585
08/09/2025	01:58	-1.026476	-1.003362	-1.014644	-1.015204	-1.001583	-1	.031452	-1.000651	-1.018797	-1.022591	-1.004384	-1.003483	-1.00829	-1.	018989	-1.011029	-1.007062	-0.9917348	-1.031452
08/09/2025	02:48	-1.028036	-1.003206	-1.014332	-1.015828	-0.9998759	-	1.030986	-1.000186	-1.019727	-1.022435	-1.00454	-1.003483	-1.007203	-1	.019455	-1.011029	-1.012973	-0.9912704	-1.030986
08/09/2025	03:38	-1.03139	-1.005385	-1.016201	-1.01723	-1.002048	-1.0	32852	-1.002355	-1.019417	-1.024931	-1.00796	-1.004726	-1.009998	-1.02	4117	-1.011653	-1.005351	-0.9937469	-1.032852
08/09/2025	04:28	-1.026554	-1.003673	-1.016513	-1.017385	-1.001583	-1	.033785	-1.000341	-1.019727	-1.023371	-1.005628	-1.004104	-1.009221	-1	.021165	-1.011497	-1.009862	-0.9918895	-1.033785
08/09/2025	05:18	-1.037475	-1.011921	-1.029599	-1.02128	-1.008875	-1.	039385	-1.01382	-1.026241	-1.028052	-1.01791	-1.011567	-1.014655	-1.02	5982	-1.017728	-1.014062	-0.9996285	-1.039385
08/09/2025	06:08	-1.031	-1.014411	-1.023367	-1.020657	-1.009651	-1.03	5963	-1.006228	-1.02562	-1.032108	-1.010448	-1.010323	-1.016362	-1.032	198	-1.025517	-1.019195	-0.9960686	-1.035963
08/09/2025	06:58	-1.038645	-1.016279	-1.031468	-1.028446	-1.010893	-1	.046074	-1.011031	-1.026861	-1.034136	-1.014179	-1.012966	-1.018536	-1	.029712	-1.017884	-1.019506	-0.9991642	-1.046074
08/09/2025	07:48	-1.034199	-1.0141	-1.021965	-1.02237	-1.005927	-1.04	0163	-1.012426	-1.025931	-1.031016	-1.017133	-1.01079	-1.017604	-1.052	089	-1.033774	-1.02215	-1.008606	-1.052089
08/09/2025	08:38	-1.037865	-1.013477	-1.02882	-1.027511	-1.012444	-1.	044985	-1.01289	-1.025931	-1.040377	-1.013868	-1.012966	-1.022417	-1.0	46339	-1.045302	-1.032261	-1.001176	-1.046339
08/09/2025	09:28	-1.040829	-1.013789	-1.020096	-1.02237	-1.007789	-1.	03783	-1.005918	-1.024845	-1.029456	-1.009826	-1.009391	-1.01481	-1.02	8779	-1.017884	-1.026661	-0.9966877	-1.040829
08/09/2025	10:18	-1.052063	-1.020481	-1.039569	-1.033898	-1.020202	-1	.049807	-1.018003	-1.04206	-1.058475	-1.026617	-1.027581	-1.034681	-1.	038725	-1.027387	-1.021684	-0.9999381	-1.058475
08/09/2025	11:08	-1.033341	-1.015189	-1.022588	-1.025174	-1.009341	-1	.037674	-1.010721	-1.030118	-1.037569	-1.015267	-1.016853	-1.025832	-1	.027847	-1.027231	-1.016395	-0.9997833	-1.037674
08/09/2025	11:58	-1.032639	-1.010676	-1.024769	-1.025642	-1.007169	-1	.04063	-1.021257	-1.032289	-1.037101	-1.016822	-1.020118	-1.019622	-1.	033907	-1.026763	-1.018106	-0.9973068	-1.04063
08/09/2025	12:48	-1.034277	-1.021103	-1.029443	-1.024084	-1.014772	-1	.039074	-1.013665	-1.029963	-1.040533	-1.015112	-1.013899	-1.022417	-1	.032975	-1.033306	-1.01344	-0.9976164	-1.040533
08/09/2025	13:38	-1.034433	-1.009742	-1.019473	-1.022994	-1.004531	-1	.039385	-1.009482	-1.023294	-1.031328	-1.011381	-1.010634	-1.014344	-1	.026137	-1.017884	-1.018262	-0.9968425	-1.039385
08/09/2025	14:28	-1.02983	-1.006007	-1.017603	-1.019255	-1.003755	-1.	034874	-1.0022	-1.021588	-1.025867	-1.007494	-1.007836	-1.010618	-1.02	2408	-1.015547	-1.016551	-0.9949851	-1.034874
08/09/2025	15:18	-1.033029	-1.007563	-1.018382	-1.020813	-1.005151	-1	.035497	-1.003285	-1.021278	-1.025711	-1.008116	-1.007369	-1.011705	-1	.024273	-1.020532	-1.037083	-0.9986999	-1.037083
08/09/2025	16:08	-1.032405	-1.008186	-1.018694	-1.020345	-1.004065	-1	.035341	-1.002665	-1.022208	-1.02696	-1.008582	-1.006748	-1.011705	-1.	027691	-1.017261	-1.02495	-0.9974616	-1.035341
08/09/2025	16:58	-1.031	-1.010832	-1.017759	-1.018164	-1.004841	-1.03	4252	-1.003285	-1.021588	-1.028676	-1.008582	-1.008613	-1.01186	-1.024	584	-1.018974	-1.015773	-0.9951399	-1.034252
08/09/2025	17:18	-1.034823	-1.00912	-1.018382	-1.018476	-1.005772	-1.	035497	-1.002355	-1.022364	-1.025555	-1.007027	-1.006903	-1.010463	-1.	025827	-1.014924	-1.017484	-0.9960686	-1.035497
08/09/2025	17:48	-1.031936	-1.008809	-1.023835	-1.020657	-1.00422	-1.	036119	-1.009172	-1.02531	-1.033512	-1.012624	-1.00908	-1.014965	-1.02	2874	-1.023959	-1.017017	-0.9962234	-1.036119
08/09/2025	18:38	-1.032249	-1.008186	-1.018071	-1.018476	-1.002979	-1	.03503	-1.00313	-1.022519	-1.026179	-1.007649	-1.005659	-1.010929	-1.0	25671	-1.01913	-1.017328	-0.9956043	-1.03503
08/09/2025	19:28	-1.033185	-1.011765	-1.017136	-1.025019	-1.007944	-1	.038763	-1.006538	-1.026241	-1.034292	-1.014024	-1.01079	-1.015276	-1.	028002	-1.017884	-1.011884	-0.9973068	-1.038763
08/09/2025	20:18	-1.034589	-1.028884	-1.029599	-1.026732	-1.016944	-1	.043118	-1.021412	-1.033685	-1.050518	-1.02102	-1.017475	-1.02785	-1.0	31732	-1.039382	-1.017328	-1.003343	-1.050518
08/09/2025	21:08	-1.029128	-1.00554	-1.017603	-1.017541	-1.002669	-1.	034874	-1.002665	-1.020658	-1.024775	-1.006405	-1.00597	-1.009687	-1.0	21786	-1.013055	-1.011417	-0.9926634	-1.034874
08/09/2025	21:58	-1.02827	-1.005385	-1.016669	-1.016762	-1.001117	-1.	032541	-1.002045	-1.020502	-1.023527	-1.005784	-1.005037	-1.009842	-1.	022408	-1.013366	-1.010329	-0.9926634	-1.032541
08/09/2025	22:48	-1.031468	-1.012388	-1.024146	-1.022215	-1.008875	-1	.037363	-1.010721	-1.029808	-1.038349	-1.015267	-1.018252	-1.020709	-1	.028779	-1.022557	-1.009706	-0.9982355	-1.038349
08/09/2025	23:38	-1.02944	-1.009275	-1.020719	-1.017541	-1.002048	-1.	034408	-1.00127	-1.020502	-1.024307	-1.006561	-1.005037	-1.009998	-1.0	34684	-1.015703	-1.035372	-0.9937469	-1.035372
09/09/2025	00:28	-1.028348	-1.004295	-1.016669	-1.016606	-1.001428	-1	.034097	-0.9998761	-1.021588	-1.022903	-1.005628	-1.004571	-1.009377	-	1.020854	-1.014612	-1.009395	-0.9934373	-1.034097
09/09/2025	01:18	-1.02671	-1.004295	-1.01589	-1.016139	-1.000962	-1.0	32852	-1.002045	-1.019727	-1.022747	-1.005162	-1.003949	-1.008445	-1.0	23962	-1.012587	-1.008617	-0.9923539	-1.032852
09/09/2025	02:08	-1.028192	-1.004607	-1.017292	-1.016606	-1.001117	-1	.033474	-0.9997211	-1.018952	-1.023215	-1.005162	-1.005348	-1.008135	-	1.02132	-1.012743	-1.004884	-0.995759	-1.033474
09/09/2025	02:58	-1.028426	-1.009275	-1.016046	-1.017853	-1.00391	-1.	034252	-1.004679	-1.022208	-1.028052	-1.008582	-1.006437	-1.013413	-1.	022719	-1.019286	-1.014684	-0.9925087	-1.034252
09/09/2025	03:48	-1.023746	-1.007563	-1.016825	-1.016762	-1.005151	-1	.032074	-1.00158	-1.021743	-1.030704	-1.007649	-1.007836	-1.013879	-1.	019455	-1.01617	-1.005973	-0.9923539	-1.032074
09/09/2025	04:38	-1.04434	-1.009587	-1.02181	-1.024084	-1.006238	-1.0	37363	-1.014285	-1.026086	-1.030392	-1.018377	-1.014832	-1.020399	-1.0	43697	-1.03097	-1.01935	-1.004117	-1.04434
09/09/2025	05:28	-1.04317	-1.018146	-1.02695	-1.026421	-1.014461	-1.0	40941	-1.010257	-1.027326	-1.032888	-1.015267	-1.014988	-1.027074	-1.0	30022	-1.028633	-1.022461	-0.997926	-1.04317
09/09/2025	06:18	-1.037709	-1.018302	-1.02991	-1.029381	-1.014461	-1.	049652	-1.033497	-1.028877	-1.0293	-1.015889	-1.010945	-1.020399	-1.03	4218	-1.026763	-1.019195	-1.002879	-1.049652
09/09/2025	07:08	-1.043872	-1.015967	-1.027106	-1.024863	-1.0081	-1.0	44985	-1.011186	-1.027636	-1.031484	-1.010448	-1.011567	-1.01512	-1.03	6394	-1.025829	-1.024639	-1.004117	-1.044985
09/09/2025	07:58	-1.041921	-1.029196	-1.026795	-1.035768	-1.020668	-1	.050585	-1.016919	-1.032444	-1.060971	-1.031281	-1.019963	-1.032973	-1	.029401	-1.025985	-1.016706	-0.9974616	-1.060971
09/09/2025	08:48	-1.038489	-1.025616	-1.032403	-1.03421	-1.019892	-1.	051674	-1.021567	-1.03477	-1.050674	-1.025529	-1.019963	-1.030955	-1.0	33441	-1.029723	-1.019817	-0.9991642	-1.051674
09/09/2025	09:38	-1.031312	-1.01301	-1.018538	-1.020813	-1.005151	-1.	03643	-1.004679	-1.022053	-1.028052	-1.009826	-1.008302	-1.012947	-1.0	30799	-1.019597	-1.01935	-0.9969973	-1.03643
09/09/2025	10:28	-1.034121	-1.017524	-1.021654	-1.024396	-1.005307	-1	.037208	-1.011341	-1.032754	-1.045057	-1.018221	-1.020118	-1.022727	-1	.025982	-1.022246	-1.018262	-1.000402	-1.045057
09/09/2025	11:18	-1.030922	-1.008186	-1.018382	-1.019722	-1.006238	-1	.03783	-1.00313	-1.021588	-1.025711	-1.008271	-1.008302	-1.010774	-1.0	23185	-1.016949	-1.021528	-0.9954495	-1.03783
09/09/2025	12:08	-1.034979	-1.018146	-1.024146	-1.029536	-1.011203	-1	.048096	-1.01289	-1.031048	-1.034136	-1.01791	-1.013277	-1.025056	-1.0	27536	-1.02209	-1.022928	-0.9999381	-1.048096
09/09/2025	12:58	-1.047694	-1.017212	-1.023835	-1.026888	-1.007479	-1	.042185	-1.008707	-1.030893	-1.03476	-1.011536	-1.011412	-1.019001	-1.	030489	-1.026919	-1.021061	-1.001176	-1.047694
09/09/2025	13:48	-1.03178	-1.009898	-1.021186	-1.023461	-1.006548	-1.	037519	-1.009637	-1.023449	-1.026492	-1.010292	-1.009701	-1.013258	-1.	025671	-1.019909	-1.019195	-0.9977712	-1.037519
09/09/2025	14:38	-1.045354	-1.027951	-1.037232	-1.032185	-1.022064	-1	.051518	-1.013045	-1.028102	-1.036633	-1.012935	-1.018252	-1.020243	-1	.039812	-1.023804	-1.012506	-0.9963782	-1.051518
09/09/2025	15:28	-1.030142	-1.006941	-1.017603	-1.018476	-1.00391	-1.	034874	-1.005299	-1.022053	-1.026023	-1.008582	-1.006437	-1.01186	-1.0	23807	-1.017105	-1.016706	-0.9946756	-1.034874
09/09/2025	16:18	-1.038567	-1.012077	-1.021342	-1.027667	-1.016944	-1	.043585	-1.012735	-1.028567	-1.047398	-1.01791	-1.020118	-1.020243	-1.	025205	-1.022713	-1.013284	-0.9956043	-1.047398
09/09/2025	17:08	-1.038177	-1.013477	-1.024458	-1.028446	-1.019892	-1	.046541	-1.031482	-1.030118	-1.046774	-1.018532	-1.031934	-1.034215	-1	.038569	-1.030346	-1.017173	-1.002415	-1.046774
09/10/2025	23:54	-1.029128	-0.9983815	-1.012151	-1.011777	-0.995221	-	1.026319	-0.9983267	-1.013213	-1.017287	-1.000498	-0.9969527	-1.00239	1	-1.021476	-1.007446	-1.009084	-0.9875557	-1.029128
10/10/2025	20:44	-1.031468	-1.00803	-1.019317	-1.022215	-1.006082	-1.	036741	-1.010257	-1.029187	-1.038037	-1.014801	-1.00908	-1.020243	-1.0	30022	-1.027387	-1.022773	-0.9948304	-1.038037
03/11/2025	18:21	-1.033731	-1.002272	-1.014799	-1.02128	-0.9991	-1.03	3941	-1.008088	-1.019882	-1.023371	-1.007183	-1.00255	-1.006582	-1.027	381	-1.032683	-1.011728	-0.9923539	-1.033941
04/11/2025	02:01	-1.029986	-1.018302	-1.019317	-1.022215	-1.008255	-1	.037052	-1.014285	-1.027947	-1.041313	-1.021953	-1.013433	-1.023193	-1	.02505	-1.033929	-1.005973	-0.9949851	-1.041313
04/11/2025	02:51	-1.020001	-1.005385	-1.014488	-1.013802	-0.9991	-1.0	27252	-0.9992563	-1.017556	-1.022903	-1.002674	-0.9991294	-1.005806	-1	.013706	-1.00916	-1.002707	-0.988794	-1.027252
04/11/2025	19:41	-1.02437	-1.00056	-1.011684	-1.013802	-0.9964623	-1.	030519	-0.9978619	-1.014919	-1.017755	-1.003918	-0.9997512	-1.003633	-	1.018368	-1.008225	-1.003951	-0.9880201	-1.030519
04/11/2025	20:51	-1.02515	-0.9997821	-1.012463	-1.011466	-0.9980139	-	1.029275	-0.9987915	-1.015385	-1.021187	-1.000498	-0.9992848	-1.00440	9	-1.018989	-1.010406	-1.011573	-0.988794	-1.029275
05/11/2025	03:41	-1.026866	-1.007252	-1.018227	-1.023461	-1.003755	-1	.037985	-1.012735	-1.024535	-1.028364	-1.012469	-1.018097	-1.01776	-1.	031421	-1.021	-1.005195	-0.988794	-1.037985
05/11/2025	16:11	-1.032327	-1.014567	-1.023991	-1.023928	-1.008875	-1	.037208	-1.007468	-1.019107	-1.032888	-1.007805	-1.009391	-1.019312	-1	.022408	-1.024115	-1.021528	-0.9949851	-1.037208
06/11/2025	01:41	-1.021249	-0.9960471	-1.007945	-1.009285	-0.9930487	-1.025697	-0.9946083	-1.011507	-1.01557	-0.9972326	-0.995709	-1.00006	2	-1.010287	-1.004175	-1.001151	-0.9847697	-1.025697
06/11/2025	13:51	-1.033419	-1.020947	-1.023835	-1.028757	-1.014306	-1	.045763	-1.006848	-1.018486	-1.035696	-1.011381	-1.012189	-1.030489	-1	.030489	-1.024271	-1.024328	-0.9926634	-1.045763
07/11/2025	05:01	-1.020937	-0.9955802	-1.00997	-1.009908	-0.9938245	-	1.023675	-0.995383	-1.011352	-1.016194	-0.9983209	-0.9963308	-1.00114	9	-1.013084	-1.004798	-1.001151	-0.9858531	-1.023675
07/11/2025	19:51	-1.028426	-0.9983815	-1.009035	-1.010375	-0.9953761	-1.025852	-0.9964675	-1.011818	-1.016819	-0.9995647	-0.9960199	-1.001	925	-1.013706	-1.006044	-1.001462	-0.9864723	-1.028426
08/11/2025	03:31	-1.021405	-0.9969808	-1.010749	-1.010375	-0.993359	-	1.026319	-0.9941435	-1.010732	-1.01479	-0.9973881	-0.9946206	-1.00006	2	-1.013861	-1.004798	-0.9992845	-0.9849245	-1.026319
08/11/2025	08:31	-1.02905	-0.9982258	-1.008568	-1.010531	-0.9944451	-	1.026164	-0.9963126	-1.014919	-1.017911	-0.9995647	-0.9972637	-1.0028	56	-1.01526	-1.007135	-1.002395	-0.9894131	-1.02905
08/11/2025	17:21	-1.02983	-1.001338	-1.010749	-1.011621	-0.9977036	-1	.027408	-0.9967774	-1.013679	-1.017131	-1.000808	-0.9978856	-1.003012	-1.017902	-1.012276	-1.00924	-0.9904965	-1.02983
08/11/2025	18:31	-1.042156	-1.009275	-1.015267	-1.014114	-0.9956864	-	1.033941	-1.000806	-1.017711	-1.017911	-1.008893	-0.9974192	-1.003633	-1.027847	-1.018195	-1.010017	-1.000712	-1.042156
09/11/2025	02:21	-1.021093	-0.9968252	-1.007633	-1.00944	-0.9941348	-	1.023208	-0.9933689	-1.011197	-1.01479	-0.9984764	-0.9955535	-1.00177	-1.011375	-1.003552	-1.000218	-0.985234	-1.023208
09/11/2025	09:41	-1.027958	-0.9986927	-1.011684	-1.0124	-0.9936693	-1	.025386	-0.9973971	-1.013989	-1.016819	-1.000498	-0.9974192	-1.00208	-	1.019766	-1.005733	-1.00364	-0.9875557	-1.027958
09/11/2025	19:01	-1.035447	-0.9983815	-1.011216	-1.01131	-0.9967726	-	1.02943	-0.9998761	-1.01678	-1.017755	-1.003451	-0.9972637	-1.002856	-	1.018057	-1.009783	-1.006906	-0.9875557	-1.035447
10/11/2025	11:51	-1.024058	-1.000716	-1.010126	-1.012712	-0.9987897	-	1.029897	-0.9987915	-1.015695	-1.021655	-1.000187	-0.9986629	-1.00503	-1.02132	-1.008381	-1.018728	-0.9925087	-1.029897
10/11/2025	12:01	-1.02515	-0.9997821	-1.011528	-1.012556	-0.9955313	-	1.026475	-0.9992563	-1.016005	-1.018691	-1.002208	-0.998041	-1.00208	-	1.018834	-1.008225	-1.009395	-0.9903418	-1.026475
10/11/2025	12:11	-1.028582	-1.001494	-1.011839	-1.014425	-0.9970829	-	1.028341	-0.9987915	-1.015695	-1.021187	-1.001275	-1.000218	-1.004409	-1.0193	-1.00916	-1.010795	-0.9886392	-1.028582
10/11/2025	12:21	-1.027022	-1.005385	-1.011839	-1.014425	-1.001583	-1	.029586	-1.000496	-1.01647	-1.019939	-1.001275	-0.9986629	-1.005496	-1	.028002	-1.01321	-1.016395	-0.9946756	-1.029586
10/11/2025	12:31	-1.042624	-1.025149	-1.030689	-1.037481	-1.034322	-1	.048252	-1.026215	-1.03446	-1.045213	-1.023197	-1.019496	-1.035302	-1.	051622	-1.034085	-1.032728	-1.005201	-1.051622
10/11/2025	12:41	-1.023434	-0.9996265	-1.011528	-1.011154	-0.9953761	-1.026941	-0.9981718	-1.014299	-1.017755	-0.9998756	-0.9975746	-1.002	856	-1.017125	-1.012276	-1.010484	-0.9891035	-1.026941
10/11/2025	12:51	-1.027178	-1.016434	-1.023991	-1.024707	-1.016789	-1	.037052	-1.022341	-1.025775	-1.055042	-1.018688	-1.012966	-1.030955	-1	.021786	-1.022246	-1.024328	-1.001331	-1.055042
10/11/2025	13:01	-1.028738	-1.00305	-1.014955	-1.011466	-0.9969278	-1	.027097	-1.00158	-1.01647	-1.025867	-1.003607	-1.000684	-1.011239	-1.0	16969	-1.020221	-1.021217	-0.9908061	-1.028738
10/11/2025	13:11	-1.030922	-1.013633	-1.018538	-1.015828	-1.007169	-1	.031608	-1.011186	-1.031359	-1.037257	-1.016978	-1.020118	-1.022572	-1	.019922	-1.011964	-1.023239	-0.9923539	-1.037257
10/11/2025	18:41	-1.025306	-1.000093	-1.011995	-1.012712	-1.002203	-1	.029275	-0.9986366	-1.016935	-1.022123	-1.000808	-1.002394	-1.006893	-	1.014483	-1.009316	-1.007995	-0.988794	-1.029275
11/11/2025	03:11	-1.019845	-0.9955802	-1.00701	-1.008038	-0.991497	-1	.022586	-0.993059	-1.011663	-1.013854	-0.9967662	-0.9943097	-0.999596	4	-1.00951	-1.002461	-0.9985067	-0.9839958	-1.022586
11/11/2025	04:01	-1.024838	-0.9960471	-1.008412	-1.010531	-0.9922728	-1.024297	-0.9956929	-1.011507	-1.017287	-0.9997201	-0.9977301	-1.001	304	-1.015104	-1.006044	-1.002551	-0.9861627	-1.024838
11/11/2025	04:51	-1.037319	-1.002583	-1.01402	-1.014425	-0.9963071	-1	.031297	-1.00189	-1.017246	-1.021499	-1.009359	-1.001928	-1.006582	-1.	031732	-1.011808	-1.040972	-0.9988546	-1.040972
11/11/2025	05:41	-1.039815	-1.003984	-1.014955	-1.020813	-1.005462	-1	.030519	-1.006228	-1.022674	-1.025555	-1.01107	-1.003327	-1.008135	-1.	030799	-1.032683	-1.042216	-0.9965329	-1.042216
11/11/2025	06:31	-1.037163	-1.008653	-1.018071	-1.018476	-1.008255	-1	.03363	-1.006383	-1.023139	-1.039441	-1.007494	-1.003483	-1.013879	-1.	021786	-1.012743	-1.018106	-0.9914252	-1.039441
11/11/2025	07:21	-1.029518	-1.002739	-1.013086	-1.015204	-0.9987897	-	1.030519	-1.000651	-1.018021	-1.020719	-1.004695	-1.005037	-1.008756	-	1.028002	-1.014301	-1.033194	-0.9918895	-1.033194
11/11/2025	08:11	-1.026398	-1.00554	-1.016201	-1.018164	-1.002048	-1.	033319	-1.004369	-1.017246	-1.027428	-1.005628	-1.005815	-1.014655	-1.	025827	-1.024738	-1.004729	-0.9884844	-1.033319
11/11/2025	09:01	-1.030766	-1.010209	-1.020719	-1.019255	-1.010893	-1	.036585	-1.019243	-1.024225	-1.035072	-1.016978	-1.019185	-1.019312	-1	.036083	-1.025673	-1.01935	-0.9934373	-1.036585
11/11/2025	09:51	-1.03061	-1.002117	-1.015111	-1.014114	-1.002048	-1.	031297	-1.004989	-1.015385	-1.022279	-1.00454	-1.003016	-1.008135	-1.0	20699	-1.014924	-1.01344	-0.9909609	-1.031297
11/11/2025	10:41	-1.045744	-1.007408	-1.019005	-1.023928	-1.002979	-1	.037052	-1.007933	-1.027636	-1.029768	-1.008893	-1.005815	-1.010929	-1	.025671	-1.011808	-1.017017	-0.9918895	-1.045744
11/11/2025	11:31	-1.02749	-0.9993152	-1.01402	-1.013647	-0.9980139	-1	.02943	-1.001735	-1.017091	-1.021031	-1.010448	-1.006903	-1.011239	-1.	02505	-1.011029	-1.016239	-0.99158	-1.02943
11/11/2025	12:21	-1.035291	-1.013477	-1.028976	-1.02128	-1.006393	-1.	037363	-1.018778	-1.026396	-1.030704	-1.0162	-1.010168	-1.013723	-1.03	1887	-1.019442	-1.024484	-0.9942112	-1.037363
11/11/2025	13:11	-1.02749	-1.00912	-1.018538	-1.016139	-1.005927	-1.0	30674	-1.00313	-1.019417	-1.034604	-1.012313	-1.008613	-1.010929	-1.02	0543	-1.011653	-1.017484	-0.9956043	-1.034604
11/11/2025	14:01	-1.027178	-1.00554	-1.017603	-1.015672	-1.000962	-1.	031452	-1.000961	-1.040509	-1.027584	-1.009515	-1.006281	-1.015741	-1.	021786	-1.013989	-1.017795	-0.9918895	-1.040509
11/11/2025	14:51	-1.037943	-1.008497	-1.023056	-1.021436	-1.003755	-1	.04063	-1.005144	-1.02469	-1.039597	-1.009515	-1.004571	-1.011084	-1.0	29712	-1.027698	-1.015151	-0.9937469	-1.04063
11/11/2025	15:41	-1.042156	-1.002583	-1.013242	-1.018787	-0.9983242	-	1.030674	-1.002355	-1.022674	-1.020251	-1.00454	-1.00115	-1.007514	-1.	027691	-1.012899	-1.020439	-0.9982355	-1.042156
11/11/2025	16:31	-1.025618	-1.001961	-1.01402	-1.0124	-0.9969278	-1.0	28341	-0.9975521	-1.014609	-1.018691	-1.000031	-0.9991294	-1.004564	-1	.019922	-1.008848	-1.013751	-0.9971521	-1.028341
11/11/2025	17:21	-1.029986	-1.007097	-1.016669	-1.018787	-1.002824	-1	.033163	-1.004989	-1.013989	-1.026492	-1.005317	-1.00768	-1.009842	-1.	023496	-1.008537	-1.007529	-0.9897226	-1.033163
11/11/2025	18:11	-1.035291	-1.01161	-1.018227	-1.018164	-1.000807	-1.	034408	-1.010876	-1.027636	-1.033512	-1.010759	-1.013122	-1.02754	-1.0	2707	-1.019286	-1.028995	-0.9963782	-1.035291
11/11/2025	19:01	-1.041219	-1.010987	-1.020875	-1.030471	-1.009341	-1	.033785	-1.015059	-1.026861	-1.026335	-1.005939	-1.001928	-1.007514	-1	.03111	-1.021778	-1.019662	-1.008451	-1.041219
11/11/2025	19:51	-1.023902	-0.9980702	-1.010593	-1.010842	-0.9950658	-1.027097	-0.9966225	-1.013368	-1.018067	-1.000653	-1.000373	-1.00208	-1.016348	-1.006667	-1.002862	-0.9880201	-1.027097
11/11/2025	20:41	-1.027958	-1.009742	-1.017603	-1.019255	-1.002824	-1	.034408	-1.010412	-1.022053	-1.029144	-1.010137	-1.004415	-1.012947	-1	.022719	-1.016482	-1.00784	-1.001641	-1.034408
11/11/2025	21:31	-1.03139	-1.003828	-1.014644	-1.01832	-1.004065	-1.0	31452	-1.006073	-1.019262	-1.025867	-1.007338	-1.00426	-1.01155	-1.017	591	-1.01321	-1.012817	-0.9877105	-1.031452
11/11/2025	22:21	-1.021405	-0.9972921	-1.009191	-1.008817	-0.9927383	-1.023675	-0.9936787	-1.010732	-1.014634	-0.9969216	-0.9955535	-0.999	7516	-1.01122	-1.003863	-1.000996	-0.9850792	-1.023675
11/11/2025	23:11	-1.022341	-0.9962027	-1.008256	-1.008817	-0.9936693	-1.023986	-0.9975521	-1.011042	-1.017287	-0.9978545	-0.995709	-1.0020	8	-1.016814	-1.002929	-1.004418	-0.9912704	-1.023986
11/11/2025	23:41	-1.024682	-1.005696	-1.011061	-1.018476	-0.9975484	-	1.032541	-1.00344	-1.02469	-1.022747	-1.011381	-1.002705	-1.012637	-1.	024273	-1.014145	-1.013751	-0.9909609	-1.032541
12/11/2025	00:51	-1.021249	-1.00165	-1.011528	-1.011933	-0.9975484	-1	.025541	-1.003749	-1.01585	-1.024307	-1.001119	-0.998041	-1.007979	-1.	013706	-1.009472	-1.004107	-0.9864723	-1.025541
05/12/2025	14:16	-1.044808	-1.010054	-1.021654	-1.026421	-1.005927	-1	.035652	-1.020637	-1.021898	-1.026023	-1.016045	-1.011256	-1.010929	-1	.028313	-1.021623	-1.011417	-0.9921991	-1.044808
05/12/2025	15:06	-1.032795	-1.002895	-1.020252	-1.018008	-0.9958416	-	1.031763	-1.003594	-1.013679	-1.017911	-1.001897	-0.9995958	-1.005961	-1.018834	-1.013989	-1.018417	-0.9999381	-1.032795
05/12/2025	15:56	-1.026866	-1.010832	-1.019317	-1.01536	-1.002203	-1.	029119	-1.005609	-1.014764	-1.025867	-1.006405	-1.000995	-1.014344	-1.	019145	-1.018195	-1.012195	-0.9903418	-1.029119
05/12/2025	16:46	-1.02281	-1.006785	-1.015267	-1.016295	-0.9977036	-1	.033474	-1.00282	-1.01647	-1.027584	-1.007027	-1.003016	-1.008756	-1.0	18679	-1.012587	-1.008773	-0.9939017	-1.033474
05/12/2025	17:36	-1.027334	-1.002583	-1.01402	-1.01536	-1.002514	-1.0	2943	-1.003594	-1.017711	-1.028208	-1.009359	-1.013899	-1.016362	-1.01	9922	-1.006356	-1.00504	-0.9883296	-1.02943
05/12/2025	18:26	-1.020313	-1.003517	-1.010593	-1.010531	-1.000497	-1	.025852	-0.9989465	-1.017091	-1.019159	-1.005473	-1.003016	-1.005185	-	1.014794	-1.006979	-1.002084	-0.9855436	-1.025852
05/12/2025	19:16	-1.026554	-1.012388	-1.015578	-1.014893	-0.9986346	-	1.026786	-1.004214	-1.015074	-1.031952	-1.002363	-1.003638	-1.012637	-	1.022097	-1.017572	-1.010951	-0.990187	-1.031952
05/12/2025	20:06	-1.027178	-0.9979146	-1.011216	-1.009129	-0.9946003	-1.028497	-0.9963126	-1.01678	-1.016663	-0.9995647	-0.9950871	-1.0031	67	-1.031887	-1.006512	-1.018728	-0.9881748	-1.031887
05/12/2025	20:56	-1.029518	-0.9988484	-1.011528	-1.00944	-0.9922728	-	1.025697	-0.9989465	-1.013834	-1.017131	-0.9981654	-0.9977301	-1.0016	15	-1.018523	-1.005577	-1.010951	-0.9874009	-1.029518
05/12/2025	21:46	-1.02359	-0.9951133	-1.006854	-1.007415	-0.9902557	-	1.021497	-0.9966225	-1.009646	-1.012138	-0.995056	-0.9918221	-0.99680	2	-1.010443	-0.9987226	-0.9999067	-0.9835315	-1.02359
05/12/2025	22:36	-1.022185	-0.9999377	-1.010749	-1.010842	-1.002203	-	1.024919	-1.006538	-1.016625	-1.029768	-1.008116	-1.002239	-1.007203	-	1.018523	-1.009939	-1.007218	-0.9875557	-1.029768
05/12/2025	23:26	-1.024994	-0.9940239	-1.006076	-1.008506	-0.9901005	-1.02243	-0.9927491	-1.008251	-1.012294	-0.9959888	-0.9916667	-0.9981	992	-1.010753	-1.000904	-0.99944	-0.982448	-1.024994
05/12/2025	23:46	-1.02593	-0.9972921	-1.011528	-1.008973	-0.9970829	-	1.02523	-0.9947633	-1.010422	-1.01635	-0.9981654	-0.9952425	-1.003477	-1.01355	-1.001215	-1.002707	-0.9891035	-1.02593
06/12/2025	00:16	-1.022498	-1.002428	-1.01402	-1.012712	-1.000807	-1.	029586	-0.9989465	-1.020658	-1.023995	-1.003296	-1.006592	-1.008135	-1	.021476	-1.018351	-1.000684	-0.9909609	-1.029586
06/12/2025	01:06	-1.019221	-0.9929345	-1.006543	-1.006013	-0.9901005	-1.021341	-0.9910449	-1.007165	-1.01167	-0.9936567	-0.9907338	-0.9978	887	-1.009044	-1.002306	-0.9983512	-0.981055	-1.021341
06/12/2025	01:56	-1.017817	-0.9994709	-1.009814	-1.008506	-0.9964623	-1.021964	-1.000186	-1.01523	-1.018223	-1.000342	-0.9997512	-1.004875	-1.018834	-1.020532	-0.9969512	-0.9872462	-1.021964
06/12/2025	02:46	-1.016569	-0.9918451	-1.003427	-1.004923	-0.9890144	-1.023519	-0.9898054	-1.006234	-1.010734	-0.9931903	-0.9901119	-0.995	4049	-1.00547	-0.998411	-0.9997511	-0.9805906	-1.023519
06/12/2025	03:36	-1.012044	-0.9927789	-1.003583	-1.003988	-0.9890144	-1.018697	-0.9904251	-1.00701	-1.012138	-0.9938122	-0.9910448	-0.9957	154	-1.005315	-0.9991899	-0.9933736	-0.981055	-1.018697
06/12/2025	04:26	-1.020313	-0.9929345	-1.006699	-1.00539	-0.990566	-1	.019786	-0.9958478	-1.007785	-1.011982	-0.9959888	-0.9918221	-0.99788	87	-1.013084	-1.001682	-1.001773	-0.9826028	-1.020313
06/12/2025	05:16	-1.017817	-0.9934014	-1.006543	-1.004611	-0.9893247	-1.021186	-0.9922843	-1.006545	-1.011358	-0.9933458	-0.9905784	-0.997	1125	-1.008422	-1.000592	-0.9966401	-0.9832219	-1.021186
06/12/2025	06:06	-1.030142	-0.9972921	-1.00888	-1.007883	-0.992428	-1	.025541	-0.9969323	-1.014454	-1.016819	-0.9969216	-0.9944652	-1.00130	4	-1.022408	-1.005577	-1.01064	-0.9908061	-1.030142
06/12/2025	06:56	-1.027178	-0.9955802	-1.011216	-1.007883	-0.993359	-	1.023986	-0.9939886	-1.011352	-1.014322	-0.9969216	-0.9936878	-0.9997	516	-1.016658	-1.004019	-1.007684	-0.9874009	-1.027178
06/12/2025	07:46	-1.025618	-0.997759	-1.008101	-1.012556	-0.9953761	-	1.026941	-0.9955379	-1.015695	-1.020563	-0.9995647	-1.00084	-1.002235	-1.016658	-1.005889	-1.02075	-0.9951399	-1.026941
06/12/2025	08:36	-1.028738	-0.9963583	-1.00592	-1.007104	-0.9930487	-	1.024919	-0.9950731	-1.012128	-1.01479	-0.9970771	-0.9950871	-0.99835	44	-1.02505	-1.005265	-1.024795	-0.9841506	-1.028738
06/12/2025	09:26	-1.027958	-0.9952689	-1.007166	-1.007571	-0.9938245	-1.023519	-0.9941435	-1.013989	-1.015102	-0.9966107	-0.9935323	-1.000	062	-1.011997	-1.00215	-1.008306	-0.983841	-1.027958
06/12/2025	10:16	-1.021405	-0.9968252	-1.009035	-1.010531	-0.9925832	-1.023675	-0.9973971	-1.013679	-1.018847	-0.9970771	-0.9955535	-1.007	048	-1.017125	-1.008693	-1.01344	-0.9895679	-1.023675
06/12/2025	11:06	-1.023902	-0.9965139	-1.006699	-1.008038	-0.992428	-	1.024764	-0.9970873	-1.009957	-1.017599	-0.997699	-0.9958644	-1.00177	-1.014794	-1.006356	-1.009084	-0.9878653	-1.024764
06/12/2025	11:56	-1.026086	-0.9971365	-1.00701	-1.007727	-0.9938245	-	1.023675	-0.9938337	-1.010422	-1.016506	-0.9962998	-0.9941542	-1.0006	83	-1.012618	-1.004019	-1.014839	-0.9856984	-1.026086
06/12/2025	12:46	-1.023902	-0.9983815	-1.011995	-1.0124	-1.001428	-1.	028497	-0.9989465	-1.012283	-1.020095	-1.001897	-0.9997512	-1.006427	-	1.016192	-1.013522	-1.006595	-0.9891035	-1.028497
06/12/2025	13:36	-1.023122	-0.9966696	-1.007166	-1.008662	-0.9927383	-1.024141	-1.000031	-1.010732	-1.015102	-0.9962998	-0.9941542	-0.9997	516	-1.032198	-1.006044	-1.02355	-0.9863175	-1.032198
06/12/2025	14:26	-1.023746	-0.9965139	-1.007478	-1.008038	-0.993359	-	1.023364	-0.9950731	-1.010267	-1.017131	-0.9981654	-0.9949316	-0.9997	516	-1.021009	-1.003552	-1.007373	-0.9904965	-1.023746
06/12/2025	15:16	-1.022185	-0.9960471	-1.006854	-1.008038	-0.9919625	-1.02243	-0.9946083	-1.012903	-1.015258	-0.9964552	-0.9939988	-0.9995	964	-1.023185	-1.003552	-1.005351	-0.9846149	-1.023185
06/12/2025	16:06	-1.028582	-1.00554	-1.013553	-1.019255	-1.000497	-1.	033474	-1.000341	-1.014919	-1.028052	-1.005317	-0.9999067	-1.007824	-1	.016503	-1.010095	-1.015617	-0.9853888	-1.033474
06/12/2025	16:56	-1.021249	-0.994802	-1.006699	-1.007883	-0.9916522	-	1.022897	-0.9942985	-1.010422	-1.01635	-0.9956779	-0.992755	-1.000062	-1.010909	-1.004331	-1.016706	-0.9861627	-1.022897
06/12/2025	17:46	-1.022029	-0.9951133	-1.007166	-1.006792	-0.9913419	-1.021964	-0.9941435	-1.009646	-1.013854	-0.9959888	-0.9939988	-0.997	8887	-1.01153	-1.00324	-1.002551	-0.9847697	-1.022029
06/12/2025	18:36	-1.021561	-0.9944908	-1.00701	-1.007259	-0.991497	-1	.023986	-0.9939886	-1.009957	-1.013386	-0.9952114	-0.9925995	-0.99804	4	-1.012307	-1.005889	-1.002707	-0.9835315	-1.023986
06/12/2025	19:26	-1.023278	-1.006785	-1.014955	-1.010998	-0.9987897	-	1.027563	-0.9981718	-1.014454	-1.026023	-1.000808	-1.000684	-1.009842	-1.018834	-1.018819	-1.002084	-0.986627	-1.027563
06/12/2025	20:16	-1.020937	-1.001805	-1.010437	-1.010375	-0.9995655	-	1.026008	-0.9960027	-1.014144	-1.015726	-1.000342	-0.9944652	-1.00192	5	-1.01526	-1.006512	-1.000218	-0.9846149	-1.026008
06/12/2025	21:06	-1.027334	-0.9954246	-1.008256	-1.008506	-0.9916522	-1.025075	-0.9936787	-1.010112	-1.013698	-0.9978545	-0.9935323	-0.999	1307	-1.011686	-1.002306	-1.003173	-0.9863175	-1.027334
06/12/2025	21:56	-1.019845	-0.9957358	-1.006231	-1.008194	-0.9908764	-1.023364	-0.9929041	-1.008561	-1.015102	-0.9955224	-0.9952425	-0.998	3544	-1.009821	-1.001682	-0.9992845	-0.9819837	-1.023364
06/12/2025	22:46	-1.020937	-0.9943352	-1.007166	-1.006948	-0.9925832	-1.020875	-0.9924393	-1.008096	-1.012606	-0.9953669	-0.9915112	-0.996	802	-1.018212	-0.9998131	-1.00504	-0.9822932	-1.020937
06/12/2025	23:36	-1.021405	-0.994802	-1.005452	-1.006169	-0.9925832	-	1.022741	-0.993059	-1.009026	-1.012762	-0.9958333	-0.992444	-0.997267	8	-1.009666	-1.00511	-0.9995956	-0.9830671	-1.022741
07/12/2025	00:26	-1.019845	-0.9943352	-1.007166	-1.007104	-0.993359	-	1.021497	-0.9922843	-1.009026	-1.015726	-0.9984764	-0.9929104	-0.9992	859	-1.010443	-1.00215	-0.9997511	-0.985234	-1.021497
07/12/2025	01:16	-1.02359	-0.9954246	-1.007322	-1.007415	-0.9907212	-	1.026786	-0.9936787	-1.007475	-1.012762	-0.9945896	-0.9918221	-0.9964	916	-1.007335	-1.001215	-0.9981956	-0.9829123	-1.026786
07/12/2025	02:06	-1.021717	-0.9954246	-1.008412	-1.006481	-0.9913419	-1.024141	-0.9936787	-1.010422	-1.012294	-0.9952114	-0.9929104	-0.998	044	-1.010287	-1.002617	-1.014684	-0.9829123	-1.024141
07/12/2025	02:56	-1.018753	-0.9937126	-1.006387	-1.006792	-0.9899454	-1.021497	-0.9918195	-1.00794	-1.011358	-0.9970771	-0.992444	-0.99618	11	-1.010753	-0.9999688	-0.996329	-0.9821384	-1.021497
07/12/2025	03:46	-1.018597	-0.9938683	-1.005297	-1.006013	-0.9891696	-1.021964	-0.9922843	-1.009336	-1.01245	-0.9945896	-0.992755	-0.99571	54	-1.00749	-1.00028	-0.9964846	-0.9813645	-1.021964
07/12/2025	04:36	-1.016881	-0.9921564	-1.004829	-1.005079	-0.9882386	-1.021186	-0.9950731	-1.007475	-1.013854	-0.9945896	-0.9913557	-0.995	5601	-1.00951	-0.9998131	-0.9950846	-0.9819837	-1.021186
07/12/2025	05:26	-1.018129	-0.993557	-1.005141	-1.005546	-0.9901005	-	1.019942	-0.9921294	-1.007475	-1.012606	-0.9953669	-0.9913557	-0.9968	02	-1.007801	-1.001215	-1.000062	-0.9812098	-1.019942
07/12/2025	06:16	-1.022029	-0.9955802	-1.010282	-1.007883	-0.9907212	-1.022741	-0.9952281	-1.011973	-1.016819	-0.9984764	-0.995709	-0.9992	859	-1.016348	-1.003084	-0.9992845	-0.9839958	-1.022741
07/12/2025	07:06	-1.017817	-0.9938683	-1.00701	-1.007727	-0.9908764	-	1.023053	-0.995383	-1.008561	-1.013542	-0.9959888	-0.9919776	-0.99711	25	-1.009821	-1.001838	-1.005351	-0.9846149	-1.023053
07/12/2025	07:56	-1.023434	-0.9955802	-1.006231	-1.008194	-0.9910315	-1.02383	-0.9946083	-1.012128	-1.013698	-0.9975435	-0.9929104	-0.9981	992	-1.010598	-1.001059	-1.003795	-0.983841	-1.02383
07/12/2025	08:46	-1.020001	-0.9949577	-1.007789	-1.006636	-0.9911867	-1.02383	-0.9936787	-1.009646	-1.01401	-0.9955224	-0.9936878	-0.99882	02	-1.012773	-1.001527	-1.004884	-0.9856984	-1.02383
07/12/2025	09:36	-1.021561	-0.9979146	-1.009191	-1.011621	-0.9939796	-1.024764	-0.9973971	-1.013213	-1.018691	-0.9975435	-0.9963308	-0.998	9754	-1.010443	-1.002461	-1.006595	-0.9853888	-1.024764
07/12/2025	10:26	-1.022185	-0.9991596	-1.010905	-1.010687	-0.9944451	-1.024297	-0.9956929	-1.010422	-1.017599	-1.000808	-0.9977301	-1.0016	15	-1.013706	-1.005733	-1.003484	-0.9897226	-1.024297
07/12/2025	11:16	-1.024682	-0.9957358	-1.007633	-1.007571	-0.99429	-1	.024141	-0.9950731	-1.009336	-1.01557	-0.9970771	-0.9933769	-0.998354	4	-1.014794	-1.004019	-1.010017	-0.9844601	-1.024682
07/12/2025	12:06	-1.022654	-0.9974477	-1.007322	-1.010064	-0.993359	-	1.024141	-0.9960027	-1.010577	-1.01635	-0.9994092	-0.9947761	-1.00006	2	-1.01728	-1.004798	-1.011573	-0.99158	-1.024141
07/12/2025	12:56	-1.026086	-0.9963583	-1.009191	-1.009752	-0.9941348	-1.023208	-0.9946083	-1.011197	-1.018379	-0.9967662	-0.9949316	-1.000	062	-1.014949	-1.008381	-1.008773	-0.9843053	-1.026086
07/12/2025	13:46	-1.024838	-0.9983815	-1.007322	-1.006481	-0.9921177	-1.021653	-0.9950731	-1.008716	-1.015102	-0.9966107	-0.9938433	-0.999	2859	-1.014949	-1.004175	-1.021373	-0.9846149	-1.024838
07/12/2025	14:36	-1.02437	-0.9982258	-1.007478	-1.006636	-0.9919625	-	1.023675	-0.9944534	-1.010887	-1.014322	-0.9983209	-0.9932214	-0.9992	859	-1.012307	-1.005733	-1.003018	-0.9841506	-1.02437
07/12/2025	15:26	-1.019689	-0.9969808	-1.007322	-1.006948	-0.9918073	-1.02383	-0.9941435	-1.010422	-1.014166	-0.9964552	-0.9936878	-0.9999	069	-1.014794	-1.005577	-1.007062	-0.9853888	-1.02383
07/12/2025	16:16	-1.022966	-0.9968252	-1.007945	-1.007104	-0.9919625	-1.024919	-0.9956929	-1.009801	-1.01635	-0.9984764	-0.9938433	-1.0013	04	-1.014483	-1.005889	-1.009706	-0.9844601	-1.024919
07/12/2025	17:06	-1.023278	-0.9985371	-1.008101	-1.00835	-0.9961519	-	1.024919	-0.9946083	-1.010112	-1.018691	-0.9998756	-0.9958644	-1.0002	17	-1.013706	-1.007758	-1.006595	-0.9847697	-1.024919
07/12/2025	17:56	-1.022654	-0.999004	-1.009035	-1.008194	-0.9946003	-	1.026008	-0.9970873	-1.010732	-1.019315	-0.9981654	-0.9955535	-1.0061	16	-1.016037	-1.006667	-1.00644	-0.9856984	-1.026008
07/12/2025	18:46	-1.021405	-0.999004	-1.006854	-1.007883	-0.993359	-1	.024608	-0.9933689	-1.010887	-1.015102	-0.9966107	-0.9941542	-0.99882	02	-1.016037	-1.003552	-1.002395	-0.9850792	-1.024608
07/12/2025	19:36	-1.032483	-1.00803	-1.017915	-1.016139	-1.000807	-1.	035963	-1.006848	-1.028102	-1.026179	-1.006095	-1.004882	-1.012016	-1.	022874	-1.011029	-1.017328	-0.9962234	-1.035963
07/12/2025	20:26	-1.022966	-0.9957358	-1.007633	-1.007727	-0.9941348	-1.022897	-0.995383	-1.010577	-1.013698	-0.9969216	-0.9943097	-0.9992	859	-1.013395	-1.003552	-1.001151	-0.9849245	-1.022966
07/12/2025	21:16	-1.025306	-0.994802	-1.006387	-1.007883	-0.9910315	-	1.023986	-0.9946083	-1.011973	-1.01479	-0.9961443	-0.9932214	-0.99850	97	-1.011064	-1.003084	-1.000373	-0.983841	-1.025306
07/12/2025	22:06	-1.024526	-1.003673	-1.011684	-1.010064	-0.9981691	-	1.027252	-0.9984817	-1.010422	-1.020407	-0.9986318	-0.9966418	-1.0045	64	-1.020543	-1.00807	-1.003329	-0.9874009	-1.027252
07/12/2025	22:56	-1.022654	-0.9941795	-1.007166	-1.008973	-0.9910315	-1.025541	-0.9925942	-1.009491	-1.013698	-0.9967662	-0.9925995	-0.998	044	-1.00951	-1.002306	-0.9992845	-0.9847697	-1.025541
07/12/2025	23:46	-1.02359	-0.9954246	-1.006076	-1.006481	-0.9911867	-	1.024608	-0.9961577	-1.011197	-1.014322	-0.9956779	-0.9929104	-1.0000	62	-1.01153	-1.001059	-0.9995956	-0.9827576	-1.024608
08/12/2025	00:36	-1.022654	-0.9954246	-1.008101	-1.006792	-0.9918073	-1.023519	-0.9922843	-1.009801	-1.013386	-0.9955224	-0.9935323	-0.997	1125	-1.010132	-1.001215	-1.003795	-0.983841	-1.023519
08/12/2025	01:26	-1.019689	-0.9951133	-1.007322	-1.006948	-0.990566	-	1.021653	-0.9922843	-1.009181	-1.011358	-0.9969216	-0.9916667	-0.9969	573	-1.009821	-1.001371	-1.001618	-0.9827576	-1.021653
08/12/2025	02:16	-1.025306	-0.9934014	-1.00592	-1.006169	-0.9894799	-	1.024919	-0.993059	-1.009026	-1.013698	-0.9958333	-0.9916667	-0.99695	73	-1.019455	-1.000748	-1.001618	-0.982448	-1.025306
08/12/2025	03:06	-1.026866	-1.011299	-1.01994	-1.017853	-1.01353	-1.0	29119	-1.01475	-1.020037	-1.025555	-1.014335	-1.006437	-1.016983	-1.02	7536	-1.012276	-1.039572	-0.9923539	-1.039572
08/12/2025	03:56	-1.017661	-0.9937126	-1.005452	-1.006481	-0.9897902	-1.020875	-0.9910449	-1.007785	-1.012138	-0.9953669	-0.9919776	-0.997	1125	-1.006713	-0.9990341	-0.9991289	-0.9827576	-1.020875
08/12/2025	04:46	-1.017973	-0.9927789	-1.004829	-1.006013	-0.9896351	-1.020097	-0.990735	-1.007785	-1.012918	-0.9936567	-0.9916667	-0.9958	706	-1.011686	-0.9999688	-1.007995	-0.9819837	-1.020097
08/12/2025	05:36	-1.019065	-0.9943352	-1.007166	-1.007415	-0.9919625	-1.024608	-0.9941435	-1.012283	-1.014322	-0.9958333	-0.9960199	-0.999	1307	-1.01153	-1.002461	-1.014373	-0.9832219	-1.024608
08/12/2025	06:26	-1.025306	-0.9955802	-1.007633	-1.010375	-0.9938245	-1.023053	-0.9972422	-1.011663	-1.015882	-0.9983209	-0.9943097	-1.001	459	-1.016969	-1.003396	-1.019195	-0.9880201	-1.025306
08/12/2025	07:16	-1.025618	-1.00305	-1.015111	-1.016918	-0.9972381	-1	.032541	-1.000031	-1.014299	-1.018067	-1.00143	-0.9978856	-1.004409	-1	.017125	-1.011029	-1.025884	-0.99158	-1.032541
08/12/2025	08:06	-1.024214	-0.997759	-1.007945	-1.009596	-0.9928935	-	1.026008	-0.9950731	-1.014764	-1.014166	-0.9955224	-0.9943097	-0.9994	411	-1.014794	-1.004798	-1.021217	-0.9858531	-1.026008
08/12/2025	08:16	-1.02437	-1.007097	-1.01293	-1.011621	-0.9977036	-1.	02803	-0.9994113	-1.010887	-1.019471	-0.9990983	-0.9974192	-1.00829	-1	.02334	-1.011808	-1.015617	-0.9872462	-1.02803
08/12/2025	08:26	-1.032483	-1.001338	-1.010905	-1.014425	-0.9975484	-	1.030208	-1.009327	-1.021743	-1.019471	-1.008582	-0.9994403	-1.007048	-1.019455	-1.010562	-1.056682	-1.001486	-1.056682
08/12/2025	08:36	-1.02671	-0.9962027	-1.006699	-1.00835	-0.9918073	-1	.023053	-0.993059	-1.012128	-1.01479	-0.9989428	-0.9932214	-0.9991307	-1.012929	-1.005265	-1.014995	-0.9849245	-1.02671
08/12/2025	08:46	-1.024682	-0.9976033	-1.009503	-1.008973	-0.991497	-	1.022741	-0.9939886	-1.009181	-1.018379	-0.9964552	-0.9946206	-1.0000	62	-1.018057	-1.003708	-1.003484	-0.9835315	-1.024682
08/12/2025	08:56	-1.02359	-0.9963583	-1.008101	-1.007571	-0.9922728	-	1.023675	-0.9952281	-1.009801	-1.015258	-0.9966107	-0.9933769	-1.0013	04	-1.017902	-1.003552	-1.015462	-0.9853888	-1.023675
08/12/2025	09:06	-1.024214	-0.9957358	-1.008101	-1.010375	-0.991497	-	1.027252	-0.9949182	-1.009957	-1.014634	-0.9967662	-0.9952425	-0.9981	992	-1.012307	-1.005265	-1.005351	-0.9880201	-1.027252
08/12/2025	09:16	-1.047772	-1.000093	-1.01293	-1.018632	-1.002514	-1.	039852	-1.009017	-1.019262	-1.023215	-1.004073	-0.9966418	-1.002856	-1	.045251	-1.009316	-1.021373	-0.9908061	-1.047772
08/12/2025	09:26	-1.022029	-0.9966696	-1.00701	-1.008973	-0.9947555	-	1.023519	-0.9939886	-1.009646	-1.016663	-0.9986318	-0.9950871	-1.0002	17	-1.014017	-1.004487	-1.007529	-0.9898774	-1.023519
08/12/2025	09:36	-1.019845	-0.9969808	-1.008412	-1.007727	-0.9925832	-1.023986	-0.9963126	-1.009801	-1.014634	-0.9967662	-0.9933769	-0.999	4411	-1.01355	-1.004331	-1.012506	-0.9881748	-1.023986
08/12/2025	09:46	-1.028426	-0.9958914	-1.012151	-1.008038	-0.9938245	-1.026008	-0.9964675	-1.010732	-1.014166	-0.9970771	-0.9952425	-1.000	373	-1.032664	-1.00916	-1.041283	-0.9903418	-1.041283
08/12/2025	09:56	-1.025462	-0.9969808	-1.010282	-1.007883	-0.993359	-	1.024452	-0.9961577	-1.010732	-1.016194	-0.9973881	-0.9946206	-1.0003	73	-1.018368	-1.012276	-1.014995	-0.9875557	-1.025462
08/12/2025	10:06	-1.022654	-0.9976033	-1.008412	-1.008194	-0.9918073	-1.026164	-0.9956929	-1.012283	-1.015258	-0.997699	-0.9947761	-1.0014	59	-1.015881	-1.004487	-1.007062	-0.9877105	-1.026164
08/12/2025	10:16	-1.022341	-0.997759	-1.007633	-1.007259	-0.9919625	-	1.025075	-0.9961577	-1.017711	-1.018067	-0.9975435	-0.9939988	-1.0009	94	-1.014638	-1.014145	-1.021684	-0.9900322	-1.025075
08/12/2025	10:26	-1.025774	-0.997759	-1.008568	-1.010219	-0.992428	-1	.024608	-0.9970873	-1.011973	-1.017287	-0.997699	-0.9941542	-0.999596	4	-1.026448	-1.007135	-1.023084	-0.9872462	-1.026448
08/12/2025	10:36	-1.030298	-1.003206	-1.014332	-1.014581	-0.9986346	-	1.02943	-0.9997211	-1.013989	-1.021655	-1.000187	-0.9992848	-1.007358	-1.020543	-1.008848	-1.007373	-0.9903418	-1.030298
08/12/2025	10:46	-1.023902	-0.9965139	-1.007478	-1.009908	-0.9958416	-1.024297	-0.9973971	-1.012593	-1.018535	-1.000031	-0.9966418	-1.0016	15	-1.018057	-1.0062	-1.018262	-0.9875557	-1.024297
08/12/2025	10:56	-1.023902	-0.9986927	-1.00888	-1.009285	-0.9927383	-	1.023364	-0.9961577	-1.010422	-1.017287	-0.9967662	-0.9952425	-0.9997	516	-1.015881	-1.007135	-1.00364	-0.9898774	-1.023902
08/12/2025	11:06	-1.024058	-0.9971365	-1.008412	-1.008662	-0.9939796	-1.02523	-0.9949182	-1.011042	-1.017131	-0.997699	-0.9952425	-0.99975	16	-1.016814	-1.006356	-1.011417	-0.9883296	-1.02523
08/12/2025	11:16	-1.026866	-0.9974477	-1.008724	-1.010687	-0.9930487	-1.025697	-0.995383	-1.012283	-1.016038	-0.997699	-0.9963308	-1.00192	5	-1.018212	-1.004331	-1.003018	-0.990187	-1.026866
08/12/2025	11:26	-1.026086	-0.999004	-1.009191	-1.008194	-0.99429	-1.	024764	-0.9952281	-1.011042	-1.015882	-0.9984764	-0.9952425	-1.000528	-1.013861	-1.004642	-1.01344	-0.9864723	-1.026086
08/12/2025	12:16	-1.02281	-0.9991596	-1.007945	-1.008506	-0.9928935	-	1.026008	-0.995383	-1.010732	-1.014166	-0.9970771	-0.9964863	-0.99913	07	-1.020543	-1.002773	-1.019039	-0.986627	-1.026008
08/12/2025	13:06	-1.023278	-0.9974477	-1.009191	-1.009596	-0.9932038	-1.025697	-0.9946083	-1.011818	-1.017443	-0.9990983	-0.9967973	-1.002	235	-1.015415	-1.00511	-1.002707	-0.9870914	-1.025697
08/12/2025	13:56	-1.024526	-0.9958914	-1.006387	-1.007104	-0.9922728	-1.023519	-0.9944534	-1.009336	-1.01557	-0.9969216	-0.9941542	-0.9992	859	-1.011375	-1.002929	-1.004262	-0.9839958	-1.024526
08/12/2025	14:46	-1.022341	-0.9971365	-1.006699	-1.013023	-0.9935142	-1.024452	-0.9936787	-1.009336	-1.015258	-0.99801	-0.9932214	-0.99913	07	-1.016658	-1.00511	-1.010329	-0.9892583	-1.024452
08/12/2025	15:36	-1.02359	-1.001183	-1.00997	-1.010064	-0.9946003	-1.	026164	-0.997707	-1.010577	-1.018223	-0.9987873	-0.9985075	-1.001925	-	1.014483	-1.005733	-1.019817	-0.9843053	-1.026164
08/12/2025	16:26	-1.024994	-0.9972921	-1.008256	-1.011466	-0.9958416	-1.026164	-0.9955379	-1.012128	-1.016975	-0.9983209	-0.9943097	-1.000	683	-1.020854	-1.008537	-1.016551	-0.9894131	-1.026164
08/12/2025	17:16	-1.025306	-0.9971365	-1.007478	-1.008662	-0.993359	-	1.023364	-0.9941435	-1.010267	-1.015258	-0.9972326	-0.9941542	-0.9994	411	-1.012773	-1.004331	-1.004729	-0.9861627	-1.025306
08/12/2025	18:06	-1.022498	-0.9976033	-1.008412	-1.006948	-0.992428	-	1.023364	-0.9966225	-1.013058	-1.014946	-0.997699	-0.995398	-1.001149	-1.01122	-1.007446	-1.005662	-0.9875557	-1.023364
08/12/2025	18:56	-1.021561	-0.9972921	-1.008412	-1.009285	-0.9938245	-1.023675	-0.9956929	-1.011507	-1.016038	-0.9973881	-0.9939988	-1.001	77	-1.01526	-1.002617	-1.00224	-0.9863175	-1.023675
08/12/2025	19:46	-1.022029	-0.997759	-1.008724	-1.008973	-0.9928935	-	1.024297	-0.9936787	-1.010267	-1.01479	-0.997699	-0.9958644	-0.999596	4	-1.012773	-1.002929	-1.001462	-0.983841	-1.024297
08/12/2025	20:36	-1.025462	-1.011921	-1.01885	-1.016295	-1.007013	-1.	030519	-1.015214	-1.019107	-1.041157	-1.018532	-1.010323	-1.015276	-1.	017435	-1.024894	-1.009395	-0.9906513	-1.041157
08/12/2025	21:26	-1.021717	-0.9955802	-1.006699	-1.007571	-0.9928935	-1.022275	-0.9946083	-1.009957	-1.01401	-0.9955224	-0.9933769	-0.9989	754	-1.010287	-1.006667	-0.99944	-0.9835315	-1.022275
08/12/2025	22:16	-1.02437	-0.9965139	-1.007945	-1.007571	-0.9907212	-	1.023519	-0.9941435	-1.011663	-1.013698	-0.9961443	-0.9938433	-0.9981	992	-1.010287	-1.001371	-1.002551	-0.9850792	-1.02437
08/12/2025	23:06	-1.02593	-0.9943352	-1.006387	-1.006948	-0.991497	-1	.023208	-0.995383	-1.009957	-1.014166	-0.9959888	-0.9930659	-0.998354	4	-1.015415	-1.001838	-1.013595	-0.9836862	-1.02593
09/12/2025	09:06	-1.029518	-0.9974477	-1.011216	-1.009908	-0.9958416	-1.026008	-1.000341	-1.01554	-1.016506	-1.002519	-0.9960199	-1.004564	-1.027381	-1.008693	-1.008929	-0.990187	-1.029518
09/12/2025	09:56	-1.032483	-1.007719	-1.020563	-1.02424	-1.00391	-1.0	31608	-1.002975	-1.013834	-1.028832	-1.006716	-1.002861	-1.007824	-1.0	17125	-1.015547	-1.017639	-0.9928182	-1.032483
09/12/2025	10:46	-1.027334	-1.000093	-1.011995	-1.016762	-0.9991	-1.0	3083	-1.00282	-1.017556	-1.020251	-1.006405	-1.003172	-1.004098	-1.014	794	-1.008537	-1.01795	-0.9867818	-1.03083
09/12/2025	11:36	-1.031858	-1.012232	-1.016825	-1.019878	-1.000497	-1	.033008	-1.003904	-1.01585	-1.029768	-1.009981	-1.005659	-1.012637	-1.	023807	-1.012743	-1.027439	-0.9973068	-1.033008
09/12/2025	12:26	-1.026086	-1.004762	-1.011216	-1.009596	-0.9963071	-	1.02663	-1.00189	-1.017401	-1.017599	-1.002674	-1.00115	-1.005806	-1.0	34684	-1.011029	-1.033039	-0.9911157	-1.034684
09/12/2025	13:16	-1.031858	-1.003984	-1.01293	-1.012089	-0.9959968	-1	.028497	-1.003749	-1.013524	-1.019783	-1.003762	-1.000995	-1.005961	-1	.021631	-1.012899	-1.012351	-0.9969973	-1.031858
09/12/2025	14:06	-1.031702	-1.013166	-1.017292	-1.015516	-0.9986346	-	1.030674	-1.003749	-1.018797	-1.020407	-1.003296	-0.9997512	-1.010308	-1.030955	-1.01508	-1.017328	-0.9925087	-1.031702
09/12/2025	14:56	-1.032327	-1.013477	-1.018382	-1.023461	-1.0036	-1.0	3503	-1.004679	-1.017866	-1.027896	-1.00796	-1.007836	-1.008135	-1.021	942	-1.015236	-1.012351	-0.9880201	-1.03503
09/12/2025	15:46	-1.02437	-1.002895	-1.009659	-1.011777	-0.995221	-1.	02663	-0.9955379	-1.011818	-1.017755	-0.9992537	-0.998041	-1.003322	-1	.019145	-1.006512	-1.009084	-0.9870914	-1.02663
09/12/2025	16:36	-1.029362	-1.008653	-1.01994	-1.018943	-1.004996	-1.	034719	-1.00158	-1.020813	-1.02852	-1.006405	-1.009701	-1.019157	-1.02	5982	-1.024583	-1.036305	-0.9900322	-1.036305
09/12/2025	17:26	-1.021717	-1.000249	-1.009347	-1.010842	-0.99429	-1.	026008	-0.9964675	-1.012593	-1.019939	-0.9983209	-0.9960199	-1.000683	-1.0193	-1.006667	-1.01344	-0.9875557	-1.026008
09/12/2025	18:16	-1.028582	-1.00554	-1.020875	-1.013958	-0.9994104	-1	.030208	-1.01289	-1.017866	-1.02774	-1.005006	-1.003638	-1.010308	-1.0	23496	-1.04094	-1.010795	-0.9925087	-1.04094
09/12/2025	19:06	-1.025462	-0.9974477	-1.007322	-1.008973	-0.9935142	-1.025075	-0.9944534	-1.010267	-1.015258	-0.9962998	-0.9950871	-0.998	8202	-1.013084	-1.001994	-1.001307	-0.9877105	-1.025462
09/12/2025	19:56	-1.031234	-1.001805	-1.017759	-1.018632	-0.9980139	-	1.030674	-0.9986366	-1.016935	-1.019159	-1.005317	-0.9988184	-1.00704	8	-1.023496	-1.012899	-1.018262	-0.9963782	-1.031234
09/12/2025	20:46	-1.023278	-0.9963583	-1.00888	-1.009908	-0.9908764	-	1.024764	-0.995383	-1.009957	-1.014322	-0.9966107	-0.9949316	-0.99835	44	-1.011686	-1.002617	-1.004262	-0.9839958	-1.024764
09/12/2025	21:36	-1.024838	-0.9952689	-1.007478	-1.007727	-0.9918073	-1.023675	-0.9936787	-1.009181	-1.013854	-0.9966107	-0.9941542	-0.998	6649	-1.010132	-1.003863	-1.002084	-0.9839958	-1.024838
09/12/2025	22:26	-1.022029	-0.9955802	-1.006076	-1.006948	-0.9911867	-1.023208	-0.9916646	-1.009026	-1.014478	-0.9967662	-0.9936878	-0.998	5097	-1.012929	-1.00215	-1.002551	-0.9833767	-1.023208
09/12/2025	23:16	-1.021873	-0.9952689	-1.008412	-1.007415	-0.9919625	-1.022119	-0.993059	-1.008561	-1.014322	-0.9953669	-0.9921331	-0.9981	992	-1.009976	-1.001527	-1.001151	-0.9847697	-1.022119
10/12/2025	00:06	-1.021249	-0.994802	-1.006387	-1.006792	-0.9908764	-	1.021964	-0.9925942	-1.008561	-1.012138	-0.9967662	-0.9915112	-0.9991	307	-1.01324	-1.001215	-1.002551	-0.983841	-1.021964
10/12/2025	00:56	-1.018909	-1.005229	-1.012307	-1.0124	-0.9969278	-1.	026786	-1.000496	-1.017091	-1.023371	-1.000342	-1.001772	-1.007979	-1.	016814	-1.023336	-1.001773	-0.9880201	-1.026786
10/12/2025	01:46	-1.017973	-0.9949577	-1.005764	-1.007259	-0.9893247	-1.021808	-0.9924393	-1.008096	-1.012294	-0.9961443	-0.9916667	-0.997	5782	-1.008733	-1.003552	-1.000062	-0.9833767	-1.021808
10/12/2025	02:36	-1.013761	-0.9913782	-1.003271	-1.003676	-0.9879283	-1.01823	-0.9894955	-1.0067	-1.01089	-0.9933458	-0.9907338	-0.9950944	-1.005315	-0.9976321	-0.9924403	-0.9804359	-1.01823
10/12/2025	03:26	-1.017349	-0.9932458	-1.004362	-1.00539	-0.9888592	-	1.02103	-0.9910449	-1.00794	-1.012762	-0.9939677	-0.9910448	-0.996491	6	-1.008733	-1.000125	-1.000373	-0.9816741	-1.02103
10/12/2025	04:16	-1.015009	-0.9937126	-1.00405	-1.005702	-0.9896351	-	1.020097	-0.9921294	-1.007785	-1.013854	-0.9941231	-0.992755	-0.99788	87	-1.006558	-0.9993457	-0.9943069	-0.9815193	-1.020097
10/12/2025	05:06	-1.035759	-1.024216	-1.0229	-1.0272	-1.01322	-1.0459	18	-1.008552	-1.018486	-1.025399	-1.014179	-1.005037	-1.016828	-1.0325	09	-1.011029	-1.013751	-0.9956043	-1.045918
10/12/2025	05:56	-1.025306	-1.001027	-1.020563	-1.014581	-0.9992552	-	1.030363	-1.00313	-1.027636	-1.042093	-1.009049	-1.011256	-1.032818	-1	.013706	-1.007135	-0.9992845	-0.9846149	-1.042093
10/12/2025	06:46	-1.02983	-1.009587	-1.020096	-1.024084	-1.000341	-1.	030674	-1.003594	-1.018486	-1.02696	-1.005317	-1.002705	-1.015897	-1.0	20077	-1.0062	-1.023861	-0.9914252	-1.030674
10/12/2025	07:36	-1.025774	-0.9966696	-1.008568	-1.012556	-0.9956864	-1.026008	-0.9973971	-1.011352	-1.017443	-0.99801	-0.995398	-1.001149	-1.013861	-1.006823	-1.014839	-0.988794	-1.026008
10/12/2025	08:26	-1.036227	-1.024216	-1.024614	-1.022682	-1.017409	-1	.03783	-1.004834	-1.021743	-1.03164	-1.01278	-1.003949	-1.016983	-1.03	6238	-1.026296	-1.042216	-0.99158	-1.042216
10/12/2025	09:16	-1.02671	-1.00305	-1.01885	-1.016606	-1.001893	-1.03	3474	-0.9972422	-1.01616	-1.026648	-1.002985	-1.00768	-1.015431	-1.018	989	-1.015703	-1.037083	-0.9889487	-1.037083
10/12/2025	10:06	-1.034199	-1.009275	-1.019629	-1.021124	-1.011668	-1	.046696	-1.009947	-1.018331	-1.034292	-1.010603	-1.005348	-1.007514	-1	.026137	-1.017572	-1.020906	-0.9974616	-1.046696
10/12/2025	10:56	-1.035915	-1.019236	-1.024769	-1.030315	-1.010582	-1	.047163	-1.024355	-1.029032	-1.037725	-1.016667	-1.013899	-1.019157	-1	.044474	-1.027698	-1.017328	-1.004427	-1.047163
10/12/2025	11:46	-1.068054	-1.040868	-1.057795	-1.075492	-1.046115	-1	.091806	-1.041553	-1.066563	-1.109024	-1.050715	-1.04375	-1.06666	-1.0	3515	-1.040005	-1.025261	-1.003034	-1.109024
10/12/2025	12:36	-1.029674	-1.009431	-1.015578	-1.015204	-1.005617	-1	.029119	-1.003749	-1.019107	-1.034916	-1.007494	-1.008147	-1.013102	-1	.016969	-1.012743	-1.006595	-0.9875557	-1.034916
10/12/2025	13:26	-1.03061	-1.018146	-1.017603	-1.019722	-1.012134	-1.	032697	-1.008088	-1.017246	-1.032576	-1.015734	-1.006903	-1.020243	-1.	0193	-1.010406	-1.021839	-0.9908061	-1.032697
10/12/2025	14:16	-1.035759	-1.001805	-1.017292	-1.013491	-1.003289	-1	.031141	-1.00158	-1.017556	-1.018223	-1.002363	-0.9977301	-1.00534	-1.	022097	-1.012899	-1.010951	-0.9921991	-1.035759
10/12/2025	15:06	-1.035915	-1.002583	-1.013553	-1.012712	-1.002203	-1	.028808	-1.002355	-1.014764	-1.021655	-1.00143	-0.9988184	-1.007979	-1	.023185	-1.013522	-1.008773	-0.9935921	-1.035915
10/12/2025	15:56	-1.024838	-1.004295	-1.017603	-1.01536	-0.9973932	-1	.029275	-1.000341	-1.017401	-1.023215	-1.006095	-1.017786	-1.014344	-1	.025671	-1.015236	-1.012506	-0.9869366	-1.029275
10/12/2025	16:46	-1.029362	-1.006474	-1.013397	-1.015204	-1.000497	-1	.029741	-1.005144	-1.019107	-1.020875	-1.000498	-0.9988184	-1.009377	-	1.036549	-1.011185	-1.012817	-0.9895679	-1.036549
10/12/2025	17:36	-1.034199	-1.016123	-1.022121	-1.020657	-1.009341	-1	.037985	-1.005144	-1.021588	-1.041937	-1.0176	-1.013277	-1.017294	-1.0	25982	-1.023648	-1.008462	-0.9897226	-1.041937
10/12/2025	18:26	-1.023434	-0.9952689	-1.007789	-1.007259	-0.9925832	-1.024764	-0.9949182	-1.010422	-1.013542	-0.9964552	-0.9944652	-0.999	7516	-1.012463	-1.002617	-1.003018	-0.985234	-1.024764
10/12/2025	19:16	-1.050268	-1.024527	-1.028664	-1.041064	-1.009962	-1	.042496	-1.01444	-1.017711	-1.032576	-1.012469	-1.03209	-1.021951	-1.0	32353	-1.028477	-1.021217	-0.9985451	-1.050268
10/12/2025	20:06	-1.023434	-0.9952689	-1.007789	-1.008662	-0.9932038	-1.023364	-0.9950731	-1.009646	-1.014322	-0.9967662	-0.9938433	-0.999	7516	-1.009821	-1.002461	-1.002862	-0.9835315	-1.023434
10/12/2025	20:56	-1.021093	-0.9949577	-1.00592	-1.006013	-0.9908764	-	1.022741	-0.9932139	-1.010887	-1.013074	-0.9966107	-0.9922886	-0.9972	678	-1.015571	-1.000436	-1.001462	-0.9830671	-1.022741
10/12/2025	21:46	-1.022654	-0.9946464	-1.006076	-1.008038	-0.9901005	-1.02103	-0.9925942	-1.008871	-1.013854	-0.9949005	-0.9929104	-0.9978	887	-1.014638	-1.001838	-0.99944	-0.9826028	-1.022654
10/12/2025	22:36	-1.023902	-0.9951133	-1.006699	-1.006481	-0.9911867	-1.022586	-0.9922843	-1.009646	-1.013074	-0.9956779	-0.9925995	-0.998	5097	-1.00951	-1.001527	-0.9988178	-0.9827576	-1.023902
10/12/2025	23:26	-1.030454	-0.9971365	-1.013086	-1.010531	-0.99429	-1	.023208	-0.995383	-1.009801	-1.014322	-0.9966107	-0.9944652	-1.000528	-1.013395	-1.002617	-1.001462	-0.9847697	-1.030454
11/12/2025	00:16	-1.023278	-1.000716	-1.010126	-1.013647	-0.9973932	-	1.027719	-1.00251	-1.022984	-1.027896	-1.001741	-1.004571	-1.00534	-1.	021631	-1.007446	-1.003018	-0.9880201	-1.027896
11/12/2025	01:06	-1.018597	-0.9941795	-1.005608	-1.00835	-0.9891696	-	1.021186	-0.993059	-1.010577	-1.012606	-0.9939677	-0.9921331	-0.99804	4	-1.010443	-1.002929	-0.9983512	-0.9815193	-1.021186
11/12/2025	01:56	-1.014853	-0.9934014	-1.005764	-1.006481	-0.991497	-	1.020097	-0.9929041	-1.007785	-1.014322	-0.9966107	-0.9947761	-1.0002	17	-1.008112	-1.000436	-0.9960179	-0.982448	-1.020097
11/12/2025	02:46	-1.016101	-0.9915339	-1.003583	-1.003365	-0.9890144	-1.01823	-0.9908899	-1.006234	-1.01089	-0.9941231	-0.9907338	-0.99509	44	-1.008889	-1.002617	-0.9922847	-0.9805906	-1.01823
11/12/2025	03:36	-1.017661	-0.9968252	-1.005141	-1.006792	-0.9897902	-1.021497	-0.9932139	-1.009801	-1.011514	-0.9942786	-0.9921331	-0.998	3544	-1.007801	-1.00028	-1.000996	-0.9813645	-1.021497
11/12/2025	04:26	-1.025306	-1.004295	-1.011216	-1.014425	-0.9970829	-	1.027875	-0.9989465	-1.012438	-1.021187	-1.00143	-1.001772	-1.007048	-	1.019145	-1.009627	-1.002707	-0.9892583	-1.027875
11/12/2025	05:16	-1.033263	-1.006163	-1.012774	-1.01131	-1.004531	-1.	028808	-0.9975521	-1.014609	-1.018691	-1.001741	-0.9960199	-1.005806	-	1.016348	-1.007291	-1.008929	-0.9906513	-1.033263
11/12/2025	06:06	-1.029986	-0.9976033	-1.008724	-1.01131	-0.9978587	-	1.023519	-0.9967774	-1.014609	-1.021031	-0.9990983	-0.9950871	-1.0023	91	-1.013395	-1.004642	-1.014062	-0.9855436	-1.029986
11/12/2025	06:56	-1.029206	-1.008186	-1.01885	-1.010064	-0.9981691	-1	.028963	-1.004059	-1.015695	-1.018379	-1.00143	-0.9991294	-1.007358	-1	.017746	-1.009316	-1.02215	-0.9983903	-1.029206
11/12/2025	07:46	-1.036227	-1.010832	-1.018227	-1.012712	-1.000341	-1	.03083	-1.00158	-1.018797	-1.025867	-1.001586	-1.003016	-1.009532	-1.0	26914	-1.019286	-1.040194	-0.9946756	-1.040194
11/12/2025	08:36	-1.042468	-1.016434	-1.027106	-1.031094	-1.019892	-1	.043118	-1.007623	-1.022364	-1.038661	-1.008427	-1.011256	-1.028161	-1	.025205	-1.012743	-1.022306	-0.9980807	-1.043118
11/12/2025	09:26	-1.031546	-1.001183	-1.011684	-1.015983	-0.9994104	-	1.027719	-1.00127	-1.01678	-1.018067	-1.00283	-0.9988184	-1.002701	-1.	025827	-1.012276	-1.022773	-0.9934373	-1.031546
11/12/2025	10:16	-1.02983	-1.002583	-1.016046	-1.015672	-1.002203	-1.	032852	-1.012116	-1.018641	-1.027584	-1.003762	-1.001928	-1.009532	-1.	025982	-1.015859	-1.015928	-0.9935921	-1.032852
11/12/2025	11:06	-1.03139	-0.9997821	-1.011684	-1.010219	-0.9959968	-	1.026008	-0.9960027	-1.011042	-1.018847	-0.9986318	-0.9986629	-1.0027	01	-1.01728	-1.005889	-1.00644	-0.9860079	-1.03139
11/12/2025	11:56	-1.032014	-1.003206	-1.018382	-1.015516	-1.001893	-1	.034097	-1.008552	-1.024225	-1.023215	-1.008738	-1.003949	-1.00829	-1.	021476	-1.015703	-1.033194	-1.010463	-1.034097
11/12/2025	12:48	-1.025306	-0.9986927	-1.013086	-1.009908	-0.9975484	-1.02523	-0.9997211	-1.014609	-1.017911	-1.00283	-0.9986629	-1.003322	-1.018834	-1.013833	-1.021061	-0.9880201	-1.025306
11/12/2025	13:28	-1.028894	-1.011921	-1.01293	-1.012556	-1.002514	-1.	028186	-1.001116	-1.016315	-1.044121	-1.008738	-1.005815	-1.013102	-1.	019455	-1.015703	-1.024795	-0.9892583	-1.044121
11/12/2025	14:53	-1.034355	-0.9993152	-1.009347	-1.010842	-0.9941348	-1.029119	-0.9955379	-1.011973	-1.01635	-1.001897	-0.9955535	-1.00285	6	-1.040745	-1.006044	-1.010329	-0.9861627	-1.040745
11/12/2025	15:43	-1.024682	-1.002583	-1.014799	-1.016762	-0.9978587	-	1.026319	-1.00158	-1.015385	-1.027116	-1.002052	-1.003794	-1.005961	-1	.02334	-1.008537	-1.005818	-0.9897226	-1.027116
11/12/2025	16:33	-1.029986	-1.01052	-1.017292	-1.01832	-1.007944	-1.0	3223	-1.008088	-1.018797	-1.032732	-1.010292	-1.003638	-1.016052	-1.02	0854	-1.016793	-1.008929	-0.9864723	-1.032732
11/12/2025	17:23	-1.028114	-1.006941	-1.013709	-1.017074	-1.001117	-1	.032541	-1.007778	-1.022519	-1.032888	-1.013868	-1.003949	-1.015276	-1	.022253	-1.013678	-1.006751	-0.9962234	-1.032888
11/12/2025	18:13	-1.022341	-0.9966696	-1.007478	-1.007104	-0.992428	-	1.024141	-0.9955379	-1.009957	-1.01557	-0.9966107	-0.9936878	-0.99959	64	-1.016348	-1.008381	-1.003951	-0.9847697	-1.024141
11/12/2025	19:03	-1.023122	-0.9951133	-1.007789	-1.006948	-0.9907212	-1.02243	-0.9955379	-1.009957	-1.015258	-0.9966107	-0.9932214	-0.9991	307	-1.016348	-1.003708	-1.005351	-0.9870914	-1.023122
11/12/2025	19:53	-1.021873	-0.9958914	-1.008568	-1.008973	-0.9908764	-1.024919	-0.9939886	-1.008716	-1.01401	-0.9958333	-0.992444	-0.99928	59	-1.012152	-1.002773	-1.014217	-0.9847697	-1.024919
11/12/2025	20:43	-1.027334	-0.9983815	-1.008724	-1.009908	-0.9908764	-1.023519	-0.9952281	-1.010267	-1.016194	-0.9978545	-0.995398	-0.9986	649	-1.015726	-1.003552	-1.014684	-0.9897226	-1.027334
11/12/2025	21:33	-1.025306	-0.9997821	-1.005764	-1.008506	-0.9902557	-1.023519	-0.9927491	-1.008251	-1.016194	-0.9972326	-0.9925995	-1.000	994	-1.010132	-1.002773	-1.008617	-0.9839958	-1.025306
11/12/2025	22:23	-1.020937	-0.9941795	-1.007789	-1.007727	-0.9918073	-1.023208	-0.9938337	-1.008871	-1.01323	-0.994745	-0.992444	-0.998664	9	-1.019455	-1.003708	-1.00644	-0.9869366	-1.023208
11/12/2025	23:13	-1.021093	-0.9969808	-1.009035	-1.008194	-0.9899454	-1.02243	-0.9927491	-1.008871	-1.011514	-0.9973881	-0.9925995	-1.0013	04	-1.008733	-1.004487	-1.001151	-0.982448	-1.02243
12/12/2025	00:03	-1.025618	-1.002117	-1.012151	-1.016139	-0.9939796	-	1.031608	-1.00127	-1.013058	-1.016975	-1.000964	-0.9999067	-1.002546	-	1.022253	-1.01804	-1.010484	-0.9903418	-1.031608
12/12/2025	00:53	-1.020157	-1.003517	-1.009347	-1.009129	-0.9953761	-	1.023519	-0.995383	-1.011042	-1.019471	-0.9975435	-0.9958644	-1.00456	4	-1.01153	-1.009939	-1.003329	-0.9836862	-1.023519
12/12/2025	01:43	-1.015633	-0.9924676	-1.00405	-1.004611	-0.9885489	-	1.019942	-0.9908899	-1.00732	-1.011514	-0.9941231	-0.9910448	-0.99587	06	-1.009976	-0.9982552	-0.9964846	-0.9835315	-1.019942
12/12/2025	02:33	-1.020157	-0.9916895	-1.005141	-1.003832	-0.9885489	-1.019008	-0.9929041	-1.006855	-1.010734	-0.9933458	-0.9907338	-0.995	5601	-1.006868	-0.9995015	-0.9944624	-0.9822932	-1.020157
12/12/2025	03:23	-1.017817	-0.9938683	-1.004673	-1.006792	-0.9890144	-1.021653	-0.9899603	-1.006855	-1.011046	-0.994745	-0.9913557	-0.9960	258	-1.008112	-0.9993457	-0.9950846	-0.9807454	-1.021653
12/12/2025	04:13	-1.026554	-1.009431	-1.014332	-1.013179	-1.001428	-1	.037208	-1.004369	-1.017401	-1.026335	-1.002208	-0.9992848	-1.00829	-1	.029556	-1.008225	-1.015617	-0.9945208	-1.037208
12/12/2025	05:03	-1.032483	-1.009742	-1.011684	-1.021591	-1.001272	-1	.029897	-1.006538	-1.022208	-1.021811	-1.005939	-1.003016	-1.006116	-1	.022563	-1.01212	-1.021217	-0.9918895	-1.032483
12/12/2025	05:53	-1.023122	-0.9958914	-1.006231	-1.011466	-0.9913419	-1.023519	-0.9932139	-1.009801	-1.014478	-0.9952114	-0.9933769	-0.999	4411	-1.018989	-1.001838	-1.037394	-0.9864723	-1.037394
12/12/2025	06:43	-1.027022	-0.9966696	-1.008101	-1.008817	-0.9939796	-1.025697	-0.9972422	-1.011818	-1.019315	-0.9990983	-0.9961754	-1.003	322	-1.025516	-1.012587	-1.009862	-0.986627	-1.027022
12/12/2025	07:33	-1.024526	-0.9976033	-1.012774	-1.010998	-0.993359	-	1.024452	-0.995383	-1.012128	-1.016506	-0.9992537	-0.9960199	-1.00083	8	-1.027847	-1.005577	-1.00644	-0.9962234	-1.027847
12/12/2025	08:23	-1.02515	-0.9965139	-1.012307	-1.011154	-0.9936693	-	1.025386	-0.9960027	-1.012438	-1.016194	-0.9983209	-0.9964863	-1.0008	38	-1.020232	-1.006356	-1.012195	-0.9863175	-1.025386
12/12/2025	09:13	-1.027178	-1.006318	-1.013553	-1.016139	-0.9991	-1.0	28963	-0.9991014	-1.014299	-1.021343	-0.9995647	-0.9989739	-1.006272	-	1.025205	-1.00807	-1.018573	-0.9900322	-1.028963
12/12/2025	10:03	-1.042624	-1.026706	-1.023679	-1.02237	-1.014927	-1.	037208	-1.015524	-1.026086	-1.027896	-1.017133	-1.006437	-1.01155	-1.0	5069	-1.02505	-1.017795	-0.9996285	-1.05069
12/12/2025	10:53	-1.033887	-1.006007	-1.013397	-1.013023	-1.002979	-1	.031919	-1.006073	-1.020968	-1.019471	-1.003762	-1.00115	-1.009532	-1.	020077	-1.021311	-1.008773	-0.9956043	-1.033887
12/12/2025	11:43	-1.045588	-1.033865	-1.044242	-1.035456	-1.021599	-1	.056185	-1.021412	-1.031669	-1.054886	-1.022264	-1.02074	-1.044461	-1.	032198	-1.045457	-1.004884	-0.9897226	-1.056185
12/12/2025	12:33	-1.02515	-1.003517	-1.014332	-1.011777	-0.9983242	-1	.028186	-1.006383	-1.015074	-1.022279	-1.00143	-0.9997512	-1.00534	-1.	02132	-1.009004	-1.015928	-0.9982355	-1.028186
12/12/2025	13:23	-1.026554	-0.9974477	-1.014644	-1.009752	-0.9946003	-1.024297	-0.9963126	-1.014919	-1.019315	-1.003762	-0.9971082	-1.0022	35	-1.017591	-1.011497	-1.011884	-1.003653	-1.026554
12/12/2025	14:13	-1.030298	-1.006007	-1.013397	-1.018943	-1.0036	-1.0	39074	-1.016609	-1.018641	-1.019471	-1.005006	-0.9994403	-1.007824	-1.	027381	-1.012587	-1.015306	-0.9952947	-1.039074
12/12/2025	15:03	-1.025774	-1.006163	-1.018538	-1.018008	-1.00422	-1.	033319	-1.011341	-1.01678	-1.037257	-1.009515	-1.006592	-1.015586	-1.0	24739	-1.04094	-1.012973	-0.9894131	-1.04094
12/12/2025	15:53	-1.040439	-1.003984	-1.012618	-1.014114	-0.9963071	-	1.028963	-1.00251	-1.017246	-1.020251	-1.002519	-1.000062	-1.007669	-1	.018368	-1.011808	-1.016862	-0.99158	-1.040439
12/12/2025	16:43	-1.035603	-1.00663	-1.022277	-1.025953	-1.003134	-1.	040785	-1.012735	-1.026396	-1.038193	-1.011381	-1.01592	-1.01776	-1.01	7435	-1.011964	-1.005818	-0.9883296	-1.040785
12/12/2025	17:33	-1.026398	-1.00414	-1.012151	-1.010842	-1.001272	-1.	026475	-1.003285	-1.019417	-1.020875	-1.003762	-0.9989739	-1.009998	-1	.018368	-1.007914	-1.011728	-0.9870914	-1.026475
12/12/2025	18:23	-1.031078	-1.01301	-1.019473	-1.025174	-1.004531	-1.	036741	-1.01351	-1.017556	-1.028364	-1.00625	-1.011723	-1.023193	-1.02	4739	-1.025985	-1.008773	-0.9914252	-1.036741
12/12/2025	19:13	-1.02281	-0.9962027	-1.008568	-1.007571	-0.9927383	-	1.021808	-0.9942985	-1.009491	-1.013386	-0.9953669	-0.9932214	-0.9994	411	-1.015571	-1.001994	-1.00924	-0.9867818	-1.02281
12/12/2025	20:03	-1.022498	-0.9969808	-1.007322	-1.008038	-0.9911867	-1.023519	-0.9942985	-1.009957	-1.01479	-0.9966107	-0.9938433	-0.9995	964	-1.011375	-1.00215	-1.000684	-0.9844601	-1.023519
12/12/2025	20:53	-1.020157	-0.9941795	-1.007166	-1.007415	-0.9919625	-1.023053	-0.9932139	-1.009336	-1.013074	-0.9964552	-0.9935323	-0.998	6649	-1.010598	-1.003863	-0.9995956	-0.9860079	-1.023053
12/12/2025	21:43	-1.021561	-0.9958914	-1.006231	-1.00835	-0.9919625	-	1.027097	-0.9935238	-1.008716	-1.012918	-0.9961443	-0.9941542	-0.9992	859	-1.010753	-1.0062	-1.013751	-0.9858531	-1.027097
12/12/2025	22:33	-1.02593	-1.009275	-1.016201	-1.018787	-0.9964623	-1	.033008	-1.008242	-1.01616	-1.044745	-1.012624	-1.018563	-1.025211	-1.	024894	-1.021311	-1.007218	-0.9886392	-1.044745
12/12/2025	23:23	-1.023902	-0.9937126	-1.007633	-1.006325	-0.9913419	-1.022586	-0.9921294	-1.008251	-1.01323	-0.9945896	-0.9933769	-0.9977	335	-1.014017	-1.004175	-0.9981956	-0.9847697	-1.023902
13/12/2025	00:13	-1.020469	-0.9943352	-1.006699	-1.007104	-0.9899454	-1.021808	-0.9958478	-1.008561	-1.012294	-0.9958333	-0.9929104	-0.997	2678	-1.012773	-1.001059	-1.007373	-0.9856984	-1.021808
13/12/2025	01:03	-1.024526	-0.9941795	-1.00888	-1.008194	-0.9896351	-	1.021186	-0.9939886	-1.009336	-1.013854	-0.9956779	-0.9913557	-0.9983	544	-1.017591	-1.000436	-1.002707	-0.9883296	-1.024526
13/12/2025	01:53	-1.024214	-0.9943352	-1.005764	-1.007259	-0.9907212	-1.028341	-0.9925942	-1.007785	-1.012138	-0.9964552	-0.9907338	-0.998	5097	-1.010753	-1.001527	-1.003018	-0.9829123	-1.028341
13/12/2025	02:43	-1.017349	-0.9941795	-1.006387	-1.004767	-0.9891696	-1.020253	-0.9927491	-1.00763	-1.013698	-0.9949005	-0.9919776	-0.9978	887	-1.007956	-0.9991899	-0.9981956	-0.9829123	-1.020253
13/12/2025	03:33	-1.018441	-0.9937126	-1.006699	-1.006169	-0.9887041	-1.020719	-0.9918195	-1.00794	-1.011202	-0.9945896	-0.9912002	-0.9981	992	-1.012618	-0.9991899	-0.9985067	-0.9850792	-1.020719
13/12/2025	04:23	-1.021249	-0.9968252	-1.008256	-1.007727	-0.9904109	-1.023364	-0.9929041	-1.009801	-1.012918	-0.9952114	-0.9941542	-0.996	4916	-1.015881	-1.001994	-1.00364	-0.9835315	-1.023364
13/12/2025	05:13	-1.023746	-0.9955802	-1.009347	-1.008662	-0.9916522	-1.021497	-0.995383	-1.009026	-1.015882	-0.9962998	-0.9935323	-0.9994	411	-1.022563	-1.004642	-1.017173	-0.9844601	-1.023746
13/12/2025	06:03	-1.041687	-1.012077	-1.023523	-1.016606	-1.00391	-1.	032852	-1.008707	-1.018797	-1.021031	-1.005473	-1.00084	-1.009066	-1.0	16969	-1.008693	-1.022928	-0.9894131	-1.041687
13/12/2025	06:53	-1.025618	-0.9960471	-1.008256	-1.006948	-0.9919625	-1.024141	-0.9949182	-1.010112	-1.014322	-0.997699	-0.9932214	-0.9981	992	-1.014017	-1.005733	-1.012662	-0.9869366	-1.025618
13/12/2025	07:43	-1.033575	-0.9968252	-1.00888	-1.009129	-0.993359	-1	.025386	-1.002355	-1.010267	-1.018847	-1.000653	-0.9960199	-1.001304	-	1.012307	-1.007135	-1.006751	-0.988794	-1.033575
13/12/2025	08:33	-1.022029	-0.9980702	-1.007322	-1.007883	-0.9925832	-1.021808	-0.9964675	-1.009957	-1.01401	-0.9961443	-0.9933769	-0.9986	649	-1.014949	-1.003396	-1.010951	-0.9849245	-1.022029
13/12/2025	09:23	-1.02905	-0.999004	-1.00997	-1.011621	-0.9967726	-1.	024608	-1.00282	-1.013213	-1.01635	-0.99801	-0.995709	-1.000838	-1.028	935	-1.012276	-1.011417	-0.9884844	-1.02905
13/12/2025	10:13	-1.023434	-1.000405	-1.010282	-1.013491	-0.9986346	-	1.028652	-1.003904	-1.013834	-1.021811	-1.000187	-1.000684	-1.006737	-	1.016658	-1.019286	-1.007684	-0.9883296	-1.028652
13/12/2025	11:03	-1.025462	-1.002117	-1.016513	-1.021747	-1.004686	-1	.034097	-1.002355	-1.018952	-1.040065	-1.013402	-1.005504	-1.014189	-1	.015881	-1.012743	-1.012662	-0.9856984	-1.040065
13/12/2025	11:53	-1.02827	-0.997759	-1.010905	-1.010219	-0.9977036	-1	.025541	-0.9998761	-1.011663	-1.015726	-0.9978545	-0.9977301	-1.00425	4	-1.016503	-1.009783	-1.007529	-0.9858531	-1.02827
13/12/2025	12:43	-1.026086	-0.9976033	-1.009191	-1.008506	-0.9918073	-1.026786	-0.9998761	-1.010732	-1.015102	-0.9962998	-0.9944652	-1.000	683	-1.020543	-1.008537	-1.02075	-0.9894131	-1.026786
13/12/2025	13:33	-1.024058	-0.9972921	-1.007789	-1.009752	-0.9932038	-1.024141	-0.9967774	-1.01585	-1.016819	-0.9972326	-0.9939988	-0.9995	964	-1.018989	-1.004019	-1.013906	-0.9863175	-1.024141
13/12/2025	14:23	-1.024058	-0.997759	-1.007322	-1.009129	-0.9927383	-	1.024764	-0.9991014	-1.009646	-1.01401	-0.9986318	-0.9938433	-1.00021	7	-1.018679	-1.003863	-1.014373	-0.9872462	-1.024764
13/12/2025	15:13	-1.020625	-0.9962027	-1.007945	-1.008506	-0.9925832	-1.022119	-0.9947633	-1.010267	-1.014478	-0.9969216	-0.9944652	-1.001	77	-1.012307	-1.004954	-1.00084	-0.9867818	-1.022119
13/12/2025	16:03	-1.026866	-1.001027	-1.012618	-1.008817	-0.9949106	-	1.024608	-0.9958478	-1.012128	-1.017599	-0.9986318	-0.9966418	-1.0003	73	-1.015881	-1.006823	-1.01064	-0.9867818	-1.026866
13/12/2025	16:53	-1.021249	-0.9980702	-1.007633	-1.008973	-0.9927383	-1.023675	-0.9967774	-1.010887	-1.014946	-0.9973881	-0.9933769	-1.000	062	-1.018834	-1.004331	-1.005662	-0.9856984	-1.023675
13/12/2025	17:43	-1.023434	-0.9966696	-1.007166	-1.008194	-0.9911867	-1.026475	-0.9936787	-1.010422	-1.01401	-0.9973881	-0.9936878	-0.9999	069	-1.012773	-1.002461	-1.005973	-0.9844601	-1.026475
13/12/2025	18:33	-1.023902	-1.000093	-1.00997	-1.007104	-0.9922728	-1	.024141	-0.9941435	-1.010577	-1.013854	-0.9956779	-0.9935323	-1.00099	4	-1.014949	-1.00215	-1.005662	-0.983841	-1.024141
13/12/2025	19:23	-1.020937	-0.9965139	-1.00888	-1.00835	-0.9936693	-1	.025697	-0.9952281	-1.010887	-1.014946	-0.997699	-0.9974192	-0.999285	9	-1.016814	-1.003552	-1.003018	-0.9864723	-1.025697
13/12/2025	20:13	-1.024214	-0.9954246	-1.007945	-1.010687	-0.9935142	-1.027719	-0.9944534	-1.009957	-1.013854	-0.9967662	-0.9944652	-1.000	528	-1.0193	-1.002773	-1.013751	-0.9853888	-1.027719
13/12/2025	21:03	-1.024682	-1.003517	-1.016201	-1.015049	-0.9964623	-	1.029741	-1.010721	-1.021743	-1.026648	-1.006095	-1.004882	-1.005961	-	1.024117	-1.024583	-1.001929	-0.9855436	-1.029741
13/12/2025	21:53	-1.026398	-0.9955802	-1.007166	-1.006792	-0.9921177	-1.023053	-0.9929041	-1.008871	-1.015258	-0.9958333	-0.9943097	-0.998	9754	-1.011375	-1.001527	-1.004262	-0.9847697	-1.026398
13/12/2025	22:43	-1.020469	-0.9976033	-1.00701	-1.006481	-0.9904109	-	1.021653	-0.9941435	-1.008716	-1.013698	-0.9959888	-0.9925995	-0.9983	544	-1.008889	-1.00324	-1.006595	-0.9830671	-1.021653
13/12/2025	23:33	-1.028426	-1.005696	-1.012307	-1.016139	-1.002514	-1	.030052	-1.007313	-1.014764	-1.022435	-1.008738	-1.005348	-1.004719	-1	.02303	-1.019597	-1.004107	-0.9856984	-1.030052
14/12/2025	00:23	-1.022654	-0.9949577	-1.011216	-1.019255	-0.9922728	-1.022275	-0.9935238	-1.012283	-1.013074	-0.995056	-0.9921331	-0.9986	649	-1.01324	-1.001059	-1.002862	-0.9870914	-1.022654
14/12/2025	01:13	-1.020781	-0.9962027	-1.007166	-1.006792	-0.9919625	-1.021186	-0.9941435	-1.010577	-1.014478	-0.9952114	-0.9944652	-0.998	5097	-1.011375	-1.002929	-1.001307	-0.9835315	-1.021186
14/12/2025	02:03	-1.022029	-0.9955802	-1.007166	-1.00835	-0.9907212	-	1.021497	-0.9939886	-1.008406	-1.012918	-0.995056	-0.9921331	-0.99695	73	-1.014327	-1.002773	-1.006129	-0.9869366	-1.022029
14/12/2025	02:53	-1.019065	-0.9938683	-1.006543	-1.005546	-0.9885489	-1.021186	-0.9936787	-1.009026	-1.011514	-0.9941231	-0.992444	-0.9968	02	-1.009976	-0.9988784	-1.000529	-0.9822932	-1.021186
14/12/2025	03:43	-1.015321	-0.9932458	-1.004206	-1.004767	-0.9896351	-1.019786	-0.9915097	-1.007785	-1.01323	-0.9945896	-0.9919776	-0.9968	02	-1.007024	-1.001994	-0.9947735	-0.9819837	-1.019786
14/12/2025	04:33	-1.020157	-0.9937126	-1.005297	-1.007104	-0.9891696	-1.020408	-0.9910449	-1.009491	-1.011982	-0.9949005	-0.9922886	-0.999	5964	-1.017435	-1.00916	-1.001151	-0.9878653	-1.020408
14/12/2025	05:23	-1.018909	-0.9957358	-1.005608	-1.005079	-0.9890144	-1.020719	-0.9915097	-1.007785	-1.01323	-0.9953669	-0.9929104	-0.9963	363	-1.008422	-0.9999688	-1.000529	-0.9844601	-1.020719
14/12/2025	06:13	-1.029206	-0.9944908	-1.008256	-1.008506	-0.9916522	-1.026319	-0.9918195	-1.008406	-1.013542	-0.9958333	-0.9919776	-0.997	7335	-1.013706	-1.00215	-1.003018	-0.9830671	-1.029206
14/12/2025	07:03	-1.024526	-1.000249	-1.014799	-1.014581	-0.9989449	-	1.025075	-1.002355	-1.015385	-1.020875	-0.9990983	-1.000062	-1.005806	-1.013084	-1.006979	-1.006906	-0.9897226	-1.025075
14/12/2025	07:53	-1.024526	-0.9951133	-1.006543	-1.008662	-0.9959968	-1.027719	-0.9989465	-1.011663	-1.014322	-0.9962998	-0.9938433	-0.999	4411	-1.016969	-1.012276	-1.004262	-0.9856984	-1.027719
14/12/2025	08:43	-1.026398	-0.9954246	-1.008256	-1.009129	-0.9918073	-1.023208	-0.9955379	-1.008716	-1.016819	-0.9969216	-0.992755	-0.9991	307	-1.016814	-1.007914	-1.00504	-0.9847697	-1.026398
14/12/2025	09:33	-1.029518	-0.9954246	-1.008724	-1.008973	-0.9927383	-1.024141	-0.9950731	-1.009336	-1.016038	-0.99801	-0.9935323	-1.00021	7	-1.017125	-1.005733	-1.005351	-0.9884844	-1.029518
14/12/2025	10:23	-1.02749	-0.9982258	-1.007945	-1.00944	-0.9936693	-1	.02383	-0.9950731	-1.010732	-1.016038	-0.9970771	-0.9941542	-1.000994	-1.018057	-1.009004	-1.018884	-0.9867818	-1.02749
14/12/2025	11:13	-1.026398	-0.9966696	-1.008568	-1.011621	-0.9927383	-1.026475	-1.00344	-1.012283	-1.015414	-0.9986318	-0.9972637	-1.00006	2	-1.021476	-1.015547	-1.010795	-0.9904965	-1.026475
14/12/2025	12:03	-1.026086	-0.9999377	-1.015578	-1.010842	-0.99429	-1	.031297	-1.000651	-1.013213	-1.018379	-1.007805	-0.9986629	-1.003633	-	1.019145	-1.007291	-1.009706	-0.9889487	-1.031297
14/12/2025	12:53	-1.02281	-0.9983815	-1.007789	-1.009596	-0.9922728	-	1.023364	-0.9944534	-1.011042	-1.015414	-0.997699	-0.9941542	-1.00006	2	-1.014638	-1.009004	-1.000996	-0.9860079	-1.023364
14/12/2025	13:43	-1.023902	-1.009431	-1.015111	-1.013179	-0.9959968	-	1.029741	-1.000031	-1.010887	-1.019315	-1.002674	-1.001461	-1.008135	-	1.014172	-1.004175	-1.003018	-0.9855436	-1.029741
14/12/2025	14:33	-1.021717	-0.9966696	-1.00888	-1.009285	-0.9922728	-	1.023675	-0.9958478	-1.012438	-1.015882	-0.9975435	-0.9955535	-1.0009	94	-1.019611	-1.004331	-1.010484	-0.9856984	-1.023675
14/12/2025	15:23	-1.021249	-0.9971365	-1.007789	-1.009752	-0.9944451	-1.02663	-0.9946083	-1.010887	-1.014946	-0.9975435	-0.9943097	-1.0013	04	-1.010909	-1.003396	-1.007062	-0.9878653	-1.02663
14/12/2025	16:13	-1.027022	-0.9972921	-1.010126	-1.008817	-0.9932038	-1.02523	-0.995383	-1.011197	-1.015414	-0.9983209	-0.9944652	-1.00021	7	-1.01324	-1.007135	-1.008462	-0.9900322	-1.027022
14/12/2025	17:03	-1.021873	-1.000093	-1.008101	-1.008506	-0.9935142	-	1.026319	-0.9970873	-1.011197	-1.019627	-1.000653	-0.998041	-1.003322	-1.01728	-1.00324	-1.001618	-0.9889487	-1.026319
14/12/2025	17:53	-1.026866	-0.9966696	-1.00888	-1.009129	-0.9938245	-	1.024764	-0.9955379	-1.010267	-1.014946	-0.9975435	-0.9949316	-1.0003	73	-1.017125	-1.004954	-1.006906	-0.9861627	-1.026866
14/12/2025	18:43	-1.024214	-0.9972921	-1.007633	-1.009129	-0.9941348	-1.024608	-0.9961577	-1.009957	-1.017599	-0.9970771	-0.9939988	-1.000	838	-1.013706	-1.003552	-1.003484	-0.9856984	-1.024608
14/12/2025	19:33	-1.024682	-0.9974477	-1.008101	-1.006948	-0.9936693	-1.024919	-0.9941435	-1.011042	-1.014946	-0.9973881	-0.9947761	-1.002	391	-1.012307	-1.003396	-1.000684	-0.9855436	-1.024919
14/12/2025	20:23	-1.022498	-0.9971365	-1.009035	-1.009285	-0.992428	-	1.024297	-0.9939886	-1.009336	-1.01479	-0.9972326	-0.9938433	-1.00021	7	-1.01122	-1.00511	-1.004418	-0.9858531	-1.024297
14/12/2025	21:13	-1.021717	-0.9957358	-1.008724	-1.007727	-0.9919625	-1.023675	-0.9950731	-1.009801	-1.014322	-0.9959888	-0.9925995	-0.998	9754	-1.012929	-1.002929	-1.003173	-0.9835315	-1.023675
14/12/2025	22:03	-1.023122	-0.9965139	-1.008101	-1.008194	-0.9925832	-1.022741	-0.9938337	-1.010112	-1.01401	-0.9967662	-0.9933769	-0.9997	516	-1.011375	-1.001838	-1.004262	-0.9849245	-1.023122
14/12/2025	22:53	-1.022654	-0.9937126	-1.006543	-1.007571	-0.9921177	-1.026164	-0.9938337	-1.009646	-1.01323	-0.9959888	-0.9922886	-0.9994	411	-1.00951	-1.004175	-0.9991289	-0.9833767	-1.026164
14/12/2025	23:43	-1.024058	-0.9971365	-1.007789	-1.007883	-0.9939796	-1.02243	-0.9933689	-1.011042	-1.01401	-0.9956779	-0.992755	-0.999751	6	-1.011686	-1.002306	-1.00364	-0.9863175	-1.024058
15/12/2025	00:33	-1.024526	-0.9941795	-1.006076	-1.007259	-0.9899454	-1.023519	-0.9925942	-1.009181	-1.012762	-0.9956779	-0.992755	-0.9977	335	-1.009821	-1.00215	-1.00504	-0.9830671	-1.024526
15/12/2025	01:23	-1.039035	-1.002739	-1.009814	-1.015049	-1.004531	-1	.028808	-1.000806	-1.027171	-1.019003	-1.002208	-1.00255	-1.002856	-1.	018679	-1.006667	-1.015928	-0.990187	-1.039035
15/12/2025	02:13	-1.022029	-0.9938683	-1.007789	-1.008194	-0.9896351	-1.023053	-0.9924393	-1.008251	-1.012138	-0.9952114	-0.9932214	-0.998	044	-1.010287	-1.001682	-0.9999067	-0.9832219	-1.023053
15/12/2025	03:03	-1.018441	-0.9924676	-1.005141	-1.004923	-0.9891696	-1.019475	-0.9908899	-1.00794	-1.01401	-0.9941231	-0.9916667	-0.99711	25	-1.006713	-1.000592	-0.9961735	-0.9826028	-1.019475
15/12/2025	03:53	-1.019221	-0.994802	-1.006543	-1.005702	-0.9908764	-	1.021808	-0.993059	-1.00794	-1.01245	-0.9945896	-0.992755	-0.998044	-1	.008112	-1.00028	-0.9958624	-0.9826028	-1.021808
15/12/2025	04:43	-1.037631	-1.017212	-1.015111	-1.022215	-1.016323	-1	.033941	-1.000341	-1.018331	-1.023839	-1.010292	-1.001617	-1.009687	-1	.033596	-1.017572	-1.027439	-0.9931278	-1.037631
15/12/2025	05:33	-1.038099	-1.0141	-1.026327	-1.023149	-1.001272	-1.0	32541	-1.01413	-1.022519	-1.026335	-1.012935	-1.005504	-1.01155	-1.047	582	-1.024115	-1.013128	-0.9991642	-1.047582
15/12/2025	06:23	-1.037631	-1.002583	-1.015422	-1.019878	-1.000807	-1	.030674	-1.004214	-1.017711	-1.022435	-1.005939	-1.005037	-1.010153	-1	.026759	-1.018663	-1.006906	-0.99158	-1.037631
15/12/2025	07:13	-1.048552	-1.014567	-1.028041	-1.040753	-1.010117	-1	.049652	-1.02513	-1.024069	-1.030392	-1.012935	-1.019652	-1.017604	-1.	045562	-1.036266	-1.033505	-1.006594	-1.049652
15/12/2025	08:03	-1.036695	-1.000249	-1.011061	-1.013958	-0.9987897	-	1.031141	-1.005764	-1.036166	-1.023059	-1.006405	-0.9969527	-1.00829	-	1.032198	-1.012899	-1.029306	-0.9914252	-1.036695
15/12/2025	08:53	-1.030298	-0.9980702	-1.010437	-1.010998	-0.993359	-	1.028341	-0.9967774	-1.012283	-1.015726	-0.997699	-0.9981965	-1.00145	9	-1.018989	-1.008693	-1.017017	-0.9935921	-1.030298
15/12/2025	09:43	-1.02671	-1.002895	-1.012774	-1.014737	-0.9950658	-1	.031763	-1.000496	-1.018176	-1.019003	-0.9990983	-0.9972637	-1.012792	-1.023962	-1.005577	-1.018573	-0.9904965	-1.031763
15/12/2025	10:33	-1.036695	-1.00912	-1.018382	-1.021591	-1.002514	-1.	035652	-1.017074	-1.026861	-1.030236	-1.012313	-1.008613	-1.012171	-1.	027536	-1.025829	-1.019662	-0.9991642	-1.036695
15/12/2025	11:23	-1.02671	-0.9974477	-1.010126	-1.013491	-0.9938245	-	1.03083	-0.9981718	-1.011197	-1.018067	-0.9992537	-0.9963308	-1.00223	5	-1.022563	-1.014301	-1.005818	-0.9906513	-1.03083
15/12/2025	12:13	-1.026398	-1.013477	-1.015111	-1.015516	-1.002358	-1	.032074	-1.00313	-1.017401	-1.03398	-1.005628	-1.004571	-1.014344	-1.0	26759	-1.011808	-1.017795	-0.988794	-1.03398
15/12/2025	13:03	-1.025306	-1.003828	-1.015422	-1.016139	-0.9958416	-	1.031763	-1.002975	-1.020192	-1.028988	-1.001275	-0.9986629	-1.0086	-1	.02132	-1.019442	-1.012662	-0.9889487	-1.031763
15/12/2025	13:53	-1.034511	-1.002272	-1.013865	-1.015672	-0.9995655	-	1.029586	-1.006693	-1.013679	-1.022123	-1.005939	-0.9977301	-1.007514	-1.028313	-1.013055	-1.010329	-0.9897226	-1.034511
15/12/2025	14:43	-1.022966	-1.004451	-1.011216	-1.01131	-1.003445	-1.	026786	-1.002355	-1.012748	-1.023683	-1.001275	-1.00084	-1.007979	-1.0	19611	-1.012431	-1.004884	-0.9909609	-1.026786
15/12/2025	15:33	-1.022966	-0.9980702	-1.008412	-1.008817	-0.995221	-	1.02803	-0.9969323	-1.010887	-1.017443	-0.9987873	-0.9961754	-1.00223	5	-1.012463	-1.004019	-1.005506	-0.9858531	-1.02803
15/12/2025	16:23	-1.032327	-1.005385	-1.017448	-1.016918	-1.002048	-1	.036896	-1.003594	-1.018952	-1.019939	-1.005628	-1.003638	-1.009532	-1	.02132	-1.012276	-1.02495	-0.99158	-1.036896
15/12/2025	17:13	-1.034355	-1.00554	-1.012151	-1.015049	-0.9986346	-1	.030052	-1.002355	-1.016625	-1.029456	-1.006095	-1.002239	-1.008445	-1	.021165	-1.027542	-1.00784	-0.9959138	-1.034355
15/12/2025	18:03	-1.02749	-1.008497	-1.017759	-1.025174	-1.005772	-1.	040163	-1.014595	-1.022519	-1.030548	-1.00796	-1.012034	-1.017449	-1.0	29712	-1.029568	-1.007373	-0.9908061	-1.040163
15/12/2025	18:53	-1.024214	-0.9968252	-1.009191	-1.008662	-0.9932038	-1.022897	-0.9969323	-1.009336	-1.014322	-0.9958333	-0.9938433	-1.000	683	-1.010287	-1.003863	-1.002084	-0.9855436	-1.024214
15/12/2025	19:43	-1.027958	-1.003673	-1.016825	-1.014581	-0.9967726	-	1.030363	-1.000961	-1.018486	-1.017599	-1.000498	-1.001461	-1.00503	-1	.020699	-1.007602	-1.008151	-0.9878653	-1.030363
15/12/2025	20:33	-1.042468	-1.004762	-1.017136	-1.025953	-1.000497	-1	.03783	-1.002665	-1.020658	-1.025243	-1.005006	-1.002861	-1.010618	-1.	028313	-1.013678	-1.013906	-0.9906513	-1.042468
15/12/2025	21:23	-1.029674	-1.000716	-1.013553	-1.013802	-0.9975484	-	1.026319	-1.000961	-1.016005	-1.018067	-0.9994092	-0.9981965	-1.00409	8	-1.025361	-1.016014	-1.019662	-0.9951399	-1.029674
15/12/2025	22:13	-1.034355	-1.012855	-1.024769	-1.026109	-1.007013	-1	.044363	-1.009637	-1.029187	-1.034604	-1.012158	-1.010945	-1.023038	-1	.026604	-1.008693	-1.005818	-0.9909609	-1.044363
15/12/2025	23:03	-1.020157	-1.000093	-1.014176	-1.008506	-0.9966174	-	1.023986	-1.004989	-1.016625	-1.024463	-1.001586	-1.004104	-1.007669	-	1.015415	-1.021778	-0.9985067	-0.9861627	-1.024463
15/12/2025	23:53	-1.02515	-0.9946464	-1.007322	-1.007883	-0.9904109	-	1.022275	-0.9939886	-1.011197	-1.013698	-0.9958333	-0.9930659	-0.9992	859	-1.010287	-1.002617	-0.9999067	-0.9830671	-1.02515
16/12/2025	00:43	-1.022341	-0.9962027	-1.008412	-1.009908	-0.9956864	-1.024608	-0.9952281	-1.014299	-1.018535	-0.9978545	-0.9985075	-1.003	788	-1.012773	-1.021155	-0.9995956	-0.9853888	-1.024608
16/12/2025	01:33	-1.02359	-1.007563	-1.01402	-1.013647	-1.003289	-1.0	32697	-1.000031	-1.01585	-1.030704	-1.009359	-1.005037	-1.011239	-1.01	6814	-1.023025	-1.001929	-0.9869366	-1.032697
16/12/2025	02:23	-1.021405	-0.9934014	-1.007789	-1.004767	-0.9897902	-1.02383	-0.993059	-1.00732	-1.012762	-0.9935012	-0.992755	-0.9975782	-1.008112	-1.001215	-0.9992845	-0.9812098	-1.02383
16/12/2025	03:13	-1.017661	-0.9940239	-1.005141	-1.005546	-0.9885489	-1.019475	-0.9913547	-1.007785	-1.012606	-0.9944341	-0.9918221	-0.996	3363	-1.006713	-1.000436	-0.9961735	-0.981055	-1.019475
16/12/2025	04:03	-1.057601	-1.006318	-1.012774	-1.019099	-0.9978587	-	1.034874	-1.000341	-1.01678	-1.022747	-1.00454	-1.001617	-1.006582	-1.	019766	-1.008848	-1.03335	-0.9954495	-1.057601
16/12/2025	04:53	-1.043872	-1.002272	-1.021031	-1.019566	-1.000652	-1	.032541	-1.01382	-1.018021	-1.025399	-1.017289	-1.004882	-1.013413	-1.	03313	-1.010874	-1.032261	-0.9956043	-1.043872
16/12/2025	05:43	-1.02515	-1.002428	-1.015422	-1.013802	-1.006238	-1.	02803	-1.015834	-1.021123	-1.02852	-1.016822	-1.005193	-1.012326	-1.02	0543	-1.010874	-1.002551	-0.9926634	-1.02852
16/12/2025	06:33	-1.029518	-1.002895	-1.014488	-1.017541	-1.000031	-1	.031763	-0.9998761	-1.01647	-1.020719	-1.004851	-0.9989739	-1.009532	-	1.031887	-1.010562	-1.031794	-0.9951399	-1.031887
16/12/2025	07:23	-1.037475	-1.006163	-1.027885	-1.0272	-1.005307	-1.0	39852	-1.009172	-1.021588	-1.033824	-1.014801	-1.00597	-1.02133	-1.024	273	-1.008848	-1.010329	-0.988794	-1.039852
16/12/2025	08:13	-1.036227	-1.009431	-1.013242	-1.016295	-1.000652	-1	.030052	-1.005299	-1.022829	-1.022435	-1.004695	-1.000995	-1.006582	-1	.031421	-1.021155	-1.011728	-0.9908061	-1.036227
16/12/2025	09:03	-1.027958	-1.003828	-1.014644	-1.01536	-0.9987897	-1	.030363	-1.00251	-1.021433	-1.04927	-1.01449	-1.0125	-1.025832	-1.0206	99	-1.006667	-1.005973	-0.9895679	-1.04927
16/12/2025	09:53	-1.030766	-1.005696	-1.014799	-1.014737	-1.0036	-1.0	27719	-0.9987915	-1.013058	-1.027428	-1.004695	-1.000995	-1.006893	-1.	019455	-1.008693	-1.009084	-0.9925087	-1.030766
16/12/2025	10:43	-1.03139	-1.016279	-1.022121	-1.023305	-1.010737	-1.	037985	-1.01351	-1.023759	-1.060815	-1.016978	-1.024316	-1.040425	-1.0	21786	-1.016793	-1.012817	-0.9909609	-1.060815
16/12/2025	11:33	-1.030142	-1.002272	-1.013086	-1.013491	-0.9972381	-	1.028497	-0.9992563	-1.014919	-1.018691	-1.001897	-0.9981965	-1.00720	3	-1.018368	-1.004798	-1.004884	-0.9900322	-1.030142
16/12/2025	12:23	-1.023902	-1.000093	-1.012463	-1.011621	-0.995221	-1	.026319	-0.9995662	-1.011663	-1.021811	-0.9983209	-0.9977301	-1.00332	2	-1.018057	-1.009939	-1.006284	-0.9898774	-1.026319
16/12/2025	13:13	-1.029674	-1.005385	-1.014332	-1.013802	-0.9992552	-	1.029586	-1.00313	-1.018797	-1.031172	-1.003141	-1.00255	-1.012326	-1.	018368	-1.020844	-1.006751	-0.9942112	-1.031172
16/12/2025	14:03	-1.032795	-1.000249	-1.014955	-1.014425	-0.9997207	-	1.024608	-0.9989465	-1.013834	-1.017131	-1.000031	-0.9950871	-1.00347	7	-1.017902	-1.007291	-1.004107	-0.990187	-1.032795
16/12/2025	14:53	-1.030766	-1.017057	-1.01885	-1.01832	-1.007324	-1.0	34563	-1.005609	-1.016625	-1.023371	-1.005784	-1.004104	-1.015276	-1.0	22563	-1.012587	-1.014373	-0.9912704	-1.034563
16/12/2025	15:43	-1.028894	-1.001494	-1.017448	-1.016606	-0.9989449	-	1.029741	-0.9997211	-1.01616	-1.018379	-1.002208	-1.000218	-1.0086	-1.	018989	-1.013833	-1.003329	-0.9960686	-1.029741
16/12/2025	16:33	-1.060097	-1.060632	-1.070102	-1.042622	-1.047821	-1	.055718	-1.021412	-1.040664	-1.121193	-1.054602	-1.039552	-1.064798	-1	.021476	-1.018507	-1.012351	-0.9991642	-1.121193
16/12/2025	17:23	-1.02281	-0.9979146	-1.008101	-1.008973	-0.9928935	-	1.023208	-0.9975521	-1.015695	-1.01557	-1.000498	-0.9950871	-1.001925	-1.014017	-1.007758	-1.006906	-0.9897226	-1.023208
16/12/2025	18:13	-1.02593	-1.005073	-1.015111	-1.016451	-1.001738	-1.	03223	-1.002665	-1.01523	-1.03008	-1.006405	-1.00255	-1.006893	-1.0175	91	-1.019753	-1.001151	-0.9880201	-1.03223
16/12/2025	19:03	-1.02593	-1.00056	-1.014644	-1.013491	-0.9972381	-1.	029119	-1.000961	-1.013834	-1.021031	-1.002052	-1.000062	-1.003477	-1.	022719	-1.019597	-1.022928	-1.01263	-1.029119
16/12/2025	19:53	-1.022966	-1.00414	-1.014488	-1.013802	-0.9991	-1.02	8652	-1.0022	-1.011818	-1.022435	-0.9995647	-1.00084	-1.00534	-1.01634	8	-1.019286	-1.005195	-0.990187	-1.028652
16/12/2025	20:43	-1.022654	-0.9968252	-1.006854	-1.00835	-0.991497	-1	.02383	-0.9935238	-1.009026	-1.01479	-0.9967662	-0.9936878	-0.9992859	-1.014172	-1.002461	-0.9989734	-0.9843053	-1.02383
16/12/2025	21:33	-1.020781	-0.9985371	-1.007633	-1.011154	-0.9910315	-1.024297	-0.9933689	-1.009646	-1.014166	-0.9956779	-0.9939988	-0.997	8887	-1.011064	-1.001838	-0.99944	-0.9826028	-1.024297
16/12/2025	22:23	-1.019221	-0.9946464	-1.009814	-1.008038	-0.9907212	-1.022897	-0.9929041	-1.009646	-1.01245	-0.9956779	-0.9925995	-0.9983	544	-1.008889	-1.001371	-0.9981956	-0.9829123	-1.022897
16/12/2025	23:13	-1.024058	-0.9996265	-1.009347	-1.011154	-0.9946003	-1.029119	-0.9975521	-1.013989	-1.018223	-1.000964	-1.000218	-1.00301	2	-1.015571	-1.004798	-1.005662	-0.9870914	-1.029119
17/12/2025	00:03	-1.021405	-0.9944908	-1.007789	-1.008038	-0.9908764	-1.02243	-0.9939886	-1.008096	-1.01635	-0.9959888	-0.9938433	-0.99804	4	-1.008889	-1.000436	-0.9981956	-0.9830671	-1.02243
17/12/2025	00:53	-1.024682	-1.002895	-1.015111	-1.013802	-0.9958416	-	1.026941	-1.005918	-1.015385	-1.022903	-1.005006	-1.003483	-1.006427	-	1.02132	-1.010406	-1.002395	-0.9855436	-1.026941
17/12/2025	01:43	-1.022966	-0.993557	-1.00592	-1.006948	-0.9902557	-1	.021341	-0.9939886	-1.008561	-1.013074	-0.994745	-0.9925995	-0.997733	5	-1.008578	-1.003084	-0.997729	-0.9833767	-1.022966
17/12/2025	02:33	-1.020625	-0.992312	-1.007166	-1.006948	-0.9888592	-	1.021653	-0.9929041	-1.008561	-1.011982	-0.9967662	-0.9910448	-0.9968	02	-1.008733	-1.005421	-1.008773	-0.9832219	-1.021653
17/12/2025	03:23	-1.020469	-0.9996265	-1.012618	-1.013958	-0.9975484	-1.028808	-1.003285	-1.018641	-1.023215	-1.002519	-1.002083	-1.0086	-1	.020077	-1.037201	-1.004573	-0.9870914	-1.037201
17/12/2025	04:13	-1.023278	-1.005852	-1.017136	-1.013023	-0.9986346	-	1.026786	-1.008397	-1.017866	-1.031484	-1.008116	-1.013277	-1.015586	-	1.019455	-1.016638	-0.9991289	-0.9883296	-1.031484
17/12/2025	05:03	-1.033731	-0.9999377	-1.011995	-1.013958	-0.9947555	-1.029741	-0.9995662	-1.013058	-1.020407	-1.003141	-0.9950871	-1.0030	12	-1.017746	-1.008537	-1.009084	-0.9912704	-1.033731
17/12/2025	05:53	-1.033575	-1.001338	-1.021498	-1.018787	-0.9980139	-	1.033008	-1.00158	-1.014299	-1.017287	-1.005939	-1.000218	-1.003477	-1	.03888	-1.010718	-1.006906	-0.9942112	-1.03888
17/12/2025	06:43	-1.035759	-1.002895	-1.01698	-1.020034	-0.9987897	-1	.036119	-1.004524	-1.024845	-1.023839	-1.005317	-0.9995958	-1.006116	-	1.02505	-1.023492	-1.016706	-0.9948304	-1.036119
17/12/2025	07:33	-1.02671	-1.007719	-1.013397	-1.013802	-1.006238	-1.	028808	-0.9995662	-1.015385	-1.027116	-1.004229	-1.002083	-1.012947	-1	.021165	-1.011029	-1.010484	-0.9894131	-1.028808
17/12/2025	08:23	-1.038879	-1.01659	-1.026016	-1.024551	-1.009186	-1.	040474	-1.007313	-1.022364	-1.026023	-1.005473	-1.006748	-1.020088	-1.	02334	-1.016793	-1.014062	-0.994366	-1.040474
17/12/2025	09:13	-1.02983	-1.002117	-1.011995	-1.013335	-0.9958416	-1	.026475	-0.9992563	-1.012903	-1.017287	-1.001586	-0.9991294	-1.005496	-1.020232	-1.008225	-1.021217	-0.9928182	-1.02983
17/12/2025	10:03	-1.026242	-0.9982258	-1.008412	-1.009596	-0.9947555	-1.027252	-0.9963126	-1.015385	-1.017443	-1.002052	-0.9978856	-1.0020	8	-1.026914	-1.010095	-1.012662	-0.9900322	-1.027252
17/12/2025	10:53	-1.035135	-1.014567	-1.018694	-1.027979	-1.001738	-1	.032541	-1.012271	-1.031514	-1.026335	-1.011381	-1.006281	-1.012016	-1	.055041	-1.02614	-1.016239	-0.9966877	-1.055041
17/12/2025	11:43	-1.02593	-1.012544	-1.015422	-1.015983	-1.007324	-1.	030052	-1.00251	-1.015074	-1.033356	-1.012469	-1.008924	-1.008756	-1.0	21631	-1.017572	-1.007062	-0.988794	-1.033356
17/12/2025	12:33	-1.024682	-1.002583	-1.013397	-1.011466	-0.9998759	-	1.02803	-1.005144	-1.014454	-1.022435	-1.004384	-0.9997512	-1.008445	-	1.02132	-1.009939	-1.015306	-0.9906513	-1.02803
17/12/2025	13:23	-1.037631	-1.011454	-1.022588	-1.021436	-1.004841	-1	.03643	-1.002665	-1.01678	-1.0293	-1.014179	-1.003327	-1.012481	-1.013	861	-1.009316	-1.01064	-0.995759	-1.037631
17/12/2025	14:13	-1.02359	-1.000249	-1.011839	-1.010687	-0.9981691	-1	.025386	-0.9984817	-1.013368	-1.020407	-0.9989428	-0.9971082	-1.00347	7	-1.0193	-1.005889	-1.005818	-0.9870914	-1.025386
17/12/2025	15:03	-1.023278	-0.9965139	-1.010593	-1.008817	-0.9936693	-1.026319	-0.9946083	-1.013058	-1.016663	-0.9983209	-0.9964863	-1.000	528	-1.017125	-1.006667	-1.009706	-0.9863175	-1.026319
17/12/2025	15:53	-1.04356	-1.001027	-1.010749	-1.012712	-0.9961519	-1	.028963	-1.000341	-1.014299	-1.018379	-1.000342	-0.9986629	-1.003943	-	1.023496	-1.011185	-1.012662	-0.9918895	-1.04356
17/12/2025	16:43	-1.020937	-0.9971365	-1.009659	-1.011933	-0.9935142	-1.026475	-0.995383	-1.010422	-1.01635	-0.9983209	-0.995709	-1.002546	-1.014172	-1.006512	-1.00224	-0.9874009	-1.026475
17/12/2025	17:33	-1.026086	-1.002583	-1.010593	-1.015983	-1.001428	-1	.026941	-1.000651	-1.012748	-1.018691	-1.001275	-0.9992848	-1.002856	-	1.016969	-1.009627	-1.035217	-0.9878653	-1.035217
17/12/2025	18:23	-1.02905	-1.002428	-1.016669	-1.015672	-0.9973932	-1	.035963	-1.003285	-1.013213	-1.022747	-1.005317	-0.998041	-1.005185	-1	.012307	-1.00916	-1.002707	-0.9911157	-1.035963
17/12/2025	19:13	-1.026866	-1.003206	-1.011839	-1.013958	-1.002979	-1	.031141	-1.004524	-1.020502	-1.031796	-1.007805	-1.008302	-1.011084	-1	.022253	-1.028166	-1.004884	-0.9898774	-1.031796
17/12/2025	20:03	-1.028738	-0.9969808	-1.008101	-1.007727	-0.9930487	-1.023986	-0.9980169	-1.011197	-1.01557	-0.9964552	-0.9943097	-0.9988	202	-1.027847	-1.007914	-1.006129	-0.9878653	-1.028738
17/12/2025	20:53	-1.021093	-0.9951133	-1.00888	-1.007727	-0.9919625	-	1.023675	-0.9941435	-1.009026	-1.013698	-0.9964552	-0.9943097	-0.9981	992	-1.009821	-1.002306	-1.00084	-0.9833767	-1.023675
17/12/2025	21:43	-1.019221	-0.9955802	-1.009191	-1.009752	-0.9908764	-1.023986	-0.9938337	-1.012283	-1.014166	-0.9975435	-0.9925995	-0.999	2859	-1.014949	-1.00324	-1.007529	-0.9835315	-1.023986
17/12/2025	22:33	-1.022341	-0.997759	-1.010437	-1.009596	-0.9930487	-	1.032697	-0.9949182	-1.009646	-1.014634	-0.9966107	-0.992755	-0.99928	59	-1.018679	-1.006667	-1.004418	-0.9872462	-1.032697
17/12/2025	23:23	-1.023122	-1.012544	-1.017448	-1.016139	-1.002979	-1	.030986	-1.000806	-1.017246	-1.030704	-1.008738	-1.008613	-1.007514	-1	.018679	-1.023336	-1.005506	-0.9880201	-1.030986
18/12/2025	00:13	-1.019065	-0.9955802	-1.00701	-1.007259	-0.9908764	-	1.022897	-0.9942985	-1.011352	-1.01401	-0.9956779	-0.9929104	-0.99804	4	-1.018057	-1.007758	-1.000218	-0.9858531	-1.022897
18/12/2025	01:03	-1.022498	-0.9962027	-1.010282	-1.007259	-0.9936693	-1.021964	-0.9925942	-1.00794	-1.01245	-0.9964552	-0.9943097	-0.99788	87	-1.01355	-1.000748	-1.003795	-0.9843053	-1.022498
18/12/2025	01:53	-1.018753	-0.9972921	-1.008724	-1.006325	-0.992428	-	1.024297	-0.9939886	-1.008716	-1.01401	-0.9956779	-0.992755	-0.998044	-1.008578	-1.001527	-1.004573	-0.9841506	-1.024297
18/12/2025	02:43	-1.015321	-0.9929345	-1.008724	-1.005857	-0.9919625	-1.019786	-0.9919745	-1.00732	-1.01167	-0.9944341	-0.9910448	-0.99664	68	-1.00749	-1.001215	-0.9961735	-0.9826028	-1.019786
18/12/2025	03:33	-1.014697	-0.9941795	-1.004985	-1.00539	-0.990566	-1	.020564	-0.9933689	-1.008096	-1.014322	-0.9958333	-0.9950871	-0.99928	59	-1.009355	-1.000904	-0.9957068	-0.9822932	-1.020564
18/12/2025	04:23	-1.015945	-0.9944908	-1.006854	-1.008506	-0.9899454	-1.021497	-0.9932139	-1.008096	-1.013074	-0.9952114	-0.9922886	-0.997	2678	-1.009044	-0.9999688	-0.997729	-0.9818289	-1.021497
18/12/2025	05:13	-1.022185	-0.9985371	-1.014955	-1.010064	-0.9925832	-1.025541	-1.011031	-1.011818	-1.020407	-1.000498	-0.9960199	-1.00114	9	-1.041522	-1.008225	-1.024639	-0.9894131	-1.041522
18/12/2025	06:03	-1.035603	-1.003673	-1.015422	-1.016918	-0.9984794	-	1.029741	-1.007623	-1.022053	-1.022435	-1.003762	-1.00084	-1.00829	-1.	019455	-1.011341	-1.031172	-0.9923539	-1.035603
18/12/2025	06:53	-1.036383	-0.9994709	-1.018071	-1.013179	-0.9986346	-1.028963	-1.002665	-1.013989	-1.020095	-1.002519	-0.9971082	-1.00704	8	-1.021476	-1.012276	-1.011417	-0.9925087	-1.036383
18/12/2025	07:43	-1.037007	-1.005696	-1.022277	-1.020501	-1.003755	-1	.037674	-1.012581	-1.025465	-1.025555	-1.013091	-1.003949	-1.016673	-1	.030022	-1.0291	-1.021684	-1.000093	-1.037674
18/12/2025	08:33	-1.026554	-1.00056	-1.010282	-1.012556	-0.9949106	-1	.026008	-0.9989465	-1.012748	-1.023371	-1.003141	-1.00084	-1.005651	-1	.021476	-1.011964	-1.01204	-0.9912704	-1.026554
18/12/2025	09:23	-1.039191	-1.005229	-1.013086	-1.016918	-1.002824	-1	.02943	-1.009017	-1.020037	-1.022435	-1.004229	-1.003483	-1.009221	-1.	020699	-1.018195	-1.027128	-0.9976164	-1.039191
18/12/2025	10:13	-1.034511	-1.00663	-1.013865	-1.014114	-1.002514	-1.	028186	-1.000341	-1.013679	-1.018691	-0.9998756	-0.9964863	-1.004098	-	1.025671	-1.011029	-1.015617	-0.9917348	-1.034511
18/12/2025	11:03	-1.026242	-0.9988484	-1.011216	-1.012245	-0.9989449	-1.028341	-1.004524	-1.016005	-1.023215	-1.002674	-1.003172	-1.005961	-1.028624	-1.014301	-1.013906	-0.9870914	-1.028624
18/12/2025	11:53	-1.024838	-1.006474	-1.014488	-1.01536	-1.002203	-1.	028963	-1.005918	-1.021433	-1.031484	-1.007805	-1.002239	-1.011239	-1.	020854	-1.012743	-1.03335	-0.9925087	-1.03335
18/12/2025	12:43	-1.02437	-1.009742	-1.016201	-1.013179	-0.9986346	-1	.026008	-1.00251	-1.017091	-1.021655	-1.004851	-1.00255	-1.007979	-1.0	16503	-1.006979	-1.012662	-0.988794	-1.026008
18/12/2025	13:33	-1.02281	-0.9994709	-1.011216	-1.012868	-0.995221	-1	.026008	-0.9978619	-1.013213	-1.017911	-1.000498	-0.9981965	-1.003012	-1.021009	-1.013989	-1.00644	-0.9880201	-1.026008
18/12/2025	14:23	-1.038099	-1.00803	-1.019784	-1.019099	-1.006858	-1.	036119	-1.009792	-1.023449	-1.031016	-1.019621	-1.008147	-1.019467	-1.	035617	-1.010718	-1.01795	-0.9986999	-1.038099
18/12/2025	15:13	-1.028582	-1.020481	-1.015422	-1.023772	-1.022685	-1	.035497	-1.006848	-1.023759	-1.040689	-1.019154	-1.013277	-1.030645	-1	.02334	-1.014457	-1.012506	-0.9951399	-1.040689
18/12/2025	16:03	-1.039035	-1.027951	-1.026327	-1.033119	-1.030288	-1	.051363	-1.016144	-1.024535	-1.065339	-1.029104	-1.020118	-1.045082	-1	.030178	-1.016482	-1.012973	-0.9966877	-1.065339
18/12/2025	16:53	-1.029986	-1.005852	-1.011995	-1.014893	-1.000962	-1	.027252	-1.004989	-1.015385	-1.021655	-1.006716	-1.001772	-1.007358	-1	.016192	-1.009783	-1.010951	-0.9883296	-1.029986
18/12/2025	17:43	-1.024994	-1.002428	-1.014176	-1.014114	-0.9984794	-	1.031141	-1.000496	-1.018176	-1.021343	-1.005006	-0.9986629	-1.0086	-1	.017591	-1.012587	-1.001618	-0.9911157	-1.031141
18/12/2025	18:33	-1.027646	-1.006163	-1.014332	-1.01832	-1.00391	-1.0	32386	-1.003904	-1.016005	-1.024775	-1.00454	-1.003483	-1.0086	-1.0163	48	-1.01913	-1.004573	-0.9894131	-1.032386
18/12/2025	19:23	-1.027334	-1.000872	-1.011061	-1.014425	-0.9959968	-	1.030363	-1.005454	-1.021743	-1.021343	-1.001897	-0.998041	-1.006737	-	1.01355	-1.010874	-1.005195	-0.9912704	-1.030363
18/12/2025	20:13	-1.033107	-1.003673	-1.015111	-1.02128	-1.000341	-1.	040474	-1.000961	-1.020813	-1.019471	-1.00283	-1.005348	-1.019001	-1.0	21786	-1.009472	-1.009862	-0.9925087	-1.040474
18/12/2025	21:03	-1.023122	-0.9965139	-1.012151	-1.008194	-0.9961519	-1.024764	-0.9983267	-1.010422	-1.01479	-0.9981654	-0.9972637	-1.0011	49	-1.022719	-1.006667	-1.002551	-0.9849245	-1.024764
18/12/2025	21:53	-1.02593	-0.9958914	-1.008101	-1.007883	-0.991497	-1	.025697	-0.9942985	-1.010887	-1.014166	-0.9984764	-0.9935323	-0.99990	69	-1.01324	-1.004331	-1.005818	-0.9861627	-1.02593
18/12/2025	22:43	-1.024058	-1.013322	-1.017915	-1.014737	-1.000652	-1	.031919	-1.005918	-1.021433	-1.037257	-1.01278	-1.010168	-1.017915	-1.	018057	-1.006823	-1.003173	-0.988794	-1.037257
18/12/2025	23:33	-1.023902	-1.008964	-1.012618	-1.014737	-0.9984794	-	1.028341	-1.002975	-1.015074	-1.033668	-1.001119	-1.004882	-1.006116	-	1.027536	-1.018507	-1.010484	-0.9906513	-1.033668
19/12/2025	00:23	-1.020313	-0.9966696	-1.007789	-1.007883	-0.9910315	-1.023986	-0.9944534	-1.009646	-1.014322	-0.9959888	-0.9932214	-0.997	7335	-1.010443	-1.001371	-0.9988178	-0.9839958	-1.023986
19/12/2025	01:13	-1.019845	-0.9946464	-1.007945	-1.007727	-0.9913419	-1.022897	-0.9938337	-1.008871	-1.012918	-0.9972326	-0.9939988	-0.998	1992	-1.010598	-1.001527	-0.9981956	-0.9843053	-1.022897
19/12/2025	02:03	-1.020001	-0.9960471	-1.008724	-1.006792	-0.9916522	-1.02243	-0.9942985	-1.008406	-1.013386	-0.9959888	-0.9925995	-0.9983	544	-1.009044	-1.005265	-0.9960179	-0.9856984	-1.02243
19/12/2025	02:53	-1.020937	-0.9946464	-1.007633	-1.007104	-0.9908764	-1.021964	-0.9936787	-1.009491	-1.012762	-0.9961443	-0.9935323	-0.999	4411	-1.012463	-1.002929	-1.008306	-0.9843053	-1.021964
19/12/2025	03:43	-1.014853	-0.9940239	-1.005452	-1.006013	-0.9908764	-1.020097	-0.9919745	-1.009336	-1.012606	-0.9958333	-0.9929104	-0.996	9573	-1.007801	-1.001682	-0.9949291	-0.9836862	-1.020097
19/12/2025	04:33	-1.020001	-0.9958914	-1.007166	-1.008038	-0.9927383	-1.023053	-0.9941435	-1.009491	-1.014322	-0.9970771	-0.9960199	-0.998	9754	-1.01153	-1.001838	-1.002084	-0.9841506	-1.023053
19/12/2025	05:23	-1.032639	-1.015189	-1.022744	-1.019411	-1.005151	-1	.035341	-1.008242	-1.025	-1.031796	-1.007338	-1.002705	-1.012637	-1.02	1942	-1.022557	-1.019817	-0.9926634	-1.035341
19/12/2025	06:13	-1.027334	-1.002583	-1.012774	-1.017385	-0.9994104	-	1.027875	-1.009172	-1.015695	-1.019627	-1.000808	-0.9978856	-1.007048	-1.025205	-1.014924	-1.022461	-1.000557	-1.027875
19/12/2025	07:03	-1.031858	-1.005073	-1.022588	-1.016762	-1.009341	-1	.03223	-1.003285	-1.021898	-1.026023	-1.008271	-1.005659	-1.016362	-1.	029401	-1.021155	-1.007995	-0.9963782	-1.03223
19/12/2025	07:53	-1.024058	-0.9996265	-1.012774	-1.016762	-0.9959968	-1.027719	-0.9984817	-1.017091	-1.017599	-1.003918	-1.000529	-1.00735	8	-1.03484	-1.008537	-1.002395	-0.986627	-1.03484
19/12/2025	08:43	-1.023746	-1.005229	-1.011839	-1.0124	-1.000031	-1.0	26786	-1.000496	-1.015695	-1.02696	-1.000808	-0.998041	-1.009532	-1.01	7125	-1.013833	-1.005662	-0.9883296	-1.02696
19/12/2025	09:33	-1.037475	-1.005385	-1.030066	-1.027979	-1.011048	-1	.044363	-1.017074	-1.024535	-1.044121	-1.01791	-1.023072	-1.0308	-1.02	1476	-1.010406	-1.002084	-0.994366	-1.044363
19/12/2025	10:23	-1.028894	-1.000716	-1.010593	-1.013647	-0.9983242	-	1.027719	-0.9981718	-1.012128	-1.020407	-1.001897	-0.9994403	-1.00316	7	-1.023185	-1.009783	-1.001773	-0.9877105	-1.028894
19/12/2025	11:13	-1.028114	-1.009587	-1.011372	-1.013491	-0.9991	-1.0	28341	-1.001116	-1.016625	-1.020407	-1.003918	-0.998041	-1.002391	-1.0	17902	-1.006512	-1.011573	-0.9914252	-1.028341
19/12/2025	12:03	-1.033575	-1.01301	-1.01589	-1.020189	-1.000962	-1.0	31141	-1.003749	-1.019262	-1.033044	-1.008271	-1.006903	-1.0145	-1.026	604	-1.032372	-1.006751	-0.9886392	-1.033575
19/12/2025	12:53	-1.033731	-1.003362	-1.014955	-1.016606	-0.9992552	-	1.034097	-1.00127	-1.016315	-1.020251	-1.001897	-0.9999067	-1.006893	-	1.024273	-1.012587	-1.019039	-0.9937469	-1.034097
19/12/2025	13:43	-1.025462	-0.9993152	-1.010905	-1.010064	-0.9941348	-1.026164	-0.9975521	-1.011973	-1.016506	-1.000498	-0.9960199	-1.0031	67	-1.022563	-1.007291	-1.003795	-0.9900322	-1.026164
19/12/2025	14:33	-1.026398	-1.010676	-1.013553	-1.017074	-0.9987897	-	1.029741	-1.004989	-1.019572	-1.028208	-1.006405	-1.002239	-1.0086	-1.	017125	-1.013055	-1.009862	-0.9931278	-1.029741
19/12/2025	15:23	-1.040595	-1.032153	-1.022744	-1.026265	-1.020202	-1	.03783	-1.015679	-1.023914	-1.05473	-1.023197	-1.02074	-1.042909	-1.01	8523	-1.020532	-1.00924	-0.9908061	-1.05473
19/12/2025	16:13	-1.030766	-1.003673	-1.016825	-1.015672	-0.9970829	-	1.029586	-1.008242	-1.023449	-1.044121	-1.005162	-1.006437	-1.014344	-	1.015726	-1.018663	-1.006751	-0.9889487	-1.044121
19/12/2025	17:03	-1.02359	-0.9976033	-1.009659	-1.010687	-0.9938245	-	1.025697	-0.9961577	-1.011663	-1.016819	-0.9992537	-0.9964863	-1.0017	7	-1.015104	-1.004331	-1.001618	-0.9869366	-1.025697
19/12/2025	17:53	-1.023902	-0.9971365	-1.009035	-1.010531	-0.9925832	-1.025386	-0.9944534	-1.012438	-1.016038	-0.9995647	-0.9949316	-0.999	7516	-1.01355	-1.004019	-0.9997511	-0.9863175	-1.025386
19/12/2025	18:43	-1.026398	-0.9982258	-1.00997	-1.008506	-0.9930487	-	1.023053	-0.9964675	-1.010887	-1.01479	-0.9969216	-0.9944652	-0.99990	69	-1.011841	-1.002773	-0.9995956	-0.985234	-1.026398
19/12/2025	19:33	-1.026242	-1.009898	-1.013397	-1.019411	-1.000807	-1	.034874	-1.00344	-1.016005	-1.025867	-1.002519	-1.002239	-1.00534	-1.0	30333	-1.021934	-1.003018	-0.988794	-1.034874
19/12/2025	20:23	-1.023746	-0.9976033	-1.009191	-1.009285	-0.9922728	-1.02383	-0.9946083	-1.010112	-1.015726	-0.9973881	-0.9950871	-1.0000	62	-1.012307	-1.004954	-0.99944	-0.9864723	-1.02383
19/12/2025	21:13	-1.023434	-0.9968252	-1.007789	-1.009596	-0.991497	-	1.024452	-0.9941435	-1.010112	-1.01479	-0.997699	-0.9944652	-1.000838	-1.009976	-1.002773	-1.000373	-0.983841	-1.024452
19/12/2025	22:03	-1.024838	-0.9960471	-1.007789	-1.008662	-0.991497	-	1.02523	-0.9936787	-1.010267	-1.01479	-0.9962998	-0.9941542	-0.999441	1	-1.011686	-1.001838	-1.000684	-0.9839958	-1.02523
19/12/2025	22:53	-1.027022	-1.002272	-1.015267	-1.018008	-1.001893	-1	.032697	-1.00158	-1.016315	-1.039441	-1.003141	-1.012034	-1.019467	-1.	016503	-1.014145	-1.001151	-0.9908061	-1.039441
19/12/2025	23:43	-1.037475	-1.006318	-1.01885	-1.020813	-1.001893	-1.	036274	-1.005918	-1.020502	-1.029924	-1.008893	-1.004415	-1.01807	-1.0	36704	-1.022557	-1.005351	-0.9881748	-1.037475
20/12/2025	00:33	-1.019845	-0.9952689	-1.006543	-1.007883	-0.9925832	-1.024141	-0.9932139	-1.009026	-1.013074	-0.9956779	-0.9929104	-0.998	5097	-1.009199	-1.002461	-0.9989734	-0.9843053	-1.024141
20/12/2025	01:23	-1.018285	-0.9952689	-1.006543	-1.007571	-0.9907212	-1.020564	-0.9924393	-1.010112	-1.01323	-0.9966107	-0.992755	-0.99804	4	-1.008889	-1.001371	-0.9985067	-0.9827576	-1.020564
20/12/2025	02:13	-1.019065	-0.9997821	-1.007633	-1.008817	-0.9975484	-1.022741	-0.9950731	-1.010887	-1.023839	-0.997699	-0.9949316	-1.0033	22	-1.011064	-1.003552	-1.002395	-0.9850792	-1.023839
20/12/2025	03:03	-1.019689	-0.9944908	-1.007478	-1.006481	-0.992428	-	1.022119	-0.9921294	-1.008561	-1.012606	-0.9952114	-0.992755	-0.99711	25	-1.008889	-1.000125	-0.9989734	-0.982448	-1.022119
20/12/2025	03:53	-1.018441	-0.9937126	-1.005608	-1.006325	-0.990566	-	1.020719	-0.9950731	-1.009491	-1.013386	-0.9949005	-0.9935323	-0.9974	23	-1.009199	-1.001371	-0.9971068	-0.9826028	-1.020719
20/12/2025	04:43	-1.021405	-0.9982258	-1.007478	-1.008038	-0.9930487	-1.021808	-0.9952281	-1.009957	-1.016663	-0.9966107	-0.9949316	-1.000	838	-1.011064	-1.011341	-0.9966401	-0.9847697	-1.021808
20/12/2025	05:33	-1.02905	-1.023126	-1.017292	-1.018476	-1.018651	-1.	032697	-1.008397	-1.019727	-1.031328	-1.009981	-1.008458	-1.017294	-1.	027691	-1.012431	-1.006284	-0.9886392	-1.032697
20/12/2025	06:23	-1.042312	-1.011299	-1.022588	-1.021591	-1.006238	-1	.034408	-1.011651	-1.031979	-1.027116	-1.008271	-1.006437	-1.016518	-1	.035927	-1.023492	-1.011573	-0.9956043	-1.042312
20/12/2025	07:13	-1.021873	-0.9969808	-1.009035	-1.008038	-0.992428	-	1.023675	-0.9956929	-1.010732	-1.014946	-0.9967662	-0.9938433	-0.9999	069	-1.010287	-1.004487	-0.99944	-0.9839958	-1.023675
20/12/2025	08:03	-1.030766	-1.000405	-1.011528	-1.011933	-0.9977036	-	1.028341	-1.00127	-1.019262	-1.023839	-1.003296	-1.002239	-1.006116	-1	.018989	-1.008693	-1.002551	-0.9878653	-1.030766
20/12/2025	08:53	-1.024214	-0.9982258	-1.011061	-1.010375	-0.9936693	-1.026319	-0.9956929	-1.011507	-1.015258	-0.99801	-0.9958644	-1.00068	3	-1.012618	-1.003396	-1.000529	-0.9847697	-1.026319
20/12/2025	09:43	-1.03061	-0.9983815	-1.011528	-1.011777	-0.9958416	-	1.027563	-1.000186	-1.013524	-1.023995	-1.001897	-0.9991294	-1.011705	-1.012152	-1.006356	-1.000684	-0.9889487	-1.03061
20/12/2025	10:33	-1.030298	-1.003206	-1.01698	-1.012556	-0.9956864	-1	.038608	-1.008707	-1.015695	-1.029144	-1.002052	-0.9999067	-1.004409	-	1.021631	-1.0062	-1.00924	-0.992973	-1.038608
20/12/2025	11:23	-1.023122	-0.9976033	-1.009814	-1.00944	-0.99429	-1.	027252	-0.9955379	-1.011663	-1.017131	-0.9978545	-0.9949316	-1.001925	-1.015104	-1.005733	-1.002862	-0.9864723	-1.027252
20/12/2025	12:13	-1.032014	-0.9986927	-1.009191	-1.010064	-0.9939796	-1.026786	-0.9964675	-1.012128	-1.017599	-0.9984764	-0.9955535	-1.003	167	-1.014638	-1.005733	-1.008151	-0.990187	-1.032014
20/12/2025	13:03	-1.022341	-0.997759	-1.00997	-1.015828	-0.9938245	-1	.026786	-0.9972422	-1.012748	-1.019471	-0.9984764	-0.9977301	-1.00332	2	-1.016037	-1.005733	-1.004107	-0.9875557	-1.026786
20/12/2025	13:53	-1.033575	-1.010365	-1.022277	-1.018787	-1.006703	-1	.035185	-1.016144	-1.017711	-1.025243	-1.014024	-1.004726	-1.009532	-1	.025827	-1.030502	-1.022461	-0.9980807	-1.035185
20/12/2025	14:43	-1.029518	-1.00056	-1.008724	-1.00944	-0.9928935	-1.	024608	-0.9975521	-1.012593	-1.016194	-0.9984764	-0.9964863	-1.000373	-1.014638	-1.005733	-1.00364	-0.9872462	-1.029518
20/12/2025	15:33	-1.024058	-0.9962027	-1.008568	-1.009752	-0.9919625	-1.023675	-0.9967774	-1.012128	-1.017443	-0.9969216	-0.9950871	-1.000	062	-1.010443	-1.003084	-1.005506	-0.9847697	-1.024058
20/12/2025	16:23	-1.02905	-1.002583	-1.014955	-1.012556	-1.001428	-1.	028652	-1.007778	-1.014609	-1.031172	-1.003762	-1.002239	-1.013723	-1.	016969	-1.008693	-1.004729	-0.9886392	-1.031172
20/12/2025	17:13	-1.029518	-1.001183	-1.012774	-1.011154	-0.9981691	-	1.03083	-1.000186	-1.012903	-1.018535	-1.003762	-0.9977301	-1.003943	-	1.0193	-1.013055	-1.008151	-0.9982355	-1.03083
20/12/2025	18:03	-1.020937	-0.9982258	-1.010282	-1.008973	-0.9938245	-1.024297	-0.9935238	-1.010267	-1.017287	-0.9966107	-0.9943097	-0.999	4411	-1.011997	-1.004175	-1.000373	-0.9843053	-1.024297
20/12/2025	18:53	-1.025774	-1.010209	-1.018694	-1.019878	-1.000807	-1	.032697	-1.005609	-1.020502	-1.043029	-1.008116	-1.006903	-1.01512	-1.	027536	-1.018974	-1.002707	-0.9884844	-1.043029
20/12/2025	19:43	-1.021093	-0.9966696	-1.008101	-1.008194	-0.9927383	-1.024141	-0.9946083	-1.010267	-1.01479	-0.9970771	-0.9946206	-0.9992	859	-1.010753	-1.004487	-1.001462	-0.9858531	-1.024141
20/12/2025	20:33	-1.035135	-1.002272	-1.012307	-1.012712	-0.9980139	-	1.026786	-1.008862	-1.016625	-1.015726	-1.005628	-0.998041	-1.010929	-	1.019455	-1.00807	-1.008151	-0.9906513	-1.035135
20/12/2025	21:23	-1.021405	-0.9972921	-1.009035	-1.008194	-0.992428	-	1.026008	-0.9941435	-1.010112	-1.016038	-0.997699	-0.9947761	-0.99959	64	-1.01355	-1.002929	-1.002084	-0.9847697	-1.026008
20/12/2025	22:13	-1.021249	-0.994802	-1.007478	-1.007104	-0.991497	-1	.023986	-0.9946083	-1.011197	-1.014478	-0.9973881	-0.9929104	-1.00006	2	-1.011686	-1.001682	-1.002084	-0.9844601	-1.023986
20/12/2025	23:03	-1.022654	-0.9974477	-1.007945	-1.007571	-0.9944451	-1.023053	-0.9947633	-1.009646	-1.015414	-0.9975435	-0.9941542	-0.999	1307	-1.013395	-1.001527	-1.004729	-0.983841	-1.023053
20/12/2025	23:53	-1.043092	-1.003984	-1.014176	-1.012868	-0.9995655	-	1.02803	-1.004214	-1.016005	-1.025867	-1.004851	-1.002239	-1.007048	-1	.023496	-1.009472	-1.016084	-0.9962234	-1.043092
21/12/2025	00:43	-1.022029	-0.9958914	-1.009035	-1.008038	-0.991497	-	1.024141	-0.9946083	-1.009336	-1.014166	-0.9966107	-0.9932214	-0.9989	754	-1.011841	-1.002461	-0.9999067	-0.9836862	-1.024141
21/12/2025	01:33	-1.02515	-0.9952689	-1.007478	-1.006636	-0.9907212	-	1.024452	-0.9938337	-1.011042	-1.013386	-0.9973881	-0.9939988	-0.9978	887	-1.011064	-1.00324	-1.00084	-0.9839958	-1.02515
21/12/2025	02:23	-1.020469	-0.9954246	-1.006854	-1.007883	-0.991497	-	1.021808	-0.9946083	-1.008406	-1.012918	-0.9958333	-0.992755	-0.99819	92	-1.008733	-1.001838	-0.9995956	-0.9827576	-1.021808
21/12/2025	03:13	-1.016101	-0.9929345	-1.004829	-1.00539	-0.9891696	-	1.019475	-0.9918195	-1.008406	-1.012138	-0.9941231	-0.9913557	-0.9972	678	-1.007645	-1.000592	-0.9964846	-0.9818289	-1.019475
21/12/2025	04:03	-1.020313	-0.9943352	-1.005608	-1.007104	-0.9894799	-1.02103	-0.9922843	-1.00794	-1.012138	-0.994745	-0.9918221	-0.997423	-1.009666	-0.9993457	-0.9966401	-0.9821384	-1.02103
21/12/2025	04:53	-1.014073	-0.9926233	-1.004673	-1.005079	-0.9891696	-1.018853	-0.9911998	-1.00794	-1.012294	-0.9949005	-0.9925995	-0.9975	782	-1.00749	-0.9988784	-0.9949291	-0.9819837	-1.018853
21/12/2025	05:43	-1.020313	-0.9960471	-1.008101	-1.008817	-0.992428	-	1.02243	-0.9929041	-1.009181	-1.013386	-0.9962998	-0.9943097	-0.99788	87	-1.010753	-1.002617	-0.9988178	-0.9835315	-1.02243
21/12/2025	06:33	-1.035603	-1.007252	-1.018538	-1.020657	-1.001893	-1	.033941	-1.000806	-1.01616	-1.020095	-1.001897	-1.000373	-1.008445	-1.	028624	-1.007602	-1.001773	-0.9911157	-1.035603
21/12/2025	07:23	-1.022029	-0.9985371	-1.009659	-1.008506	-0.9916522	-1.027719	-0.9941435	-1.009336	-1.01401	-0.9967662	-0.9930659	-0.9992	859	-1.009355	-1.003084	-1.000373	-0.9839958	-1.027719
21/12/2025	08:13	-1.020781	-0.9988484	-1.007166	-1.007571	-0.9935142	-1.022586	-0.9949182	-1.009957	-1.013542	-0.997699	-0.9938433	-1.0006	83	-1.010753	-1.002461	-0.9992845	-0.985234	-1.022586
21/12/2025	09:03	-1.023122	-0.997759	-1.008101	-1.007259	-0.9928935	-	1.024919	-0.9939886	-1.009491	-1.01479	-0.9983209	-0.9943097	-0.99944	11	-1.00951	-1.001994	-0.9992845	-0.9839958	-1.024919
21/12/2025	09:53	-1.023122	-0.9971365	-1.007166	-1.010375	-0.9964623	-1.025697	-0.995383	-1.010732	-1.015258	-0.9969216	-0.9961754	-1.0008	38	-1.012152	-1.004642	-1.006595	-0.9850792	-1.025697
21/12/2025	10:43	-1.023122	-0.9960471	-1.008412	-1.007883	-0.9921177	-1.025386	-0.9946083	-1.009646	-1.015102	-1.001119	-0.9943097	-0.9995	964	-1.010909	-1.004954	-1.000684	-0.9872462	-1.025386
21/12/2025	11:33	-1.025774	-0.9974477	-1.008256	-1.00944	-0.9938245	-	1.02803	-0.9984817	-1.010112	-1.016038	-0.99801	-0.9947761	-1.000373	-	1.015726	-1.006512	-1.002395	-0.9850792	-1.02803
21/12/2025	12:23	-1.021873	-0.9979146	-1.00888	-1.008662	-0.9938245	-	1.025075	-0.9960027	-1.010732	-1.015726	-0.9989428	-0.9941542	-1.0003	73	-1.018057	-1.006667	-1.013906	-0.9867818	-1.025075
21/12/2025	13:13	-1.02281	-0.9980702	-1.010437	-1.008662	-0.9941348	-	1.025386	-0.9946083	-1.011973	-1.017287	-0.9992537	-0.9974192	-1.0009	94	-1.012773	-1.006823	-1.009395	-0.9872462	-1.025386
21/12/2025	14:03	-1.025306	-0.9965139	-1.008101	-1.008194	-0.9921177	-1.023986	-0.995383	-1.009957	-1.017443	-0.9975435	-0.9941542	-0.9999	069	-1.011841	-1.001994	-1.003018	-0.985234	-1.025306
21/12/2025	14:53	-1.024526	-0.9966696	-1.008256	-1.007727	-0.9918073	-1.023986	-0.9946083	-1.009957	-1.016194	-0.9986318	-0.9943097	-1.000	062	-1.01122	-1.003863	-0.9991289	-0.986627	-1.024526
21/12/2025	15:43	-1.023122	-0.9986927	-1.012618	-1.013335	-0.9941348	-1.02663	-0.9984817	-1.015695	-1.021031	-0.9984764	-0.9967973	-1.0042	54	-1.021942	-1.007914	-1.018417	-0.9892583	-1.02663
21/12/2025	16:33	-1.023122	-0.9979146	-1.009347	-1.008817	-0.9941348	-1.02383	-0.9955379	-1.011818	-1.016819	-0.9969216	-0.9944652	-1.0002	17	-1.021786	-1.005733	-1.01064	-0.9898774	-1.02383
21/12/2025	17:23	-1.027958	-0.9993152	-1.008568	-1.008506	-0.9927383	-1.024141	-0.9967774	-1.012283	-1.01557	-0.9973881	-0.9944652	-1.0022	35	-1.013861	-1.012899	-1.007218	-0.9869366	-1.027958
21/12/2025	18:13	-1.023122	-1.00414	-1.012307	-1.013335	-0.9959968	-1	.025852	-1.002355	-1.01554	-1.017911	-1.000964	-0.9977301	-1.001925	-1	.015881	-1.013055	-1.018262	-0.9861627	-1.025852
21/12/2025	19:03	-1.020469	-0.9969808	-1.009347	-1.006948	-0.9918073	-1.02383	-0.9932139	-1.009801	-1.014478	-0.9956779	-0.995398	-1.00083	8	-1.009666	-1.003708	-1.000218	-0.9836862	-1.02383
21/12/2025	19:53	-1.020157	-0.9955802	-1.00997	-1.00835	-0.9918073	-1	.022119	-0.9950731	-1.009336	-1.014478	-0.9978545	-0.9961754	-0.99944	11	-1.009666	-1.001994	-0.9991289	-0.9844601	-1.022119
21/12/2025	20:43	-1.02593	-0.9997821	-1.008724	-1.007571	-0.9925832	-	1.023675	-0.9950731	-1.010577	-1.015882	-0.9961443	-0.9930659	-0.9994	411	-1.010909	-1.003396	-1.000529	-0.9844601	-1.02593
21/12/2025	21:33	-1.021249	-0.9955802	-1.007322	-1.008662	-0.9918073	-1.023364	-0.9942985	-1.009181	-1.013542	-0.9958333	-0.9929104	-0.999	2859	-1.009976	-1.001215	-0.99944	-0.9832219	-1.023364
21/12/2025	22:23	-1.022029	-0.9955802	-1.007166	-1.007259	-0.9911867	-1.021341	-0.9925942	-1.008406	-1.013854	-0.9967662	-0.9925995	-0.998	044	-1.014017	-1.000125	-0.9975734	-0.9833767	-1.022029
21/12/2025	23:13	-1.020001	-0.9966696	-1.006854	-1.007883	-0.9907212	-1.023208	-0.9929041	-1.009957	-1.01401	-0.995056	-0.9922886	-0.99882	02	-1.010132	-1.001682	-1.002707	-0.9849245	-1.023208
22/12/2025	00:03	-1.020937	-0.9937126	-1.008724	-1.006169	-0.9904109	-1.021497	-0.9927491	-1.008096	-1.012918	-0.9967662	-0.9925995	-0.998	5097	-1.009821	-1.00215	-1.001929	-0.9843053	-1.021497
22/12/2025	00:53	-1.033887	-1.000249	-1.011061	-1.009908	-0.9946003	-	1.024764	-1.004059	-1.013834	-1.019003	-1.001741	-0.9989739	-1.004875	-1.016348	-1.012431	-1.006284	-0.9878653	-1.033887
22/12/2025	12:39	-1.024058	-0.9960471	-1.007789	-1.010998	-0.9928935	-1.023986	-0.9942985	-1.009181	-1.014634	-0.9964552	-0.9952425	-0.999	7516	-1.018057	-1.002461	-1.006595	-0.9836862	-1.024058
22/12/2025	13:19	-1.027958	-0.999004	-1.010282	-1.009752	-0.9956864	-	1.025541	-0.9961577	-1.011818	-1.016663	-0.9986318	-0.995398	-1.00177	-1.0193	-1.007602	-1.00364	-0.9864723	-1.027958
22/12/2025	14:09	-1.028738	-1.004607	-1.017292	-1.016762	-1.000031	-1	.031608	-1.003749	-1.013679	-1.026492	-1.000653	-0.9972637	-1.010153	-	1.030489	-1.010406	-1.037861	-0.9908061	-1.037861
22/12/2025	14:59	-1.028738	-1.005229	-1.014488	-1.013179	-1.000962	-1	.031608	-1.006538	-1.018176	-1.030704	-1.005939	-1.002394	-1.016518	-1	.023496	-1.017728	-1.006906	-0.9926634	-1.031608
22/12/2025	15:49	-1.022654	-0.9999377	-1.009191	-1.010375	-0.9958416	-1.024452	-0.9973971	-1.011818	-1.015414	-0.9986318	-0.9963308	-1.003	012	-1.013395	-1.006979	-1.003329	-0.9872462	-1.024452
22/12/2025	16:39	-1.02671	-1.008342	-1.020096	-1.019878	-1.009651	-1.	035963	-1.007313	-1.021278	-1.031016	-1.00796	-1.009235	-1.013102	-1.0	38414	-1.021623	-1.044083	-0.9911157	-1.044083
22/12/2025	17:29	-1.022498	-0.9966696	-1.007633	-1.009285	-0.9956864	-1.024608	-0.9964675	-1.010422	-1.016663	-0.9975435	-0.9946206	-1.000	528	-1.012307	-1.005265	-1.001462	-0.9860079	-1.024608
22/12/2025	18:19	-1.021873	-1.000249	-1.012307	-1.01536	-0.9992552	-1	.028341	-1.00158	-1.015695	-1.02696	-1.00625	-1.004882	-1.008911	-1.02	4739	-1.022869	-1.00924	-0.9855436	-1.028341
22/12/2025	19:09	-1.022341	-0.9971365	-1.007945	-1.011621	-0.9925832	-1.02383	-0.9947633	-1.010112	-1.016194	-0.9975435	-0.9946206	-1.0000	62	-1.012152	-1.004175	-0.9992845	-0.9853888	-1.02383
22/12/2025	19:59	-1.031234	-1.004918	-1.015267	-1.017074	-0.9984794	-	1.029586	-1.008552	-1.016315	-1.037101	-1.003762	-1.008613	-1.012481	-	1.02132	-1.017105	-1.003329	-0.9889487	-1.037101
22/12/2025	20:49	-1.02281	-0.9958914	-1.008101	-1.008194	-0.9958416	-	1.022586	-0.9941435	-1.010887	-1.016663	-0.9990983	-0.9946206	-1.0014	59	-1.014483	-1.00324	-0.9988178	-0.9839958	-1.02281
22/12/2025	21:39	-1.02281	-1.000716	-1.011216	-1.009285	-0.993359	-1.	02523	-1.001735	-1.012283	-1.016663	-1.00143	-0.9972637	-1.001304	-1.0	18679	-1.01321	-1.014839	-0.9897226	-1.02523
22/12/2025	22:29	-1.020157	-0.9941795	-1.010437	-1.007883	-0.990566	-	1.020875	-0.9946083	-1.008871	-1.012918	-0.9964552	-0.9944652	-0.9975	782	-1.019766	-1.001059	-1.001773	-0.9886392	-1.020875
22/12/2025	23:19	-1.019689	-0.9985371	-1.006076	-1.007415	-0.9919625	-1.023675	-1.000031	-1.010577	-1.021811	-0.9989428	-1.000062	-1.00378	8	-1.010753	-1.009316	-0.9989734	-0.9839958	-1.023675
23/12/2025	00:09	-1.018441	-1.001961	-1.011839	-1.010219	-1.002203	-1	.025541	-1.008088	-1.013834	-1.023371	-1.00454	-0.9995958	-1.00503	-1.	021009	-1.009627	-1.000529	-0.9869366	-1.025541
23/12/2025	00:59	-1.031702	-1.00414	-1.017759	-1.017541	-1.013996	-1.	027875	-1.006228	-1.019572	-1.028676	-1.015578	-1.004104	-1.020088	-1.	017435	-1.005733	-1.011728	-0.9968425	-1.031702
23/12/2025	01:49	-1.024058	-0.9934014	-1.006699	-1.006013	-0.9893247	-1.020719	-0.9916646	-1.008406	-1.013074	-0.9961443	-0.992444	-0.9969	573	-1.007335	-1.000748	-0.9980401	-0.9827576	-1.024058
23/12/2025	02:39	-1.014541	-0.9929345	-1.00701	-1.004611	-0.9894799	-	1.01963	-0.9915097	-1.007475	-1.011046	-0.9945896	-0.9910448	-0.99649	16	-1.007801	-0.9995015	-0.9957068	-0.9813645	-1.01963
23/12/2025	03:29	-1.022966	-0.9951133	-1.010437	-1.007571	-0.9925832	-1.022741	-0.9941435	-1.009957	-1.016506	-0.9956779	-0.992755	-0.9997	516	-1.009821	-1.004642	-0.9986623	-0.9841506	-1.022966
23/12/2025	04:19	-1.022498	-0.9955802	-1.010905	-1.007415	-0.9919625	-1.021653	-0.9949182	-1.011818	-1.017131	-0.9998756	-0.9960199	-1.002	546	-1.009355	-1.009783	-1.000529	-0.9833767	-1.022498
23/12/2025	05:09	-1.020001	-0.9983815	-1.00888	-1.015204	-0.9978587	-	1.026941	-0.9987915	-1.011663	-1.01635	-1.003296	-0.9978856	-1.002546	-1.017435	-1.006979	-1.00504	-0.985234	-1.026941
23/12/2025	05:59	-1.034355	-1.005852	-1.013242	-1.018787	-1.001738	-1	.030674	-0.9997211	-1.019417	-1.021811	-1.005939	-0.9992848	-1.007824	-1.040278	-1.016793	-1.029617	-0.9937469	-1.040278
23/12/2025	06:49	-1.021717	-1.000716	-1.009347	-1.010219	-0.9938245	-	1.02663	-0.9983267	-1.010887	-1.016975	-0.9967662	-0.9950871	-0.99990	69	-1.021631	-1.00807	-1.01795	-0.9928182	-1.02663
23/12/2025	07:39	-1.026554	-0.9985371	-1.012151	-1.013802	-0.99429	-1	.034874	-0.9980169	-1.012748	-1.017599	-1.000187	-0.9991294	-1.006427	-1.014949	-1.007914	-1.006284	-0.9881748	-1.034874
23/12/2025	08:29	-1.030766	-1.013477	-1.015111	-1.013335	-1.006393	-1	.029119	-1.002355	-1.01554	-1.021343	-1.003762	-1.002705	-1.012016	-1.	031421	-1.010718	-1.016395	-0.999319	-1.031421
23/12/2025	09:19	-1.034979	-1.011143	-1.023835	-1.018787	-1.000186	-1	.040941	-1.008862	-1.023604	-1.042249	-1.017755	-1.016076	-1.020864	-1	.03888	-1.030346	-1.01795	-0.9966877	-1.042249
23/12/2025	10:09	-1.024526	-1.006163	-1.011684	-1.016762	-1.000031	-1	.033319	-1.004679	-1.018641	-1.031016	-1.010448	-1.010945	-1.015431	-1	.018523	-1.017728	-1.003173	-0.9863175	-1.033319
23/12/2025	10:59	-1.030298	-1.007719	-1.016825	-1.016762	-1.005151	-1	.027563	-1.007623	-1.016315	-1.027896	-1.007494	-1.003327	-1.006737	-1	.025361	-1.014924	-1.038328	-0.9942112	-1.038328
23/12/2025	11:49	-1.023902	-0.997759	-1.00888	-1.009285	-0.9928935	-1	.024141	-0.9958478	-1.011507	-1.01635	-0.9973881	-0.9955535	-1.001615	-1.015104	-1.004642	-1.008151	-0.9875557	-1.024141
23/12/2025	12:39	-1.027022	-1.006163	-1.014488	-1.01536	-0.9973932	-1	.032386	-1.003749	-1.023759	-1.019627	-0.9998756	-1.001772	-1.001149	-	1.021165	-1.013678	-1.003018	-0.9898774	-1.032386
23/12/2025	13:29	-1.025618	-1.004918	-1.019784	-1.016139	-0.9981691	-	1.033008	-1.00313	-1.01678	-1.037881	-1.005162	-1.009546	-1.0086	-1.02	303	-1.030658	-1.004884	-0.9932826	-1.037881
23/12/2025	14:19	-1.032639	-1.002272	-1.019473	-1.016451	-1.002048	-1	.030986	-1.013975	-1.018331	-1.028988	-1.01278	-1.014988	-1.021641	-1.	022097	-1.021934	-1.002395	-0.9880201	-1.032639
23/12/2025	15:09	-1.023902	-0.9969808	-1.007478	-1.00835	-0.99429	-1.	024764	-0.9960027	-1.010422	-1.015258	-0.9990983	-0.9947761	-1.000683	-1.017591	-1.005889	-1.007995	-0.9911157	-1.024764
23/12/2025	15:59	-1.02437	-0.9983815	-1.008412	-1.008038	-0.9925832	-	1.024141	-0.9970873	-1.011042	-1.017443	-0.9972326	-0.9952425	-1.0028	56	-1.017125	-1.007758	-1.006284	-0.9877105	-1.02437
23/12/2025	16:49	-1.024058	-0.9974477	-1.008256	-1.009129	-0.9936693	-1.025075	-0.9986366	-1.010887	-1.016506	-0.9981654	-0.9958644	-1.001	925	-1.01526	-1.01025	-1.006129	-0.9847697	-1.025075
23/12/2025	17:39	-1.023902	-0.9971365	-1.007945	-1.007883	-0.9927383	-1.024452	-0.9963126	-1.009957	-1.014946	-0.9970771	-0.9943097	-1.000	217	-1.014483	-1.002461	-1.004729	-0.9870914	-1.024452
23/12/2025	18:29	-1.020157	-0.9993152	-1.011216	-1.006792	-0.9922728	-1.023053	-0.9967774	-1.014454	-1.01479	-0.9972326	-0.9939988	-0.9988	202	-1.012307	-1.00215	-0.9986623	-0.9867818	-1.023053
23/12/2025	19:19	-1.021405	-0.9994709	-1.006854	-1.007883	-0.9938245	-1.023675	-0.9941435	-1.009491	-1.01479	-0.9964552	-0.9939988	-0.9999	069	-1.014483	-1.002929	-1.001151	-0.9897226	-1.023675
23/12/2025	20:09	-1.027178	-0.9968252	-1.006854	-1.008973	-0.9927383	-1.023208	-0.9935238	-1.009646	-1.014634	-0.9959888	-0.9941542	-0.999	9069	-1.010287	-1.002461	-1.009862	-0.9850792	-1.027178
23/12/2025	20:59	-1.019845	-0.9968252	-1.009814	-1.007883	-0.9916522	-1.02523	-0.9939886	-1.009646	-1.014634	-0.9961443	-0.992444	-0.99819	92	-1.014483	-1.001527	-1.000996	-0.9844601	-1.02523
23/12/2025	21:49	-1.019533	-0.9955802	-1.006387	-1.006636	-0.9928935	-1.021653	-0.9932139	-1.010422	-1.014478	-0.9959888	-0.9935323	-0.998	9754	-1.012929	-1.001371	-0.9983512	-0.9832219	-1.021653
23/12/2025	22:39	-1.021249	-0.9976033	-1.006231	-1.006481	-0.9893247	-1.022119	-0.9925942	-1.008561	-1.01245	-0.9952114	-0.9921331	-0.9980	44	-1.00951	-0.9993457	-0.9974179	-0.9821384	-1.022119
23/12/2025	23:29	-1.022341	-0.9965139	-1.008412	-1.006948	-0.990566	-	1.023208	-0.9935238	-1.008096	-1.01245	-0.9953669	-0.9930659	-0.99819	92	-1.008889	-1.001371	-1.011262	-0.9830671	-1.023208
24/12/2025	00:19	-1.016413	-0.9965139	-1.009814	-1.006325	-0.9919625	-1.024297	-0.9916646	-1.009801	-1.012294	-0.9959888	-0.9922886	-0.997	5782	-1.010443	-1.000436	-0.9964846	-0.9827576	-1.024297
24/12/2025	01:09	-1.018285	-0.9934014	-1.005764	-1.006636	-0.9893247	-1.021186	-0.9911998	-1.008096	-1.01167	-0.994745	-0.9921331	-0.99742	3	-1.008112	-1.001059	-0.9980401	-0.9821384	-1.021186
24/12/2025	01:59	-1.029362	-1.000093	-1.014799	-1.012712	-1.002203	-1	.029741	-0.9989465	-1.017091	-1.024151	-1.002985	-0.998041	-1.00503	-1	.021786	-1.012276	-1.018106	-0.9891035	-1.029741
24/12/2025	02:49	-1.026242	-1.002117	-1.009659	-1.014114	-1.001117	-1	.025075	-1.00127	-1.015074	-1.022279	-1.003141	-1.000995	-1.007048	-1.	02132	-1.009316	-1.01344	-0.9965329	-1.026242
24/12/2025	03:39	-1.028582	-0.9982258	-1.013242	-1.011621	-0.9953761	-1.029275	-1.001425	-1.014454	-1.020251	-1.000808	-0.9950871	-1.00673	7	-1.023807	-1.011964	-1.009084	-0.9956043	-1.029275
24/12/2025	04:29	-1.021249	-0.9949577	-1.006387	-1.00944	-0.99429	-1.	022741	-0.9924393	-1.008406	-1.012606	-0.9973881	-0.9932214	-0.997888	7	-1.020388	-1.000125	-0.9991289	-0.9832219	-1.022741
24/12/2025	05:19	-1.03139	-1.002895	-1.012774	-1.015828	-0.9947555	-1	.033319	-1.00127	-1.014299	-1.021031	-1.003607	-1.000373	-1.0086	-1.02	3807	-1.00916	-1.008929	-0.9918895	-1.033319
24/12/2025	06:09	-1.032795	-1.000093	-1.01402	-1.015516	-0.9961519	-1	.029897	-1.003904	-1.014144	-1.018379	-0.9989428	-0.9986629	-1.005961	-1.015726	-1.009472	-1.006284	-0.9863175	-1.032795
24/12/2025	06:59	-1.03061	-1.000872	-1.012774	-1.0124	-0.9983242	-1.0	2663	-1.00344	-1.013679	-1.019315	-1.001119	-0.9991294	-1.011395	-1.02	334	-1.006667	-1.005195	-0.9903418	-1.03061
24/12/2025	07:49	-1.02905	-0.9986927	-1.016513	-1.017541	-1.002048	-1	.032386	-1.001116	-1.014609	-1.019003	-1.001897	-0.9960199	-1.012171	-	1.017902	-1.00916	-1.005662	-0.9874009	-1.032386
24/12/2025	08:39	-1.026866	-0.9974477	-1.008724	-1.009285	-0.99429	-1	.023519	-0.9961577	-1.009801	-1.015414	-0.997699	-0.9941542	-1.001149	-1.024894	-1.006356	-1.001929	-0.9870914	-1.026866
24/12/2025	09:29	-1.024214	-0.9968252	-1.006543	-1.009129	-0.9919625	-1.023986	-0.9973971	-1.010422	-1.015414	-0.9961443	-0.9947761	-0.998	8202	-1.014638	-1.004331	-1.001151	-0.9889487	-1.024214
24/12/2025	10:19	-1.029362	-1.007875	-1.016825	-1.017385	-1.006548	-1	.035341	-1.004059	-1.018486	-1.048802	-1.008738	-1.010323	-1.025832	-1	.020388	-1.014457	-1.018106	-0.9892583	-1.048802
24/12/2025	11:09	-1.025306	-0.9982258	-1.009035	-1.007415	-0.9946003	-1.024297	-0.9942985	-1.010887	-1.015258	-0.9984764	-0.9949316	-1.000	528	-1.014638	-1.005577	-1.009084	-0.9863175	-1.025306
24/12/2025	11:59	-1.023278	-0.9965139	-1.009191	-1.00835	-0.9918073	-	1.021808	-0.9941435	-1.009336	-1.01635	-0.9975435	-0.9947761	-0.99959	64	-1.01153	-1.004331	-1.008929	-0.9858531	-1.023278
24/12/2025	12:49	-1.022498	-0.9966696	-1.009347	-1.009129	-0.9935142	-1.024141	-0.9961577	-1.009181	-1.014478	-0.9973881	-0.9943097	-0.999	5964	-1.014638	-1.003084	-1.007529	-0.9889487	-1.024141
24/12/2025	13:39	-1.041687	-1.001961	-1.011528	-1.012556	-0.995221	-1	.029275	-1.004214	-1.013679	-1.021343	-1.005006	-0.9991294	-1.004098	-	1.020077	-1.020532	-1.037394	-0.9932826	-1.041687
24/12/2025	14:29	-1.024838	-0.9971365	-1.006854	-1.006948	-0.9919625	-1.022897	-0.9944534	-1.009801	-1.014478	-0.9969216	-0.9943097	-0.999	4411	-1.017902	-1.004798	-1.002395	-0.9860079	-1.024838
24/12/2025	15:19	-1.023902	-0.9982258	-1.010593	-1.009285	-0.9927383	-1.03083	-0.9980169	-1.016005	-1.015726	-1.000031	-0.9941542	-0.99866	49	-1.020077	-1.012743	-1.011884	-0.9889487	-1.03083
24/12/2025	16:09	-1.020469	-0.9958914	-1.007166	-1.007259	-0.9919625	-1.021808	-0.9927491	-1.008716	-1.01401	-0.9955224	-0.9935323	-0.9989	754	-1.015104	-1.002306	-1.002551	-0.9863175	-1.021808
24/12/2025	16:59	-1.022341	-0.9957358	-1.007166	-1.007571	-0.991497	-	1.023675	-0.9927491	-1.010112	-1.01323	-0.9962998	-0.9936878	-0.99975	16	-1.017125	-1.005421	-1.003951	-0.9846149	-1.023675
24/12/2025	17:49	-1.019377	-0.9960471	-1.006076	-1.007415	-0.9911867	-1.023053	-0.9935238	-1.008406	-1.014478	-0.997699	-0.9929104	-0.9994	411	-1.01355	-1.001838	-1.001307	-0.9827576	-1.023053
24/12/2025	18:39	-1.022185	-0.9952689	-1.007945	-1.007104	-0.9907212	-1.022741	-0.9936787	-1.009026	-1.013698	-0.9949005	-0.9930659	-0.999	4411	-1.010598	-1.001682	-1.003484	-0.9827576	-1.022741
24/12/2025	19:29	-1.020313	-0.9949577	-1.006387	-1.006636	-0.9904109	-1.021186	-0.9933689	-1.008716	-1.014946	-0.9959888	-0.9925995	-0.998	1992	-1.010287	-1.001371	-0.9981956	-0.9830671	-1.021186
24/12/2025	20:19	-1.020001	-0.9943352	-1.00701	-1.006169	-0.993359	-1	.021497	-0.9942985	-1.008096	-1.012138	-0.994745	-0.9921331	-0.997733	5	-1.008112	-0.9999688	-0.9997511	-0.9844601	-1.021497
24/12/2025	21:09	-1.021249	-0.9932458	-1.00701	-1.00539	-0.9883937	-1	.021186	-0.9963126	-1.00701	-1.01323	-0.994745	-0.9913557	-0.9972678	-	1.009821	-0.9998131	-0.9992845	-0.982448	-1.021249
24/12/2025	21:59	-1.020937	-0.9932458	-1.004362	-1.005079	-0.9890144	-1.019942	-0.9905801	-1.00732	-1.010422	-0.9931903	-0.9902674	-0.9958	706	-1.01122	-0.9991899	-0.9972623	-0.9802811	-1.020937
24/12/2025	22:49	-1.018129	-0.9932458	-1.005141	-1.005546	-0.9888592	-1.020875	-0.9901153	-1.006855	-1.01167	-0.9939677	-0.9925995	-0.9961	811	-1.009821	-1.000748	-1.001307	-0.9818289	-1.020875
24/12/2025	23:39	-1.019533	-0.992312	-1.004518	-1.007415	-0.9899454	-	1.019164	-0.9921294	-1.00732	-1.01245	-0.9938122	-0.9907338	-0.996025	8	-1.007179	-1.002306	-1.00084	-0.9815193	-1.019533
25/12/2025	00:29	-1.017349	-0.9934014	-1.004673	-1.00539	-0.9908764	-	1.02103	-0.9924393	-1.007785	-1.01245	-0.9945896	-0.9918221	-0.997267	8	-1.007179	-0.9991899	-0.9960179	-0.9815193	-1.02103
25/12/2025	01:19	-1.019377	-0.9960471	-1.005764	-1.006013	-0.9902557	-1.021341	-0.9927491	-1.007165	-1.011982	-0.994745	-0.9919776	-0.9966	468	-1.007956	-1.001371	-1.001462	-0.9822932	-1.021341
25/12/2025	02:09	-1.016725	-0.9944908	-1.004985	-1.005546	-0.9896351	-1.021808	-0.9922843	-1.008406	-1.012138	-0.9942786	-0.9904229	-0.998	5097	-1.008112	-0.9995015	-0.9980401	-0.9821384	-1.021808
25/12/2025	02:59	-1.017973	-0.9930901	-1.00405	-1.005702	-0.9887041	-	1.023675	-0.9902702	-1.006855	-1.010578	-0.9930348	-0.989801	-0.99478	39	-1.005625	-1.000748	-0.9974179	-0.9804359	-1.023675
25/12/2025	03:49	-1.0122	-0.9916895	-1.003739	-1.002898	-0.9874628	-1	.017919	-0.9894955	-1.005924	-1.011046	-0.9924129	-0.9899565	-0.99447	34	-1.004538	-0.9990341	-0.9925958	-0.9799715	-1.017919
25/12/2025	04:39	-1.015477	-0.9915339	-1.003739	-1.003676	-0.9876179	-1.017919	-0.9913547	-1.007165	-1.010422	-0.9924129	-0.98949	-0.99478	39	-1.00547	-0.9974763	-0.9925958	-0.9801263	-1.017919
25/12/2025	05:29	-1.015165	-0.9920007	-1.00405	-1.005857	-0.9876179	-	1.019475	-0.990735	-1.005924	-1.011046	-0.9931903	-0.9899565	-0.99571	54	-1.005625	-0.9990341	-0.9947735	-0.9801263	-1.019475
25/12/2025	06:19	-1.021405	-0.9932458	-1.004362	-1.003988	-0.9894799	-1.020408	-0.990735	-1.005924	-1.011514	-0.9938122	-0.9910448	-0.9961	811	-1.006247	-0.9991899	-0.9974179	-0.9807454	-1.021405
25/12/2025	07:09	-1.020625	-0.9924676	-1.004673	-1.0043	-0.9893247	-1	.01963	-0.9911998	-1.006855	-1.011046	-0.9933458	-0.9913557	-0.996181	1	-1.006247	-0.9976321	-0.9958624	-0.9807454	-1.020625
25/12/2025	07:59	-1.020157	-0.9924676	-1.006543	-1.006169	-0.9896351	-1.020408	-0.9916646	-1.00732	-1.01089	-0.9931903	-0.9916667	-0.99602	58	-1.006558	-0.9980995	-0.9972623	-0.981055	-1.020408
25/12/2025	08:49	-1.022966	-0.9937126	-1.007166	-1.004923	-0.9891696	-1.018697	-0.9905801	-1.005924	-1.01089	-0.9935012	-0.9902674	-0.9972	678	-1.009199	-1.000125	-0.9957068	-0.9813645	-1.022966
25/12/2025	09:39	-1.017973	-0.993557	-1.007478	-1.005079	-0.9893247	-	1.024764	-0.9911998	-1.006855	-1.011514	-0.9942786	-0.9905784	-0.9968	02	-1.008733	-0.9999688	-0.9983512	-0.9812098	-1.024764
25/12/2025	10:29	-1.020157	-0.9944908	-1.005764	-1.006792	-0.9890144	-1.02103	-0.9919745	-1.007475	-1.012294	-0.9942786	-0.9908893	-0.9961	811	-1.00749	-0.9996573	-0.9978845	-0.9822932	-1.02103
25/12/2025	11:19	-1.019845	-0.9971365	-1.007478	-1.006948	-0.9901005	-1.021653	-0.9927491	-1.008561	-1.01401	-0.9969216	-0.9930659	-0.9977	335	-1.011375	-1.003396	-1.002084	-0.9832219	-1.021653
25/12/2025	12:09	-1.023434	-0.9991596	-1.007478	-1.006948	-0.9927383	-1.025697	-0.993059	-1.008251	-1.013542	-0.9969216	-0.9922886	-0.9989	754	-1.012618	-1.003552	-1.008151	-0.9897226	-1.025697
25/12/2025	12:59	-1.021561	-0.9949577	-1.007166	-1.00835	-0.9907212	-	1.025697	-0.9936787	-1.008096	-1.012918	-0.9949005	-0.9919776	-0.9974	23	-1.009976	-1.002306	-1.000218	-0.9827576	-1.025697
25/12/2025	13:49	-1.019221	-0.9941795	-1.006854	-1.006013	-0.9883937	-1.021186	-0.9910449	-1.00794	-1.011982	-0.9945896	-0.9913557	-0.9968	02	-1.010909	-1.001215	-0.9992845	-0.9818289	-1.021186
25/12/2025	14:39	-1.018129	-0.9937126	-1.005141	-1.006948	-0.9907212	-1.022275	-0.9927491	-1.009181	-1.012762	-0.9955224	-0.9912002	-0.996	3363	-1.010909	-0.9993457	-0.9980401	-0.982448	-1.022275
25/12/2025	15:29	-1.021405	-0.9943352	-1.005297	-1.005546	-0.9887041	-1.020408	-0.9933689	-1.009491	-1.012138	-0.9936567	-0.9915112	-0.997	2678	-1.007024	-0.9996573	-0.99944	-0.9826028	-1.021405
25/12/2025	16:19	-1.021873	-0.9960471	-1.004985	-1.005702	-0.9902557	-1.021964	-0.9927491	-1.008251	-1.013854	-0.9962998	-0.9916667	-0.996	802	-1.012618	-1.00028	-0.9988178	-0.9832219	-1.021964
25/12/2025	17:09	-1.021405	-1.000093	-1.008568	-1.007259	-0.9904109	-	1.023364	-0.9956929	-1.011818	-1.015414	-0.9961443	-0.9938433	-0.9985	097	-1.016814	-1.00511	-1.008773	-0.9878653	-1.023364
25/12/2025	17:59	-1.021873	-0.9960471	-1.006699	-1.007104	-0.990566	-	1.021964	-0.9919745	-1.008096	-1.01401	-0.9956779	-0.9925995	-0.99819	92	-1.008889	-1.002306	-0.9992845	-0.9835315	-1.021964
25/12/2025	18:49	-1.023278	-0.9965139	-1.01293	-1.008662	-0.992428	-1	.02243	-0.9978619	-1.011197	-1.014166	-0.9998756	-0.9952425	-1.000838	-1.014483	-1.004798	-1.007218	-0.9908061	-1.023278
25/12/2025	19:39	-1.020625	-0.9937126	-1.006854	-1.005702	-0.9894799	-1.024141	-0.9927491	-1.008871	-1.012762	-0.9949005	-0.992755	-0.9963	363	-1.008733	-1.000592	-0.9986623	-0.982448	-1.024141
25/12/2025	20:29	-1.018285	-0.9938683	-1.004518	-1.005546	-0.9901005	-1.02103	-0.9919745	-1.00701	-1.01167	-0.9936567	-0.9918221	-0.996181	1	-1.009199	-0.9991899	-0.9980401	-0.9816741	-1.02103
25/12/2025	21:19	-1.022498	-0.9949577	-1.006699	-1.006481	-0.9894799	-1.020719	-0.9929041	-1.007165	-1.012294	-0.9956779	-0.9910448	-0.996	1811	-1.011841	-1.000125	-1.000529	-0.9822932	-1.022498
25/12/2025	22:09	-1.017973	-0.9944908	-1.005297	-1.004923	-0.9893247	-1.019942	-0.9921294	-1.007475	-1.012606	-0.9952114	-0.9919776	-0.996	6468	-1.012773	-0.9995015	-0.9985067	-0.9821384	-1.019942
25/12/2025	22:59	-1.020781	-0.9955802	-1.004829	-1.006481	-0.9897902	-1.021808	-0.9935238	-1.007165	-1.014166	-0.9952114	-0.992444	-0.9995	964	-1.00951	-1.000904	-1.005195	-0.9835315	-1.021808
25/12/2025	23:49	-1.016881	-0.9937126	-1.004985	-1.006325	-0.9911867	-1.020875	-0.9921294	-1.008096	-1.012138	-0.9952114	-0.9925995	-0.996	6468	-1.009199	-0.9991899	-0.9969512	-0.982448	-1.020875
26/12/2025	00:39	-1.020157	-0.9949577	-1.006231	-1.005234	-0.9901005	-1.022586	-0.9947633	-1.00794	-1.012294	-0.9942786	-0.9910448	-0.9968	02	-1.007801	-1.001059	-1.005506	-0.9830671	-1.022586
26/12/2025	01:29	-1.017505	-0.9927789	-1.004362	-1.005234	-0.9883937	-1.020408	-0.9935238	-1.00701	-1.010578	-0.9941231	-0.9910448	-0.9958	706	-1.006402	-0.9980995	-0.9964846	-0.9815193	-1.020408
26/12/2025	02:19	-1.021405	-0.9930901	-1.007789	-1.007259	-0.9879283	-1.021653	-0.9916646	-1.00732	-1.011358	-0.9941231	-0.992755	-0.99633	63	-1.008578	-0.9993457	-1.00084	-0.9818289	-1.021653
26/12/2025	03:09	-1.021093	-0.9927789	-1.005764	-1.00539	-0.9888592	-	1.02243	-0.9960027	-1.00701	-1.011202	-0.9939677	-0.9904229	-0.997888	7	-1.006402	-0.9987226	-0.9957068	-0.9812098	-1.02243
26/12/2025	03:59	-1.016413	-0.9924676	-1.004362	-1.0043	-0.9883937	-1	.01963	-0.9908899	-1.005459	-1.009798	-0.9927239	-0.9908893	-0.996025	8	-1.005781	-0.9995015	-0.9955513	-0.9802811	-1.01963
26/12/2025	04:49	-1.016257	-0.9916895	-1.00405	-1.00539	-0.9882386	-1	.019786	-0.9894955	-1.00639	-1.010578	-0.9945896	-0.9902674	-0.996491	6	-1.005781	-1.000592	-0.9950846	-0.9804359	-1.019786
26/12/2025	05:39	-1.017973	-0.9966696	-1.007166	-1.006792	-0.9899454	-1.023986	-0.9922843	-1.008096	-1.011826	-0.995056	-0.992755	-0.99850	97	-1.014794	-1.007446	-1.003795	-0.9844601	-1.023986
26/12/2025	06:29	-1.02905	-1.008186	-1.023367	-1.020034	-1.013841	-1.	033319	-1.00313	-1.01554	-1.026492	-1.007494	-1.00255	-1.014344	-1.019	3	-1.009316	-1.004262	-0.9847697	-1.033319
26/12/2025	07:19	-1.025306	-1.00056	-1.015111	-1.009908	-1.000497	-1.	028497	-0.9981718	-1.014609	-1.019783	-1.000342	-0.9938433	-1.000994	-	1.022253	-1.008537	-1.008151	-0.9895679	-1.028497
26/12/2025	08:09	-1.021561	-0.9958914	-1.006543	-1.006481	-0.9902557	-1.022897	-0.9922843	-1.009026	-1.012918	-0.9952114	-0.992755	-0.9972	678	-1.009666	-1.00028	-1.000684	-0.9836862	-1.022897
26/12/2025	08:59	-1.021405	-0.9952689	-1.006076	-1.007104	-0.9901005	-1.021341	-0.9924393	-1.00763	-1.01323	-0.9967662	-0.9915112	-0.99742	3	-1.00951	-1.003552	-0.997729	-0.9819837	-1.021405
26/12/2025	09:49	-1.024994	-0.9969808	-1.007478	-1.007104	-0.9918073	-1.023675	-0.9952281	-1.008871	-1.014166	-0.9956779	-0.9921331	-0.999	1307	-1.014949	-1.001371	-1.004884	-0.9832219	-1.024994
26/12/2025	10:39	-1.020625	-0.997759	-1.016357	-1.013491	-0.9950658	-	1.025697	-0.9991014	-1.013368	-1.016819	-0.9995647	-0.9947761	-1.0020	8	-1.016814	-1.004019	-1.002707	-0.9855436	-1.025697
26/12/2025	11:29	-1.020781	-0.9958914	-1.007633	-1.007883	-0.9911867	-1.022119	-0.9935238	-1.009491	-1.014166	-0.9961443	-0.9930659	-0.998	3544	-1.010909	-1.003552	-1.000996	-0.9863175	-1.022119
26/12/2025	12:19	-1.020313	-0.9971365	-1.00592	-1.008194	-0.9922728	-	1.02383	-0.9933689	-1.008871	-1.01479	-0.9958333	-0.9925995	-0.998509	7	-1.024273	-1.003396	-1.010017	-0.9861627	-1.024273
26/12/2025	13:09	-1.021873	-0.9972921	-1.006076	-1.007104	-0.9908764	-1.023208	-0.993059	-1.014144	-1.01245	-0.9955224	-0.992444	-0.999285	9	-1.012463	-1.000748	-0.9988178	-0.9841506	-1.023208
26/12/2025	13:59	-1.022498	-0.9968252	-1.008101	-1.007104	-0.990566	-	1.024297	-0.9927491	-1.008096	-1.01401	-0.995056	-0.9932214	-0.998664	9	-1.023807	-1.003552	-1.000218	-0.983841	-1.024297
26/12/2025	14:49	-1.022498	-0.9949577	-1.005297	-1.006013	-0.9908764	-1.021341	-0.9925942	-1.00732	-1.014322	-0.995056	-0.9919776	-0.99944	11	-1.007801	-1.004954	-0.9983512	-0.9829123	-1.022498
26/12/2025	15:39	-1.023902	-0.9969808	-1.009191	-1.010531	-0.9911867	-1.024297	-0.9938337	-1.008871	-1.017287	-0.9964552	-0.992755	-0.9994	411	-1.013861	-1.004954	-1.002551	-0.9869366	-1.024297
26/12/2025	16:29	-1.021561	-0.9965139	-1.006699	-1.015049	-0.992428	-	1.02243	-0.9952281	-1.008716	-1.014946	-0.9953669	-0.9932214	-0.99882	02	-1.013861	-1.002929	-0.9995956	-0.9880201	-1.02243
26/12/2025	17:19	-1.022498	-0.9955802	-1.006231	-1.007571	-0.9899454	-1.023364	-0.9936787	-1.008716	-1.012762	-0.995056	-0.9930659	-0.9980	44	-1.014794	-1.002306	-1.000373	-0.9872462	-1.023364
26/12/2025	18:09	-1.016569	-0.994802	-1.004985	-1.005702	-0.990566	-1	.020875	-0.9922843	-1.00763	-1.013074	-0.9944341	-0.9922886	-0.997733	5	-1.008733	-1.002773	-0.9997511	-0.9839958	-1.020875
26/12/2025	18:59	-1.021717	-0.9949577	-1.006387	-1.008662	-0.9911867	-1.023675	-0.9935238	-1.008251	-1.013698	-0.995056	-0.9929104	-0.9975	782	-1.009355	-1.001215	-0.9983512	-0.9830671	-1.023675
26/12/2025	19:49	-1.019065	-0.993557	-1.006231	-1.006325	-0.990566	-1	.021341	-0.9916646	-1.008871	-1.01167	-0.9952114	-0.9918221	-0.998044	-1.007645	-1.00028	-0.9981956	-0.9839958	-1.021341
26/12/2025	20:39	-1.018285	-0.9937126	-1.006076	-1.006792	-0.9908764	-1.021653	-0.9924393	-1.008871	-1.012762	-0.9944341	-0.9913557	-0.998	1992	-1.013706	-1.001371	-0.9971068	-0.983841	-1.021653
26/12/2025	21:29	-1.017349	-0.9951133	-1.004985	-1.00539	-0.9899454	-	1.022586	-0.9918195	-1.009026	-1.012606	-0.9953669	-0.9925995	-0.9985	097	-1.008267	-0.9999688	-0.9978845	-0.9827576	-1.022586
26/12/2025	22:19	-1.020625	-0.9946464	-1.006699	-1.006169	-0.9902557	-1.021341	-0.9921294	-1.007475	-1.011982	-0.995056	-0.9919776	-0.9968	02	-1.009199	-1.001527	-0.9972623	-0.982448	-1.021341
26/12/2025	23:09	-1.031546	-1.01052	-1.021654	-1.021747	-1.006082	-1.	032541	-1.006073	-1.019262	-1.022123	-1.007649	-1.002394	-1.01155	-1.0	19766	-1.012431	-1.015773	-0.9940565	-1.032541
26/12/2025	23:59	-1.021249	-0.9940239	-1.005452	-1.006792	-0.9891696	-1.022741	-0.9918195	-1.00701	-1.012138	-0.994745	-0.9915112	-0.99804	4	-1.008578	-0.9996573	-0.9978845	-0.9816741	-1.022741
27/12/2025	00:49	-1.02281	-0.9944908	-1.005764	-1.005234	-0.9885489	-	1.020408	-0.990735	-1.0067	-1.011514	-0.9938122	-0.9904229	-0.998044	-	1.006558	-0.9988784	-0.9969512	-0.9807454	-1.02281
27/12/2025	01:39	-1.018597	-0.9938683	-1.006076	-1.006169	-0.9901005	-1.021497	-0.9918195	-1.007785	-1.012762	-0.9973881	-0.992444	-0.9980	44	-1.009355	-0.9993457	-0.9981956	-0.982448	-1.021497
27/12/2025	02:29	-1.014853	-1.003673	-1.003895	-1.003209	-0.9883937	-	1.019319	-0.9901153	-1.005769	-1.011202	-0.9924129	-0.98949	-0.995404	9	-1.005625	-0.9985668	-0.994618	-0.9807454	-1.019319
27/12/2025	03:19	-1.017505	-0.9963583	-1.00405	-1.004923	-0.9885489	-	1.021653	-0.9921294	-1.00794	-1.01089	-0.9931903	-0.9907338	-0.995404	9	-1.007335	-0.9988784	-0.9974179	-0.9822932	-1.021653
27/12/2025	04:09	-1.016881	-0.992312	-1.004673	-1.005702	-0.9880834	-	1.023053	-0.9916646	-1.00763	-1.011514	-0.9936567	-0.9966418	-1.02008	8	-1.006558	-1.000592	-1.001929	-0.981055	-1.023053
27/12/2025	04:59	-1.02749	-0.9988484	-1.009814	-1.013802	-0.9958416	-	1.032386	-1.00189	-1.014609	-1.020095	-1.005162	-0.998352	-1.004719	-1	.02132	-1.010095	-1.008462	-0.9939017	-1.032386
27/12/2025	05:49	-1.017037	-0.9946464	-1.004829	-1.005079	-0.9896351	-1.022275	-0.9919745	-1.006855	-1.011982	-0.9941231	-0.9912002	-0.996	4916	-1.007024	-1.000125	-0.9971068	-0.9821384	-1.022275
27/12/2025	06:39	-1.036851	-1.002739	-1.009503	-1.011621	-0.9995655	-	1.027719	-1.000341	-1.015074	-1.022123	-1.000808	-0.9988184	-1.004719	-1.023807	-1.007758	-1.018573	-0.9994737	-1.036851
27/12/2025	07:29	-1.02359	-1.007563	-1.015422	-1.01427	-1.000497	-1.0	27719	-1.000186	-1.020347	-1.035696	-1.010759	-1.006592	-1.011705	-1.0	15726	-1.016482	-1.031328	-0.9894131	-1.035696
27/12/2025	08:19	-1.023434	-0.9979146	-1.015422	-1.01131	-0.9955313	-	1.028186	-0.9970873	-1.012903	-1.021811	-1.002052	-1.001461	-1.009221	-1.012307	-1.003863	-1.004573	-0.9850792	-1.028186
27/12/2025	09:09	-1.024994	-0.9963583	-1.005608	-1.007104	-0.9925832	-1.023053	-0.9929041	-1.008716	-1.014634	-0.9959888	-0.9922886	-0.998	6649	-1.01526	-1.00215	-1.012973	-0.9843053	-1.024994
27/12/2025	09:59	-1.021717	-0.9971365	-1.007322	-1.011777	-0.9927383	-1.022897	-0.9955379	-1.010732	-1.015726	-0.9970771	-0.9943097	-0.999	5964	-1.015571	-1.007291	-1.00224	-0.9870914	-1.022897
27/12/2025	10:49	-1.031078	-0.9980702	-1.009814	-1.009908	-0.9986346	-1.023519	-0.9972422	-1.014144	-1.019783	-0.9995647	-0.995398	-0.9992	859	-1.022719	-1.014301	-1.017173	-0.9903418	-1.031078
27/12/2025	11:39	-1.027646	-1.00165	-1.009659	-1.013958	-1.003134	-1.	025386	-0.9992563	-1.011663	-1.023215	-1.003918	-1.004571	-1.005185	-1	.021631	-1.024894	-1.000684	-0.9863175	-1.027646
27/12/2025	12:29	-1.019065	-0.9962027	-1.008101	-1.009752	-0.99429	-1	.024764	-0.9938337	-1.011352	-1.01479	-0.9969216	-0.9929104	-0.998509	7	-1.013084	-1.007446	-0.9995956	-0.985234	-1.024764
27/12/2025	13:19	-1.02515	-1.002272	-1.009814	-1.015204	-0.9953761	-1	.026941	-0.9970873	-1.020813	-1.023371	-1.000653	-1.00255	-1.007358	-1	.021786	-1.017261	-1.014995	-0.9856984	-1.026941
27/12/2025	14:09	-1.023278	-0.9969808	-1.007945	-1.008194	-0.9928935	-1.02383	-0.9938337	-1.008871	-1.013854	-0.9964552	-0.9939988	-0.9988	202	-1.019922	-1.002617	-1.006595	-0.9844601	-1.02383
27/12/2025	14:59	-1.022185	-1.001338	-1.007789	-1.010219	-0.9928935	-	1.024452	-0.9995662	-1.010577	-1.017443	-0.9997201	-1.000529	-1.00130	4	-1.012463	-1.009004	-1.002084	-0.9849245	-1.024452
27/12/2025	15:49	-1.02671	-0.9997821	-1.007478	-1.007259	-0.9930487	-	1.02243	-0.9944534	-1.010577	-1.014166	-0.9962998	-0.9936878	-0.99990	69	-1.010598	-1.003396	-1.005973	-0.983841	-1.02671
27/12/2025	16:39	-1.022498	-0.9958914	-1.007789	-1.00835	-0.991497	-1	.026164	-0.9955379	-1.009336	-1.015258	-0.9981654	-0.9932214	-0.99913	07	-1.013706	-1.00324	-1.000373	-0.9861627	-1.026164
27/12/2025	17:29	-1.021093	-1.002117	-1.009191	-1.009596	-1.002358	-1	.02383	-1.000186	-1.013679	-1.025711	-0.9998756	-0.9988184	-1.004875	-	1.014949	-1.007291	-1.003795	-0.9846149	-1.025711
27/12/2025	18:19	-1.022341	-0.9963583	-1.00701	-1.007104	-0.9922728	-	1.022119	-0.9946083	-1.009957	-1.015102	-0.9967662	-0.9952425	-0.9994	411	-1.028313	-1.00215	-1.000529	-0.983841	-1.028313
27/12/2025	19:09	-1.022654	-1.005852	-1.013709	-1.020813	-0.9986346	-	1.034408	-1.008397	-1.018952	-1.025555	-1.00625	-1.002861	-1.007824	-1	.015881	-1.010562	-1.002551	-0.9850792	-1.034408
27/12/2025	19:59	-1.028582	-1.004607	-1.015267	-1.020501	-1.003445	-1	.033474	-1.011031	-1.024845	-1.026335	-1.011692	-1.020429	-1.013879	-1	.039812	-1.046236	-1.007529	-0.9931278	-1.046236
27/12/2025	20:49	-1.02281	-0.9965139	-1.00592	-1.006948	-0.991497	-1.	021808	-0.9947633	-1.011042	-1.01479	-0.9958333	-0.992444	-0.9981992	-	1.009976	-1.002617	-0.9989734	-0.9829123	-1.02281
27/12/2025	21:39	-1.040907	-1.016746	-1.015267	-1.02237	-1.01291	-1.0	40474	-1.005144	-1.020192	-1.031952	-1.004851	-1.008769	-1.020088	-1.0	15104	-1.012899	-1.008462	-0.9914252	-1.040907
27/12/2025	22:29	-1.019533	-0.9951133	-1.006076	-1.006636	-0.9904109	-1.022119	-0.9925942	-1.008406	-1.012606	-0.9967662	-0.992755	-0.9985	097	-1.009044	-1.006044	-1.000373	-0.9833767	-1.022119
27/12/2025	23:19	-1.028114	-0.9982258	-1.01293	-1.017074	-0.9966174	-	1.029275	-1.000961	-1.018486	-1.023839	-1.008116	-1.001772	-1.005185	-	1.022719	-1.014924	-1.00224	-0.9864723	-1.029275
28/12/2025	00:09	-1.021717	-0.9952689	-1.009191	-1.007415	-0.9897902	-1.02243	-0.9915097	-1.007475	-1.011826	-0.9942786	-0.9916667	-0.9975	782	-1.007801	-1.002617	-0.9957068	-0.9850792	-1.02243
28/12/2025	00:59	-1.019689	-0.9943352	-1.00592	-1.007104	-0.9894799	-	1.022897	-0.9924393	-1.008096	-1.013854	-0.9961443	-0.9919776	-0.9975	782	-1.013861	-1.000904	-0.9991289	-0.9826028	-1.022897
28/12/2025	01:49	-1.017973	-0.9965139	-1.004985	-1.007727	-0.9896351	-1.020875	-0.9924393	-1.00763	-1.011202	-0.995056	-0.9919776	-0.99602	58	-1.00749	-0.9999688	-0.9986623	-0.9816741	-1.020875
28/12/2025	02:39	-1.023122	-0.9930901	-1.006231	-1.00539	-0.9891696	-	1.019319	-0.9911998	-1.00732	-1.012138	-0.9938122	-0.9912002	-0.99726	78	-1.007024	-0.9985668	-0.9985067	-0.985234	-1.023122
28/12/2025	03:29	-1.017193	-0.9940239	-1.005764	-1.00539	-0.9908764	-	1.022119	-0.9921294	-1.00732	-1.015258	-0.9941231	-0.9915112	-0.99680	2	-1.009044	-1.001682	-0.997729	-0.9826028	-1.022119
28/12/2025	04:19	-1.018285	-0.992312	-1.004673	-1.004455	-0.9888592	-	1.023053	-0.9921294	-1.008561	-1.011358	-0.9942786	-0.9904229	-0.9957	154	-1.007024	-0.9988784	-0.9964846	-0.9812098	-1.023053
28/12/2025	05:09	-1.018129	-0.9932458	-1.005297	-1.006169	-0.9897902	-1.020719	-0.9913547	-1.00794	-1.013854	-0.9945896	-0.992755	-0.99944	11	-1.007179	-1.002461	-1.000062	-0.9812098	-1.020719
28/12/2025	05:59	-1.040439	-1.003362	-1.00997	-1.011154	-1.000962	-1.	032697	-0.9998761	-1.012748	-1.015882	-0.9994092	-1.000529	-1.004719	-	1.019611	-1.006512	-1.01064	-0.9897226	-1.040439
28/12/2025	06:49	-1.021405	-0.9930901	-1.005764	-1.007104	-0.9899454	-1.020408	-0.9918195	-1.00732	-1.01479	-0.994745	-0.9919776	-0.998354	4	-1.012929	-1.000748	-0.9974179	-0.9839958	-1.021405
28/12/2025	07:39	-1.023746	-0.9944908	-1.006543	-1.006948	-0.9902557	-1.021808	-0.993059	-1.007475	-1.012606	-0.997699	-0.9912002	-0.99757	82	-1.009666	-1.001059	-0.9974179	-0.9816741	-1.023746
28/12/2025	08:29	-1.025462	-0.9954246	-1.008101	-1.009129	-0.9913419	-1.023208	-0.9927491	-1.008251	-1.013854	-0.99801	-0.9933769	-0.99928	59	-1.010132	-1.004331	-1.001929	-0.983841	-1.025462
28/12/2025	09:19	-1.020937	-0.9958914	-1.007322	-1.008662	-0.9916522	-1.024141	-0.9944534	-1.009491	-1.013542	-0.9964552	-0.9943097	-0.999	9069	-1.012929	-1.001994	-1.001929	-0.9830671	-1.024141
28/12/2025	10:09	-1.020625	-0.9966696	-1.006699	-1.006948	-0.9918073	-1.021808	-0.9952281	-1.010112	-1.017599	-0.9956779	-0.9933769	-1.000	217	-1.013084	-1.002929	-1.000529	-0.9846149	-1.021808
28/12/2025	10:59	-1.02983	-0.9966696	-1.008256	-1.012712	-0.9939796	-	1.024764	-0.9946083	-1.009957	-1.015882	-0.9969216	-0.9950871	-0.9983	544	-1.01728	-1.004487	-1.005195	-0.9875557	-1.02983
28/12/2025	11:49	-1.022654	-0.9976033	-1.008256	-1.008662	-0.9936693	-1.026319	-0.9947633	-1.009957	-1.014322	-0.9969216	-0.9938433	-0.999	2859	-1.025361	-1.00807	-1.003329	-0.9853888	-1.026319
28/12/2025	12:39	-1.022185	-0.9965139	-1.007633	-1.008194	-0.9910315	-1.023208	-0.9941435	-1.009491	-1.014478	-0.9964552	-0.9936878	-0.999	7516	-1.020699	-1.004331	-1.014839	-0.9897226	-1.023208
28/12/2025	13:29	-1.02437	-0.9962027	-1.006854	-1.008662	-0.9928935	-	1.022586	-0.9935238	-1.010422	-1.015726	-0.9967662	-0.9935323	-0.9992	859	-1.015881	-1.003396	-1.009084	-0.986627	-1.02437
28/12/2025	14:19	-1.02359	-0.9983815	-1.007478	-1.006636	-0.9910315	-	1.024919	-0.9938337	-1.009646	-1.015414	-0.9958333	-0.992444	-0.99944	11	-1.01728	-1.003396	-1.004418	-0.9864723	-1.024919
28/12/2025	15:09	-1.021405	-0.999004	-1.009191	-1.008817	-0.9922728	-	1.024764	-0.9955379	-1.011197	-1.018223	-0.9973881	-0.9936878	-1.0020	8	-1.012773	-1.007291	-1.000373	-0.9841506	-1.024764
28/12/2025	15:59	-1.02515	-0.9969808	-1.007789	-1.007415	-0.9932038	-	1.024764	-0.9941435	-1.009957	-1.015414	-0.9964552	-0.9944652	-1.0009	94	-1.013861	-1.001371	-0.9992845	-0.983841	-1.02515
28/12/2025	16:49	-1.025618	-0.9985371	-1.006854	-1.008038	-0.9927383	-1.022586	-0.9972422	-1.010577	-1.017755	-0.9966107	-0.9939988	-0.998	5097	-1.014017	-1.004954	-1.009706	-0.9850792	-1.025618
28/12/2025	17:39	-1.021561	-0.9958914	-1.006699	-1.007727	-0.9936693	-1.024141	-0.9969323	-1.009646	-1.01401	-0.9962998	-0.9947761	-0.9989	754	-1.013084	-1.002306	-1.001151	-0.9850792	-1.024141
28/12/2025	18:29	-1.021249	-0.9957358	-1.007166	-1.007883	-0.991497	-	1.022741	-0.9942985	-1.009491	-1.015414	-0.9958333	-0.9932214	-1.0008	38	-1.009355	-1.002306	-0.9995956	-0.9833767	-1.022741
28/12/2025	19:19	-1.020469	-0.9994709	-1.006854	-1.007104	-0.9925832	-1.022741	-0.9958478	-1.011197	-1.01479	-0.9978545	-0.9960199	-1.0006	83	-1.012618	-1.006044	-1.002395	-0.9863175	-1.022741
28/12/2025	20:09	-1.024682	-0.9951133	-1.006543	-1.006792	-0.9919625	-1.021964	-0.9947633	-1.009181	-1.01323	-0.9962998	-0.992444	-0.99897	54	-1.011841	-1.002306	-1.00084	-0.9832219	-1.024682
28/12/2025	20:59	-1.021717	-0.9971365	-1.00701	-1.007104	-0.9936693	-	1.023053	-0.9947633	-1.008871	-1.013854	-0.9966107	-0.9933769	-0.9994	411	-1.01355	-1.003708	-1.008462	-0.9861627	-1.023053
28/12/2025	21:49	-1.026242	-0.9940239	-1.007478	-1.009285	-0.9907212	-1.024452	-0.9950731	-1.009801	-1.013386	-0.9978545	-0.992755	-0.9972	678	-1.018989	-1.004019	-1.002551	-0.9839958	-1.026242
28/12/2025	22:39	-1.02515	-0.9954246	-1.006854	-1.007571	-0.993359	-1	.021964	-0.995383	-1.010732	-1.021499	-0.9990983	-0.995709	-1.004564	-	1.011841	-1.003552	-1.000218	-0.983841	-1.02515
28/12/2025	23:29	-1.02437	-0.993557	-1.006076	-1.005702	-0.9908764	-1	.02243	-0.9944534	-1.008251	-1.012138	-0.9969216	-0.9913557	-0.997423	-1.015415	-1.004798	-1.004418	-0.9827576	-1.02437
29/12/2025	00:19	-1.030142	-1.028573	-1.020719	-1.026421	-1.020047	-1	.040007	-1.017074	-1.04299	-1.051454	-1.029571	-1.018874	-1.0308	-1.01	9922	-1.013678	-1.012973	-1.001022	-1.051454
29/12/2025	01:09	-1.021561	-0.9927789	-1.004829	-1.010375	-0.9890144	-1.02243	-0.9922843	-1.008096	-1.011358	-0.9942786	-0.9915112	-0.9966	468	-1.008889	-0.9991899	-0.9969512	-0.9816741	-1.02243
29/12/2025	01:59	-1.018597	-0.9920007	-1.004673	-1.006325	-0.9887041	-1.019786	-0.9911998	-1.00763	-1.011826	-0.9941231	-0.9922886	-0.9960	258	-1.007801	-0.9985668	-0.9969512	-0.9815193	-1.019786
29/12/2025	02:49	-1.02281	-0.9943352	-1.005764	-1.005079	-0.9887041	-	1.019786	-0.9918195	-1.006545	-1.011514	-0.994745	-0.9916667	-0.99618	11	-1.01122	-0.9991899	-0.9986623	-0.9805906	-1.02281
29/12/2025	03:39	-1.018753	-0.9957358	-1.005297	-1.005702	-0.9913419	-1.020253	-0.9916646	-1.00794	-1.011202	-0.9942786	-0.9905784	-0.9968	02	-1.007024	-0.9987226	-0.9985067	-0.9809002	-1.020253
29/12/2025	04:29	-1.022185	-1.001183	-1.010593	-1.012712	-1.001428	-1	.025386	-0.9984817	-1.018331	-1.022123	-1.00143	-0.9974192	-1.002235	-	1.010132	-1.003552	-0.9991289	-0.9818289	-1.025386
29/12/2025	05:19	-1.034823	-1.003828	-1.017448	-1.016918	-0.9980139	-	1.027408	-1.001735	-1.01554	-1.018379	-1.001119	-0.998041	-1.006737	-1	.027847	-1.011029	-1.011106	-0.9918895	-1.034823
29/12/2025	06:09	-1.032327	-1.003828	-1.017292	-1.016451	-1.000962	-1	.03083	-1.004834	-1.016315	-1.021499	-1.003296	-0.9972637	-1.005651	-1	.022874	-1.011653	-1.026039	-1.002569	-1.032327
29/12/2025	06:59	-1.022341	-0.9972921	-1.009814	-1.008506	-0.9927383	-1.023675	-0.995383	-1.009646	-1.016194	-0.9964552	-0.9946206	-1.0013	04	-1.014172	-1.004954	-1.00644	-0.9894131	-1.023675
29/12/2025	07:49	-1.024994	-1.002272	-1.012774	-1.010375	-0.9944451	-	1.026319	-0.9998761	-1.013524	-1.016506	-1.000964	-0.9946206	-1.00922	1	-1.016037	-1.011964	-1.007062	-0.9855436	-1.026319
29/12/2025	08:39	-1.039971	-1.00554	-1.019005	-1.017385	-0.99429	-1.0	2943	-1.004679	-1.012128	-1.019939	-1.000964	-0.9997512	-1.002235	-1.0	21786	-1.010095	-1.004573	-0.9894131	-1.039971
29/12/2025	09:29	-1.027802	-0.9993152	-1.008101	-1.007883	-0.9956864	-1.026164	-0.9952281	-1.015074	-1.015258	-0.9984764	-0.9958644	-1.000	062	-1.017125	-1.003708	-1.004107	-0.9889487	-1.027802
29/12/2025	10:19	-1.047928	-1.043669	-1.058107	-1.056798	-1.044253	-1	.072517	-1.031792	-1.053846	-1.076729	-1.041231	-1.033178	-1.056725	-1	.037326	-1.025361	-1.014062	-1.001795	-1.076729
29/12/2025	11:09	-1.030298	-0.9979146	-1.008256	-1.012089	-0.9958416	-1.026475	-0.9978619	-1.011973	-1.020875	-1.003607	-0.9971082	-1.0068	93	-1.021165	-1.00807	-1.016551	-0.9864723	-1.030298
29/12/2025	11:59	-1.033887	-1.013633	-1.019473	-1.018476	-1.002048	-1	.035341	-1.001425	-1.014299	-1.019939	-1.004851	-0.9999067	-1.006116	-	1.016503	-1.0062	-1.006906	-0.9898774	-1.035341
29/12/2025	12:49	-1.026398	-0.9966696	-1.006231	-1.011621	-0.9921177	-1.024608	-0.9950731	-1.012283	-1.013698	-0.9967662	-0.9925995	-0.998	3544	-1.014794	-1.007291	-1.005973	-0.9853888	-1.026398
29/12/2025	13:39	-1.023902	-1.001183	-1.008412	-1.011777	-0.9944451	-	1.026786	-1.002045	-1.01616	-1.016194	-0.9994092	-0.9958644	-1.007358	-1.022719	-1.016014	-1.02775	-0.9886392	-1.02775
29/12/2025	14:29	-1.040127	-1.010987	-1.022433	-1.021903	-1.016944	-1	.03923	-1.009792	-1.020658	-1.023371	-1.01278	-1.00597	-1.018536	-1.02	909	-1.028477	-1.034128	-0.9891035	-1.040127
29/12/2025	15:19	-1.020001	-0.9976033	-1.006387	-1.007415	-0.9932038	-1.022741	-0.9938337	-1.010112	-1.015102	-0.9973881	-0.9941542	-0.998	5097	-1.028468	-1.001838	-1.007218	-0.9864723	-1.028468
29/12/2025	16:09	-1.02827	-1.009275	-1.015422	-1.019722	-1.004686	-1.	036119	-0.9994113	-1.012128	-1.018535	-1.003762	-1.004726	-1.008135	-1	.016969	-1.007135	-1.004884	-0.9884844	-1.036119
29/12/2025	16:59	-1.02359	-0.9974477	-1.008101	-1.008506	-0.9918073	-	1.024141	-0.9963126	-1.010422	-1.014322	-0.9966107	-0.9952425	-1.0009	94	-1.021631	-1.002461	-1.006284	-0.9861627	-1.024141
29/12/2025	17:49	-1.02281	-1.002739	-1.012151	-1.011933	-0.9955313	-1	.025697	-0.9986366	-1.01523	-1.025243	-1.001586	-1.000373	-1.005961	-1	.015415	-1.010718	-1.000062	-0.983841	-1.025697
29/12/2025	18:39	-1.025306	-1.007408	-1.024146	-1.016139	-0.9969278	-	1.030986	-1.009017	-1.019107	-1.048022	-1.015267	-1.005193	-1.017294	-	1.016037	-1.012743	-1.005818	-0.9937469	-1.048022
29/12/2025	19:29	-1.020625	-0.9986927	-1.009814	-1.007571	-0.9918073	-1.023519	-0.9980169	-1.011663	-1.019159	-0.9958333	-0.9950871	-1.000	217	-1.016814	-1.001059	-1.005818	-0.986627	-1.023519
29/12/2025	20:19	-1.021249	-0.9954246	-1.006231	-1.006481	-0.9910315	-1.022741	-0.9924393	-1.009181	-1.013386	-0.9944341	-0.992444	-0.9975	782	-1.010753	-0.9995015	-1.004418	-0.982448	-1.022741
29/12/2025	21:09	-1.037319	-1.012855	-1.027262	-1.019722	-1.009806	-1	.037674	-1.009637	-1.025931	-1.03476	-1.009981	-1.011567	-1.019467	-1.	029867	-1.025517	-1.019817	-0.9917348	-1.037674
29/12/2025	21:59	-1.019065	-0.9960471	-1.00997	-1.010219	-0.9946003	-	1.025386	-0.9969323	-1.014299	-1.022903	-0.9992537	-1.001928	-1.00937	7	-1.015881	-1.008537	-1.001618	-0.9869366	-1.025386
29/12/2025	22:49	-1.022341	-0.9930901	-1.006076	-1.005546	-0.9887041	-1.020875	-0.9904251	-1.00639	-1.011202	-0.9972326	-0.9921331	-0.9961	811	-1.011841	-1.000904	-0.9964846	-0.9807454	-1.022341
29/12/2025	23:39	-1.024838	-0.993557	-1.006231	-1.005079	-0.9894799	-	1.020719	-0.9918195	-1.008871	-1.011826	-0.9939677	-0.9899565	-0.9957	154	-1.010443	-1.000748	-0.9986623	-0.9816741	-1.024838
30/12/2025	00:29	-1.020469	-0.9993152	-1.013709	-1.008817	-0.9950658	-1.026319	-1.006538	-1.011352	-1.024931	-1.005162	-0.998352	-1.004719	-1.013395	-1.010562	-0.9985067	-0.9856984	-1.026319
30/12/2025	01:19	-1.019845	-0.9927789	-1.007322	-1.005079	-0.9893247	-1.020097	-0.9913547	-1.00639	-1.011046	-0.9938122	-0.9902674	-0.9966	468	-1.008578	-0.9991899	-0.9961735	-0.9832219	-1.020097
30/12/2025	02:09	-1.019221	-0.9926233	-1.004985	-1.003832	-0.9885489	-1.019164	-0.990735	-1.007475	-1.010734	-0.9936567	-0.9899565	-0.9957	154	-1.006402	-1.000904	-0.9964846	-0.9822932	-1.019221
30/12/2025	02:59	-1.013137	-0.9916895	-1.004362	-1.004767	-0.9874628	-1.019008	-0.9919745	-1.005924	-1.00933	-0.9936567	-0.9912002	-0.9954	049	-1.006558	-0.9973205	-0.9980401	-0.9801263	-1.019008
30/12/2025	03:49	-1.016101	-0.9934014	-1.003116	-1.003365	-0.9880834	-1.018542	-0.9893406	-1.005149	-1.009798	-0.991791	-0.9893346	-0.9955	601	-1.005781	-0.9971648	-0.9933736	-0.9799715	-1.018542
30/12/2025	04:39	-1.039191	-1.006785	-1.015267	-1.017385	-1.001893	-1	.031141	-1.009327	-1.023759	-1.022123	-1.006561	-1.001928	-1.009221	-1	.021476	-1.008848	-1.004107	-0.9946756	-1.039191
30/12/2025	05:29	-1.025774	-0.9993152	-1.01293	-1.009596	-0.9941348	-	1.024919	-1.00344	-1.013368	-1.015258	-1.001119	-0.9949316	-1.000838	-	1.020388	-1.009783	-1.00504	-0.9881748	-1.025774
30/12/2025	06:19	-1.02749	-1.007252	-1.010749	-1.011466	-1.000652	-1.	027408	-0.9997211	-1.016935	-1.019471	-1.004384	-1.000684	-1.003633	-1	.012463	-1.002617	-1.004418	-0.9856984	-1.02749
30/12/2025	07:09	-1.022498	-0.9955802	-1.010593	-1.009596	-0.9907212	-1.02383	-0.9964675	-1.010732	-1.015882	-0.9966107	-0.995709	-1.00285	6	-1.014327	-1.009783	-1.01064	-0.9867818	-1.02383
30/12/2025	07:59	-1.024838	-0.9966696	-1.008412	-1.009752	-0.9907212	-1.024764	-0.9949182	-1.008561	-1.01401	-0.9955224	-0.9929104	-0.9989	754	-1.016037	-1.007602	-1.008306	-0.9904965	-1.024838
30/12/2025	08:49	-1.035603	-1.006785	-1.011684	-1.016139	-1.001272	-1	.029897	-0.9969323	-1.021123	-1.016975	-1.000187	-0.9936878	-1.006116	-1.024739	-1.009783	-1.015462	-0.9931278	-1.035603
30/12/2025	09:39	-1.051516	-1.022037	-1.027885	-1.029225	-1.020823	-1	.045141	-1.012116	-1.049504	-1.034292	-1.023352	-1.021206	-1.014965	-1	.027847	-1.024583	-1.01204	-0.9980807	-1.051516
30/12/2025	14:24	-1.020313	-0.9957358	-1.005452	-1.008038	-0.9910315	-1.021808	-0.9927491	-1.009336	-1.015882	-0.9987873	-0.9944652	-0.999	4411	-1.015726	-1.004331	-1.005351	-0.9832219	-1.021808
30/12/2025	15:04	-1.024682	-1.003673	-1.012151	-1.01427	-1.004841	-1.	03223	-0.9997211	-1.012283	-1.019783	-0.9998756	-1.000373	-1.007979	-1	.020077	-1.009939	-1.006129	-0.9874009	-1.03223
30/12/2025	15:54	-1.029674	-1.005852	-1.025237	-1.026732	-1.005307	-1	.04063	-1.007158	-1.020658	-1.035072	-1.011847	-1.012966	-1.012171	-1.	014949	-1.019753	-1.003329	-0.9863175	-1.04063
30/12/2025	16:44	-1.028582	-1.005385	-1.019161	-1.014581	-0.9989449	-	1.02943	-1.00344	-1.017866	-1.032576	-1.005006	-1.000062	-1.010929	-1.	018989	-1.009939	-1.007684	-0.9900322	-1.032576
30/12/2025	17:34	-1.020625	-0.9957358	-1.007166	-1.007415	-0.991497	-	1.02383	-0.9935238	-1.009336	-1.014166	-0.9962998	-0.9932214	-0.99742	3	-1.011375	-1.005577	-1.001773	-0.9863175	-1.02383
30/12/2025	18:24	-1.022341	-0.9962027	-1.006387	-1.006481	-0.9907212	-1.023208	-0.9929041	-1.008716	-1.014166	-0.995056	-0.9939988	-0.9988	202	-1.00951	-1.001215	-0.9980401	-0.9850792	-1.023208
30/12/2025	19:14	-1.021561	-1.014722	-1.011995	-1.015983	-0.9939796	-	1.02383	-0.9973971	-1.013679	-1.020875	-1.002208	-1.001306	-1.01155	-1	.018989	-1.023336	-0.9997511	-0.9839958	-1.02383
30/12/2025	20:04	-1.026866	-0.9969808	-1.011528	-1.015204	-0.9963071	-1.024919	-0.9942985	-1.014609	-1.014946	-0.9970771	-0.9960199	-1.001	149	-1.013395	-1.009939	-1.005351	-0.9914252	-1.026866
30/12/2025	20:54	-1.022654	-0.9946464	-1.005608	-1.005857	-0.9902557	-1.022119	-0.993059	-1.00794	-1.01167	-0.9952114	-0.9918221	-0.996646	8	-1.008578	-1.000748	-1.001462	-0.9815193	-1.022654
30/12/2025	21:44	-1.021405	-0.993557	-1.005297	-1.004611	-0.9894799	-	1.022741	-0.9915097	-1.009181	-1.013074	-0.994745	-0.9905784	-0.99633	63	-1.008112	-0.9990341	-0.9961735	-0.9815193	-1.022741
30/12/2025	22:14	-1.027178	-1.004295	-1.01293	-1.011154	-1.002514	-1.	025697	-0.9970873	-1.017711	-1.027428	-1.00283	-1.003794	-1.008445	-1.	01728	-1.008537	-0.9981956	-0.9844601	-1.027428
30/12/2025	22:34	-1.020157	-0.9921564	-1.004518	-1.006325	-0.9887041	-1.024141	-0.9905801	-1.00639	-1.010578	-0.9931903	-0.9908893	-0.9957	154	-1.007956	-1.000125	-0.9997511	-0.9853888	-1.024141
30/12/2025	23:24	-1.017661	-0.9915339	-1.008568	-1.004455	-0.9883937	-1.020253	-0.9929041	-1.00763	-1.011358	-0.9935012	-0.989801	-0.99695	73	-1.01122	-0.9993457	-1.002551	-0.9809002	-1.020253
31/12/2025	00:14	-1.016257	-0.9940239	-1.004985	-1.006169	-0.9885489	-1.019164	-0.9921294	-1.007785	-1.01089	-0.9935012	-0.992444	-0.99711	25	-1.00951	-0.9995015	-1.004418	-0.9815193	-1.019164
31/12/2025	01:04	-1.018753	-0.9918451	-1.00405	-1.004455	-0.9885489	-	1.019008	-0.9924393	-1.00732	-1.010578	-0.9933458	-0.989801	-0.995404	9	-1.006558	-0.9974763	-0.9971068	-0.9818289	-1.019008
31/12/2025	01:14	-1.016881	-0.9934014	-1.005452	-1.005079	-0.9883937	-1.022897	-0.9908899	-1.006234	-1.010266	-0.9933458	-0.9913557	-0.994	9391	-1.007179	-1.000748	-0.9975734	-0.9799715	-1.022897
31/12/2025	01:54	-1.018441	-0.991067	-1.003739	-1.005234	-0.9871524	-	1.018542	-0.990735	-1.005769	-1.009954	-0.9924129	-0.9899565	-0.99571	54	-1.007024	-0.9966974	-0.996329	-0.9801263	-1.018542
31/12/2025	02:44	-1.014385	-0.9918451	-1.004985	-1.003209	-0.9887041	-1.019475	-0.9898054	-1.00763	-1.011202	-0.9935012	-0.9893346	-0.9961	811	-1.007335	-0.9993457	-1.001618	-0.9812098	-1.019475
31/12/2025	03:34	-1.025462	-0.9968252	-1.009659	-1.010842	-0.9901005	-1.024608	-0.9992563	-1.016625	-1.013698	-0.9990983	-0.9969527	-1.000	683	-1.019922	-1.005733	-1.004107	-0.9863175	-1.025462
31/12/2025	04:24	-1.018753	-1.004918	-1.010126	-1.011933	-0.9975484	-	1.026164	-1.000806	-1.013058	-1.020875	-1.002208	-0.998352	-1.008445	-	1.011064	-1.007446	-0.9967957	-0.9833767	-1.026164
31/12/2025	05:14	-1.025306	-0.9957358	-1.007945	-1.008662	-0.9922728	-1.020564	-0.9941435	-1.009026	-1.016038	-0.9983209	-0.9955535	-1.001	459	-1.025982	-1.007914	-1.006129	-0.983841	-1.025982
31/12/2025	06:04	-1.024682	-0.9966696	-1.00592	-1.008817	-0.9901005	-	1.02103	-0.9938337	-1.008871	-1.01245	-0.9955224	-0.9918221	-0.998199	2	-1.010443	-1.00324	-0.9989734	-0.9818289	-1.024682
31/12/2025	06:54	-1.02515	-0.9960471	-1.010905	-1.007727	-0.9925832	-	1.027563	-1.001735	-1.011818	-1.015258	-0.9973881	-0.995709	-1.000217	-1.021786	-1.01212	-1.003329	-0.986627	-1.027563
31/12/2025	07:14	-1.0459	-1.007719	-1.015578	-1.01832	-1.000652	-1.03	5497	-1.007158	-1.01585	-1.020563	-1.003762	-1.001617	-1.008135	-1.026	293	-1.012587	-1.021217	-0.9918895	-1.0459
31/12/2025	07:44	-1.02281	-0.9943352	-1.007945	-1.006169	-0.9916522	-	1.021341	-0.9949182	-1.009957	-1.014166	-0.9978545	-0.9922886	-0.9981	992	-1.011686	-1.000436	-1.000684	-0.983841	-1.02281
31/12/2025	08:34	-1.039347	-1.001338	-1.010905	-1.00835	-0.9966174	-1	.023364	-0.9946083	-1.010422	-1.014946	-1.001119	-0.995709	-1.001459	-	1.021009	-1.002929	-1.007529	-0.9884844	-1.039347
31/12/2025	09:24	-1.030922	-0.9962027	-1.006543	-1.006013	-0.992428	-	1.022741	-0.9932139	-1.008406	-1.013854	-0.9952114	-0.9918221	-0.9986	649	-1.014794	-1.004487	-1.003951	-0.9855436	-1.030922
31/12/2025	10:14	-1.024526	-1.002583	-1.009035	-1.008817	-0.9973932	-	1.025541	-1.000961	-1.012438	-1.028676	-1.003762	-1.000995	-1.00829	-1	.017435	-1.002773	-1.009862	-0.9864723	-1.028676
31/12/2025	11:04	-1.029362	-1.010209	-1.019784	-1.019566	-1.008875	-1	.036741	-1.000031	-1.015074	-1.029612	-1.004695	-1.003949	-1.009842	-1	.016503	-1.008848	-1.003018	-0.9886392	-1.036741
31/12/2025	11:54	-1.024526	-1.001961	-1.009659	-1.012245	-0.9953761	-	1.027097	-1.00313	-1.013058	-1.016819	-1.002519	-0.9967973	-1.005185	-	1.017746	-1.007291	-1.009706	-0.995759	-1.027097
31/12/2025	12:44	-1.025774	-1.003984	-1.013086	-1.014737	-1.001893	-1	.026941	-0.9997211	-1.014764	-1.023839	-1.008582	-1.008613	-1.011395	-	1.011841	-1.01321	-0.9997511	-0.9844601	-1.026941
31/12/2025	13:34	-1.026866	-0.9969808	-1.011372	-1.007571	-0.9925832	-1.02383	-0.9973971	-1.010112	-1.013698	-0.9955224	-0.9933769	-0.9981	992	-1.01324	-1.003552	-1.001929	-0.9833767	-1.026866
31/12/2025	13:44	-1.025618	-1.001961	-1.011061	-1.007259	-0.9918073	-	1.022586	-0.9941435	-1.011507	-1.014946	-0.9970771	-0.9941542	-0.9999	069	-1.012773	-1.001838	-0.9999067	-0.9847697	-1.025618
31/12/2025	14:24	-1.030142	-1.003673	-1.010126	-1.010375	-0.9970829	-	1.02663	-1.000496	-1.013524	-1.016506	-1.000498	-0.995709	-1.005185	-1	.01728	-1.011653	-1.005662	-0.9850792	-1.030142
31/12/2025	15:14	-1.021717	-0.9957358	-1.006543	-1.006481	-0.9894799	-1.023364	-0.9935238	-1.008096	-1.013074	-0.9949005	-0.9918221	-0.998	1992	-1.009976	-1.001838	-0.997729	-0.9821384	-1.023364
31/12/2025	16:04	-1.020313	-0.9954246	-1.006854	-1.007104	-0.9918073	-1.025852	-0.9922843	-1.009181	-1.013542	-0.9959888	-0.9933769	-0.997	8887	-1.009044	-1.001371	-0.9989734	-0.9827576	-1.025852
31/12/2025	16:54	-1.020157	-0.9958914	-1.004985	-1.006636	-0.990566	-	1.02243	-0.9935238	-1.008251	-1.013074	-0.994745	-0.9918221	-0.998199	2	-1.008578	-1.001527	-0.9969512	-0.9816741	-1.02243
31/12/2025	19:12	-1.023278	-0.9954246	-1.005452	-1.006792	-0.9893247	-1.023986	-0.9938337	-1.008871	-1.012762	-0.9949005	-0.9919776	-0.996	1811	-1.008578	-1.001215	-0.9967957	-0.9821384	-1.023986
31/12/2025	19:52	-1.019845	-0.9982258	-1.009503	-1.010219	-0.9949106	-1.026941	-0.9970873	-1.009336	-1.018847	-0.99801	-0.998352	-1.000994	-1.01122	-1.007758	-0.9980401	-0.9822932	-1.026941
31/12/2025	20:42	-1.020313	-0.9951133	-1.00592	-1.006325	-0.9885489	-	1.020408	-0.9921294	-1.006855	-1.012138	-0.9939677	-0.9910448	-0.9963	363	-1.006558	-0.9995015	-0.996329	-0.9822932	-1.020408
31/12/2025	21:32	-1.020937	-0.9921564	-1.003739	-1.0043	-0.9880834	-1	.017919	-0.9905801	-1.00639	-1.010734	-0.9935012	-0.9896455	-0.995249	6	-1.006247	-0.9996573	-0.9971068	-0.9816741	-1.020937
31/12/2025	22:22	-1.015789	-0.9934014	-1.004673	-1.003676	-0.9876179	-1.021653	-0.9901153	-1.006545	-1.011826	-0.9924129	-0.9904229	-0.995	4049	-1.005625	-0.998411	-0.994618	-0.9801263	-1.021653
31/12/2025	23:12	-1.017037	-0.992312	-1.003271	-1.003676	-0.9887041	-	1.019008	-0.9902702	-1.006234	-1.010266	-0.9927239	-0.9901119	-0.9950	944	-1.006091	-0.9979437	-0.9969512	-0.9809002	-1.019008
01/01/2026	00:02	-1.016569	-0.9912226	-1.00296	-1.002898	-0.9873076	-	1.017764	-0.9894955	-1.005304	-1.009954	-0.9911692	-0.9896455	-0.9943	182	-1.005159	-0.9971648	-0.9952402	-0.9799715	-1.017764
01/01/2026	00:52	-1.018597	-0.9943352	-1.006543	-1.005234	-0.9890144	-1.021341	-0.9915097	-1.008096	-1.011202	-0.9953669	-0.9913557	-0.997	7335	-1.006402	-0.9995015	-0.9958624	-0.981055	-1.021341
01/01/2026	01:42	-1.018129	-0.9946464	-1.005297	-1.00539	-0.9888592	-	1.025697	-0.9927491	-1.007165	-1.012138	-0.9953669	-0.9915112	-0.9961	811	-1.008733	-1.003552	-0.9980401	-0.9818289	-1.025697
01/01/2026	02:32	-1.022185	-0.9943352	-1.006231	-1.006481	-0.9882386	-1.021808	-0.9913547	-1.007785	-1.010578	-0.995056	-0.9905784	-0.9957	154	-1.007956	-0.9987226	-0.9981956	-0.9809002	-1.022185
01/01/2026	03:22	-1.018753	-0.9924676	-1.00405	-1.005079	-0.9876179	-	1.020253	-0.9901153	-1.005304	-1.010266	-0.9930348	-0.989801	-0.99509	44	-1.006247	-0.9968532	-0.997729	-0.9802811	-1.020253
01/01/2026	04:12	-1.017661	-0.9921564	-1.004985	-1.003988	-0.9877731	-1.019475	-0.9904251	-1.005769	-1.011982	-0.9941231	-0.9910448	-0.996	4916	-1.007645	-0.998411	-0.9971068	-0.9813645	-1.019475
01/01/2026	05:02	-1.020781	-0.9913782	-1.004206	-1.005234	-0.9869973	-1.019786	-0.9890307	-1.005769	-1.00933	-0.992102	-0.9893346	-0.99447	34	-1.005159	-0.997009	-0.9960179	-0.9798167	-1.020781
01/01/2026	05:52	-1.019221	-0.9929345	-1.007166	-1.005234	-0.9880834	-1.020097	-0.9913547	-1.011973	-1.012294	-0.9938122	-0.9921331	-0.996	1811	-1.006713	-0.9988784	-0.9960179	-0.9816741	-1.020097
01/01/2026	06:42	-1.016881	-0.992312	-1.004985	-1.004611	-0.9885489	-	1.020408	-0.9942985	-1.00639	-1.012606	-0.9936567	-0.9902674	-0.99587	06	-1.011064	-0.998411	-0.996329	-0.986627	-1.020408
01/01/2026	07:32	-1.019065	-0.9920007	-1.003427	-1.004144	-0.9877731	-1.020253	-0.9911998	-1.005614	-1.012138	-0.9925684	-0.9891791	-0.995	2496	-1.007645	-0.9973205	-0.9939958	-0.9799715	-1.020253
01/01/2026	08:22	-1.018597	-0.9927789	-1.00592	-1.003832	-0.9874628	-	1.023053	-0.9925942	-1.00639	-1.011046	-0.9931903	-0.9904229	-0.99602	58	-1.00749	-0.9976321	-0.9969512	-0.9798167	-1.023053
01/01/2026	09:12	-1.018285	-0.992312	-1.004362	-1.005234	-0.9877731	-	1.02103	-0.9915097	-1.005459	-1.011046	-0.9939677	-0.9902674	-0.99540	49	-1.006402	-0.9985668	-0.9961735	-0.9802811	-1.02103
01/01/2026	10:02	-1.026086	-1.009587	-1.01885	-1.023305	-0.9977036	-1	.037519	-1.008088	-1.025155	-1.03242	-1.002674	-1.010479	-1.011239	-1.	019922	-1.010406	-1.000529	-0.9884844	-1.037519
01/01/2026	10:52	-1.017973	-0.9943352	-1.005141	-1.006169	-0.9894799	-1.021808	-0.9938337	-1.006855	-1.013698	-0.9941231	-0.9913557	-0.999	1307	-1.008733	-0.9998131	-1.003795	-0.9818289	-1.021808
01/01/2026	11:42	-1.021093	-0.9941795	-1.00592	-1.008194	-0.9904109	-	1.022275	-0.9925942	-1.008871	-1.011982	-0.9953669	-0.9919776	-0.9980	44	-1.014017	-1.001215	-1.002707	-0.9846149	-1.022275
01/01/2026	12:32	-1.023434	-0.9994709	-1.007633	-1.009285	-0.9970829	-1.026941	-0.997707	-1.013524	-1.018379	-0.9995647	-0.9989739	-1.0037	88	-1.027847	-1.021311	-1.000684	-0.9863175	-1.027847
01/01/2026	13:22	-1.020625	-0.9940239	-1.005297	-1.006792	-0.9894799	-1.022897	-0.9932139	-1.008096	-1.01167	-0.9942786	-0.9910448	-0.9957	154	-1.014483	-1.000748	-1.002551	-0.9813645	-1.022897
01/01/2026	14:12	-1.027022	-1.000716	-1.010749	-1.012868	-1.001272	-1	.028341	-0.9984817	-1.008716	-1.01557	-1.002208	-0.9946206	-1.001925	-	1.020699	-1.004642	-1.006129	-0.9874009	-1.028341
01/01/2026	15:02	-1.020157	-1.002895	-1.011684	-1.008038	-0.9958416	-	1.023986	-0.9969323	-1.013989	-1.024619	-0.9986318	-0.998041	-1.01015	3	-1.014483	-1.004331	-0.9999067	-0.9841506	-1.024619
01/01/2026	15:52	-1.023122	-0.9946464	-1.00592	-1.005857	-0.9916522	-	1.021341	-0.9958478	-1.007475	-1.013698	-0.9936567	-0.9916667	-0.9971	125	-1.018523	-1.002929	-0.9981956	-0.9853888	-1.023122
01/01/2026	16:42	-1.024682	-0.9999377	-1.011216	-1.010375	-0.9928935	-1.027408	-1.002355	-1.014144	-1.014634	-0.9981654	-0.9919776	-1.0034	77	-1.016814	-1.008848	-1.00784	-0.9889487	-1.027408
01/01/2026	17:32	-1.021093	-0.9938683	-1.005141	-1.006792	-0.9908764	-1.022275	-0.9911998	-1.007165	-1.012294	-0.9958333	-0.9922886	-0.995	7154	-1.02132	-0.9993457	-1.014217	-0.9832219	-1.022275
01/01/2026	18:22	-1.02281	-0.9955802	-1.005452	-1.005857	-0.9902557	-	1.020719	-0.9927491	-1.009646	-1.011826	-0.9945896	-0.9918221	-0.9971	125	-1.010132	-1.005421	-0.99944	-0.9815193	-1.02281
01/01/2026	19:12	-1.021249	-0.9949577	-1.004362	-1.00539	-0.9888592	-	1.021964	-0.9915097	-1.008871	-1.011514	-0.9944341	-0.9905784	-0.9972	678	-1.008267	-1.0062	-0.9986623	-0.9822932	-1.021964
01/01/2026	20:02	-1.017193	-0.9924676	-1.004985	-1.005079	-0.9891696	-1.019475	-0.9915097	-1.00639	-1.01167	-0.9936567	-0.9908893	-0.99556	01	-1.006713	-0.9985668	-0.9983512	-0.981055	-1.019475
01/01/2026	20:52	-1.021249	-0.9941795	-1.006231	-1.004923	-0.9890144	-1.020875	-0.9916646	-1.006079	-1.009798	-0.9953669	-0.9904229	-0.996	4916	-1.007801	-1.000904	-1.001151	-0.981055	-1.021249
01/01/2026	21:42	-1.020313	-0.9929345	-1.004518	-1.005546	-0.9879283	-1.020408	-0.9946083	-1.00794	-1.009954	-0.9936567	-0.98949	-0.995094	4	-1.016192	-1.000904	-1.011884	-0.9832219	-1.020408
01/01/2026	22:32	-1.026242	-0.9963583	-1.006543	-1.004611	-0.9883937	-1.020719	-0.9918195	-1.006545	-1.010578	-0.9933458	-0.9905784	-0.996	3363	-1.007179	-1.001527	-1.000529	-0.9809002	-1.026242
01/01/2026	23:22	-1.017973	-0.992312	-1.004829	-1.004455	-0.9882386	-	1.020097	-0.990735	-1.0067	-1.01011	-0.9933458	-0.989801	-0.9952496	-1	.014017	-0.9988784	-1.003795	-0.9821384	-1.020097
02/01/2026	00:12	-1.033575	-1.00663	-1.01589	-1.019255	-1.000341	-1.0	3083	-1.011961	-1.01647	-1.016819	-1.002519	-1.00255	-1.007203	-1.0214	76	-1.012431	-1.016239	-0.9889487	-1.033575
02/01/2026	01:02	-1.017349	-0.9930901	-1.002804	-1.005546	-0.9865318	-1.020564	-0.9894955	-1.004529	-1.009018	-0.9922575	-0.9887127	-0.994	4734	-1.006402	-0.998411	-0.9957068	-0.9809002	-1.020564
02/01/2026	01:52	-1.017817	-0.9912226	-1.003271	-1.003988	-0.9869973	-1.018697	-0.9899603	-1.004373	-1.009954	-0.991791	-0.9888682	-0.9938	525	-1.005315	-0.997009	-0.9967957	-0.9801263	-1.018697
02/01/2026	02:42	-1.015321	-0.9921564	-1.001714	-1.003521	-0.9862214	-1.017608	-0.9882561	-1.005304	-1.008706	-0.9925684	-0.9879353	-0.993	8525	-1.004071	-0.9968532	-0.9966401	-0.9791976	-1.017608
02/01/2026	03:32	-1.023902	-0.9994709	-1.007478	-1.013335	-0.9935142	-1.026164	-0.9998761	-1.012903	-1.01635	-1.003296	-0.9988184	-1.00177	-1.022253	-1.008537	-1.004107	-0.9912704	-1.026164
02/01/2026	04:22	-1.026866	-1.000405	-1.006231	-1.010219	-0.99429	-1.	020564	-0.9949182	-1.013524	-1.015258	-0.9945896	-0.9960199	-0.999441	1	-1.011841	-1.004642	-0.997729	-0.983841	-1.026866
02/01/2026	06:42	-1.027646	-0.999004	-1.011995	-1.013958	-0.9908764	-	1.025852	-1.000806	-1.010887	-1.016506	-1.001275	-0.995398	-1.003788	-	1.031266	-1.024115	-1.012817	-0.9908061	-1.031266
02/01/2026	06:52	-1.024838	-0.9980702	-1.007945	-1.009752	-0.9935142	-1.026319	-1.00313	-1.012283	-1.018535	-1.000031	-0.9955535	-0.998820	2	-1.017125	-1.007758	-1.004573	-0.9904965	-1.026319
02/01/2026	12:32	-1.02359	-0.9962027	-1.005608	-1.006948	-0.990566	-1	.021186	-0.9936787	-1.007475	-1.015258	-0.9956779	-0.9921331	-0.99928	59	-1.010753	-1.002306	-1.003018	-0.9918895	-1.02359
02/01/2026	13:22	-1.018753	-0.9943352	-1.005452	-1.006636	-0.9901005	-1.020408	-0.9921294	-1.00732	-1.01167	-0.9942786	-0.9915112	-0.99804	4	-1.016658	-1.004175	-1.008462	-0.9900322	-1.020408
02/01/2026	19:02	-1.023746	-1.002895	-1.011839	-1.009752	-1.000652	-1	.030052	-0.9998761	-1.014764	-1.017599	-1.000964	-0.9955535	-1.005496	-1.023962	-1.009004	-1.014062	-0.9934373	-1.030052
02/01/2026	22:12	-1.02437	-0.9962027	-1.008256	-1.008506	-0.99429	-1.	022586	-0.9958478	-1.012593	-1.016975	-0.9961443	-1.001306	-1.001925	-	1.011064	-1.007602	-0.9969512	-0.9822932	-1.02437
03/01/2026	14:52	-1.021873	-0.9955802	-1.005608	-1.009908	-0.9911867	-1.021808	-0.995383	-1.008406	-1.014634	-0.994745	-0.9922886	-0.99788	87	-1.012773	-1.002306	-1.005351	-0.9867818	-1.021873
03/01/2026	19:22	-1.021561	-0.9946464	-1.005608	-1.006948	-0.9908764	-1.02243	-0.9942985	-1.008716	-1.014166	-0.9994092	-0.9933769	-0.9975	782	-1.008889	-1.003863	-1.001462	-0.9835315	-1.02243
03/01/2026	21:12	-1.021873	-0.9943352	-1.005452	-1.008038	-0.990566	-	1.02243	-0.9960027	-1.010112	-1.014634	-0.9952114	-0.9921331	-0.99726	78	-1.020854	-1.001371	-1.001773	-0.9874009	-1.02243
04/01/2026	00:22	-1.028738	-0.9993152	-1.010437	-1.011933	-0.9964623	-1.029741	-0.9994113	-1.015695	-1.022591	-1.000187	-0.998041	-1.01232	6	-1.031732	-1.019753	-1.000218	-0.9864723	-1.031732
04/01/2026	14:52	-1.023278	-0.9993152	-1.01402	-1.010998	-0.995221	-1	.025697	-1.000341	-1.014609	-1.021655	-1.002519	-1.003016	-1.00503	-1.	016814	-1.014612	-1.007062	-0.9912704	-1.025697
04/01/2026	21:22	-1.028114	-1.020014	-1.017136	-1.023149	-1.005772	-1	.034563	-1.010257	-1.018021	-1.027272	-1.005317	-1.003172	-1.012326	-1	.032353	-1.020065	-1.022928	-0.9928182	-1.034563
04/01/2026	23:42	-1.027802	-1.007875	-1.021654	-1.021436	-0.9980139	-	1.036585	-1.007158	-1.027947	-1.024151	-1.018066	-1.005815	-1.00829	-1	.016814	-1.01025	-1.009551	-1.000557	-1.036585
16/01/2026	02:20	-1.019689	-0.993557	-1.004518	-1.00539	-0.9883937	-1	.019786	-0.9915097	-1.006545	-1.011046	-0.995056	-0.9901119	-0.995249	6	-1.010753	-1.000125	-0.997729	-0.981055	-1.019786
16/01/2026	03:10	-1.018597	-0.9937126	-1.004829	-1.004767	-0.9893247	-1.019942	-0.9916646	-1.008561	-1.011826	-0.9945896	-0.989801	-0.9958	706	-1.007956	-0.9990341	-0.9975734	-0.9819837	-1.019942
16/01/2026	04:00	-1.013917	-0.9924676	-1.004829	-1.0043	-0.9883937	-1	.019164	-0.9910449	-1.00732	-1.011514	-0.9935012	-0.9913557	-0.996957	3	-1.010287	-1.003708	-0.994618	-0.9804359	-1.019164
16/01/2026	04:50	-1.018129	-0.993557	-1.005452	-1.005546	-0.9891696	-	1.022741	-0.9908899	-1.00794	-1.011358	-0.9958333	-0.9929104	-0.99742	3	-1.006402	-1.002617	-0.9989734	-0.9815193	-1.022741
16/01/2026	05:40	-1.039503	-1.00414	-1.018227	-1.022838	-1.002514	-1.	034563	-1.005299	-1.016005	-1.023371	-1.004695	-1.006281	-1.004875	-1.	024273	-1.020844	-1.017639	-0.9988546	-1.039503
26/01/2026	09:11	-1.025618	-1.005073	-1.013553	-1.013335	-0.9961519	-	1.02663	-0.9997211	-1.014454	-1.032108	-1.00143	-1.004882	-1.00534	-1.	021476	-1.021311	-1.020439	-0.9945208	-1.032108
26/01/2026	09:51	-1.02749	-1.010987	-1.015734	-1.017385	-1.00391	-1.0	32541	-1.007158	-1.019262	-1.037569	-1.008116	-1.005348	-1.015586	-1.0	22408	-1.013833	-1.005662	-0.9906513	-1.037569
26/01/2026	10:41	-1.024838	-1.005073	-1.019161	-1.017853	-1.005772	-1	.02803	-1.008088	-1.02438	-1.041469	-1.015423	-1.004571	-1.019622	-1.0	15571	-1.007291	-1.010017	-0.9963782	-1.041469
26/01/2026	11:31	-1.022966	-0.9993152	-1.009814	-1.009596	-0.9936693	-1.024764	-0.9978619	-1.011818	-1.018379	-0.9997201	-0.9988184	-1.002	701	-1.029867	-1.006044	-1.012662	-0.9856984	-1.029867
26/01/2026	12:21	-1.027958	-1.006163	-1.013242	-1.014737	-1.002669	-1	.028652	-1.004679	-1.014609	-1.016506	-1.001275	-0.9991294	-1.001925	-	1.025982	-1.009004	-1.008617	-0.990187	-1.028652
26/01/2026	13:11	-1.020157	-0.9965139	-1.007945	-1.007415	-0.9921177	-1.021808	-0.9932139	-1.009181	-1.015258	-0.9959888	-0.9950871	-0.998	3544	-1.01122	-1.003396	-1.000373	-0.9839958	-1.021808
26/01/2026	14:01	-1.022341	-0.9955802	-1.008101	-1.010687	-0.9925832	-1.023364	-0.9966225	-1.010267	-1.016194	-0.9973881	-0.9938433	-1.002	08	-1.014483	-1.011964	-1.003018	-0.9846149	-1.023364
26/01/2026	14:51	-1.020937	-0.9958914	-1.007945	-1.006948	-0.993359	-	1.02383	-0.9936787	-1.010577	-1.015726	-0.995056	-0.9941542	-0.998820	2	-1.017125	-1.004019	-1.000529	-0.9908061	-1.02383
26/01/2026	15:41	-1.031702	-1.000872	-1.009814	-1.010998	-0.9930487	-	1.026319	-0.9984817	-1.011197	-1.020251	-1.001586	-0.9950871	-1.00285	6	-1.017591	-1.023025	-1.00784	-0.9869366	-1.031702
26/01/2026	16:31	-1.02671	-0.9994709	-1.012618	-1.013335	-0.9964623	-	1.026008	-1.001425	-1.015385	-1.018223	-0.9987873	-0.9966418	-1.00503	-1.021786	-1.011497	-1.017795	-0.990187	-1.02671
26/01/2026	17:21	-1.023278	-0.9988484	-1.008101	-1.010998	-0.9930487	-1.023519	-0.9947633	-1.011973	-1.016506	-0.9967662	-0.9966418	-0.999	7516	-1.016037	-1.011653	-1.002084	-0.9847697	-1.023519
26/01/2026	19:01	-1.03139	-1.012699	-1.01698	-1.020501	-1.011358	-1.0	33319	-1.008862	-1.020037	-1.046306	-1.013868	-1.014988	-1.018225	-1.0	26604	-1.018507	-1.017328	-0.9918895	-1.046306
26/01/2026	19:51	-1.020937	-0.9963583	-1.007633	-1.005546	-0.9902557	-1.021653	-0.9929041	-1.009336	-1.013854	-0.9961443	-0.9932214	-0.997	423	-1.01526	-1.003552	-1.007529	-0.9826028	-1.021653
26/01/2026	20:41	-1.023434	-1.011921	-1.02181	-1.017541	-0.9987897	-1	.035652	-1.008397	-1.019417	-1.029456	-1.012469	-1.018097	-1.01481	-1.	016348	-1.016793	-1.004418	-0.9897226	-1.035652
26/01/2026	21:31	-1.018129	-0.9929345	-1.006543	-1.004611	-0.9896351	-1.020253	-0.9935238	-1.00794	-1.012138	-0.9942786	-0.9904229	-0.9952	496	-1.007801	-0.9996573	-0.9975734	-0.9822932	-1.020253
26/01/2026	22:21	-1.017037	-0.9926233	-1.00592	-1.004455	-0.9888592	-	1.019942	-0.9911998	-1.006545	-1.01089	-0.9936567	-0.9905784	-0.99478	39	-1.007335	-0.9977879	-0.9964846	-0.9804359	-1.019942
26/01/2026	23:11	-1.017817	-0.9963583	-1.009191	-1.015672	-0.9918073	-1.026008	-1.004989	-1.013679	-1.021343	-1.003296	-0.9989739	-1.00471	9	-1.019766	-1.011029	-0.9980401	-0.983841	-1.026008
27/01/2026	00:01	-1.017661	-0.991067	-1.004673	-1.003832	-0.9897902	-	1.021341	-0.9896505	-1.00639	-1.01089	-0.9935012	-0.9902674	-0.995094	4	-1.00547	-0.9973205	-0.9955513	-0.9795072	-1.021341
27/01/2026	00:51	-1.014853	-0.9913782	-1.005764	-1.003521	-0.9876179	-1.018386	-0.9899603	-1.00763	-1.01089	-0.9924129	-0.9905784	-0.99431	82	-1.005625	-0.9979437	-0.994618	-0.9813645	-1.018386
27/01/2026	01:41	-1.020937	-0.9916895	-1.003583	-1.004923	-0.9873076	-1.018386	-0.990735	-1.005769	-1.011046	-0.9925684	-0.98949	-0.995404	9	-1.007024	-0.9968532	-0.9961735	-0.9798167	-1.020937
27/01/2026	02:31	-1.029674	-1.012699	-1.014955	-1.016762	-1.002979	-1	.034097	-1.001116	-1.016315	-1.020875	-1.004851	-1.000218	-1.007669	-1	.020077	-1.009004	-1.00504	-0.9912704	-1.034097
27/01/2026	03:21	-1.018597	-0.9907557	-1.003116	-1.003832	-0.9876179	-1.017764	-0.9901153	-1.005769	-1.009954	-0.9933458	-0.9899565	-0.995	0944	-1.007801	-0.9979437	-0.9950846	-0.9793524	-1.018597
27/01/2026	04:11	-1.014853	-0.9997821	-1.008412	-1.010531	-0.9983242	-1.023208	-0.997707	-1.011507	-1.026804	-0.9984764	-0.9981965	-1.0053	4	-1.016037	-1.017884	-0.9958624	-0.9830671	-1.026804
27/01/2026	05:01	-1.017973	-0.993557	-1.007945	-1.006481	-0.9908764	-	1.019786	-0.9949182	-1.00732	-1.01323	-0.9969216	-0.9921331	-0.996646	8	-1.009821	-1.000748	-0.9999067	-0.9812098	-1.019786
27/01/2026	05:51	-1.024058	-0.9944908	-1.006387	-1.008817	-0.9910315	-1.02243	-0.9936787	-1.008251	-1.013386	-0.9958333	-0.9936878	-0.9988	202	-1.009044	-1.000904	-1.001773	-0.9863175	-1.024058
27/01/2026	06:41	-1.029518	-0.9980702	-1.010437	-1.010998	-0.9935142	-1.028497	-0.9952281	-1.009646	-1.014478	-0.9964552	-0.9933769	-0.999	1307	-1.01728	-1.011029	-1.003795	-0.9836862	-1.029518
27/01/2026	07:31	-1.03061	-1.008964	-1.016669	-1.013802	-1.004841	-1.	033785	-1.01351	-1.018952	-1.025243	-1.010292	-1.006592	-1.01481	-1.02	9712	-1.02318	-1.01064	-0.9892583	-1.033785
27/01/2026	08:21	-1.029674	-1.020792	-1.010593	-1.018008	-1.007013	-1	.030986	-1.00251	-1.021898	-1.060659	-1.009204	-1.012189	-1.028316	-1.	016348	-1.006823	-1.001618	-0.9877105	-1.060659
27/01/2026	09:11	-1.024838	-1.000872	-1.013709	-1.01131	-0.9978587	-1	.027563	-0.9964675	-1.014919	-1.021811	-1.001119	-0.9994403	-1.004254	-1.020854	-1.009939	-1.018106	-0.9881748	-1.027563
27/01/2026	10:01	-1.023746	-1.001027	-1.013086	-1.014893	-0.9983242	-	1.02803	-0.9986366	-1.014144	-1.024931	-1.000031	-0.9991294	-1.00829	-	1.023962	-1.011653	-1.007373	-0.9968425	-1.02803
27/01/2026	10:51	-1.023278	-1.00056	-1.009503	-1.009285	-0.9989449	-1	.024141	-1.003904	-1.01616	-1.031328	-1.00283	-1.005193	-1.011705	-1.0	16503	-1.016793	-1.003484	-0.9874009	-1.031328
27/01/2026	11:41	-1.036383	-1.0141	-1.017603	-1.016918	-1.008875	-1.0	28963	-1.007313	-1.017711	-1.022279	-1.002363	-0.9992848	-1.00829	-1.0	3484	-1.023804	-1.031328	-0.9909609	-1.036383
27/01/2026	12:31	-1.033731	-1.003362	-1.013397	-1.016918	-1.005462	-1	.030052	-1.010102	-1.014144	-1.020719	-1.008582	-1.007525	-1.010308	-1	.020543	-1.012899	-1.015617	-0.9969973	-1.033731
27/01/2026	13:21	-1.035603	-0.9985371	-1.010126	-1.014893	-0.9963071	-1.026941	-0.9994113	-1.013834	-1.017443	-1.001275	-0.9944652	-1.0036	33	-1.022253	-1.012587	-1.013906	-0.9877105	-1.035603
27/01/2026	14:11	-1.02905	-1.010987	-1.019005	-1.01536	-1.010582	-1.0	32074	-1.007158	-1.016625	-1.037257	-1.016356	-1.004104	-1.015897	-1.0	193	-1.021155	-1.007218	-0.9923539	-1.037257
27/01/2026	15:01	-1.032951	-1.011299	-1.014799	-1.014425	-1.002358	-1	.028963	-1.003749	-1.01616	-1.033356	-1.004851	-1.008302	-1.016362	-1.	0193	-1.01212	-1.014373	-0.9917348	-1.033356
27/01/2026	15:51	-1.030922	-0.9974477	-1.007633	-1.022682	-0.9994104	-1.032386	-0.9994113	-1.013989	-1.019783	-0.9994092	-0.9963308	-1.000	838	-1.02707	-1.010874	-1.014839	-0.9881748	-1.032386
27/01/2026	16:41	-1.023434	-0.9996265	-1.00997	-1.009285	-0.9941348	-	1.025075	-0.9969323	-1.012438	-1.019159	-0.997699	-1.000684	-1.002546	-1.014172	-1.005733	-1.005973	-0.9880201	-1.025075
27/01/2026	17:31	-1.03139	-1.010209	-1.025081	-1.016762	-1.005462	-1.	034563	-1.007778	-1.032444	-1.033044	-1.006872	-1.002861	-1.015276	-1.	032509	-1.020065	-1.011884	-0.992973	-1.034563
27/01/2026	18:21	-1.02749	-1.008653	-1.01293	-1.013023	-1.001272	-1.0	30674	-1.00313	-1.013213	-1.018223	-1.004229	-0.9991294	-1.005806	-1.0	24273	-1.007758	-1.017795	-0.9850792	-1.030674
27/01/2026	19:11	-1.026398	-1.000093	-1.012151	-1.00944	-0.993359	-1.	025852	-0.9967774	-1.012438	-1.016506	-0.9992537	-0.9975746	-1.004409	-1.017591	-1.006044	-1.004418	-0.9881748	-1.026398
27/01/2026	20:01	-1.019845	-0.9954246	-1.006543	-1.006948	-0.9907212	-1.02243	-0.9925942	-1.009801	-1.013386	-0.9953669	-0.992755	-0.99742	3	-1.012773	-1.000904	-0.9983512	-0.9863175	-1.02243
27/01/2026	20:51	-1.017817	-0.9954246	-1.007166	-1.006636	-0.9888592	-1.02103	-0.9936787	-1.00794	-1.01245	-0.9942786	-0.992755	-0.996802	-	1.014794	-0.9996573	-0.9975734	-0.9836862	-1.02103
27/01/2026	21:41	-1.024994	-0.9930901	-1.005297	-1.005857	-0.990566	-	1.022119	-0.9932139	-1.007785	-1.012294	-0.9953669	-0.9916667	-0.9974	23	-1.010132	-0.9993457	-1.000062	-0.9813645	-1.024994
27/01/2026	22:31	-1.021405	-1.00912	-1.011216	-1.010998	-0.9935142	-1	.025541	-1.009327	-1.012748	-1.027584	-1.000187	-1.000529	-1.007824	-1	.017902	-1.013678	-0.9983512	-0.9914252	-1.027584
27/01/2026	23:21	-1.020313	-0.9930901	-1.005764	-1.00539	-0.9893247	-	1.02103	-0.9908899	-1.00732	-1.012138	-0.9953669	-0.9912002	-0.998354	4	-1.009821	-0.9987226	-0.9992845	-0.9832219	-1.02103
28/01/2026	00:11	-1.020469	-1.006474	-1.009814	-1.008506	-0.9977036	-	1.02523	-0.9992563	-1.01616	-1.03008	-1.001586	-1.003949	-1.009687	-1.	012152	-1.002929	-0.9986623	-0.9853888	-1.03008
28/01/2026	01:01	-1.014853	-0.9934014	-1.004206	-1.005234	-0.9879283	-1.020097	-0.9905801	-1.006855	-1.010734	-0.9930348	-0.9904229	-0.995	2496	-1.008267	-0.9990341	-0.9952402	-0.9809002	-1.020097
28/01/2026	01:51	-1.02671	-1.006474	-1.014799	-1.014425	-1.003445	-1.	02803	-1.004834	-1.014299	-1.024307	-1.002985	-1.003327	-1.005806	-1.0	22874	-1.00511	-1.007062	-0.9903418	-1.02803
28/01/2026	02:41	-1.015945	-0.9913782	-1.007945	-1.0043	-0.9879283	-1	.020564	-0.9911998	-1.005924	-1.01011	-0.9931903	-0.9922886	-0.995094	4	-1.005781	-0.9995015	-0.9935291	-0.979662	-1.020564
28/01/2026	03:31	-1.015789	-0.9916895	-1.003895	-1.003832	-0.9880834	-1.018697	-0.9896505	-1.0067	-1.01089	-0.9930348	-0.9907338	-0.994939	1	-1.006247	-0.9979437	-0.9947735	-0.981055	-1.018697
28/01/2026	04:21	-1.036851	-1.011143	-1.023679	-1.01427	-1.002203	-1.	029275	-0.9984817	-1.015385	-1.024619	-1.003451	-1.000218	-1.011239	-1	.026914	-1.015391	-1.004884	-0.9875557	-1.036851
28/01/2026	05:11	-1.021249	-0.9971365	-1.006076	-1.006636	-0.9911867	-1.021808	-0.9944534	-1.014454	-1.01479	-0.99801	-0.9941542	-0.999285	9	-1.014794	-1.005733	-1.001307	-0.9839958	-1.021808
28/01/2026	06:01	-1.032639	-1.009742	-1.016669	-1.01536	-0.9995655	-1	.036119	-1.002665	-1.017556	-1.016506	-1.002985	-0.9972637	-1.012792	-	1.017125	-1.012276	-1.008151	-0.9963782	-1.036119
28/01/2026	06:51	-1.020469	-0.9968252	-1.007478	-1.009285	-0.9928935	-1.02663	-0.9947633	-1.009957	-1.015258	-0.9973881	-0.9929104	-0.9981	992	-1.017902	-1.005577	-1.00644	-0.9850792	-1.02663
28/01/2026	07:41	-1.026554	-1.010832	-1.020408	-1.018476	-1.001893	-1	.032074	-0.9998761	-1.024845	-1.032888	-1.012313	-1.003794	-1.006737	-	1.029245	-1.009939	-1.005351	-1.003653	-1.032888
28/01/2026	08:31	-1.028582	-1.004295	-1.016201	-1.017074	-1.004841	-1	.033163	-1.00251	-1.013524	-1.026179	-1.007805	-1.007836	-1.011395	-1.	016969	-1.009783	-1.003173	-0.9878653	-1.033163
28/01/2026	09:21	-1.02827	-1.006318	-1.01589	-1.014425	-1.003134	-1.0	33941	-1.002355	-1.01554	-1.021967	-1.012469	-1.003794	-1.007979	-1.02	0077	-1.009627	-1.00364	-0.9939017	-1.033941
28/01/2026	10:11	-1.035759	-1.004918	-1.017292	-1.016139	-1.0036	-1.0	33474	-1.009947	-1.021743	-1.022435	-1.005317	-1.003327	-1.005961	-1.0	27847	-1.009939	-1.002862	-0.9945208	-1.035759
28/01/2026	11:01	-1.027958	-1.007563	-1.025393	-1.018164	-1.002048	-1	.032074	-1.009792	-1.029498	-1.023371	-1.007027	-1.003949	-1.009221	-1	.027691	-1.016482	-1.030083	-0.9932826	-1.032074
28/01/2026	11:51	-1.025462	-1.011299	-1.015422	-1.020345	-0.9995655	-	1.035341	-1.007158	-1.020502	-1.043653	-1.021331	-1.015299	-1.026453	-	1.027381	-1.018974	-1.001307	-0.9880201	-1.043653
28/01/2026	12:41	-1.023902	-0.9972921	-1.007945	-1.006792	-0.9969278	-1.022741	-0.9949182	-1.011042	-1.018379	-0.9978545	-0.9963308	-1.001	459	-1.016814	-1.004175	-1.009395	-0.9850792	-1.023902
28/01/2026	13:31	-1.024058	-1.004607	-1.012151	-1.013335	-0.9978587	-	1.02663	-1.000496	-1.013679	-1.019627	-0.9989428	-0.9974192	-1.001459	-1.017435	-1.004954	-1.031483	-0.9968425	-1.031483
28/01/2026	14:21	-1.034511	-1.043047	-1.030378	-1.026577	-1.022219	-1	.044052	-1.020482	-1.033065	-1.060659	-1.030504	-1.021673	-1.033749	-1	.034684	-1.026452	-1.018728	-0.9908061	-1.060659
28/01/2026	15:11	-1.029362	-1.007252	-1.012774	-1.017853	-0.9961519	-	1.032074	-1.00158	-1.020192	-1.025087	-1.007494	-1.003483	-1.012637	-1	.02334	-1.028166	-1.003018	-0.9869366	-1.032074
28/01/2026	16:01	-1.026398	-0.9974477	-1.008724	-1.009129	-0.9927383	-1.02523	-0.9950731	-1.011197	-1.017755	-0.9967662	-0.9950871	-0.9997	516	-1.027381	-1.007135	-1.002862	-0.9864723	-1.027381
28/01/2026	16:51	-1.022498	-0.9972921	-1.007633	-1.007571	-0.9925832	-1.023208	-0.9949182	-1.011352	-1.015882	-0.9970771	-0.9929104	-1.000	683	-1.017902	-1.003552	-1.00504	-0.9875557	-1.023208
28/01/2026	17:41	-1.024682	-0.9982258	-1.008256	-1.00835	-0.9928935	-	1.023986	-0.9942985	-1.011197	-1.015258	-0.9972326	-0.9930659	-0.9991	307	-1.019145	-1.004642	-1.010329	-0.9849245	-1.024682
28/01/2026	18:31	-1.02437	-1.006941	-1.013397	-1.015204	-0.9959968	-1	.029897	-1.003904	-1.016005	-1.019783	-1.004695	-0.9989739	-1.008135	-	1.024428	-1.011497	-1.000996	-0.9883296	-1.029897
28/01/2026	19:21	-1.022029	-0.9976033	-1.008412	-1.007571	-0.9910315	-1.024452	-0.9942985	-1.010422	-1.014634	-0.9961443	-0.9938433	-0.998	1992	-1.011375	-1.002461	-0.9986623	-0.9853888	-1.024452
28/01/2026	20:11	-1.025306	-0.9979146	-1.012618	-1.010375	-0.9975484	-1.028497	-1.00344	-1.016935	-1.015414	-1.000498	-0.9971082	-1.001615	-1.024739	-1.007602	-1.008929	-0.9903418	-1.028497
28/01/2026	21:01	-1.020469	-0.9954246	-1.007478	-1.007727	-0.990566	-	1.022586	-0.9947633	-1.009336	-1.015726	-0.9984764	-0.9955535	-1.0005	28	-1.014327	-1.004331	-0.9980401	-0.9889487	-1.022586
28/01/2026	21:51	-1.020001	-0.9938683	-1.007478	-1.007259	-0.9908764	-1.022741	-0.9924393	-1.008561	-1.013542	-0.9978545	-0.9925995	-0.996	9573	-1.009821	-1.003396	-1.006284	-0.9855436	-1.022741
28/01/2026	22:41	-1.021405	-0.9957358	-1.00701	-1.006013	-0.9904109	-	1.022897	-0.9915097	-1.009646	-1.012294	-0.9962998	-0.9925995	-0.9968	02	-1.014172	-1.001994	-1.001307	-0.9821384	-1.022897
28/01/2026	23:31	-1.023434	-0.9979146	-1.012307	-1.013023	-0.9995655	-1.029119	-0.9978619	-1.014454	-1.017755	-0.9992537	-0.9946206	-1.002	856	-1.016037	-1.008693	-1.002395	-0.9870914	-1.029119
29/01/2026	00:21	-1.015789	-0.9949577	-1.004362	-1.006636	-0.9885489	-1.020719	-0.9915097	-1.007165	-1.012294	-0.9949005	-0.9907338	-0.997	5782	-1.011064	-0.9993457	-0.9975734	-0.9813645	-1.020719
29/01/2026	01:11	-1.015633	-0.9918451	-1.004673	-1.0043	-0.9896351	-1	.01963	-0.9901153	-1.00701	-1.011046	-0.9930348	-0.9910448	-0.9950944	-1.007024	-0.9980995	-0.9953957	-0.9805906	-1.01963
29/01/2026	02:01	-1.015321	-0.993557	-1.005297	-1.006013	-0.9893247	-	1.021497	-0.9916646	-1.00701	-1.01167	-0.9933458	-0.992755	-0.9961811	-1.010132	-1.000436	-0.9989734	-0.9826028	-1.021497
29/01/2026	02:51	-1.019689	-1.007719	-1.011372	-1.01427	-1.000652	-1.	030208	-1.000806	-1.012748	-1.022591	-1.001275	-1.002239	-1.010618	-1.	024584	-1.018351	-0.9988178	-0.9878653	-1.030208
29/01/2026	03:41	-1.020157	-0.9962027	-1.00701	-1.006169	-0.9901005	-	1.021341	-0.9936787	-1.009491	-1.013698	-0.9942786	-0.992444	-0.99788	87	-1.009821	-1.002306	-0.9947735	-0.9822932	-1.021341
29/01/2026	04:31	-1.020469	-0.9965139	-1.00997	-1.009908	-0.9922728	-	1.02523	-0.9947633	-1.012128	-1.019003	-0.9981654	-0.9967973	-1.00270	1	-1.015104	-1.01321	-1.001773	-0.9861627	-1.02523
29/01/2026	05:21	-1.02437	-1.000249	-1.007166	-1.006948	-0.9921177	-1	.023364	-0.993059	-1.011507	-1.013854	-1.000187	-0.9938433	-0.9981992	-1.016503	-1.005265	-0.9981956	-0.9841506	-1.02437
29/01/2026	06:11	-1.026866	-1.003517	-1.015111	-1.014893	-0.9983242	-	1.029897	-1.0022	-1.018797	-1.021499	-1.003918	-0.9994403	-1.004098	-1	.025516	-1.012276	-1.012506	-1.008451	-1.029897
29/01/2026	07:01	-1.03139	-1.007408	-1.018694	-1.024707	-1.00391	-1.0	39852	-1.004369	-1.019882	-1.025243	-1.00796	-1.003172	-1.013413	-1.02	8313	-1.016638	-1.018262	-0.9952947	-1.039852
29/01/2026	07:51	-1.024682	-0.9976033	-1.00997	-1.01131	-0.9981691	-1	.023986	-0.9952281	-1.014764	-1.015882	-1.001275	-0.9952425	-1.002235	-1.014327	-1.011185	-1.008617	-0.9895679	-1.024682
29/01/2026	08:41	-1.023902	-1.001961	-1.009814	-1.010219	-0.9973932	-	1.026941	-0.9987915	-1.012593	-1.020095	-0.9975435	-0.9974192	-1.0037	88	-1.013395	-1.003863	-1.002551	-0.9870914	-1.026941
29/01/2026	09:31	-1.046056	-1.004607	-1.023056	-1.0272	-1.011668	-1.0	37674	-1.010102	-1.028567	-1.02852	-1.015423	-1.014521	-1.019312	-1.03	1887	-1.020844	-1.013906	-0.9926634	-1.046056
29/01/2026	10:21	-1.03061	-1.005385	-1.012307	-1.013958	-1.000962	-1.	028963	-1.008088	-1.018952	-1.023059	-1.008582	-1.004571	-1.006582	-1.	027847	-1.018819	-1.019195	-1.000867	-1.03061
29/01/2026	11:11	-1.035291	-1.020947	-1.025393	-1.027979	-1.021444	-1	.032074	-1.012581	-1.019727	-1.032108	-1.00625	-1.008147	-1.01481	-1.0	32198	-1.019909	-1.035061	-0.9949851	-1.035291
29/01/2026	12:01	-1.028894	-1.001338	-1.017915	-1.015204	-0.9991	-1.0	29586	-1.001116	-1.01554	-1.022591	-1.004229	-1.00255	-1.011395	-1.023	34	-1.025673	-1.011106	-0.9897226	-1.029586
29/01/2026	12:51	-1.034199	-1.009587	-1.014955	-1.022215	-1.010272	-1	.031297	-1.009792	-1.020968	-1.032888	-1.008427	-1.00255	-1.017604	-1.	032043	-1.017261	-1.014217	-0.9948304	-1.034199
29/01/2026	13:41	-1.025774	-0.9968252	-1.009035	-1.007727	-0.9918073	-1.024297	-0.9947633	-1.010887	-1.014634	-0.9966107	-0.9950871	-0.999	7516	-1.021009	-1.003708	-1.005662	-0.9881748	-1.025774
29/01/2026	14:31	-1.02359	-1.00414	-1.012307	-1.016139	-1.005617	-1.0	31763	-1.005144	-1.018176	-1.028208	-1.008738	-1.005504	-1.009221	-1.0	19611	-1.013055	-1.006595	-0.986627	-1.031763
29/01/2026	15:21	-1.026086	-0.9980702	-1.012307	-1.014114	-1.001738	-	1.026008	-0.9995662	-1.015074	-1.026023	-1.003296	-1.001617	-1.009532	-1.023651	-1.017417	-1.008773	-0.9886392	-1.026086
29/01/2026	16:11	-1.021093	-0.9969808	-1.008568	-1.009129	-0.9944451	-1.025386	-0.9972422	-1.010112	-1.018067	-0.9998756	-0.9960199	-1.001	77	-1.014794	-1.005889	-1.014995	-0.9863175	-1.025386
29/01/2026	17:01	-1.022966	-0.9985371	-1.009347	-1.007883	-0.9921177	-1.024297	-0.9955379	-1.011663	-1.016663	-0.997699	-0.9955535	-1.0013	04	-1.017435	-1.004642	-1.012662	-0.9874009	-1.024297
29/01/2026	17:51	-1.025306	-1.011921	-1.017603	-1.017385	-0.9995655	-	1.030052	-1.002355	-1.022674	-1.020719	-1.005939	-1.002083	-1.006893	-	1.029401	-1.016793	-1.017017	-0.9932826	-1.030052
29/01/2026	18:41	-1.022654	-1.009431	-1.013086	-1.010375	-0.9995655	-	1.028652	-1.001425	-1.01678	-1.025399	-1.004229	-1.005037	-1.014344	-1	.016037	-1.019597	-1.000373	-0.9860079	-1.028652
29/01/2026	19:31	-1.02359	-0.9969808	-1.008412	-1.008817	-0.9921177	-	1.023986	-0.9956929	-1.011352	-1.01635	-0.9958333	-0.9941542	-0.99850	97	-1.012773	-1.002773	-1.001462	-0.9856984	-1.023986
29/01/2026	20:21	-1.021873	-0.9960471	-1.009659	-1.008662	-0.9922728	-1.023519	-0.9952281	-1.010422	-1.014322	-0.9961443	-0.9939988	-0.999	1307	-1.010909	-1.003084	-1.003951	-0.9863175	-1.023519
29/01/2026	21:11	-1.021405	-0.9968252	-1.006076	-1.006948	-0.9904109	-1.022741	-0.9936787	-1.009801	-1.013854	-0.9966107	-0.9932214	-0.997	5782	-1.010753	-1.005577	-1.001929	-0.9880201	-1.022741
29/01/2026	22:01	-1.023902	-0.9957358	-1.007478	-1.006792	-0.9918073	-1.02523	-0.9941435	-1.008871	-1.012606	-0.9962998	-0.9943097	-0.9977	335	-1.01355	-1.000592	-1.002707	-0.9822932	-1.02523
29/01/2026	22:51	-1.022498	-0.9982258	-1.010905	-1.009596	-0.9959968	-1.023053	-0.9929041	-1.009491	-1.018379	-0.9959888	-0.995398	-1.0011	49	-1.010909	-1.001682	-1.004262	-0.9826028	-1.023053
29/01/2026	23:41	-1.02515	-1.00305	-1.009814	-1.008506	-0.9972381	-1.	02523	-0.9978619	-1.01554	-1.026335	-1.002052	-1.00084	-1.007979	-1.01	6503	-1.020844	-1.004884	-0.9892583	-1.026335
30/01/2026	00:31	-1.029674	-1.007252	-1.011684	-1.013335	-0.9987897	-	1.034408	-1.004059	-1.012903	-1.020251	-1.00625	-1.000373	-1.009377	-1	.018989	-1.011185	-1.012506	-0.990187	-1.034408
30/01/2026	01:21	-1.015477	-0.9930901	-1.004362	-1.005857	-0.9888592	-1.02243	-0.9905801	-1.00794	-1.011202	-0.9939677	-0.9908893	-0.99618	11	-1.006402	-0.998411	-0.996329	-0.9813645	-1.02243
30/01/2026	02:11	-1.022185	-0.994802	-1.006231	-1.007415	-0.9899454	-	1.022897	-0.9925942	-1.008561	-1.01479	-0.995056	-0.9919776	-0.998975	4	-1.009355	-1.001215	-0.9992845	-0.9818289	-1.022897
30/01/2026	03:01	-1.017193	-0.9946464	-1.006231	-1.006325	-0.9891696	-1.01963	-0.9933689	-1.00732	-1.013542	-0.9944341	-0.9921331	-0.99633	63	-1.00951	-0.9990341	-1.000529	-0.9816741	-1.01963
30/01/2026	03:51	-1.019221	-0.9946464	-1.006854	-1.00539	-0.9907212	-	1.019942	-0.9915097	-1.008251	-1.013542	-0.995056	-0.9939988	-0.99680	2	-1.006402	-1.001059	-0.9953957	-0.982448	-1.019942
30/01/2026	04:41	-1.045276	-1.011143	-1.026795	-1.023928	-1.0036	-1.0	33008	-1.010257	-1.019262	-1.024307	-1.009826	-1.006281	-1.017604	-1.0	33286	-1.021467	-1.021528	-0.9982355	-1.045276
30/01/2026	05:31	-1.037319	-1.00414	-1.012618	-1.01131	-0.9987897	-1.	02663	-1.000031	-1.013368	-1.020719	-1.000964	-0.9966418	-1.009842	-1.	021942	-1.010406	-1.010795	-0.9874009	-1.037319
30/01/2026	06:21	-1.041063	-1.001027	-1.011372	-1.013023	-0.9969278	-	1.028497	-1.00158	-1.01523	-1.017911	-1.000964	-0.9971082	-1.001304	-1	.022097	-1.011029	-1.014528	-0.9937469	-1.041063
30/01/2026	07:11	-1.030922	-1.009898	-1.015111	-1.015516	-1.007789	-1	.029586	-1.007158	-1.021123	-1.028676	-1.005628	-0.9994403	-1.007824	-	1.026293	-1.022402	-1.03475	-0.9956043	-1.03475
30/01/2026	08:01	-1.058225	-1.011454	-1.01994	-1.020813	-1.000497	-1.	035341	-1.014285	-1.023604	-1.0293	-1.007338	-1.007991	-1.012947	-1.02	9712	-1.021155	-1.022461	-0.9954495	-1.058225
30/01/2026	08:51	-1.030766	-1.004762	-1.015267	-1.014425	-1.001272	-1	.031763	-1.003285	-1.017711	-1.02774	-1.00454	-1.00768	-1.011705	-1.02	6448	-1.022246	-1.007062	-0.9892583	-1.031763
30/01/2026	09:41	-1.02437	-0.9994709	-1.00888	-1.011466	-0.9970829	-1	.025541	-0.9984817	-1.013213	-1.016506	-0.9992537	-0.9966418	-1.00239	1	-1.018679	-1.009472	-1.007218	-0.9875557	-1.025541
30/01/2026	10:31	-1.026086	-1.003828	-1.012774	-1.016451	-1.001117	-1	.03083	-1.003285	-1.018797	-1.032732	-1.006095	-1.00768	-1.018691	-1.0	193	-1.034708	-1.005506	-0.9889487	-1.034708
30/01/2026	11:21	-1.031078	-1.005073	-1.01293	-1.011777	-0.9977036	-1	.026786	-0.9992563	-1.015695	-1.023527	-1.002674	-0.9977301	-1.003788	-1.017746	-1.007602	-1.003329	-0.9889487	-1.031078
30/01/2026	12:11	-1.024682	-1.00165	-1.012307	-1.016606	-0.9986346	-1	.030208	-1.009637	-1.014609	-1.021187	-1.004384	-1.003327	-1.004875	-1	.022563	-1.009783	-1.017017	-0.9889487	-1.030208
30/01/2026	13:01	-1.028582	-1.002428	-1.012618	-1.01723	-1.000807	-1.	029586	-1.000031	-1.01585	-1.017287	-1.004851	-0.9985075	-1.006893	-1.	019611	-1.012431	-1.009706	-0.9875557	-1.029586
30/01/2026	13:51	-1.026086	-1.001805	-1.01589	-1.012712	-0.9983242	-1	.028186	-1.000651	-1.017246	-1.018223	-1.003451	-0.9972637	-1.00208	-1	.028158	-1.011653	-1.008462	-0.9911157	-1.028186
30/01/2026	14:41	-1.039347	-1.010832	-1.016513	-1.017385	-1.001583	-1	.034874	-1.009172	-1.025775	-1.029768	-1.010137	-1.00084	-1.011084	-1.	020699	-1.013366	-1.020906	-0.9946756	-1.039347
30/01/2026	15:31	-1.024058	-1.003828	-1.01293	-1.013179	-0.9986346	-1	.027097	-0.997707	-1.01647	-1.019783	-1.005162	-0.9985075	-1.010463	-1	.028158	-1.009316	-1.006284	-0.9881748	-1.028158
30/01/2026	16:21	-1.02359	-0.9982258	-1.014488	-1.010687	-0.995221	-1	.024452	-1.000961	-1.015074	-1.021655	-1.000187	-1.000218	-1.004875	-1	.019766	-1.0062	-1.00504	-0.9863175	-1.024452
30/01/2026	17:11	-1.035759	-1.013944	-1.013709	-1.016762	-1.006703	-1	.031919	-1.022651	-1.020658	-1.026492	-1.009204	-1.001461	-1.011705	-1	.025827	-1.032527	-1.014684	-0.9949851	-1.035759
30/01/2026	18:01	-1.026242	-0.9976033	-1.00888	-1.007883	-0.9946003	-	1.023519	-0.9980169	-1.010422	-1.015882	-0.9964552	-0.9971082	-1.0003	73	-1.018679	-1.005265	-1.007995	-0.9903418	-1.026242
30/01/2026	18:51	-1.028738	-1.014567	-1.017448	-1.017697	-1.013996	-1	.033319	-1.013045	-1.02531	-1.027896	-1.016511	-1.009235	-1.019312	-1.	028624	-1.018351	-1.005351	-0.9900322	-1.033319
30/01/2026	19:41	-1.025462	-1.002117	-1.012151	-1.014114	-1.002358	-1	.026786	-0.9989465	-1.013368	-1.017599	-0.9992537	-0.9947761	-1.00161	5	-1.014794	-1.009783	-1.00084	-0.9900322	-1.026786
30/01/2026	20:31	-1.02281	-1.000872	-1.007789	-1.021124	-0.9958416	-1	.028186	-1.005764	-1.018641	-1.016194	-1.002363	-0.998352	-1.001925	-1	.016814	-1.023804	-1.012973	-0.9877105	-1.028186
30/01/2026	21:21	-1.021093	-0.9954246	-1.006543	-1.010531	-0.9919625	-1.023208	-0.9942985	-1.010732	-1.01401	-0.9964552	-0.9933769	-0.9983	544	-1.015726	-1.001838	-0.9997511	-0.9863175	-1.023208
30/01/2026	22:11	-1.023434	-0.9979146	-1.009035	-1.008194	-0.9939796	-1.023519	-0.9939886	-1.011352	-1.014946	-0.9956779	-0.9933769	-0.999	2859	-1.013084	-1.002306	-1.013595	-0.9841506	-1.023519
30/01/2026	23:01	-1.019689	-1.005073	-1.012307	-1.011466	-0.9958416	-	1.025541	-0.9978619	-1.013679	-1.019627	-1.000342	-1.00115	-1.003633	-	1.013861	-1.024583	-1.00084	-0.9878653	-1.025541
04/02/2026	11:20	-1.034979	-1.013633	-1.023679	-1.018787	-1.004686	-1	.034719	-1.01475	-1.019107	-1.028364	-1.010292	-1.011878	-1.019933	-1.	021165	-1.021778	-1.017328	-0.9911157	-1.034979
04/02/2026	12:00	-1.026398	-1.00663	-1.013709	-1.014581	-1.002824	-1.	026786	-1.00282	-1.017711	-1.026023	-1.006095	-1.001772	-1.008911	-1.0	22874	-1.011964	-1.005506	-0.9889487	-1.026786
04/02/2026	12:50	-1.034979	-1.00056	-1.022433	-1.016139	-1.005151	-1.	036741	-1.003285	-1.016625	-1.022747	-1.006561	-1.002861	-1.006893	-1.	030644	-1.018507	-1.005662	-0.9906513	-1.036741
04/02/2026	13:40	-1.023278	-1.006007	-1.014176	-1.013179	-1.000652	-1	.028963	-1.00282	-1.016005	-1.028052	-1.004073	-1.000995	-1.009842	-1.	019455	-1.021155	-1.002084	-0.9883296	-1.028963
04/02/2026	14:30	-1.051048	-1.013322	-1.027106	-1.0272	-1.015547	-1.0	49963	-1.018623	-1.031824	-1.028832	-1.013868	-1.011412	-1.016518	-1.0	28158	-1.011185	-1.005973	-1.001022	-1.051048
04/02/2026	15:20	-1.032014	-1.011765	-1.023679	-1.020657	-1.010582	-1	.037519	-1.005918	-1.019107	-1.026648	-1.00796	-1.001772	-1.00829	-1.0	32043	-1.016793	-1.018106	-0.9906513	-1.037519
04/02/2026	16:10	-1.027802	-1.000093	-1.009035	-1.009129	-0.9964623	-	1.024452	-0.9980169	-1.013213	-1.021343	-1.000031	-1.000062	-1.003012	-1.02132	-1.004331	-1.003018	-0.9886392	-1.027802
04/02/2026	17:00	-1.026398	-1.000093	-1.009503	-1.009285	-0.9947555	-	1.023519	-0.9966225	-1.013213	-1.018067	-0.9995647	-0.9952425	-1.0020	8	-1.016503	-1.007758	-1.005973	-0.9878653	-1.026398
04/02/2026	17:50	-1.02515	-0.9979146	-1.009347	-1.008194	-0.9930487	-	1.026008	-0.9950731	-1.011042	-1.016975	-0.9981654	-0.9961754	-1.0000	62	-1.014794	-1.004954	-1.004418	-0.9894131	-1.026008
04/02/2026	18:40	-1.027178	-1.008342	-1.01293	-1.015828	-1.000341	-1.	02803	-1.009792	-1.014609	-1.025867	-1.003918	-0.9999067	-1.007824	-1.	028313	-1.02318	-1.006595	-0.9877105	-1.028313
04/02/2026	19:30	-1.033263	-1.001027	-1.011216	-1.010219	-0.9959968	-	1.027408	-1.002665	-1.013213	-1.021499	-1.001897	-0.9986629	-1.009066	-1.020543	-1.007446	-1.008306	-0.9990094	-1.033263
04/02/2026	20:20	-1.026398	-1.009431	-1.019629	-1.016606	-1.0081	-1.0	2943	-1.011341	-1.019417	-1.042249	-1.016822	-1.019341	-1.025522	-1.02	6604	-1.019286	-1.017639	-0.9999381	-1.042249
04/02/2026	21:10	-1.023746	-1.002272	-1.015267	-1.014581	-1.000186	-1	.03083	-1.000651	-1.01647	-1.022903	-1.00283	-1.007525	-1.005651	-1.02	4273	-1.021467	-1.003018	-0.9884844	-1.03083
04/02/2026	22:00	-1.023122	-1.007097	-1.013865	-1.013023	-1.002048	-1	.028963	-1.000341	-1.016935	-1.022123	-1.006095	-1.005037	-1.00503	-1.	019766	-1.014768	-1.00084	-0.9863175	-1.028963
04/02/2026	22:50	-1.021249	-0.9971365	-1.006854	-1.007415	-0.9916522	-1.022741	-0.9944534	-1.010577	-1.014166	-0.9964552	-0.9929104	-0.998	3544	-1.012307	-1.001371	-0.9983512	-0.9836862	-1.022741
04/02/2026	23:40	-1.022341	-0.9966696	-1.007322	-1.008194	-0.9907212	-1.023675	-0.9958478	-1.009646	-1.015258	-0.9970771	-0.9936878	-0.999	4411	-1.011375	-1.004954	-1.000996	-0.9860079	-1.023675
05/02/2026	00:30	-1.017973	-0.9952689	-1.007322	-1.006169	-0.9896351	-1.023208	-0.9925942	-1.008251	-1.013386	-0.9961443	-0.9925995	-0.997	1125	-1.008267	-1.000436	-0.9974179	-0.9829123	-1.023208
05/02/2026	01:20	-1.022185	-0.9941795	-1.007166	-1.006013	-0.9904109	-1.022586	-0.9927491	-1.008561	-1.01245	-0.9964552	-0.9919776	-0.9983	544	-1.009199	-0.9995015	-0.9974179	-0.9816741	-1.022586
05/02/2026	02:10	-1.014541	-0.9929345	-1.004985	-1.005079	-0.9888592	-1.019319	-0.9916646	-1.007165	-1.011514	-0.9941231	-0.9913557	-0.995	8706	-1.006402	-0.9991899	-0.9939958	-0.9812098	-1.019319
05/02/2026	03:00	-1.019689	-0.9946464	-1.005297	-1.005857	-0.9908764	-1.020253	-0.9927491	-1.008561	-1.013386	-0.995056	-0.9952425	-0.9980	44	-1.007801	-1.001059	-0.9972623	-0.9815193	-1.020253
05/02/2026	03:50	-1.016413	-0.9944908	-1.007633	-1.005546	-0.9904109	-1.019786	-0.9932139	-1.009026	-1.01323	-0.9964552	-0.9933769	-0.9978	887	-1.008267	-0.9996573	-0.9955513	-0.9832219	-1.019786
05/02/2026	04:40	-1.019689	-0.993557	-1.006231	-1.006948	-0.9904109	-	1.023364	-0.9922843	-1.009646	-1.012762	-0.995056	-0.9947761	-0.99819	92	-1.008733	-0.9990341	-0.9971068	-0.982448	-1.023364
05/02/2026	05:30	-1.020937	-1.001027	-1.010749	-1.011621	-0.9980139	-	1.026475	-0.9987915	-1.017246	-1.021967	-1.000342	-1.00115	-1.0086	-1.	016348	-1.017728	-0.9980401	-0.9843053	-1.026475
05/02/2026	06:20	-1.031546	-1.015967	-1.019629	-1.020968	-1.009031	-1	.034719	-1.004369	-1.021123	-1.028208	-1.008116	-1.007991	-1.012171	-1	.021786	-1.008225	-1.015151	-0.9874009	-1.034719
05/02/2026	07:10	-1.039971	-1.007563	-1.025237	-1.023617	-1.006082	-1	.037985	-1.007468	-1.016935	-1.02696	-1.005628	-1.005037	-1.008445	-1.	019611	-1.008537	-1.011573	-0.9909609	-1.039971
05/02/2026	08:00	-1.026242	-0.9999377	-1.01293	-1.010219	-0.9967726	-	1.025075	-0.9967774	-1.012903	-1.017443	-1.000031	-0.9977301	-1.00658	2	-1.017125	-1.011185	-1.025261	-0.9875557	-1.026242
05/02/2026	08:50	-1.025618	-0.9976033	-1.009191	-1.010064	-0.993359	-	1.024608	-0.9955379	-1.011352	-1.016975	-0.9995647	-0.9960199	-1.0006	83	-1.018679	-1.006044	-1.005818	-0.9858531	-1.025618
05/02/2026	09:40	-1.044496	-1.012232	-1.023367	-1.022059	-1.006858	-1	.033941	-1.019553	-1.028722	-1.029768	-1.015578	-1.014521	-1.010308	-1	.049136	-1.031904	-1.037394	-1.000402	-1.049136
05/02/2026	10:30	-1.034043	-1.009431	-1.020096	-1.013647	-0.9989449	-	1.031608	-1.004524	-1.020658	-1.020407	-1.006095	-1.000529	-1.008911	-	1.018834	-1.014457	-1.011417	-0.9966877	-1.034043
05/02/2026	11:20	-1.030298	-1.025461	-1.032091	-1.0353	-1.016789	-1.0	44985	-1.012581	-1.025931	-1.038973	-1.016511	-1.013588	-1.031266	-1.0	19145	-1.016326	-1.006751	-0.9917348	-1.044985
05/02/2026	12:10	-1.027334	-0.9980702	-1.009659	-1.008973	-0.9949106	-1.026786	-0.9972422	-1.013989	-1.016663	-0.9992537	-1.000062	-1.0023	91	-1.01728	-1.016014	-1.005506	-0.9889487	-1.027334
05/02/2026	13:00	-1.02983	-1.000716	-1.012307	-1.016139	-1.001117	-1.	033319	-1.004834	-1.017711	-1.022279	-1.012469	-1.00084	-1.010929	-1.0	22719	-1.014301	-1.012195	-0.9895679	-1.033319
05/02/2026	13:50	-1.024214	-1.001338	-1.010437	-1.011621	-1.002203	-1	.025386	-1.000031	-1.018797	-1.030392	-1.002052	-1.002083	-1.006737	-1	.018523	-1.021	-1.003951	-0.9889487	-1.030392
05/02/2026	14:40	-1.029518	-0.9974477	-1.009035	-1.010531	-0.9928935	-1.023986	-0.9969323	-1.010577	-1.015726	-0.9972326	-0.9958644	-1.000	994	-1.020854	-1.004954	-1.004262	-0.9867818	-1.029518
05/02/2026	15:30	-1.033263	-1.00056	-1.011839	-1.010064	-0.9953761	-1	.026164	-0.9991014	-1.012903	-1.016506	-0.9978545	-0.9972637	-1.00239	1	-1.029401	-1.008537	-1.007995	-0.9920443	-1.033263
05/02/2026	16:20	-1.030766	-0.9976033	-1.009503	-1.009285	-0.9950658	-1.025697	-0.9978619	-1.011818	-1.018223	-0.9989428	-0.9974192	-1.001	615	-1.024273	-1.00916	-1.002395	-0.9863175	-1.030766
05/02/2026	17:10	-1.034199	-0.9980702	-1.011372	-1.009596	-0.9958416	-1.031919	-0.9958478	-1.011197	-1.019315	-1.001897	-0.9972637	-1.0019	25	-1.016348	-1.004798	-1.007218	-0.9920443	-1.034199
05/02/2026	18:00	-1.023434	-0.9985371	-1.010126	-1.010531	-0.995221	-	1.024764	-0.9956929	-1.011818	-1.016663	-1.000964	-0.9967973	-1.00006	2	-1.014794	-1.005577	-1.001307	-0.9860079	-1.024764
05/02/2026	18:50	-1.025462	-0.999004	-1.00997	-1.01131	-0.9947555	-1.	028497	-1.001425	-1.013058	-1.023839	-1.003607	-1.00084	-1.00503	-1.02	1786	-1.015859	-0.9997511	-0.9860079	-1.028497
05/02/2026	19:40	-1.039035	-1.001805	-1.016669	-1.016451	-1.001272	-1	.032541	-1.00251	-1.021278	-1.020719	-1.009359	-1.003327	-1.00208	-1.0	31421	-1.013678	-1.011417	-0.9923539	-1.039035
05/02/2026	20:30	-1.027958	-0.9960471	-1.00997	-1.00835	-0.9927383	-1	.024297	-0.9970873	-1.012128	-1.016194	-0.99801	-0.9950871	-1.000528	-	1.014483	-1.002617	-1.004262	-0.9869366	-1.027958
05/02/2026	21:20	-1.022029	-0.9976033	-1.008568	-1.007883	-0.992428	-	1.023986	-0.9938337	-1.010112	-1.01401	-0.9998756	-0.9944652	-0.99835	44	-1.010909	-1.00324	-1.000996	-0.985234	-1.023986
05/02/2026	22:10	-1.02515	-0.9980702	-1.006543	-1.007727	-0.9925832	-	1.023519	-0.9969323	-1.010887	-1.013074	-1.001119	-0.9946206	-0.99835	44	-1.010909	-1.002617	-1.004418	-0.9843053	-1.02515
05/02/2026	23:00	-1.023902	-0.9971365	-1.009503	-1.007104	-0.992428	-	1.027252	-0.9932139	-1.010267	-1.013854	-0.9989428	-0.9950871	-0.9986	649	-1.014794	-1.004487	-1.013284	-0.9844601	-1.027252
05/02/2026	23:50	-1.02983	-1.010209	-1.011216	-1.014114	-0.9984794	-1	.028652	-1.011961	-1.020037	-1.03476	-1.011225	-1.012345	-1.013413	-1.	016969	-1.01804	-1.002395	-0.9855436	-1.03476
06/02/2026	00:40	-1.024682	-1.002117	-1.010282	-1.011621	-0.9980139	-	1.027408	-1.0022	-1.014609	-1.019159	-1.001741	-0.9999067	-1.006893	-1	.012773	-1.011808	-1.003484	-0.9849245	-1.027408
06/02/2026	01:30	-1.02515	-0.9993152	-1.007789	-1.008973	-0.992428	-1	.023364	-0.9944534	-1.010732	-1.015102	-0.9984764	-0.9943097	-0.99913	07	-1.01153	-1.003396	-0.9992845	-0.990187	-1.02515
06/02/2026	02:20	-1.021873	-0.9957358	-1.007945	-1.010531	-0.9918073	-1.021808	-0.9932139	-1.010887	-1.01323	-0.9959888	-0.9930659	-0.9974	23	-1.009976	-1.003396	-0.9981956	-0.9847697	-1.021873
06/02/2026	03:10	-1.018753	-0.9952689	-1.007166	-1.009285	-0.9911867	-1.02383	-0.9927491	-1.008561	-1.013386	-0.9964552	-0.9938433	-0.9977	335	-1.010132	-1.003084	-0.9967957	-0.982448	-1.02383
06/02/2026	04:00	-1.02359	-0.9993152	-1.010282	-1.009908	-0.9966174	-	1.025075	-0.997707	-1.01554	-1.018379	-1.000342	-0.9986629	-1.004409	-	1.018212	-1.017105	-1.000062	-0.9869366	-1.025075
06/02/2026	04:50	-1.025618	-1.004451	-1.016357	-1.015204	-1.002824	-1	.030674	-1.006538	-1.018176	-1.026023	-1.005162	-1.006281	-1.006737	-1	.024117	-1.018663	-1.005662	-0.9886392	-1.030674
06/02/2026	05:40	-1.042936	-1.012077	-1.026327	-1.024707	-1.015703	-1	.043274	-1.008088	-1.021278	-1.034604	-1.017133	-1.018874	-1.030489	-1	.023962	-1.01321	-1.013595	-0.99158	-1.043274
06/02/2026	06:30	-1.034511	-1.010054	-1.019005	-1.018476	-1.005617	-1	.042963	-1.008088	-1.023914	-1.026492	-1.008738	-1.003327	-1.013723	-1	.032198	-1.020688	-1.008617	-0.9928182	-1.042963
06/02/2026	07:20	-1.034043	-1.003828	-1.016357	-1.01723	-0.9998759	-1	.037208	-1.002665	-1.017091	-1.021499	-1.00283	-1.001306	-1.007358	-1.	030644	-1.016638	-1.021839	-0.9948304	-1.037208
06/02/2026	08:10	-1.029674	-0.9997821	-1.012774	-1.010219	-0.99429	-1	.027252	-1.000961	-1.012748	-1.018535	-0.9994092	-0.998352	-1.003633	-	1.026137	-1.007914	-1.008306	-0.99158	-1.029674
06/02/2026	09:00	-1.032951	-1.008964	-1.021965	-1.021591	-1.010737	-1	.031452	-1.006538	-1.019262	-1.026335	-1.013091	-1.01421	-1.020243	-1.	038103	-1.018663	-1.038639	-1.003034	-1.038639
06/02/2026	09:50	-1.035759	-0.9999377	-1.016669	-1.011466	-0.9963071	-1.028341	-1.006848	-1.017711	-1.018691	-1.008893	-0.9971082	-1.00440	9	-1.028779	-1.018507	-1.032261	-0.9963782	-1.035759
06/02/2026	10:40	-1.030454	-1.009431	-1.016825	-1.016451	-1.011358	-1	.031608	-1.007778	-1.026086	-1.029924	-1.010448	-1.018097	-1.022883	-1	.023962	-1.030658	-1.015617	-0.990187	-1.031608
06/02/2026	11:30	-1.037319	-1.024838	-1.03692	-1.03234	-1.034633	-1.0	49185	-1.005918	-1.025775	-1.024931	-1.009359	-1.016542	-1.019622	-1.0	32509	-1.029256	-1.01344	-1.009844	-1.049185
06/02/2026	12:20	-1.043092	-1.008497	-1.026639	-1.026577	-1.012134	-1	.039385	-1.009017	-1.022674	-1.026179	-1.015112	-1.010945	-1.016828	-1	.025361	-1.01321	-1.018728	-1.000712	-1.043092
06/02/2026	13:10	-1.039191	-1.015189	-1.028664	-1.024863	-1.017409	-1	.043274	-1.014595	-1.027016	-1.063467	-1.0162	-1.022761	-1.045392	-1.0	24273	-1.018351	-1.019506	-0.9934373	-1.063467
06/02/2026	14:00	-1.026242	-1.000093	-1.011839	-1.012712	-1.000341	-1	.027252	-0.9980169	-1.017246	-1.024151	-1.002519	-0.9975746	-1.004564	-1.026914	-1.009472	-1.014217	-0.9892583	-1.027252
06/02/2026	14:50	-1.028426	-1.01301	-1.023212	-1.023617	-1.003289	-1.	038141	-1.010721	-1.030428	-1.048022	-1.014024	-1.01732	-1.026298	-1.0	30644	-1.036889	-1.016862	-0.99158	-1.048022
06/02/2026	15:40	-1.029206	-1.000405	-1.00997	-1.011621	-0.9949106	-1	.025386	-0.9981718	-1.016315	-1.017287	-0.9997201	-0.9981965	-1.00270	1	-1.020388	-1.00916	-1.010951	-0.9973068	-1.029206
06/02/2026	16:30	-1.02983	-1.001805	-1.013397	-1.013958	-0.9973932	-1	.028652	-0.9969323	-1.014919	-1.019315	-1.002208	-0.9981965	-1.002856	-1.025361	-1.006667	-1.034905	-0.9892583	-1.034905
06/02/2026	17:20	-1.027178	-1.001027	-1.011839	-1.011777	-0.9961519	-	1.028497	-1.000806	-1.013989	-1.018067	-1.000031	-0.9975746	-1.004719	-1.018057	-1.006979	-1.007062	-0.9892583	-1.028497
06/02/2026	18:10	-1.024058	-0.9996265	-1.010437	-1.009596	-0.9950658	-1.026941	-0.9972422	-1.013368	-1.018535	-0.9998756	-0.9972637	-1.002	856	-1.016814	-1.004642	-1.006284	-0.9864723	-1.026941
06/02/2026	19:00	-1.048552	-1.027173	-1.027885	-1.030783	-1.016634	-1	.047318	-1.011341	-1.027171	-1.03554	-1.019154	-1.011723	-1.024745	-1.	035617	-1.025517	-1.010484	-0.9966877	-1.048552
06/02/2026	19:50	-1.030922	-1.007875	-1.012151	-1.018008	-1.002514	-1	.032852	-1.000806	-1.017091	-1.021031	-1.002674	-1.000218	-1.008445	-1	.017125	-1.011029	-1.008773	-0.9892583	-1.032852
06/02/2026	20:40	-1.027646	-0.9971365	-1.010282	-1.009285	-0.9939796	-1.026008	-0.9978619	-1.012438	-1.019159	-1.000187	-0.9961754	-1.0025	46	-1.016969	-1.009472	-1.004107	-0.9897226	-1.027646
06/02/2026	21:30	-1.026086	-0.9971365	-1.009035	-1.00944	-0.9932038	-	1.025697	-0.9986366	-1.012593	-1.01557	-0.9983209	-0.9952425	-0.99975	16	-1.015104	-1.005421	-1.005818	-0.9923539	-1.026086
06/02/2026	22:20	-1.026398	-0.9976033	-1.009814	-1.008973	-0.993359	-	1.024141	-0.9952281	-1.011352	-1.017599	-0.9978545	-0.9947761	-0.9989	754	-1.012618	-1.003708	-1.002084	-0.9867818	-1.026398
06/02/2026	23:10	-1.027022	-0.997759	-1.010593	-1.008973	-0.992428	-1	.025386	-0.995383	-1.010112	-1.015726	-0.99801	-0.9958644	-0.9994411	-	1.01122	-1.001682	-0.9992845	-0.9836862	-1.027022
07/02/2026	00:00	-1.022966	-0.9971365	-1.009035	-1.009752	-0.9928935	-1.023986	-0.9956929	-1.010732	-1.016506	-0.9987873	-0.9952425	-0.999	4411	-1.012307	-1.003396	-1.000684	-0.9841506	-1.023986
07/02/2026	00:50	-1.037475	-1.014567	-1.022121	-1.020813	-1.004996	-1	.037363	-1.011186	-1.023294	-1.03008	-1.00967	-1.007369	-1.012637	-1.0	26914	-1.015859	-1.007684	-0.9935921	-1.037475
07/02/2026	01:40	-1.02671	-1.007875	-1.017915	-1.015204	-1.012134	-1.	028963	-1.004059	-1.020502	-1.024931	-1.008116	-1.008769	-1.010929	-1.	026604	-1.020376	-1.003795	-0.9863175	-1.028963
07/02/2026	02:30	-1.025462	-0.999004	-1.00888	-1.010064	-0.9927383	-1	.026475	-0.9947633	-1.013058	-1.014946	-0.99801	-0.9952425	-0.9999069	-1.01324	-1.002306	-1.00924	-0.9846149	-1.026475
07/02/2026	03:20	-1.023434	-0.9952689	-1.006543	-1.008038	-0.9918073	-1.023675	-0.9933689	-1.010577	-1.014946	-0.9972326	-0.9949316	-0.998	5097	-1.009199	-1.001682	-1.000684	-0.9829123	-1.023675
07/02/2026	04:10	-1.028738	-0.9982258	-1.010282	-1.013023	-0.9941348	-1.03083	-0.9998761	-1.013679	-1.016663	-1.000031	-1.000995	-1.00208	-	1.015881	-1.004642	-1.005351	-0.9856984	-1.03083
07/02/2026	05:00	-1.024058	-1.002428	-1.009035	-1.010375	-0.9955313	-	1.026786	-0.9958478	-1.012283	-1.017599	-1.001897	-0.9966418	-1.00130	4	-1.012307	-1.006044	-1.001307	-0.9867818	-1.026786
07/02/2026	05:50	-1.066026	-1.044603	-1.050629	-1.064587	-1.039443	-1	.083406	-1.038299	-1.051675	-1.088586	-1.047606	-1.039863	-1.050671	-1	.037792	-1.045146	-1.01344	-1.002879	-1.088586
07/02/2026	06:40	-1.033575	-0.9994709	-1.009814	-1.009908	-0.9950658	-1.026786	-0.9978619	-1.013679	-1.017911	-1.000653	-0.9969527	-1.0051	85	-1.020232	-1.00807	-1.008773	-0.9860079	-1.033575
07/02/2026	07:30	-1.029674	-1.002739	-1.013865	-1.015828	-0.9984794	-	1.031141	-1.000806	-1.01523	-1.022903	-1.004384	-1.00597	-1.007514	-1.	018679	-1.015859	-1.007995	-0.9892583	-1.031141
07/02/2026	08:20	-1.032951	-1.00803	-1.025237	-1.019722	-1.003755	-1.	03363	-1.012426	-1.020192	-1.023371	-1.005939	-1.002705	-1.006272	-1.0	16969	-1.009627	-1.012506	-0.9897226	-1.03363
07/02/2026	09:10	-1.025618	-1.000249	-1.010282	-1.010998	-0.9967726	-	1.025852	-0.9969323	-1.013524	-1.018067	-1.000964	-0.9974192	-1.00254	6	-1.021631	-1.009316	-1.003329	-0.9884844	-1.025852
07/02/2026	10:00	-1.029206	-1.00165	-1.017136	-1.011777	-0.9963071	-1	.027719	-0.9986366	-1.015695	-1.022591	-1.001586	-0.9995958	-1.003477	-1.022719	-1.010718	-1.024795	-0.9900322	-1.029206
07/02/2026	10:50	-1.02983	-1.002739	-1.016357	-1.020813	-1.000031	-1.	035185	-1.003285	-1.017246	-1.021811	-1.008271	-1.000062	-1.007048	-1.	021009	-1.018974	-1.007373	-0.9923539	-1.035185
07/02/2026	11:40	-1.037319	-1.008342	-1.014955	-1.020968	-1.002824	-1	.034563	-1.006693	-1.021588	-1.023371	-1.009826	-1.003483	-1.006582	-1	.041832	-1.015236	-1.018884	-0.9914252	-1.041832
07/02/2026	12:30	-1.02437	-1.002428	-1.010905	-1.012712	-0.9975484	-1	.027252	-0.9995662	-1.013524	-1.021655	-1.00143	-0.998352	-1.004409	-1	.016192	-1.007914	-1.006751	-0.9889487	-1.027252
07/02/2026	13:20	-1.026086	-1.001027	-1.012774	-1.013335	-0.9959968	-	1.028652	-1.000031	-1.013834	-1.019003	-1.003141	-0.9999067	-1.006893	-1.022097	-1.007135	-1.010795	-0.9904965	-1.028652
07/02/2026	14:10	-1.028426	-1.001961	-1.010905	-1.012245	-0.9949106	-	1.026319	-0.9966225	-1.014454	-1.017599	-1.000498	-0.9985075	-1.00192	5	-1.017746	-1.005421	-1.01344	-0.9881748	-1.028426
07/02/2026	15:00	-1.025774	-0.9999377	-1.01402	-1.010064	-0.9966174	-	1.029275	-0.9972422	-1.014299	-1.018691	-1.000808	-0.9989739	-1.00301	2	-1.014949	-1.007602	-1.004884	-0.9897226	-1.029275
07/02/2026	15:50	-1.033887	-1.000716	-1.013553	-1.018943	-0.9991	-1.0	3363	-1.000496	-1.01678	-1.018379	-1.004229	-0.9981965	-1.002391	-1.02	1476	-1.019909	-1.017173	-0.9900322	-1.033887
07/02/2026	16:40	-1.043404	-1.008497	-1.022433	-1.0272	-1.004376	-1.0	37052	-1.01444	-1.032289	-1.031016	-1.012313	-1.013122	-1.014344	-1.02	8002	-1.020688	-1.017639	-0.9960686	-1.043404
07/02/2026	17:30	-1.024058	-0.999004	-1.009814	-1.011777	-0.9941348	-	1.02523	-0.9967774	-1.012903	-1.017131	-0.9994092	-0.9967973	-1.00114	9	-1.015881	-1.004954	-1.013284	-0.9884844	-1.02523
07/02/2026	18:20	-1.033263	-1.019391	-1.02882	-1.027511	-1.013996	-1.	038763	-1.016144	-1.025	-1.045994	-1.012469	-1.018563	-1.016052	-1.022	408	-1.014457	-1.006284	-0.9986999	-1.045994
07/02/2026	19:10	-1.031234	-1.003206	-1.014955	-1.016295	-0.9981691	-	1.031763	-1.002045	-1.018331	-1.02696	-1.009049	-1.00426	-1.007824	-1.	035461	-1.028477	-1.007218	-0.9874009	-1.035461
07/02/2026	20:00	-1.025618	-0.9994709	-1.00997	-1.01131	-0.9947555	-1	.026008	-0.9963126	-1.012593	-1.017131	-0.9995647	-0.9966418	-1.00145	9	-1.015415	-1.007758	-1.011417	-0.9935921	-1.026008
07/02/2026	20:50	-1.02671	-1.004295	-1.016201	-1.015204	-1.001738	-1.	031141	-1.006848	-1.019882	-1.029924	-1.007338	-1.001306	-1.011395	-1.	033441	-1.019597	-1.006595	-0.9886392	-1.033441
07/02/2026	21:40	-1.025462	-0.9993152	-1.010905	-1.010064	-0.995221	-	1.026475	-0.9960027	-1.012903	-1.016506	-0.9990983	-0.9963308	-1.0005	28	-1.018523	-1.007291	-1.007995	-0.9863175	-1.026475
07/02/2026	22:30	-1.026086	-1.001183	-1.014332	-1.012556	-0.9981691	-	1.028652	-0.9997211	-1.019572	-1.022279	-1.003296	-1.000062	-1.005185	-1.017591	-1.017105	-1.001307	-0.9875557	-1.028652
07/02/2026	23:20	-1.026242	-0.9988484	-1.010749	-1.010219	-0.9938245	-1.02523	-0.9949182	-1.012903	-1.017131	-0.9995647	-0.9964863	-1.0008	38	-1.018368	-1.007135	-1.005195	-0.9932826	-1.026242
08/02/2026	00:10	-1.02359	-0.999004	-1.009659	-1.010998	-0.9953761	-1	.026164	-0.9972422	-1.012748	-1.017287	-0.9995647	-0.9963308	-1.00114	9	-1.021009	-1.005265	-1.00224	-0.9861627	-1.026164
08/02/2026	01:00	-1.027802	-0.999004	-1.010126	-1.010842	-0.9955313	-	1.024764	-0.9973971	-1.012128	-1.018691	-0.9994092	-0.9966418	-1.0013	04	-1.01526	-1.004798	-1.008617	-0.9856984	-1.027802
08/02/2026	01:50	-1.028114	-1.005696	-1.017292	-1.023461	-1.005617	-1	.031919	-1.009947	-1.021123	-1.028208	-1.00967	-1.007525	-1.0145	-1.03	0178	-1.021778	-1.00784	-0.9951399	-1.031919
08/02/2026	02:40	-1.025774	-0.9976033	-1.010749	-1.009285	-0.993359	-	1.027097	-0.9966225	-1.010732	-1.01557	-0.99801	-0.9950871	-1.000217	-	1.020388	-1.006356	-1.007529	-0.9945208	-1.027097
08/02/2026	03:30	-1.028582	-0.9968252	-1.00997	-1.012089	-0.992428	-1	.024452	-0.9944534	-1.010887	-1.01557	-0.9969216	-0.9946206	-0.999441	1	-1.012463	-1.004331	-1.000373	-0.9847697	-1.028582
08/02/2026	04:20	-1.033887	-1.00305	-1.013709	-1.015983	-1.000807	-1.	027719	-1.002045	-1.027171	-1.022435	-1.009204	-1.00426	-1.005651	-1.0	22097	-1.014145	-1.005506	-0.9891035	-1.033887
08/02/2026	05:10	-1.023278	-0.9965139	-1.009035	-1.010375	-0.9928935	-1.024764	-0.9942985	-1.011197	-1.01557	-0.9978545	-0.995398	-0.99944	11	-1.011064	-1.004019	-1.003173	-0.9844601	-1.024764
08/02/2026	06:00	-1.02515	-0.9982258	-1.009814	-1.009908	-0.99429	-1.	026786	-0.9947633	-1.011197	-1.016975	-0.9983209	-0.995709	-1.000373	-	1.013861	-1.007291	-1.00084	-0.9874009	-1.026786
08/02/2026	06:50	-1.035291	-1.007408	-1.021498	-1.025953	-1.005462	-1	.036896	-1.004989	-1.017246	-1.029456	-1.006561	-1.008458	-1.017294	-1	.021786	-1.011653	-1.018728	-0.9923539	-1.036896
08/02/2026	07:40	-1.031546	-0.9972921	-1.010437	-1.01131	-0.9947555	-	1.025386	-0.9950731	-1.011818	-1.018067	-1.000498	-0.9978856	-1.00068	3	-1.012773	-1.007602	-1.00504	-0.9858531	-1.031546
08/02/2026	08:30	-1.031858	-0.9985371	-1.010905	-1.01131	-0.995221	-1	.024919	-1.000806	-1.013989	-1.017287	-1.000342	-0.9967973	-1.001615	-	1.015571	-1.0062	-1.008306	-0.9935921	-1.031858
08/02/2026	09:20	-1.028582	-1.000405	-1.010593	-1.012245	-0.9958416	-	1.025852	-0.9987915	-1.012903	-1.018067	-1.001897	-0.9972637	-1.00083	8	-1.019145	-1.007291	-1.004729	-0.9914252	-1.028582
08/02/2026	10:10	-1.025306	-1.003517	-1.009659	-1.009752	-0.9964623	-	1.02663	-1.000186	-1.01523	-1.017599	-1.000964	-0.9969527	-1.001149	-1	.018368	-1.005265	-1.005973	-0.988794	-1.02663
08/02/2026	11:00	-1.029362	-1.000093	-1.014955	-1.010687	-0.9958416	-	1.025697	-0.9989465	-1.014454	-1.018223	-1.000808	-0.998352	-1.002546	-1.020699	-1.007446	-1.012195	-0.9925087	-1.029362
08/02/2026	11:50	-1.027334	-1.000093	-1.010749	-1.011621	-0.9963071	-	1.026319	-0.9966225	-1.016625	-1.020875	-1.000964	-0.9985075	-1.00316	7	-1.018368	-1.006512	-1.013906	-0.9906513	-1.027334
08/02/2026	12:40	-1.027178	-1.001027	-1.011372	-1.010531	-0.9939796	-	1.027875	-0.9989465	-1.014919	-1.018847	-0.9994092	-0.9986629	-1.0030	12	-1.019766	-1.00916	-1.009084	-0.9912704	-1.027875
08/02/2026	13:30	-1.027646	-1.001494	-1.011061	-1.010531	-0.9958416	-	1.026475	-0.9981718	-1.012438	-1.018847	-1.001741	-0.9975746	-1.00208	-1.018679	-1.008848	-1.009706	-0.988794	-1.027646
08/02/2026	14:20	-1.028426	-0.9991596	-1.00997	-1.011933	-0.995221	-1	.027408	-0.9995662	-1.013834	-1.017599	-1.002052	-0.9974192	-1.002235	-1.020388	-1.007914	-1.012506	-0.9968425	-1.028426
08/02/2026	15:10	-1.027178	-0.9997821	-1.010437	-1.011154	-0.9961519	-1.028497	-0.9970873	-1.014299	-1.018223	-1.000964	-0.9974192	-1.0025	46	-1.016658	-1.006512	-1.009862	-0.9908061	-1.028497
08/02/2026	16:00	-1.025774	-1.000872	-1.011061	-1.011154	-0.9959968	-	1.026164	-0.9967774	-1.01523	-1.017911	-1.00143	-0.9981965	-1.00177	-1	.017746	-1.007602	-1.009551	-0.9926634	-1.026164
08/02/2026	16:50	-1.040283	-1.001338	-1.013553	-1.012556	-0.9980139	-	1.029119	-0.9987915	-1.014609	-1.019003	-1.003141	-0.9977301	-1.00301	2	-1.026293	-1.008537	-1.011262	-0.9911157	-1.040283
08/02/2026	17:40	-1.027178	-1.001183	-1.013553	-1.011621	-0.9970829	-	1.02803	-1.002665	-1.014454	-1.019939	-1.000808	-0.9971082	-1.003633	-	1.016503	-1.00807	-1.013128	-0.9969973	-1.02803
08/02/2026	18:30	-1.026398	-0.9993152	-1.011216	-1.011154	-0.9969278	-1.025386	-0.9973971	-1.014299	-1.018223	-0.9992537	-0.9974192	-1.003	167	-1.013861	-1.006044	-1.00364	-0.9872462	-1.026398
08/02/2026	19:20	-1.02905	-0.9994709	-1.012463	-1.010842	-0.9953761	-	1.026475	-0.9980169	-1.013058	-1.018067	-0.9998756	-1.000218	-1.00099	4	-1.01324	-1.006512	-1.003951	-0.9875557	-1.02905
08/02/2026	20:10	-1.030454	-1.000093	-1.011528	-1.0124	-0.9949106	-1.	027408	-0.9966225	-1.012593	-1.018067	-0.9997201	-0.9971082	-1.002701	-1.018368	-1.005889	-1.011417	-0.9869366	-1.030454
08/02/2026	21:00	-1.02671	-0.9997821	-1.011528	-1.010842	-0.9953761	-	1.02663	-0.9970873	-1.013058	-1.016663	-1.000964	-0.9988184	-1.000683	-1.013861	-1.006667	-1.007062	-0.9889487	-1.02671
08/02/2026	21:50	-1.026242	-0.9994709	-1.011684	-1.009908	-0.9935142	-1.026319	-0.9960027	-1.011818	-1.016194	-0.9987873	-0.9958644	-1.000	683	-1.016969	-1.005889	-1.002862	-0.9856984	-1.026319
08/02/2026	22:40	-1.024838	-0.9982258	-1.010749	-1.008973	-0.9941348	-1.025852	-0.9960027	-1.013058	-1.01635	-0.9998756	-0.995709	-1.00006	2	-1.014483	-1.004798	-0.9997511	-0.9881748	-1.025852
08/02/2026	23:30	-1.023278	-0.9980702	-1.010437	-1.009908	-0.9932038	-1.025386	-0.9984817	-1.011663	-1.015882	-0.9983209	-0.9964863	-0.999	4411	-1.016658	-1.004331	-1.005351	-0.9874009	-1.025386
09/02/2026	00:20	-1.04746	-1.00165	-1.012618	-1.013491	-0.9964623	-1.	037519	-1.005609	-1.016625	-1.019159	-1.005939	-0.9986629	-1.004564	-1	.018368	-1.012431	-1.013751	-1.000712	-1.04746
09/02/2026	01:10	-1.027802	-0.9979146	-1.011372	-1.009752	-0.9944451	-1.025075	-0.9958478	-1.010887	-1.01557	-1.000031	-0.9949316	-1.00037	3	-1.012463	-1.003396	-1.003484	-0.9860079	-1.027802
09/02/2026	02:00	-1.027646	-0.9982258	-1.010282	-1.01131	-0.993359	-1	.02383	-0.9958478	-1.010887	-1.014634	-1.002519	-0.9952425	-0.9997516	-1.01728	-1.011653	-1.015617	-0.9870914	-1.027646
09/02/2026	02:50	-1.021093	-0.9952689	-1.006699	-1.008194	-0.9913419	-1.022741	-0.993059	-1.009491	-1.01401	-0.9961443	-0.9936878	-0.99773	35	-1.009199	-1.001682	-1.000373	-0.9835315	-1.022741
09/02/2026	03:40	-1.026866	-0.9972921	-1.008412	-1.008662	-0.992428	-	1.022897	-0.995383	-1.012593	-1.016506	-0.9983209	-0.9969527	-0.99990	69	-1.010287	-1.002306	-0.9992845	-0.9841506	-1.026866
09/02/2026	04:30	-1.040283	-1.008964	-1.01885	-1.020501	-1.004065	-1.	033474	-1.01289	-1.027947	-1.033512	-1.00967	-1.005193	-1.012016	-1.03	0022	-1.014924	-1.011417	-0.9945208	-1.040283
09/02/2026	05:20	-1.025306	-0.9988484	-1.009347	-1.009129	-0.9944451	-1.027719	-0.9984817	-1.011663	-1.017443	-0.9992537	-0.995709	-1.0014	59	-1.01526	-1.01212	-1.001462	-0.9856984	-1.027719
09/02/2026	06:10	-1.026398	-1.000093	-1.011995	-1.009908	-0.995221	-1	.027875	-0.9958478	-1.012128	-1.018535	-1.000031	-0.9958644	-1.003322	-1.012307	-1.0062	-1.002395	-0.9867818	-1.027875
09/02/2026	07:00	-1.029362	-1.00305	-1.014332	-1.01832	-1.000031	-1.0	32074	-1.008707	-1.018952	-1.022747	-1.003918	-1.000995	-1.007358	-1.0	25516	-1.00916	-1.003484	-0.9949851	-1.032074
09/02/2026	07:50	-1.039191	-1.009742	-1.013553	-1.019411	-1.004686	-1	.033941	-1.005609	-1.017556	-1.024463	-1.005784	-1.003483	-1.008445	-1	.024273	-1.01212	-1.030861	-1.001795	-1.039191
13/02/2026	04:09	-1.036539	-1.011765	-1.021186	-1.030783	-1.014461	-1	.042496	-1.0132	-1.022984	-1.058943	-1.01449	-1.022139	-1.04089	-1.037	481	-1.022557	-1.00924	-0.9897226	-1.058943
13/02/2026	08:09	-1.02827	-1.003984	-1.012463	-1.013958	-1.002048	-1.	027563	-1.007623	-1.014144	-1.028676	-1.008271	-1.003172	-1.003943	-1.	027225	-1.013366	-1.011884	-0.9886392	-1.028676
13/02/2026	11:19	-1.044184	-1.006007	-1.01885	-1.022526	-1.001117	-1.	035652	-1.008552	-1.022984	-1.027272	-1.010603	-1.010945	-1.016052	-1.	026604	-1.024894	-1.041127	-0.9900322	-1.044184
13/02/2026	11:29	-1.044184	-1.007252	-1.019317	-1.017541	-1.000807	-1	.030674	-1.01382	-1.022208	-1.025399	-1.010759	-1.005504	-1.010463	-1.	03686	-1.017572	-1.021839	-0.9999381	-1.044184
13/02/2026	11:39	-1.027646	-1.00414	-1.019161	-1.020034	-0.9997207	-1	.031919	-1.008707	-1.017866	-1.021811	-1.007027	-1.000218	-1.008135	-1	.034529	-1.012899	-1.029928	-0.9982355	-1.034529
13/02/2026	11:49	-1.030298	-1.008809	-1.018071	-1.015672	-1.005927	-1	.030363	-1.006073	-1.017246	-1.023683	-1.00283	-0.9994403	-1.010774	-1	.034373	-1.015859	-1.015773	-0.9946756	-1.034373
13/02/2026	11:59	-1.032483	-1.006318	-1.020096	-1.025019	-1.003445	-1	.030519	-1.009017	-1.017556	-1.03164	-1.01278	-1.006903	-1.014189	-1.0	20388	-1.026608	-1.020439	-0.9965329	-1.032483
13/02/2026	12:09	-1.025306	-0.9991596	-1.011372	-1.012712	-1.000341	-	1.027097	-0.9980169	-1.01585	-1.019627	-1.000964	-0.9989739	-1.004875	-1.016348	-1.007914	-1.006595	-0.9906513	-1.027097
13/02/2026	12:19	-1.025306	-1.001027	-1.013242	-1.011154	-0.9986346	-	1.027408	-0.9997211	-1.014299	-1.021811	-1.006095	-1.003638	-1.009532	-1.015571	-1.014145	-1.005973	-0.9889487	-1.027408
13/02/2026	12:29	-1.024994	-0.9994709	-1.014332	-1.012089	-0.9959968	-1.027875	-0.9984817	-1.014919	-1.020095	-1.001741	-0.9969527	-1.0023	91	-1.0193	-1.009783	-1.028995	-0.9891035	-1.028995
13/02/2026	12:39	-1.028738	-1.00414	-1.019473	-1.01832	-1.000341	-1.0	30363	-0.9995662	-1.016935	-1.024151	-1.004229	-0.9995958	-1.005651	-1	.021942	-1.013522	-1.005818	-0.9909609	-1.030363
13/02/2026	12:49	-1.029518	-1.009587	-1.017448	-1.01832	-1.004065	-1.	033941	-1.0022	-1.02438	-1.021031	-1.013246	-1.000062	-1.009066	-1.023	651	-1.021778	-1.032106	-0.9962234	-1.033941
13/02/2026	16:59	-1.030922	-1.001961	-1.012774	-1.013335	-1.001428	-1	.02943	-1.005454	-1.020347	-1.03164	-1.013402	-1.007058	-1.015741	-1.0	19611	-1.021778	-1.008773	-0.988794	-1.03164
13/02/2026	23:49	-1.024838	-0.9974477	-1.009347	-1.00835	-0.9930487	-	1.024141	-0.9963126	-1.011818	-1.017599	-0.9983209	-0.9964863	-0.9999	069	-1.015104	-1.004798	-1.006284	-0.9850792	-1.024838
